Model,Image,Class,Class ID,BBox,Area Fraction,Failure Category
ppe_fire_smoke_v3,dfire_00000,fire,5,"[0.4484, 0.5125, 0.4703, 0.5422]",0.00065,Very small object (<0.5% image)
ppe_fire_smoke_v3,dfire_00000,fire,5,"[0.6328, 0.4414, 0.6719, 0.4648]",0.00092,Very small object (<0.5% image)
ppe_fire_smoke_v3,dfire_00000,fire,5,"[0.3516, 0.468, 0.3844, 0.493]",0.00082,Very small object (<0.5% image)
ppe_fire_smoke_v3,dfire_00000,fire,5,"[0.418, 0.507, 0.4367, 0.5383]",0.00059,Very small object (<0.5% image)
ppe_fire_smoke_v3,dfire_00000,smoke,6,"[0.3867, 0.3688, 0.4898, 0.4047]",0.00371,Very small object (<0.5% image)
ppe_fire_smoke_v3,dfire_00000,smoke,6,"[0.2672, 0.3687, 0.3875, 0.4594]",0.0109,Small distant object (0.5%-2% image)
ppe_fire_smoke_v3,dfire_00006,fire,5,"[0.3063, 0.3625, 0.5859, 0.5734]",0.059,Low-contrast particulate / plume
ppe_fire_smoke_v3,dfire_00013,smoke,6,"[0.6094, 0.4312, 0.6609, 0.4953]",0.0033,Very small object (<0.5% image)
ppe_fire_smoke_v3,dfire_00014,smoke,6,"[0.5062, 0.45, 0.6547, 0.5172]",0.00997,Small distant object (0.5%-2% image)
ppe_fire_smoke_v3,dfire_00021,fire,5,"[0.575, 0.3086, 0.5953, 0.343]",0.0007,Very small object (<0.5% image)
ppe_fire_smoke_v3,dfire_00021,fire,5,"[0.3828, 0.55, 0.6953, 0.6953]",0.04541,Low-contrast particulate / plume
ppe_fire_smoke_v3,dfire_00030,smoke,6,"[0.6125, 0.4688, 0.6953, 0.5047]",0.00298,Very small object (<0.5% image)
ppe_fire_smoke_v3,dfire_00036,smoke,6,"[0.2078, 0.4437, 0.5, 0.5172]",0.02146,Extreme aspect ratio / pose
ppe_fire_smoke_v3,dfire_00038,fire,5,"[0.3062, 0.4516, 0.5578, 0.6734]",0.05582,Low-contrast particulate / plume
ppe_fire_smoke_v3,dfire_00053,smoke,6,"[0.5687, 0.3406, 0.6922, 0.4406]",0.01234,Small distant object (0.5%-2% image)
ppe_fire_smoke_v3,dfire_00053,smoke,6,"[0.1859, 0.3469, 0.3469, 0.4547]",0.01735,Small distant object (0.5%-2% image)
ppe_fire_smoke_v3,dfire_00059,fire,5,"[0.4031, 0.3727, 0.4609, 0.4273]",0.00316,Very small object (<0.5% image)
ppe_fire_smoke_v3,dfire_00059,fire,5,"[0.4336, 0.4187, 0.5602, 0.4844]",0.00831,Small distant object (0.5%-2% image)
ppe_fire_smoke_v3,dfire_00059,fire,5,"[0.3844, 0.4492, 0.4328, 0.4898]",0.00197,Very small object (<0.5% image)
ppe_fire_smoke_v3,dfire_00059,smoke,6,"[0.3281, 0.3734, 0.4031, 0.4547]",0.00609,Small distant object (0.5%-2% image)
ppe_fire_smoke_v3,dfire_00059,smoke,6,"[0.2594, 0.3727, 0.3281, 0.5195]",0.0101,Small distant object (0.5%-2% image)
ppe_fire_smoke_v3,dfire_00060,fire,5,"[0.3891, 0.4617, 0.6516, 0.6305]",0.0443,Low-contrast particulate / plume
ppe_fire_smoke_v3,dfire_00065,smoke,6,"[0.2875, 0.3852, 0.5281, 0.6414]",0.06166,Low-contrast particulate / plume
ppe_fire_smoke_v3,dfire_00075,fire,5,"[0.2758, 0.3797, 0.5602, 0.6203]",0.06843,Low-contrast particulate / plume
ppe_fire_smoke_v3,dfire_00093,fire,5,"[0.5187, 0.4445, 0.6188, 0.5117]",0.00672,Small distant object (0.5%-2% image)
ppe_fire_smoke_v3,dfire_00093,fire,5,"[0.4867, 0.4859, 0.5227, 0.5234]",0.00135,Very small object (<0.5% image)
ppe_fire_smoke_v3,dfire_00103,fire,5,"[0.3109, 0.5312, 0.3406, 0.575]",0.0013,Very small object (<0.5% image)
ppe_fire_smoke_v3,dfire_00103,fire,5,"[0.3742, 0.45, 0.568, 0.6734]",0.04329,Low-contrast particulate / plume
ppe_fire_smoke_v3,dfire_00103,fire,5,"[0.6586, 0.5836, 0.6914, 0.6195]",0.00118,Very small object (<0.5% image)
ppe_fire_smoke_v3,dfire_00103,fire,5,"[0.5906, 0.6305, 0.6281, 0.6758]",0.0017,Very small object (<0.5% image)
ppe_fire_smoke_v3,dfire_00103,smoke,6,"[0.3219, 0.307, 0.4922, 0.443]",0.02315,Low-contrast particulate / plume
ppe_fire_smoke_v3,dfire_00103,smoke,6,"[0.6281, 0.3219, 0.6937, 0.4812]",0.01046,Small distant object (0.5%-2% image)
ppe_fire_smoke_v3,dfire_00106,fire,5,"[0.3953, 0.5328, 0.4125, 0.5437]",0.00019,Very small object (<0.5% image)
ppe_fire_smoke_v3,dfire_00106,fire,5,"[0.7266, 0.4156, 0.7344, 0.4281]",0.0001,Very small object (<0.5% image)
ppe_fire_smoke_v3,dfire_00106,fire,5,"[0.368, 0.3688, 0.6961, 0.5125]",0.04717,Low-contrast particulate / plume
ppe_fire_smoke_v3,dfire_00108,fire,5,"[0.4664, 0.5172, 0.5148, 0.5766]",0.00288,Very small object (<0.5% image)
ppe_fire_smoke_v3,dfire_00108,smoke,6,"[0.4789, 0.3664, 0.718, 0.5086]",0.03399,Low-contrast particulate / plume
ppe_fire_smoke_v3,dfire_00116,smoke,6,"[0.5461, 0.3578, 0.7117, 0.4516]",0.01553,Small distant object (0.5%-2% image)
ppe_fire_smoke_v3,dfire_00116,smoke,6,"[0.6219, 0.4547, 0.7125, 0.4953]",0.00368,Very small object (<0.5% image)
ppe_fire_smoke_v3,dfire_00116,smoke,6,"[0.4703, 0.3578, 0.5437, 0.3859]",0.00207,Very small object (<0.5% image)
ppe_fire_smoke_v3,dfire_00116,smoke,6,"[0.2859, 0.4688, 0.4297, 0.5]",0.00449,Very small object (<0.5% image)
ppe_fire_smoke_v3,dfire_00122,smoke,6,"[0.3359, 0.4289, 0.5953, 0.5117]",0.02148,Extreme aspect ratio / pose
ppe_fire_smoke_v3,dfire_00124,smoke,6,"[0.4211, 0.3586, 0.543, 0.4836]",0.01523,Small distant object (0.5%-2% image)
ppe_fire_smoke_v3,dfire_00130,smoke,6,"[0.4945, 0.357, 0.6523, 0.4773]",0.01899,Small distant object (0.5%-2% image)
ppe_fire_smoke_v3,dfire_00141,smoke,6,"[0.2891, 0.4453, 0.3328, 0.4859]",0.00178,Very small object (<0.5% image)
ppe_fire_smoke_v3,dfire_00142,smoke,6,"[0.5461, 0.3875, 0.657, 0.4937]",0.01179,Small distant object (0.5%-2% image)
ppe_fire_smoke_v3,dfire_00143,fire,5,"[0.3062, 0.3063, 0.6953, 0.6937]",0.15076,Low-contrast particulate / plume
ppe_fire_smoke_v3,dfire_00154,fire,5,"[0.4938, 0.4203, 0.6813, 0.6938]",0.05127,Low-contrast particulate / plume
ppe_fire_smoke_v3,dfire_00154,fire,5,"[0.3047, 0.4484, 0.4344, 0.6938]",0.03181,Low-contrast particulate / plume
ppe_fire_smoke_v3,dfire_00156,fire,5,"[0.3047, 0.3047, 0.6609, 0.6531]",0.12413,Low-contrast particulate / plume
ppe_fire_smoke_v3,dfire_00161,smoke,6,"[0.3581, 0.4751, 0.5913, 0.6291]",0.03592,Low-contrast particulate / plume
ppe_fire_smoke_v3,dfire_00161,smoke,6,"[0.3414, 0.3094, 0.5977, 0.4734]",0.04204,Low-contrast particulate / plume
ppe_fire_smoke_v3,dfire_00162,fire,5,"[0.3711, 0.5461, 0.4039, 0.5836]",0.00123,Very small object (<0.5% image)
ppe_fire_smoke_v3,dfire_00162,fire,5,"[0.4172, 0.5477, 0.4406, 0.5852]",0.00088,Very small object (<0.5% image)
ppe_fire_smoke_v3,dfire_00162,fire,5,"[0.3242, 0.5484, 0.3617, 0.5844]",0.00135,Very small object (<0.5% image)
ppe_fire_smoke_v3,dfire_00162,fire,5,"[0.4508, 0.5508, 0.468, 0.5883]",0.00064,Very small object (<0.5% image)
ppe_fire_smoke_v3,dfire_00162,fire,5,"[0.5234, 0.5484, 0.5641, 0.5969]",0.00197,Very small object (<0.5% image)
ppe_fire_smoke_v3,dfire_00162,fire,5,"[0.4844, 0.5531, 0.5172, 0.5953]",0.00138,Very small object (<0.5% image)
ppe_fire_smoke_v3,dfire_00162,fire,5,"[0.4543, 0.3404, 0.5304, 0.4935]",0.01164,Small distant object (0.5%-2% image)
ppe_fire_smoke_v3,dfire_00162,fire,5,"[0.3289, 0.4086, 0.4664, 0.5414]",0.01826,Small distant object (0.5%-2% image)
ppe_fire_smoke_v3,dfire_00175,smoke,6,"[0.2656, 0.5133, 0.3625, 0.607]",0.00908,Small distant object (0.5%-2% image)
ppe_fire_smoke_v3,dfire_00175,smoke,6,"[0.5094, 0.5164, 0.6156, 0.607]",0.00963,Small distant object (0.5%-2% image)
ppe_fire_smoke_v3,dfire_00176,smoke,6,"[0.0047, 0.1375, 0.9984, 0.4328]",0.29347,Edge clipped / camera boundary
ppe_fire_smoke_v3,dfire_00187,smoke,6,"[0.1672, 0.375, 0.5219, 0.525]",0.0532,Low-contrast particulate / plume
ppe_fire_smoke_v3,dfire_00194,smoke,6,"[0.0016, 0.6375, 0.0422, 0.8031]",0.00673,Small distant object (0.5%-2% image)
ppe_fire_smoke_v3,dfire_00194,smoke,6,"[0.1375, 0.7211, 0.2359, 0.8695]",0.01461,Small distant object (0.5%-2% image)
ppe_fire_smoke_v3,dfire_00199,smoke,6,"[0.4907, 0.2949, 1.0, 0.5273]",0.11837,Edge clipped / camera boundary
ppe_fire_smoke_v3,dfire_00204,smoke,6,"[0.1453, 0.4344, 0.3281, 0.5063]",0.01314,Small distant object (0.5%-2% image)
ppe_fire_smoke_v3,dfire_00211,smoke,6,"[0.4469, 0.5656, 0.5594, 0.6297]",0.00721,Small distant object (0.5%-2% image)
ppe_fire_smoke_v3,dfire_00211,smoke,6,"[0.6328, 0.3687, 0.7328, 0.3953]",0.00266,Very small object (<0.5% image)
ppe_fire_smoke_v3,dfire_00212,fire,5,"[0.6445, 0.4648, 0.6664, 0.4961]",0.00068,Very small object (<0.5% image)
ppe_fire_smoke_v3,dfire_00212,fire,5,"[0.3398, 0.4813, 0.3961, 0.5047]",0.00132,Very small object (<0.5% image)
ppe_fire_smoke_v3,dfire_00212,smoke,6,"[0.3359, 0.3711, 0.7391, 0.4258]",0.02205,Extreme aspect ratio / pose
ppe_fire_smoke_v3,dfire_00212,smoke,6,"[0.4148, 0.4273, 0.4633, 0.4945]",0.00325,Very small object (<0.5% image)
ppe_fire_smoke_v3,dfire_00215,smoke,6,"[0.3359, 0.1266, 0.9984, 0.4328]",0.20289,Edge clipped / camera boundary
ppe_fire_smoke_v3,dfire_00226,smoke,6,"[-0.0, 0.3542, 0.521, 0.5363]",0.09492,Edge clipped / camera boundary
ppe_fire_smoke_v3,dfire_00240,fire,5,"[0.4328, 0.4734, 0.4625, 0.5125]",0.00116,Very small object (<0.5% image)
ppe_fire_smoke_v3,dfire_00240,smoke,6,"[0.3789, 0.3586, 0.4555, 0.3945]",0.00275,Very small object (<0.5% image)
ppe_fire_smoke_v3,dfire_00240,smoke,6,"[0.6039, 0.3594, 0.7117, 0.3969]",0.00404,Very small object (<0.5% image)
ppe_fire_smoke_v3,dfire_00240,smoke,6,"[0.6836, 0.3992, 0.7133, 0.4555]",0.00167,Very small object (<0.5% image)
ppe_fire_smoke_v3,dfire_00253,smoke,6,"[0.1875, 0.25, 0.7391, 0.4688]",0.12065,Low-contrast particulate / plume
ppe_fire_smoke_v3,dfire_00261,smoke,6,"[0.4289, 0.4195, 0.5695, 0.5133]",0.01318,Small distant object (0.5%-2% image)
ppe_fire_smoke_v3,dfire_00262,smoke,6,"[0.2445, 0.2602, 0.7586, 0.4648]",0.10522,Low-contrast particulate / plume
ppe_fire_smoke_v3,dfire_00264,fire,5,"[0.3448, 0.307, 0.6572, 0.6953]",0.12129,Low-contrast particulate / plume
ppe_fire_smoke_v3,dfire_00266,fire,5,"[0.4438, 0.4148, 0.6375, 0.5836]",0.0327,Low-contrast particulate / plume
ppe_fire_smoke_v3,dfire_00267,fire,5,"[0.4844, 0.5211, 0.5297, 0.5773]",0.00255,Very small object (<0.5% image)
ppe_fire_smoke_v3,dfire_00267,fire,5,"[0.4758, 0.457, 0.4852, 0.4742]",0.00016,Very small object (<0.5% image)
ppe_fire_smoke_v3,dfire_00267,fire,5,"[0.5906, 0.418, 0.6938, 0.5383]",0.01241,Small distant object (0.5%-2% image)
ppe_fire_smoke_v3,dfire_00267,fire,5,"[0.4766, 0.4805, 0.4844, 0.4945]",0.00011,Very small object (<0.5% image)
ppe_fire_smoke_v3,dfire_00267,fire,5,"[0.5266, 0.475, 0.5359, 0.5141]",0.00037,Very small object (<0.5% image)
ppe_fire_smoke_v3,dfire_00267,fire,5,"[0.4445, 0.4781, 0.4555, 0.5141]",0.00039,Very small object (<0.5% image)
ppe_fire_smoke_v3,dfire_00267,fire,5,"[0.3523, 0.4758, 0.4039, 0.5164]",0.00209,Very small object (<0.5% image)
ppe_fire_smoke_v3,dfire_00267,fire,5,"[0.425, 0.4766, 0.4453, 0.5172]",0.00083,Very small object (<0.5% image)
ppe_fire_smoke_v3,dfire_00267,fire,5,"[0.3047, 0.4758, 0.3516, 0.518]",0.00198,Very small object (<0.5% image)
ppe_fire_smoke_v3,dfire_00267,fire,5,"[0.5422, 0.4547, 0.5781, 0.5594]",0.00376,Very small object (<0.5% image)
ppe_fire_smoke_v3,dfire_00267,smoke,6,"[0.2727, 0.5219, 0.3508, 0.6172]",0.00745,Small distant object (0.5%-2% image)
ppe_fire_smoke_v3,dfire_00267,smoke,6,"[0.3984, 0.3664, 0.6813, 0.4117]",0.01281,Small distant object (0.5%-2% image)
ppe_fire_smoke_v3,dfire_00267,smoke,6,"[0.3875, 0.5844, 0.475, 0.6344]",0.00437,Very small object (<0.5% image)
ppe_fire_smoke_v3,dfire_00267,smoke,6,"[0.2742, 0.3664, 0.3914, 0.4523]",0.01007,Small distant object (0.5%-2% image)
ppe_fire_smoke_v3,dfire_00267,smoke,6,"[0.3937, 0.4141, 0.5094, 0.4359]",0.00253,Very small object (<0.5% image)
ppe_fire_smoke_v3,dfire_00267,smoke,6,"[0.2977, 0.4516, 0.3539, 0.4719]",0.00114,Very small object (<0.5% image)
ppe_fire_smoke_v3,dfire_00267,smoke,6,"[0.2742, 0.4508, 0.2977, 0.5211]",0.00165,Very small object (<0.5% image)
ppe_fire_smoke_v3,dfire_00270,smoke,6,"[0.6734, 0.4453, 0.7109, 0.4766]",0.00117,Very small object (<0.5% image)
ppe_fire_smoke_v3,dfire_00274,smoke,6,"[0.3453, 0.4375, 0.6484, 0.6219]",0.05589,Low-contrast particulate / plume
ppe_fire_smoke_v3,dfire_00279,fire,5,"[0.4188, 0.4984, 0.45, 0.5703]",0.00225,Very small object (<0.5% image)
ppe_fire_smoke_v3,dfire_00279,fire,5,"[0.5023, 0.3758, 0.5336, 0.4148]",0.00122,Very small object (<0.5% image)
ppe_fire_smoke_v3,dfire_00279,fire,5,"[0.5172, 0.5141, 0.6656, 0.6156]",0.01508,Small distant object (0.5%-2% image)
ppe_fire_smoke_v3,dfire_00279,fire,5,"[0.3625, 0.5906, 0.3734, 0.6094]",0.00021,Very small object (<0.5% image)
ppe_fire_smoke_v3,dfire_00279,fire,5,"[0.425, 0.6016, 0.4344, 0.6141]",0.00012,Very small object (<0.5% image)
ppe_fire_smoke_v3,dfire_00279,fire,5,"[0.4813, 0.607, 0.4937, 0.618]",0.00014,Very small object (<0.5% image)
ppe_fire_smoke_v3,dfire_00279,fire,5,"[0.4531, 0.6078, 0.4672, 0.6172]",0.00013,Very small object (<0.5% image)
ppe_fire_smoke_v3,dfire_00279,fire,5,"[0.3219, 0.6063, 0.3562, 0.6234]",0.00059,Very small object (<0.5% image)
ppe_fire_smoke_v3,dfire_00279,fire,5,"[0.3719, 0.6141, 0.3781, 0.6219]",5e-05,Very small object (<0.5% image)
ppe_fire_smoke_v3,dfire_00279,fire,5,"[0.3648, 0.3766, 0.4555, 0.4797]",0.00935,Small distant object (0.5%-2% image)
ppe_fire_smoke_v3,dfire_00279,fire,5,"[0.5406, 0.4313, 0.5516, 0.4672]",0.00039,Very small object (<0.5% image)
ppe_fire_smoke_v3,dfire_00279,fire,5,"[0.557, 0.4344, 0.568, 0.4703]",0.00039,Very small object (<0.5% image)
ppe_fire_smoke_v3,dfire_00279,fire,5,"[0.575, 0.4367, 0.5828, 0.4711]",0.00027,Very small object (<0.5% image)
ppe_fire_smoke_v3,dfire_00279,fire,5,"[0.5883, 0.4359, 0.6008, 0.4719]",0.00045,Very small object (<0.5% image)
ppe_fire_smoke_v3,dfire_00279,fire,5,"[0.325, 0.4414, 0.3422, 0.4914]",0.00086,Very small object (<0.5% image)
ppe_fire_smoke_v3,dfire_00279,fire,5,"[0.6727, 0.4813, 0.6836, 0.4969]",0.00017,Very small object (<0.5% image)
ppe_fire_smoke_v3,dfire_00279,fire,5,"[0.7031, 0.4859, 0.7203, 0.5125]",0.00046,Very small object (<0.5% image)
ppe_fire_smoke_v3,dfire_00279,fire,5,"[0.4578, 0.3758, 0.4922, 0.4055]",0.00102,Very small object (<0.5% image)
ppe_fire_smoke_v3,dfire_00279,smoke,6,"[0.2539, 0.5266, 0.3305, 0.6]",0.00562,Small distant object (0.5%-2% image)
ppe_fire_smoke_v3,dfire_00279,smoke,6,"[0.5648, 0.3781, 0.643, 0.4312]",0.00415,Very small object (<0.5% image)
ppe_fire_smoke_v3,dfire_00282,smoke,6,"[0.4617, 0.4766, 0.518, 0.5656]",0.00501,Small distant object (0.5%-2% image)
ppe_fire_smoke_v3,dfire_00289,smoke,6,"[0.6109, 0.4547, 0.75, 0.5156]",0.00847,Small distant object (0.5%-2% image)
ppe_fire_smoke_v3,dfire_00301,smoke,6,"[0.7078, 0.55, 0.7859, 0.6094]",0.00464,Very small object (<0.5% image)
ppe_fire_smoke_v3,dfire_00306,fire,5,"[0.5688, 0.4984, 0.6516, 0.5594]",0.00505,Small distant object (0.5%-2% image)
ppe_fire_smoke_v3,dfire_00306,fire,5,"[0.3086, 0.5188, 0.3492, 0.5656]",0.0019,Very small object (<0.5% image)
ppe_fire_smoke_v3,dfire_00306,fire,5,"[0.5156, 0.532, 0.5609, 0.5695]",0.0017,Very small object (<0.5% image)
ppe_fire_smoke_v3,dfire_00306,fire,5,"[0.4297, 0.5367, 0.5031, 0.5836]",0.00344,Very small object (<0.5% image)
ppe_fire_smoke_v3,dfire_00306,fire,5,"[0.3266, 0.5641, 0.4234, 0.5984]",0.00333,Very small object (<0.5% image)
ppe_fire_smoke_v3,dfire_00306,fire,5,"[0.6609, 0.4789, 0.7063, 0.5289]",0.00227,Very small object (<0.5% image)
ppe_fire_smoke_v3,dfire_00306,smoke,6,"[0.3578, 0.5375, 0.3984, 0.5625]",0.00102,Very small object (<0.5% image)
ppe_fire_smoke_v3,dfire_00306,smoke,6,"[0.4398, 0.3711, 0.732, 0.4586]",0.02557,Extreme aspect ratio / pose
ppe_fire_smoke_v3,dfire_00306,smoke,6,"[0.4211, 0.4687, 0.5383, 0.5266]",0.00677,Small distant object (0.5%-2% image)
ppe_fire_smoke_v3,dfire_00312,fire,5,"[0.3109, 0.4516, 0.6953, 0.6547]",0.07808,Low-contrast particulate / plume
ppe_fire_smoke_v3,dfire_00324,fire,5,"[0.4594, 0.5219, 0.475, 0.5359]",0.00022,Very small object (<0.5% image)
ppe_fire_smoke_v3,dfire_00324,fire,5,"[0.4945, 0.525, 0.5039, 0.5391]",0.00013,Very small object (<0.5% image)
ppe_fire_smoke_v3,dfire_00327,smoke,6,"[0.3227, 0.3844, 0.4227, 0.4703]",0.00859,Small distant object (0.5%-2% image)
ppe_fire_smoke_v3,dfire_00329,fire,5,"[0.3758, 0.5352, 0.4195, 0.5633]",0.00123,Very small object (<0.5% image)
ppe_fire_smoke_v3,dfire_00329,smoke,6,"[0.4828, 0.3961, 0.5469, 0.4633]",0.0043,Very small object (<0.5% image)
ppe_fire_smoke_v3,dfire_00329,smoke,6,"[0.4, 0.4227, 0.4531, 0.4883]",0.00349,Very small object (<0.5% image)
ppe_fire_smoke_v3,dfire_00337,smoke,6,"[0.0, 0.2086, 0.5461, 0.4801]",0.14826,Edge clipped / camera boundary
ppe_fire_smoke_v3,dfire_00340,smoke,6,"[0.2992, 0.3508, 0.4555, 0.4617]",0.01733,Small distant object (0.5%-2% image)
ppe_fire_smoke_v3,dfire_00340,smoke,6,"[0.5422, 0.4336, 0.5781, 0.5273]",0.00337,Very small object (<0.5% image)
ppe_fire_smoke_v3,dfire_00342,smoke,6,"[0.5258, 0.357, 0.6008, 0.4195]",0.00469,Very small object (<0.5% image)
ppe_fire_smoke_v3,dfire_00347,smoke,6,"[0.3242, 0.3586, 0.4086, 0.4961]",0.0116,Small distant object (0.5%-2% image)
ppe_fire_smoke_v3,dfire_00350,fire,5,"[0.5422, 0.3047, 0.6938, 0.6859]",0.05778,Low-contrast particulate / plume
ppe_fire_smoke_v3,dfire_00350,fire,5,"[0.3063, 0.3516, 0.4625, 0.6937]",0.05347,Low-contrast particulate / plume
ppe_fire_smoke_v3,dfire_00352,fire,5,"[0.3063, 0.4109, 0.6937, 0.6344]",0.08658,Low-contrast particulate / plume
ppe_fire_smoke_v3,dfire_00364,smoke,6,"[0.2658, 0.3719, 0.5259, 0.4902]",0.03079,Low-contrast particulate / plume
ppe_fire_smoke_v3,dfire_00372,smoke,6,"[0.5266, 0.3687, 0.5875, 0.4188]",0.00305,Very small object (<0.5% image)
ppe_fire_smoke_v3,dfire_00372,smoke,6,"[0.3984, 0.3734, 0.4859, 0.4422]",0.00602,Small distant object (0.5%-2% image)
ppe_fire_smoke_v3,dfire_00375,fire,5,"[0.4219, 0.4227, 0.5109, 0.5133]",0.00807,Small distant object (0.5%-2% image)
ppe_fire_smoke_v3,dfire_00375,fire,5,"[0.7438, 0.5187, 0.7609, 0.5453]",0.00046,Very small object (<0.5% image)
ppe_fire_smoke_v3,dfire_00375,smoke,6,"[0.5305, 0.3852, 0.7086, 0.5305]",0.02588,Low-contrast particulate / plume
ppe_fire_smoke_v3,dfire_00379,fire,5,"[0.3031, 0.4227, 0.5625, 0.5086]",0.02229,Low-contrast particulate / plume
ppe_fire_smoke_v3,dfire_00379,smoke,6,"[0.2883, 0.3555, 0.7117, 0.4211]",0.02779,Extreme aspect ratio / pose
ppe_fire_smoke_v3,dfire_00379,smoke,6,"[0.682, 0.4211, 0.7102, 0.4617]",0.00114,Very small object (<0.5% image)
ppe_fire_smoke_v3,dfire_00392,smoke,6,"[0.4266, 0.3891, 0.5641, 0.525]",0.01869,Small distant object (0.5%-2% image)
ppe_fire_smoke_v3,dfire_00401,smoke,6,"[0.4711, 0.4039, 0.5664, 0.5258]",0.01162,Small distant object (0.5%-2% image)
ppe_fire_smoke_v3,dfire_00403,smoke,6,"[0.2508, 0.257, 0.807, 0.4711]",0.11907,Low-contrast particulate / plume
ppe_fire_smoke_v3,dfire_00405,smoke,6,"[0.2672, 0.5203, 0.7344, 0.6297]",0.0511,Extreme aspect ratio / pose
ppe_fire_smoke_v3,dfire_00406,fire,5,"[0.3106, 0.5888, 0.6491, 0.6502]",0.02076,Extreme aspect ratio / pose
ppe_fire_smoke_v3,ppec_00003,safety_vest,2,"[0.9055, 0.4219, 0.9992, 0.9984]",0.05405,Edge clipped / camera boundary
ppe_fire_smoke_v3,ppec_00005,person,0,"[0.0398, 0.4523, 0.1102, 0.7102]",0.01813,Small distant object (0.5%-2% image)
ppe_fire_smoke_v3,ppec_00005,person,0,"[0.1219, 0.4562, 0.2141, 0.6984]",0.02233,Partial occlusion / industrial lighting
ppe_fire_smoke_v3,ppec_00005,person,0,"[0.2281, 0.4555, 0.2953, 0.7805]",0.02184,Extreme aspect ratio / pose
ppe_fire_smoke_v3,ppec_00005,person,0,"[0.3109, 0.4633, 0.3906, 0.7289]",0.02117,Extreme aspect ratio / pose
ppe_fire_smoke_v3,ppec_00005,person,0,"[0.4086, 0.4633, 0.4789, 0.7742]",0.02186,Extreme aspect ratio / pose
ppe_fire_smoke_v3,ppec_00005,person,0,"[0.5016, 0.4656, 0.5594, 0.7688]",0.01752,Small distant object (0.5%-2% image)
ppe_fire_smoke_v3,ppec_00005,person,0,"[0.5781, 0.4648, 0.6453, 0.7617]",0.01995,Small distant object (0.5%-2% image)
ppe_fire_smoke_v3,ppec_00005,person,0,"[0.7109, 0.4516, 0.7891, 0.7625]",0.02429,Extreme aspect ratio / pose
ppe_fire_smoke_v3,ppec_00005,person,0,"[0.6398, 0.4484, 0.707, 0.7656]",0.02131,Extreme aspect ratio / pose
ppe_fire_smoke_v3,ppec_00005,person,0,"[0.7938, 0.4602, 0.8812, 0.7477]",0.02516,Extreme aspect ratio / pose
ppe_fire_smoke_v3,ppec_00005,safety_footwear,4,"[0.2594, 0.7445, 0.3031, 0.7805]",0.00157,Very small object (<0.5% image)
ppe_fire_smoke_v3,ppec_00005,safety_footwear,4,"[0.0273, 0.7531, 0.0664, 0.7891]",0.0014,Very small object (<0.5% image)
ppe_fire_smoke_v3,ppec_00005,safety_footwear,4,"[0.025, 0.8047, 0.0688, 0.8516]",0.00205,Very small object (<0.5% image)
ppe_fire_smoke_v3,ppec_00005,safety_footwear,4,"[0.1484, 0.8102, 0.1797, 0.8492]",0.00122,Very small object (<0.5% image)
ppe_fire_smoke_v3,ppec_00005,safety_footwear,4,"[0.0852, 0.8117, 0.1164, 0.8477]",0.00112,Very small object (<0.5% image)
ppe_fire_smoke_v3,ppec_00005,safety_footwear,4,"[0.1781, 0.8141, 0.2078, 0.8547]",0.00121,Very small object (<0.5% image)
ppe_fire_smoke_v3,ppec_00005,safety_footwear,4,"[0.2219, 0.8086, 0.2641, 0.8508]",0.00178,Very small object (<0.5% image)
ppe_fire_smoke_v3,ppec_00005,safety_footwear,4,"[0.2555, 0.8164, 0.2977, 0.8586]",0.00178,Very small object (<0.5% image)
ppe_fire_smoke_v3,ppec_00005,safety_footwear,4,"[0.3039, 0.8094, 0.3461, 0.8516]",0.00178,Very small object (<0.5% image)
ppe_fire_smoke_v3,ppec_00005,safety_footwear,4,"[0.35, 0.8125, 0.3922, 0.8547]",0.00178,Very small object (<0.5% image)
ppe_fire_smoke_v3,ppec_00005,safety_footwear,4,"[0.825, 0.7227, 0.875, 0.7586]",0.0018,Very small object (<0.5% image)
ppe_fire_smoke_v3,ppec_00005,safety_footwear,4,"[0.8945, 0.7242, 0.9258, 0.7523]",0.00088,Very small object (<0.5% image)
ppe_fire_smoke_v3,ppec_00005,safety_footwear,4,"[0.9258, 0.7242, 0.957, 0.7633]",0.00122,Very small object (<0.5% image)
ppe_fire_smoke_v3,ppec_00005,safety_footwear,4,"[0.4422, 0.8195, 0.4766, 0.8555]",0.00124,Very small object (<0.5% image)
ppe_fire_smoke_v3,ppec_00005,safety_footwear,4,"[0.4891, 0.8242, 0.5266, 0.8586]",0.00129,Very small object (<0.5% image)
ppe_fire_smoke_v3,ppec_00005,safety_footwear,4,"[0.5305, 0.8219, 0.5602, 0.8641]",0.00125,Very small object (<0.5% image)
ppe_fire_smoke_v3,ppec_00005,safety_footwear,4,"[0.5734, 0.8313, 0.6094, 0.8609]",0.00107,Very small object (<0.5% image)
ppe_fire_smoke_v3,ppec_00005,safety_footwear,4,"[0.6086, 0.8312, 0.6398, 0.8656]",0.00107,Very small object (<0.5% image)
ppe_fire_smoke_v3,ppec_00005,safety_footwear,4,"[0.6625, 0.8289, 0.6969, 0.8664]",0.00129,Very small object (<0.5% image)
ppe_fire_smoke_v3,ppec_00005,safety_footwear,4,"[0.707, 0.8367, 0.743, 0.8695]",0.00118,Very small object (<0.5% image)
ppe_fire_smoke_v3,ppec_00005,safety_footwear,4,"[0.7422, 0.8391, 0.7859, 0.8703]",0.00137,Very small object (<0.5% image)
ppe_fire_smoke_v3,ppec_00005,safety_footwear,4,"[0.8, 0.8328, 0.8313, 0.8641]",0.00098,Very small object (<0.5% image)
ppe_fire_smoke_v3,ppec_00005,safety_footwear,4,"[0.832, 0.8383, 0.8773, 0.8664]",0.00127,Very small object (<0.5% image)
ppe_fire_smoke_v3,ppec_00005,safety_footwear,4,"[0.8977, 0.8383, 0.9227, 0.8664]",0.0007,Very small object (<0.5% image)
ppe_fire_smoke_v3,ppec_00005,safety_footwear,4,"[0.9219, 0.8391, 0.9531, 0.8656]",0.00083,Very small object (<0.5% image)
ppe_fire_smoke_v3,ppec_00007,person,0,"[0.1602, 0.1555, 0.9977, 0.9945]",0.70272,Edge clipped / camera boundary
ppe_fire_smoke_v3,ppec_00009,helmet,1,"[0.4516, 0.3047, 0.7578, 0.625]",0.0981,Partial occlusion / industrial lighting
ppe_fire_smoke_v3,ppec_00017,safety_vest,2,"[0.7047, 0.8008, 0.7391, 0.868]",0.00231,Very small object (<0.5% image)
ppe_fire_smoke_v3,ppec_00020,person,0,"[0.2938, 0.3359, 0.4547, 1.0]",0.10687,Edge clipped / camera boundary
ppe_fire_smoke_v3,ppec_00020,gloves,3,"[0.3281, 0.5391, 0.4109, 0.6219]",0.00686,Small distant object (0.5%-2% image)
ppe_fire_smoke_v3,ppec_00023,person,0,"[0.1703, 0.4031, 0.7672, 0.875]",0.28165,Partial occlusion / industrial lighting
ppe_fire_smoke_v3,ppec_00032,safety_vest,2,"[0.3586, 0.175, 0.6445, 0.4766]",0.08623,Partial occlusion / industrial lighting
ppe_fire_smoke_v3,ppec_00032,safety_vest,2,"[0.0, 0.5117, 0.3563, 0.9977]",0.17312,Edge clipped / camera boundary
ppe_fire_smoke_v3,ppec_00032,safety_vest,2,"[0.8914, 0.4781, 0.9977, 0.6281]",0.01594,Small distant object (0.5%-2% image)
ppe_fire_smoke_v3,ppec_00032,safety_vest,2,"[0.6727, 0.4781, 0.8508, 0.5656]",0.01559,Small distant object (0.5%-2% image)
ppe_fire_smoke_v3,ppec_00034,person,0,"[0.4391, 0.0094, 0.7719, 0.9734]",0.32085,Edge clipped / camera boundary
ppe_fire_smoke_v3,ppec_00034,helmet,1,"[0.1078, 0.4062, 0.2047, 0.5219]",0.0112,Small distant object (0.5%-2% image)
ppe_fire_smoke_v3,ppec_00034,helmet,1,"[0.0, 0.0891, 0.0281, 0.1422]",0.00149,Very small object (<0.5% image)
ppe_fire_smoke_v3,ppec_00040,helmet,1,"[0.0437, 0.2547, 0.1953, 0.4156]",0.02439,Partial occlusion / industrial lighting
ppe_fire_smoke_v3,ppec_00043,safety_vest,2,"[0.6773, 0.0, 0.9445, 0.6109]",0.16324,Edge clipped / camera boundary
ppe_fire_smoke_v3,ppec_00043,safety_vest,2,"[0.0, 0.6484, 0.4656, 0.9969]",0.16224,Edge clipped / camera boundary
ppe_fire_smoke_v3,ppec_00047,safety_vest,2,"[0.0023, 0.0734, 0.3023, 0.9141]",0.25219,Edge clipped / camera boundary
ppe_fire_smoke_v3,ppec_00047,safety_vest,2,"[0.15, 0.3523, 0.3641, 0.7383]",0.08261,Partial occlusion / industrial lighting
ppe_fire_smoke_v3,ppec_00047,safety_vest,2,"[0.1812, 0.0063, 1.0, 1.0]",0.81363,Edge clipped / camera boundary
ppe_fire_smoke_v3,ppec_00047,safety_vest,2,"[0.9234, 0.382, 1.0, 0.5805]",0.01519,Small distant object (0.5%-2% image)
ppe_fire_smoke_v3,ppec_00048,safety_vest,2,"[0.2844, 0.3437, 0.4562, 0.4953]",0.02605,Partial occlusion / industrial lighting
ppe_fire_smoke_v3,ppec_00054,person,0,"[0.0, 0.1562, 0.4484, 1.0]",0.37837,Edge clipped / camera boundary
ppe_fire_smoke_v3,ppec_00054,person,0,"[0.5586, 0.0641, 0.9977, 0.9078]",0.37046,Edge clipped / camera boundary
ppe_fire_smoke_v3,ppec_00056,person,0,"[0.6656, 0.3602, 0.9906, 0.8148]",0.14777,Edge clipped / camera boundary
ppe_fire_smoke_v3,ppec_00057,person,0,"[0.0031, 0.2703, 0.5844, 1.0]",0.42413,Edge clipped / camera boundary
ppe_fire_smoke_v3,ppec_00071,safety_vest,2,"[0.3672, 0.3359, 0.4391, 0.4078]",0.00517,Small distant object (0.5%-2% image)
ppe_fire_smoke_v3,ppec_00073,safety_vest,2,"[0.1047, 0.7531, 0.7203, 1.0]",0.15198,Edge clipped / camera boundary
ppe_fire_smoke_v3,ppec_00077,gloves,3,"[0.5297, 0.557, 0.6438, 0.6727]",0.01319,Small distant object (0.5%-2% image)
ppe_fire_smoke_v3,ppec_00077,gloves,3,"[0.6641, 0.7023, 0.7594, 0.818]",0.01102,Small distant object (0.5%-2% image)
ppe_fire_smoke_v3,ppec_00078,gloves,3,"[0.493, 0.4414, 0.5539, 0.5289]",0.00533,Small distant object (0.5%-2% image)
ppe_fire_smoke_v3,ppec_00078,gloves,3,"[0.3297, 0.4945, 0.4828, 0.5805]",0.01316,Small distant object (0.5%-2% image)
ppe_fire_smoke_v3,ppec_00078,safety_footwear,4,"[0.3297, 0.8875, 0.4391, 0.9844]",0.0106,Small distant object (0.5%-2% image)
ppe_fire_smoke_v3,ppec_00078,safety_footwear,4,"[0.4445, 0.9109, 0.5648, 0.9937]",0.00996,Small distant object (0.5%-2% image)
ppe_fire_smoke_v3,ppec_00086,gloves,3,"[0.2273, 0.2414, 0.5086, 0.4227]",0.05098,Partial occlusion / industrial lighting
ppe_fire_smoke_v3,ppec_00086,gloves,3,"[0.1844, 0.5961, 0.4516, 0.8039]",0.05552,Partial occlusion / industrial lighting
ppe_fire_smoke_v3,ppec_00087,helmet,1,"[0.1523, 0.507, 0.2477, 0.6055]",0.00938,Small distant object (0.5%-2% image)
ppe_fire_smoke_v3,ppec_00099,helmet,1,"[0.8727, 0.868, 0.9461, 0.9508]",0.00608,Small distant object (0.5%-2% image)
ppe_fire_smoke_v3,ppec_00099,helmet,1,"[0.7062, 0.5352, 0.8453, 0.6336]",0.01369,Small distant object (0.5%-2% image)
ppe_fire_smoke_v3,ppec_00099,safety_vest,2,"[0.6922, 0.6508, 0.8469, 0.968]",0.04907,Partial occlusion / industrial lighting
ppe_fire_smoke_v3,ppec_00102,safety_vest,2,"[0.1867, 0.6414, 0.3039, 0.8023]",0.01886,Small distant object (0.5%-2% image)
ppe_fire_smoke_v3,ppec_00102,safety_vest,2,"[0.0227, 0.55, 0.1477, 0.7219]",0.02148,Partial occlusion / industrial lighting
ppe_fire_smoke_v3,ppec_00102,safety_vest,2,"[0.0367, 0.8953, 0.0836, 0.9813]",0.00403,Very small object (<0.5% image)
ppe_fire_smoke_v3,ppec_00111,safety_vest,2,"[0.4797, 0.4953, 0.775, 1.0]",0.14904,Edge clipped / camera boundary
ppe_fire_smoke_v3,ppec_00114,person,0,"[0.1359, 0.1578, 0.6375, 1.0]",0.42241,Edge clipped / camera boundary
ppe_fire_smoke_v3,ppec_00125,person,0,"[0.2602, 0.1922, 0.4555, 0.65]",0.08942,Partial occlusion / industrial lighting
ppe_fire_smoke_v3,ppec_00127,safety_vest,2,"[0.3047, 0.5789, 0.3563, 0.6664]",0.00451,Very small object (<0.5% image)
ppe_fire_smoke_v3,ppec_00127,safety_vest,2,"[0.4875, 0.6203, 0.6469, 0.9156]",0.04707,Partial occlusion / industrial lighting
ppe_fire_smoke_v3,ppec_00127,safety_vest,2,"[0.8242, 0.7789, 0.9977, 0.9977]",0.03794,Edge clipped / camera boundary
ppe_fire_smoke_v3,ppec_00128,person,0,"[0.0562, 0.0336, 0.5031, 0.9852]",0.42523,Edge clipped / camera boundary
ppe_fire_smoke_v3,ppec_00128,helmet,1,"[0.2266, 0.0586, 0.4375, 0.3711]",0.06592,Partial occlusion / industrial lighting
ppe_fire_smoke_v3,ppec_00153,person,0,"[0.0117, 0.2469, 0.3852, 0.8437]",0.2229,Edge clipped / camera boundary
ppe_fire_smoke_v3,ppec_00158,person,0,"[-0.0, 0.2281, 0.5641, 1.0]",0.43539,Edge clipped / camera boundary
ppe_fire_smoke_v3,ppec_00168,gloves,3,"[0.2219, 0.6719, 0.6438, 0.875]",0.08569,Partial occlusion / industrial lighting
ppe_fire_smoke_v3,ppec_00169,person,0,"[0.2047, 0.0539, 1.0, 0.9977]",0.75058,Edge clipped / camera boundary
ppe_fire_smoke_v3,ppec_00172,safety_vest,2,"[0.0141, 0.0008, 0.2812, 0.1352]",0.0359,Edge clipped / camera boundary
ppe_fire_smoke_v3,ppec_00172,safety_vest,2,"[0.2492, 0.2203, 0.5711, 1.0]",0.25096,Edge clipped / camera boundary
ppe_fire_smoke_v3,ppec_00179,gloves,3,"[0.5437, 0.6328, 0.6406, 0.6969]",0.00621,Small distant object (0.5%-2% image)
ppe_fire_smoke_v3,ppec_00179,gloves,3,"[0.5867, 0.6984, 0.7039, 0.8094]",0.013,Small distant object (0.5%-2% image)
ppe_fire_smoke_v3,ppec_00186,helmet,1,"[0.35, 0.3781, 0.4391, 0.4531]",0.00668,Small distant object (0.5%-2% image)
ppe_fire_smoke_v3,ppec_00186,helmet,1,"[0.0969, 0.4102, 0.2281, 0.5273]",0.01538,Small distant object (0.5%-2% image)
ppe_fire_smoke_v3,ppec_00192,gloves,3,"[0.0547, 0.7859, 0.4047, 0.9969]",0.07383,Edge clipped / camera boundary
ppe_fire_smoke_v3,ppec_00196,safety_vest,2,"[0.6602, 0.4641, 0.6805, 0.5422]",0.00159,Very small object (<0.5% image)
ppe_fire_smoke_v3,ppec_00196,safety_vest,2,"[0.6906, 0.4695, 0.7125, 0.5398]",0.00154,Very small object (<0.5% image)
ppe_fire_smoke_v3,ppec_00200,safety_vest,2,"[0.0, 0.4953, 0.0344, 0.9969]",0.01724,Small distant object (0.5%-2% image)
ppe_fire_smoke_v3,ppec_00200,safety_vest,2,"[0.3383, 0.3914, 0.457, 0.5945]",0.02412,Partial occlusion / industrial lighting
ppe_fire_smoke_v3,ppec_00201,person,0,"[0.7234, 0.325, 1.0, 0.9516]",0.17328,Edge clipped / camera boundary
ppe_fire_smoke_v3,ppec_00201,person,0,"[0.6102, 0.3883, 0.8695, 0.8586]",0.12199,Partial occlusion / industrial lighting
ppe_fire_smoke_v3,ppec_00201,person,0,"[0.4602, 0.3609, 0.732, 0.8766]",0.14019,Partial occlusion / industrial lighting
ppe_fire_smoke_v3,ppec_00201,person,0,"[0.0719, 0.2563, 0.3219, 0.7312]",0.11875,Partial occlusion / industrial lighting
ppe_fire_smoke_v3,ppec_00201,helmet,1,"[0.8445, 0.3672, 0.9742, 0.5062]",0.01803,Small distant object (0.5%-2% image)
ppe_fire_smoke_v3,ppec_00201,helmet,1,"[0.2727, 0.3094, 0.3352, 0.3875]",0.00488,Very small object (<0.5% image)
ppe_fire_smoke_v3,ppec_00201,safety_footwear,4,"[0.5375, 0.7594, 0.6094, 0.8312]",0.00517,Small distant object (0.5%-2% image)
ppe_fire_smoke_v3,ppec_00201,safety_footwear,4,"[0.4695, 0.6859, 0.5195, 0.7266]",0.00203,Very small object (<0.5% image)
ppe_fire_smoke_v3,ppec_00201,safety_footwear,4,"[0.407, 0.675, 0.4602, 0.7234]",0.00257,Very small object (<0.5% image)
ppe_fire_smoke_v3,ppec_00201,safety_footwear,4,"[0.6727, 0.7742, 0.7461, 0.8367]",0.00459,Very small object (<0.5% image)
ppe_fire_smoke_v3,ppec_00201,safety_footwear,4,"[0.65, 0.7445, 0.7203, 0.8023]",0.00406,Very small object (<0.5% image)
ppe_fire_smoke_v3,ppec_00201,safety_footwear,4,"[0.3289, 0.6773, 0.3805, 0.7336]",0.0029,Very small object (<0.5% image)
ppe_fire_smoke_v3,ppec_00201,safety_footwear,4,"[0.2914, 0.6633, 0.3445, 0.7211]",0.00307,Very small object (<0.5% image)
ppe_fire_smoke_v3,ppec_00201,safety_footwear,4,"[0.1844, 0.6773, 0.2641, 0.743]",0.00523,Small distant object (0.5%-2% image)
ppe_fire_smoke_v3,ppec_00201,safety_footwear,4,"[0.1398, 0.7047, 0.1961, 0.7719]",0.00378,Very small object (<0.5% image)
ppe_fire_smoke_v3,ppec_00201,safety_footwear,4,"[0.1328, 0.7727, 0.1922, 0.8414]",0.00408,Very small object (<0.5% image)
ppe_fire_smoke_v3,ppec_00201,safety_footwear,4,"[0.1617, 0.8172, 0.2523, 0.8969]",0.00722,Small distant object (0.5%-2% image)
ppe_fire_smoke_v3,ppec_00201,safety_footwear,4,"[0.7477, 0.8586, 0.832, 0.932]",0.0062,Small distant object (0.5%-2% image)
ppe_fire_smoke_v3,ppec_00201,safety_footwear,4,"[0.7336, 0.9148, 0.8383, 0.9898]",0.00785,Small distant object (0.5%-2% image)
ppe_fire_smoke_v3,ppec_00201,safety_footwear,4,"[0.6508, 0.9563, 0.707, 1.0]",0.00246,Very small object (<0.5% image)
ppe_fire_smoke_v3,ppec_00201,safety_footwear,4,"[0.6172, 0.9812, 0.6828, 1.0]",0.00123,Very small object (<0.5% image)
ppe_fire_smoke_v3,ppec_00201,safety_footwear,4,"[0.5211, 0.9062, 0.5945, 0.9703]",0.0047,Very small object (<0.5% image)
ppe_fire_smoke_v3,ppec_00201,safety_footwear,4,"[0.4797, 0.9203, 0.5563, 0.9859]",0.00502,Small distant object (0.5%-2% image)
ppe_fire_smoke_v3,ppec_00201,safety_footwear,4,"[0.3688, 0.932, 0.4219, 0.9773]",0.00241,Very small object (<0.5% image)
ppe_fire_smoke_v3,ppec_00201,safety_footwear,4,"[0.425, 0.9516, 0.4844, 1.0]",0.00288,Very small object (<0.5% image)
ppe_fire_smoke_v3,ppec_00201,safety_footwear,4,"[0.3, 0.893, 0.3516, 0.9461]",0.00274,Very small object (<0.5% image)
ppe_fire_smoke_v3,ppec_00201,safety_footwear,4,"[0.2625, 0.8859, 0.3078, 0.9391]",0.00241,Very small object (<0.5% image)
ppe_fire_smoke_v3,ppec_00201,safety_footwear,4,"[0.625, 0.6844, 0.6781, 0.7266]",0.00224,Very small object (<0.5% image)
ppe_fire_smoke_v3,ppec_00202,person,0,"[0.3656, 0.1047, 0.8422, 1.0]",0.42667,Edge clipped / camera boundary
ppe_fire_smoke_v3,ppec_00206,helmet,1,"[0.5945, 0.0984, 0.7352, 0.3813]",0.03977,Partial occlusion / industrial lighting
ppe_fire_smoke_v3,ppec_00206,safety_vest,2,"[0.7125, 0.3203, 0.9281, 0.85]",0.11421,Partial occlusion / industrial lighting
ppe_fire_smoke_v3,ppec_00207,person,0,"[0.0266, 0.0797, 1.0, 1.0]",0.89587,Edge clipped / camera boundary
ppe_fire_smoke_v3,ppec_00207,gloves,3,"[0.118, 0.5664, 0.3727, 0.7664]",0.05094,Partial occlusion / industrial lighting
ppe_fire_smoke_v3,ppec_00207,gloves,3,"[0.3391, 0.8406, 0.6734, 1.0]",0.05329,Edge clipped / camera boundary
ppe_fire_smoke_v3,ppec_00221,gloves,3,"[0.72, 0.4489, 0.8888, 0.6679]",0.03698,Partial occlusion / industrial lighting
ppe_fire_smoke_v3,ppec_00224,safety_footwear,4,"[0.2219, 0.3289, 0.9563, 0.9086]",0.42571,Partial occlusion / industrial lighting
ppe_fire_smoke_v3,ppec_00225,person,0,"[0.5258, 0.082, 0.7211, 0.9977]",0.17883,Edge clipped / camera boundary
ppe_fire_smoke_v3,ppec_00231,safety_footwear,4,"[0.5445, 0.5125, 0.8414, 0.9219]",0.12153,Partial occlusion / industrial lighting
ppe_fire_smoke_v3,ppec_00231,safety_footwear,4,"[0.3602, 0.2742, 0.6867, 0.5523]",0.09083,Partial occlusion / industrial lighting
ppe_fire_smoke_v3,ppec_00237,safety_vest,2,"[0.4266, 0.0172, 0.9312, 0.4688]",0.2279,Edge clipped / camera boundary
ppe_fire_smoke_v3,ppec_00237,safety_vest,2,"[0.3305, 0.4414, 0.5961, 0.6445]",0.05396,Partial occlusion / industrial lighting
ppe_fire_smoke_v3,ppec_00237,safety_vest,2,"[0.6016, 0.3758, 0.9484, 0.5773]",0.06992,Partial occlusion / industrial lighting
ppe_fire_smoke_v3,ppec_00238,person,0,"[0.5258, 0.1758, 0.6539, 0.8461]",0.08588,Extreme aspect ratio / pose
ppe_fire_smoke_v3,ppec_00241,safety_vest,2,"[0.5852, 0.0008, 0.9992, 0.9852]",0.40759,Edge clipped / camera boundary
ppe_fire_smoke_v3,ppec_00246,person,0,"[0.0, 0.0453, 0.4734, 1.0]",0.45199,Edge clipped / camera boundary
ppe_fire_smoke_v3,ppec_00246,gloves,3,"[0.2969, 0.6453, 0.4031, 0.7875]",0.01511,Small distant object (0.5%-2% image)
ppe_fire_smoke_v3,ppec_00248,person,0,"[0.3719, 0.0219, 0.7, 0.5219]",0.16406,Partial occlusion / industrial lighting
ppe_fire_smoke_v3,ppec_00248,gloves,3,"[0.5711, 0.3539, 0.6477, 0.4492]",0.0073,Small distant object (0.5%-2% image)
ppe_fire_smoke_v3,ppec_00248,gloves,3,"[0.443, 0.3078, 0.5508, 0.4828]",0.01887,Small distant object (0.5%-2% image)
ppe_fire_smoke_v3,ppec_00254,person,0,"[0.1977, 0.1281, 0.8914, 1.0]",0.60486,Edge clipped / camera boundary
ppe_fire_smoke_v3,ppec_00256,helmet,1,"[0.0344, 0.2234, 0.2687, 0.6156]",0.09192,Partial occlusion / industrial lighting
ppe_fire_smoke_v3,ppec_00256,helmet,1,"[0.5344, 0.2563, 0.8125, 0.6656]",0.11386,Partial occlusion / industrial lighting
ppe_fire_smoke_v3,ppec_00257,gloves,3,"[0.1078, 0.5563, 0.1812, 0.6625]",0.0078,Small distant object (0.5%-2% image)
ppe_fire_smoke_v3,ppec_00257,gloves,3,"[0.6727, 0.657, 0.7305, 0.7242]",0.00388,Very small object (<0.5% image)
ppe_fire_smoke_v3,ppec_00257,gloves,3,"[0.8438, 0.657, 0.8969, 0.793]",0.00722,Small distant object (0.5%-2% image)
ppe_fire_smoke_v3,ppec_00271,person,0,"[0.0, 0.0, 0.9234, 1.0]",0.92344,Edge clipped / camera boundary
ppe_fire_smoke_v3,ppec_00272,safety_footwear,4,"[0.4398, 0.9016, 0.5273, 0.9812]",0.00697,Small distant object (0.5%-2% image)
ppe_fire_smoke_v3,ppec_00272,safety_footwear,4,"[0.382, 0.9438, 0.4555, 0.9844]",0.00298,Very small object (<0.5% image)
ppe_fire_smoke_v3,ppec_00280,person,0,"[0.8273, 0.0961, 0.8992, 0.418]",0.02313,Extreme aspect ratio / pose
ppe_fire_smoke_v3,ppec_00288,person,0,"[0.2836, 0.0898, 0.4602, 0.7008]",0.10787,Extreme aspect ratio / pose
ppe_fire_smoke_v3,ppec_00288,gloves,3,"[0.4047, 0.6172, 0.4688, 0.6672]",0.0032,Very small object (<0.5% image)
ppe_fire_smoke_v3,ppec_00293,helmet,1,"[0.7359, 0.1492, 0.8188, 0.2633]",0.00945,Small distant object (0.5%-2% image)
ppe_fire_smoke_v3,ppec_00293,gloves,3,"[0.6195, 0.3805, 0.6789, 0.4508]",0.00417,Very small object (<0.5% image)
ppe_fire_smoke_v3,ppec_00293,gloves,3,"[0.1906, 0.1289, 0.2375, 0.2164]",0.0041,Very small object (<0.5% image)
ppe_fire_smoke_v3,ppec_00293,safety_footwear,4,"[0.7812, 0.8422, 0.8516, 0.8969]",0.00385,Very small object (<0.5% image)
ppe_fire_smoke_v3,ppec_00293,safety_footwear,4,"[0.8867, 0.8477, 0.9477, 0.9008]",0.00324,Very small object (<0.5% image)
ppe_fire_smoke_v3,ppec_00293,safety_footwear,4,"[0.2508, 0.8406, 0.2945, 0.8922]",0.00226,Very small object (<0.5% image)
ppe_fire_smoke_v3,ppec_00302,helmet,1,"[0.2289, 0.0578, 0.382, 0.2078]",0.02297,Partial occlusion / industrial lighting
ppe_fire_smoke_v3,ppec_00307,helmet,1,"[0.1992, 0.3789, 0.2914, 0.5242]",0.0134,Small distant object (0.5%-2% image)
ppe_fire_smoke_v3,ppec_00307,helmet,1,"[0.8289, 0.3461, 0.9789, 0.4805]",0.02016,Partial occlusion / industrial lighting
ppe_fire_smoke_v3,ppec_00321,person,0,"[0.3859, 0.0703, 0.7953, 1.0]",0.38059,Edge clipped / camera boundary
ppe_fire_smoke_v3,ppec_00321,helmet,1,"[0.4969, 0.1602, 0.5563, 0.2523]",0.00547,Small distant object (0.5%-2% image)
ppe_fire_smoke_v3,ppec_00322,helmet,1,"[0.4586, 0.3484, 0.6086, 0.5734]",0.03375,Partial occlusion / industrial lighting
ppe_fire_smoke_v3,ppec_00330,gloves,3,"[0.516, 0.5163, 0.6361, 0.6868]",0.02047,Partial occlusion / industrial lighting
ppe_fire_smoke_v3,ppec_00332,safety_vest,2,"[0.0156, 0.1156, 0.5547, 0.4781]",0.19541,Edge clipped / camera boundary
ppe_fire_smoke_v3,ppec_00332,safety_vest,2,"[0.0156, 0.0016, 0.3797, 0.4156]",0.15074,Edge clipped / camera boundary
ppe_fire_smoke_v3,ppec_00332,safety_vest,2,"[0.6828, 0.3461, 0.8781, 0.5508]",0.03998,Partial occlusion / industrial lighting
ppe_fire_smoke_v3,ppec_00334,person,0,"[0.0422, 0.257, 0.8641, 0.9133]",0.53936,Partial occlusion / industrial lighting
ppe_fire_smoke_v3,ppec_00334,gloves,3,"[0.6961, 0.3563, 0.8195, 0.575]",0.027,Partial occlusion / industrial lighting
ppe_fire_smoke_v3,ppec_00345,safety_vest,2,"[0.3102, 0.2227, 0.3648, 0.3164]",0.00513,Small distant object (0.5%-2% image)
ppe_fire_smoke_v3,ppec_00345,safety_vest,2,"[0.1219, 0.75, 0.2016, 0.8375]",0.00697,Small distant object (0.5%-2% image)
ppe_fire_smoke_v3,ppec_00345,safety_vest,2,"[0.407, 0.5852, 0.4727, 0.682]",0.00636,Small distant object (0.5%-2% image)
ppe_fire_smoke_v3,ppec_00354,gloves,3,"[0.1102, 0.3102, 0.2273, 0.5773]",0.03131,Partial occlusion / industrial lighting
ppe_fire_smoke_v3,ppec_00354,gloves,3,"[0.1555, 0.3594, 0.2539, 0.6]",0.02369,Partial occlusion / industrial lighting
ppe_fire_smoke_v3,ppec_00354,gloves,3,"[0.2266, 0.3203, 0.3719, 0.6953]",0.05449,Partial occlusion / industrial lighting
ppe_fire_smoke_v3,ppec_00354,gloves,3,"[0.1836, 0.35, 0.3039, 0.6656]",0.03797,Partial occlusion / industrial lighting
ppe_fire_smoke_v3,ppec_00354,gloves,3,"[0.2492, 0.3477, 0.418, 0.7477]",0.0675,Partial occlusion / industrial lighting
ppe_fire_smoke_v3,ppec_00354,gloves,3,"[0.2953, 0.3805, 0.4828, 0.8289]",0.08408,Partial occlusion / industrial lighting
ppe_fire_smoke_v3,ppec_00354,gloves,3,"[0.3375, 0.3922, 0.5828, 0.9469]",0.13607,Partial occlusion / industrial lighting
ppe_fire_smoke_v3,ppec_00354,gloves,3,"[0.5734, 0.4094, 0.8937, 1.0]",0.18918,Edge clipped / camera boundary
ppe_fire_smoke_v3,ppec_00354,gloves,3,"[0.7625, 0.4609, 1.0, 1.0]",0.12803,Edge clipped / camera boundary
ppe_fire_smoke_v3,ppec_00354,gloves,3,"[0.4289, 0.4187, 0.7023, 1.0]",0.15894,Edge clipped / camera boundary
ppe_fire_smoke_v3,ppec_00354,gloves,3,"[0.0656, 0.5953, 0.1688, 0.6859]",0.00935,Small distant object (0.5%-2% image)
ppe_fire_smoke_v3,ppec_00354,gloves,3,"[0.0672, 0.6586, 0.1828, 0.7492]",0.01048,Small distant object (0.5%-2% image)
ppe_fire_smoke_v3,ppec_00354,gloves,3,"[0.0695, 0.7211, 0.207, 0.8461]",0.01719,Small distant object (0.5%-2% image)
ppe_fire_smoke_v3,ppec_00356,helmet,1,"[0.2086, 0.0273, 0.4398, 0.2336]",0.0477,Partial occlusion / industrial lighting
ppe_fire_smoke_v3,ppec_00362,safety_vest,2,"[0.2016, 0.3125, 0.35, 0.6687]",0.05288,Partial occlusion / industrial lighting
ppe_fire_smoke_v3,ppec_00363,gloves,3,"[0.3269, 0.4366, 0.4655, 0.5511]",0.01587,Small distant object (0.5%-2% image)
ppe_fire_smoke_v3,ppec_00363,gloves,3,"[0.2666, 0.8201, 0.4258, 0.9884]",0.0268,Edge clipped / camera boundary
ppe_fire_smoke_v3,ppec_00370,helmet,1,"[0.7016, 0.3336, 0.8078, 0.4523]",0.01262,Small distant object (0.5%-2% image)
ppe_fire_smoke_v3,ppec_00373,person,0,"[0.4328, 0.1469, 0.6109, 1.0]",0.15196,Edge clipped / camera boundary
ppe_fire_smoke_v3,ppec_00373,person,0,"[0.743, 0.1633, 0.957, 0.9461]",0.16757,Extreme aspect ratio / pose
ppe_fire_smoke_v3,ppec_00373,person,0,"[0.6289, 0.0922, 0.7898, 0.7875]",0.1119,Extreme aspect ratio / pose
ppe_fire_smoke_v3,ppec_00373,helmet,1,"[0.6563, 0.1414, 0.7219, 0.1992]",0.00379,Very small object (<0.5% image)
ppe_fire_smoke_v3,ppec_00373,helmet,1,"[0.45, 0.1664, 0.5641, 0.3461]",0.0205,Partial occlusion / industrial lighting
ppe_fire_smoke_v3,ppec_00373,gloves,3,"[0.3063, 0.3484, 0.4047, 0.4375]",0.00877,Small distant object (0.5%-2% image)
ppe_fire_smoke_v3,ppec_00373,safety_footwear,4,"[0.8008, 0.818, 0.9352, 0.9523]",0.01806,Small distant object (0.5%-2% image)
ppe_fire_smoke_v3,ppec_00373,safety_footwear,4,"[0.7391, 0.7195, 0.7812, 0.7867]",0.00283,Very small object (<0.5% image)
ppe_fire_smoke_v3,ppec_00374,person,0,"[0.7477, 0.4602, 0.8555, 0.5961]",0.01466,Small distant object (0.5%-2% image)
ppe_fire_smoke_v3,ppec_00374,helmet,1,"[0.3461, 0.3578, 0.443, 0.4578]",0.00969,Small distant object (0.5%-2% image)
ppe_fire_smoke_v3,ppec_00376,safety_vest,2,"[0.5969, 0.3281, 1.0, 1.0]",0.27085,Edge clipped / camera boundary
ppe_fire_smoke_v3,ppec_00383,helmet,1,"[0.5359, 0.1055, 0.7719, 0.7195]",0.14488,Partial occlusion / industrial lighting
ppe_fire_smoke_v3,ppec_00389,gloves,3,"[0.3109, 0.5852, 0.4766, 0.7914]",0.03416,Partial occlusion / industrial lighting
ppe_fire_smoke_v3,ppec_00391,safety_footwear,4,"[0.5312, 0.7234, 0.5906, 0.7781]",0.00325,Very small object (<0.5% image)
ppe_fire_smoke_v3,ppec_00391,safety_footwear,4,"[0.4719, 0.7133, 0.5156, 0.7883]",0.00328,Very small object (<0.5% image)
ppe_fire_smoke_v3,ppec_00398,safety_vest,2,"[0.7375, 0.5367, 0.9797, 0.8523]",0.07644,Partial occlusion / industrial lighting
ppe_fire_smoke_v3,ppec_00398,safety_vest,2,"[0.3937, 0.4594, 0.6031, 0.8422]",0.08015,Partial occlusion / industrial lighting
ppe_fire_smoke_v3,ppec_00400,helmet,1,"[0.0414, 0.2375, 0.318, 0.4875]",0.06914,Partial occlusion / industrial lighting
ppe_fire_smoke_v3,ppec_00400,safety_vest,2,"[0.0445, 0.5859, 0.457, 1.0]",0.1708,Edge clipped / camera boundary
ppe_fire_smoke_v3,safup_00010,person,0,"[0.0258, 0.1305, 0.6508, 0.9445]",0.50879,Partial occlusion / industrial lighting
ppe_fire_smoke_v3,safup_00011,person,0,"[0.2508, 0.1523, 0.4961, 0.9336]",0.19165,Extreme aspect ratio / pose
ppe_fire_smoke_v3,safup_00012,helmet,1,"[0.4535, 0.1805, 0.609, 0.3023]",0.01895,Small distant object (0.5%-2% image)
ppe_fire_smoke_v3,safup_00016,person,0,"[0.6633, 0.0961, 0.868, 0.968]",0.17846,Extreme aspect ratio / pose
ppe_fire_smoke_v3,safup_00016,person,0,"[0.3953, 0.0719, 0.6547, 0.9703]",0.23303,Extreme aspect ratio / pose
ppe_fire_smoke_v3,safup_00026,person,0,"[0.0047, 0.0, 1.0, 1.0]",0.99531,Edge clipped / camera boundary
ppe_fire_smoke_v3,safup_00039,person,0,"[0.3375, 0.2277, 0.3703, 0.3113]",0.00274,Very small object (<0.5% image)
ppe_fire_smoke_v3,safup_00045,helmet,1,"[0.5148, 0.1684, 0.5742, 0.2254]",0.00339,Very small object (<0.5% image)
ppe_fire_smoke_v3,safup_00045,helmet,1,"[0.6777, 0.0852, 0.777, 0.1664]",0.00806,Small distant object (0.5%-2% image)
ppe_fire_smoke_v3,safup_00045,safety_vest,2,"[0.6383, 0.2336, 0.8086, 0.5461]",0.05322,Partial occlusion / industrial lighting
ppe_fire_smoke_v3,safup_00058,helmet,1,"[0.3613, 0.0887, 0.6215, 0.2832]",0.05061,Partial occlusion / industrial lighting
ppe_fire_smoke_v3,safup_00064,person,0,"[0.4043, 0.7738, 0.6973, 0.9996]",0.06615,Edge clipped / camera boundary
ppe_fire_smoke_v3,safup_00064,person,0,"[0.1164, 0.2574, 0.1352, 0.3676]",0.00207,Very small object (<0.5% image)
ppe_fire_smoke_v3,safup_00067,person,0,"[0.2766, 0.2258, 0.6922, 0.8539]",0.26106,Partial occlusion / industrial lighting
ppe_fire_smoke_v3,safup_00068,safety_vest,2,"[0.2578, 0.2594, 0.7125, 0.8187]",0.25434,Partial occlusion / industrial lighting
ppe_fire_smoke_v3,safup_00070,person,0,"[0.6645, 0.4844, 0.7199, 0.6734]",0.01049,Small distant object (0.5%-2% image)
ppe_fire_smoke_v3,safup_00076,person,0,"[0.5441, 0.1566, 0.5934, 0.2684]",0.0055,Small distant object (0.5%-2% image)
ppe_fire_smoke_v3,safup_00084,safety_vest,2,"[0.5437, 0.5359, 0.8672, 1.0]",0.1501,Edge clipped / camera boundary
ppe_fire_smoke_v3,safup_00088,person,0,"[0.2031, 0.0844, 0.7406, 1.0]",0.49215,Edge clipped / camera boundary
ppe_fire_smoke_v3,safup_00089,person,0,"[0.5633, 0.4086, 0.9195, 0.693]",0.10131,Partial occlusion / industrial lighting
ppe_fire_smoke_v3,safup_00091,helmet,1,"[0.4875, 0.1266, 0.6828, 0.2031]",0.01495,Small distant object (0.5%-2% image)
ppe_fire_smoke_v3,safup_00098,person,0,"[0.1625, 0.0, 0.9703, 1.0]",0.80781,Edge clipped / camera boundary
ppe_fire_smoke_v3,safup_00098,safety_vest,2,"[0.3531, 0.3422, 0.8188, 1.0]",0.30629,Edge clipped / camera boundary
ppe_fire_smoke_v3,safup_00120,person,0,"[0.0422, 0.1273, 0.6438, 0.9367]",0.48689,Partial occlusion / industrial lighting
ppe_fire_smoke_v3,safup_00129,person,0,"[0.3, 0.1016, 0.7047, 1.0]",0.36359,Edge clipped / camera boundary
ppe_fire_smoke_v3,safup_00132,person,0,"[0.2984, 0.1582, 0.5578, 0.9152]",0.19635,Partial occlusion / industrial lighting
ppe_fire_smoke_v3,safup_00133,helmet,1,"[0.5102, 0.2473, 0.5773, 0.2902]",0.00289,Very small object (<0.5% image)
ppe_fire_smoke_v3,safup_00135,person,0,"[0.3828, 0.0941, 0.8453, 0.9996]",0.41878,Edge clipped / camera boundary
ppe_fire_smoke_v3,safup_00135,helmet,1,"[0.5375, 0.0687, 0.7031, 0.2656]",0.03261,Partial occlusion / industrial lighting
ppe_fire_smoke_v3,safup_00135,safety_vest,2,"[0.4727, 0.4484, 0.8039, 1.0]",0.1827,Edge clipped / camera boundary
ppe_fire_smoke_v3,safup_00147,person,0,"[0.2969, 0.1234, 0.6031, 1.0]",0.26845,Edge clipped / camera boundary
ppe_fire_smoke_v3,safup_00148,helmet,1,"[0.5047, 0.1098, 0.6187, 0.2215]",0.01274,Small distant object (0.5%-2% image)
ppe_fire_smoke_v3,safup_00159,person,0,"[0.0805, 0.15, 0.6648, 0.9313]",0.45654,Partial occlusion / industrial lighting
ppe_fire_smoke_v3,safup_00173,helmet,1,"[0.5281, 0.0008, 0.7047, 0.0602]",0.01048,Small distant object (0.5%-2% image)
ppe_fire_smoke_v3,safup_00195,person,0,"[0.568, 0.5594, 0.6008, 0.7687]",0.00687,Small distant object (0.5%-2% image)
ppe_fire_smoke_v3,safup_00195,person,0,"[0.4402, 0.5113, 0.4738, 0.6918]",0.00606,Small distant object (0.5%-2% image)
ppe_fire_smoke_v3,safup_00195,helmet,1,"[0.584, 0.5598, 0.6004, 0.5902]",0.0005,Very small object (<0.5% image)
ppe_fire_smoke_v3,safup_00195,helmet,1,"[0.4504, 0.5133, 0.4637, 0.532]",0.00025,Very small object (<0.5% image)
ppe_fire_smoke_v3,safup_00214,helmet,1,"[0.7426, 0.1883, 0.8387, 0.3289]",0.01351,Small distant object (0.5%-2% image)
ppe_fire_smoke_v3,safup_00216,person,0,"[0.1094, 0.0906, 0.7734, 1.0]",0.60388,Edge clipped / camera boundary
ppe_fire_smoke_v3,safup_00216,helmet,1,"[0.3918, 0.0906, 0.5207, 0.3156]",0.029,Partial occlusion / industrial lighting
ppe_fire_smoke_v3,safup_00223,safety_vest,2,"[0.2891, 0.5188, 0.3578, 0.5891]",0.00483,Very small object (<0.5% image)
ppe_fire_smoke_v3,safup_00227,person,0,"[0.357, 0.1133, 0.693, 0.8883]",0.26035,Partial occlusion / industrial lighting
ppe_fire_smoke_v3,safup_00234,helmet,1,"[0.3801, 0.0437, 0.609, 0.2687]",0.0515,Partial occlusion / industrial lighting
ppe_fire_smoke_v3,safup_00242,helmet,1,"[0.4, 0.1187, 0.4844, 0.2953]",0.0149,Small distant object (0.5%-2% image)
ppe_fire_smoke_v3,safup_00244,helmet,1,"[0.3922, 0.0664, 0.5969, 0.2789]",0.0435,Partial occlusion / industrial lighting
ppe_fire_smoke_v3,safup_00245,person,0,"[0.2191, 0.1566, 0.3996, 0.9996]",0.15213,Edge clipped / camera boundary
ppe_fire_smoke_v3,safup_00252,helmet,1,"[0.4398, 0.2637, 0.5695, 0.3738]",0.01429,Small distant object (0.5%-2% image)
ppe_fire_smoke_v3,safup_00255,person,0,"[0.1305, 0.1391, 0.868, 0.9516]",0.59922,Partial occlusion / industrial lighting
ppe_fire_smoke_v3,safup_00255,helmet,1,"[0.1492, 0.4781, 0.4055, 0.7625]",0.07287,Partial occlusion / industrial lighting
ppe_fire_smoke_v3,safup_00258,person,0,"[0.0, 0.0594, 0.175, 0.1625]",0.01805,Small distant object (0.5%-2% image)
ppe_fire_smoke_v3,safup_00258,person,0,"[0.0, 0.1723, 0.175, 0.2746]",0.01791,Small distant object (0.5%-2% image)
ppe_fire_smoke_v3,safup_00258,person,0,"[0.4234, 0.0, 0.6203, 0.1734]",0.03415,Edge clipped / camera boundary
ppe_fire_smoke_v3,safup_00258,person,0,"[0.4246, 0.1754, 0.627, 0.3637]",0.0381,Partial occlusion / industrial lighting
ppe_fire_smoke_v3,safup_00258,person,0,"[0.7098, 0.0, 0.8668, 0.1484]",0.02331,Edge clipped / camera boundary
ppe_fire_smoke_v3,safup_00258,person,0,"[0.7082, 0.1293, 0.8559, 0.3223]",0.02849,Partial occlusion / industrial lighting
ppe_fire_smoke_v3,safup_00258,person,0,"[0.7699, 0.0, 0.9223, 0.1172]",0.01785,Small distant object (0.5%-2% image)
ppe_fire_smoke_v3,safup_00258,person,0,"[0.8953, 0.0055, 1.0, 0.143]",0.01439,Small distant object (0.5%-2% image)
ppe_fire_smoke_v3,safup_00258,person,0,"[0.9062, 0.1797, 1.0, 0.3375]",0.01479,Small distant object (0.5%-2% image)
ppe_fire_smoke_v3,safup_00258,person,0,"[0.5789, 0.243, 0.7727, 0.518]",0.05328,Partial occlusion / industrial lighting
ppe_fire_smoke_v3,safup_00258,person,0,"[0.2156, 0.8484, 0.4875, 1.0]",0.04121,Edge clipped / camera boundary
ppe_fire_smoke_v3,safup_00258,person,0,"[0.2086, 0.6473, 0.4883, 0.8168]",0.04742,Partial occlusion / industrial lighting
ppe_fire_smoke_v3,safup_00258,person,0,"[0.157, 0.3875, 0.3648, 0.6234]",0.04903,Partial occlusion / industrial lighting
ppe_fire_smoke_v3,safup_00258,person,0,"[0.2895, 0.4062, 0.5793, 0.7188]",0.09058,Partial occlusion / industrial lighting
ppe_fire_smoke_v3,safup_00258,person,0,"[0.6883, 0.5926, 0.8867, 0.8449]",0.05007,Partial occlusion / industrial lighting
ppe_fire_smoke_v3,safup_00258,person,0,"[0.6832, 0.8406, 0.8809, 1.0]",0.0315,Edge clipped / camera boundary
ppe_fire_smoke_v3,safup_00258,person,0,"[0.5574, 0.4832, 0.7082, 0.6637]",0.02721,Partial occlusion / industrial lighting
ppe_fire_smoke_v3,safup_00258,person,0,"[0.6469, 0.3559, 0.8687, 0.6613]",0.06778,Partial occlusion / industrial lighting
ppe_fire_smoke_v3,safup_00258,helmet,1,"[0.9047, 0.566, 1.0, 0.7246]",0.01512,Small distant object (0.5%-2% image)
ppe_fire_smoke_v3,safup_00258,helmet,1,"[0.2383, 0.6441, 0.368, 0.773]",0.01672,Small distant object (0.5%-2% image)
ppe_fire_smoke_v3,safup_00258,helmet,1,"[0.6176, 0.0, 0.7449, 0.0797]",0.01015,Small distant object (0.5%-2% image)
ppe_fire_smoke_v3,safup_00258,helmet,1,"[0.9203, 0.9438, 1.0, 1.0]",0.00448,Very small object (<0.5% image)
ppe_fire_smoke_v3,safup_00258,helmet,1,"[0.2344, 0.9035, 0.3703, 0.9996]",0.01306,Small distant object (0.5%-2% image)
ppe_fire_smoke_v3,safup_00258,helmet,1,"[0.2254, 0.5559, 0.3652, 0.666]",0.0154,Small distant object (0.5%-2% image)
ppe_fire_smoke_v3,safup_00258,helmet,1,"[0.8234, 0.3297, 1.0, 0.5625]",0.04111,Edge clipped / camera boundary
ppe_fire_smoke_v3,safup_00259,helmet,1,"[0.475, 0.0375, 0.8359, 0.4359]",0.14381,Partial occlusion / industrial lighting
ppe_fire_smoke_v3,safup_00268,person,0,"[0.8016, 0.0734, 1.0, 0.9672]",0.17735,Edge clipped / camera boundary
ppe_fire_smoke_v3,safup_00277,helmet,1,"[0.3484, 0.1562, 0.4375, 0.225]",0.00612,Small distant object (0.5%-2% image)
ppe_fire_smoke_v3,safup_00277,helmet,1,"[0.3426, 0.1293, 0.4871, 0.3238]",0.02812,Partial occlusion / industrial lighting
ppe_fire_smoke_v3,safup_00278,helmet,1,"[0.5156, 0.2289, 0.5531, 0.2914]",0.00234,Very small object (<0.5% image)
ppe_fire_smoke_v3,safup_00278,helmet,1,"[0.5875, 0.2484, 0.6281, 0.3391]",0.00368,Very small object (<0.5% image)
ppe_fire_smoke_v3,safup_00278,safety_vest,2,"[0.5188, 0.3055, 0.5656, 0.493]",0.00879,Small distant object (0.5%-2% image)
ppe_fire_smoke_v3,safup_00278,safety_vest,2,"[0.3656, 0.3063, 0.4281, 0.5]",0.01211,Small distant object (0.5%-2% image)
ppe_fire_smoke_v3,safup_00278,safety_vest,2,"[0.5578, 0.3156, 0.6391, 0.55]",0.01904,Small distant object (0.5%-2% image)
ppe_fire_smoke_v3,safup_00292,helmet,1,"[0.5687, 0.0, 0.8766, 0.1641]",0.0505,Edge clipped / camera boundary
ppe_fire_smoke_v3,safup_00298,safety_vest,2,"[0.2109, 0.3062, 0.4219, 0.9062]",0.12656,Partial occlusion / industrial lighting
ppe_fire_smoke_v3,safup_00298,safety_vest,2,"[0.6563, 0.4398, 0.8609, 0.8867]",0.09147,Partial occlusion / industrial lighting
ppe_fire_smoke_v3,safup_00303,person,0,"[0.9262, 0.3707, 0.9395, 0.4277]",0.00076,Very small object (<0.5% image)
ppe_fire_smoke_v3,safup_00314,person,0,"[0.25, 0.0531, 0.65, 1.0]",0.37875,Edge clipped / camera boundary
ppe_fire_smoke_v3,safup_00316,person,0,"[0.025, 0.0266, 0.8609, 1.0]",0.81373,Edge clipped / camera boundary
ppe_fire_smoke_v3,safup_00323,safety_vest,2,"[0.5629, 0.4043, 0.6699, 0.5223]",0.01263,Small distant object (0.5%-2% image)
ppe_fire_smoke_v3,safup_00336,person,0,"[0.5586, 0.4086, 0.632, 0.7664]",0.02628,Extreme aspect ratio / pose
ppe_fire_smoke_v3,safup_00336,person,0,"[0.3953, 0.2609, 0.5719, 1.0]",0.13049,Edge clipped / camera boundary
ppe_fire_smoke_v3,safup_00336,helmet,1,"[0.4367, 0.3914, 0.4586, 0.4305]",0.00085,Very small object (<0.5% image)
ppe_fire_smoke_v3,safup_00336,helmet,1,"[0.575, 0.4109, 0.6031, 0.4531]",0.00119,Very small object (<0.5% image)
ppe_fire_smoke_v3,safup_00336,helmet,1,"[0.4414, 0.2637, 0.5336, 0.4066]",0.01318,Small distant object (0.5%-2% image)
ppe_fire_smoke_v3,safup_00338,person,0,"[0.0453, 0.3078, 1.0, 0.7187]",0.39232,Edge clipped / camera boundary
ppe_fire_smoke_v3,safup_00338,helmet,1,"[0.0813, 0.3938, 0.1969, 0.5828]",0.02186,Partial occlusion / industrial lighting
ppe_fire_smoke_v3,safup_00338,helmet,1,"[0.0895, 0.3363, 0.3652, 0.5934]",0.07088,Partial occlusion / industrial lighting
ppe_fire_smoke_v3,safup_00338,safety_vest,2,"[0.2781, 0.3375, 0.6344, 0.5969]",0.0924,Partial occlusion / industrial lighting
ppe_fire_smoke_v3,safup_00358,person,0,"[0.0, 0.0328, 1.0, 1.0]",0.96719,Edge clipped / camera boundary
ppe_fire_smoke_v3,safup_00369,helmet,1,"[0.4637, 0.2949, 0.5941, 0.4488]",0.02008,Partial occlusion / industrial lighting
ppe_fire_smoke_v3,safup_00371,person,0,"[0.2187, 0.2844, 0.9969, 0.6109]",0.25411,Edge clipped / camera boundary
ppe_fire_smoke_v3,safup_00380,person,0,"[0.4016, 0.1297, 0.6812, 1.0]",0.24342,Edge clipped / camera boundary
ppe_fire_smoke_v3,safup_00381,helmet,1,"[0.384, 0.0984, 0.6207, 0.2625]",0.03884,Partial occlusion / industrial lighting
ppe_fire_smoke_v3,safup_00386,helmet,1,"[0.4871, 0.1703, 0.652, 0.2969]",0.02086,Partial occlusion / industrial lighting
ppe_fire_smoke_v3,safup_00393,person,0,"[0.3508, 0.2543, 0.4008, 0.4645]",0.01051,Small distant object (0.5%-2% image)
ppe_fire_smoke_v3,safup_00393,person,0,"[0.8063, 0.0727, 0.8766, 0.2758]",0.01428,Small distant object (0.5%-2% image)
ppe_fire_smoke_v3,safup_00397,person,0,"[0.3094, 0.1359, 0.5922, 1.0]",0.24437,Edge clipped / camera boundary
ppe_fire_smoke_v3,sppe4_00025,safety_vest,2,"[0.093, 0.3352, 0.3727, 0.9992]",0.18573,Edge clipped / camera boundary
ppe_fire_smoke_v3,sppe4_00027,helmet,1,"[0.3438, 0.65, 0.5141, 0.9469]",0.05056,Partial occlusion / industrial lighting
ppe_fire_smoke_v3,sppe4_00027,safety_vest,2,"[0.4367, 0.4227, 0.7836, 0.9961]",0.19891,Edge clipped / camera boundary
ppe_fire_smoke_v3,sppe4_00029,safety_footwear,4,"[0.4172, 0.8766, 0.4703, 0.9859]",0.00581,Small distant object (0.5%-2% image)
ppe_fire_smoke_v3,sppe4_00029,safety_footwear,4,"[0.4719, 0.8875, 0.5313, 0.9938]",0.00631,Small distant object (0.5%-2% image)
ppe_fire_smoke_v3,sppe4_00033,safety_footwear,4,"[0.4719, 0.5797, 0.5422, 0.6906]",0.0078,Small distant object (0.5%-2% image)
ppe_fire_smoke_v3,sppe4_00037,safety_vest,2,"[0.0703, 0.0, 0.9047, 1.0]",0.83437,Edge clipped / camera boundary
ppe_fire_smoke_v3,sppe4_00044,gloves,3,"[0.0734, 0.3391, 0.6625, 0.8172]",0.28165,Partial occlusion / industrial lighting
ppe_fire_smoke_v3,sppe4_00044,gloves,3,"[0.4109, 0.1672, 0.9187, 0.6859]",0.26343,Partial occlusion / industrial lighting
ppe_fire_smoke_v3,sppe4_00055,helmet,1,"[0.3094, 0.4172, 0.3813, 0.4734]",0.00404,Very small object (<0.5% image)
ppe_fire_smoke_v3,sppe4_00063,gloves,3,"[0.3445, 0.2703, 0.4102, 0.3937]",0.0081,Small distant object (0.5%-2% image)
ppe_fire_smoke_v3,sppe4_00063,gloves,3,"[0.4422, 0.2844, 0.5156, 0.3844]",0.00734,Small distant object (0.5%-2% image)
ppe_fire_smoke_v3,sppe4_00072,safety_footwear,4,"[0.4562, 0.9016, 0.5687, 0.9969]",0.01072,Small distant object (0.5%-2% image)
ppe_fire_smoke_v3,sppe4_00072,safety_footwear,4,"[0.4922, 0.8594, 0.5672, 0.9531]",0.00703,Small distant object (0.5%-2% image)
ppe_fire_smoke_v3,sppe4_00079,gloves,3,"[0.3281, 0.2547, 0.6469, 0.7219]",0.14892,Partial occlusion / industrial lighting
ppe_fire_smoke_v3,sppe4_00080,safety_footwear,4,"[0.4844, 0.8141, 0.5312, 0.8547]",0.0019,Very small object (<0.5% image)
ppe_fire_smoke_v3,sppe4_00081,safety_footwear,4,"[0.5078, 0.9188, 0.6125, 0.9906]",0.00752,Small distant object (0.5%-2% image)
ppe_fire_smoke_v3,sppe4_00081,safety_footwear,4,"[0.3703, 0.8406, 0.5203, 0.8859]",0.0068,Small distant object (0.5%-2% image)
ppe_fire_smoke_v3,sppe4_00083,gloves,3,"[0.0078, 0.4344, 0.9641, 0.9719]",0.51398,Edge clipped / camera boundary
ppe_fire_smoke_v3,sppe4_00083,gloves,3,"[0.0, 0.1734, 0.5672, 0.4688]",0.1675,Edge clipped / camera boundary
ppe_fire_smoke_v3,sppe4_00097,safety_vest,2,"[0.3867, 0.2734, 0.5492, 0.6078]",0.05434,Partial occlusion / industrial lighting
ppe_fire_smoke_v3,sppe4_00105,safety_vest,2,"[0.1203, 0.1984, 0.2297, 0.55]",0.03845,Extreme aspect ratio / pose
ppe_fire_smoke_v3,sppe4_00109,safety_footwear,4,"[0.3242, 0.5867, 0.3945, 0.7023]",0.00813,Small distant object (0.5%-2% image)
ppe_fire_smoke_v3,sppe4_00112,safety_footwear,4,"[0.475, 0.8625, 0.5234, 0.9672]",0.00507,Small distant object (0.5%-2% image)
ppe_fire_smoke_v3,sppe4_00112,safety_footwear,4,"[0.5328, 0.8703, 0.5984, 0.9719]",0.00667,Small distant object (0.5%-2% image)
ppe_fire_smoke_v3,sppe4_00117,helmet,1,"[0.3531, 0.0, 0.8891, 0.3531]",0.18925,Edge clipped / camera boundary
ppe_fire_smoke_v3,sppe4_00117,safety_vest,2,"[0.4797, 0.675, 0.8953, 1.0]",0.13508,Edge clipped / camera boundary
ppe_fire_smoke_v3,sppe4_00119,safety_footwear,4,"[0.4719, 0.4938, 0.525, 0.5719]",0.00415,Very small object (<0.5% image)
ppe_fire_smoke_v3,sppe4_00119,safety_footwear,4,"[0.5141, 0.4844, 0.5578, 0.5453]",0.00267,Very small object (<0.5% image)
ppe_fire_smoke_v3,sppe4_00134,gloves,3,"[0.3086, 0.4336, 0.3945, 0.5289]",0.00819,Small distant object (0.5%-2% image)
ppe_fire_smoke_v3,sppe4_00134,gloves,3,"[0.5672, 0.4266, 0.6406, 0.5234]",0.00711,Small distant object (0.5%-2% image)
ppe_fire_smoke_v3,sppe4_00137,helmet,1,"[0.4078, 0.5094, 0.5047, 0.6203]",0.01075,Small distant object (0.5%-2% image)
ppe_fire_smoke_v3,sppe4_00137,safety_footwear,4,"[0.4188, 0.875, 0.4672, 0.9812]",0.00515,Small distant object (0.5%-2% image)
ppe_fire_smoke_v3,sppe4_00137,safety_footwear,4,"[0.4688, 0.875, 0.5328, 0.9891]",0.00731,Small distant object (0.5%-2% image)
ppe_fire_smoke_v3,sppe4_00139,helmet,1,"[0.525, 0.0203, 0.6828, 0.3391]",0.0503,Partial occlusion / industrial lighting
ppe_fire_smoke_v3,sppe4_00139,safety_vest,2,"[0.4891, 0.1031, 0.7625, 0.45]",0.09485,Partial occlusion / industrial lighting
ppe_fire_smoke_v3,sppe4_00139,safety_footwear,4,"[0.3656, 0.6641, 0.5172, 0.9688]",0.04618,Partial occlusion / industrial lighting
ppe_fire_smoke_v3,sppe4_00139,safety_footwear,4,"[0.7672, 0.6234, 0.9563, 0.9984]",0.0709,Edge clipped / camera boundary
ppe_fire_smoke_v3,sppe4_00140,safety_footwear,4,"[0.4, 0.4813, 0.4562, 0.5766]",0.00536,Small distant object (0.5%-2% image)
ppe_fire_smoke_v3,sppe4_00140,safety_footwear,4,"[0.4523, 0.4766, 0.5586, 0.5562]",0.00847,Small distant object (0.5%-2% image)
ppe_fire_smoke_v3,sppe4_00149,helmet,1,"[0.2945, 0.2242, 0.3836, 0.3164]",0.00821,Small distant object (0.5%-2% image)
ppe_fire_smoke_v3,sppe4_00150,gloves,3,"[0.3727, 0.4781, 0.4352, 0.5734]",0.00596,Small distant object (0.5%-2% image)
ppe_fire_smoke_v3,sppe4_00152,safety_footwear,4,"[0.3625, 0.8609, 0.4188, 0.9516]",0.0051,Small distant object (0.5%-2% image)
ppe_fire_smoke_v3,sppe4_00152,safety_footwear,4,"[0.4219, 0.8578, 0.4828, 0.9484]",0.00552,Small distant object (0.5%-2% image)
ppe_fire_smoke_v3,sppe4_00164,safety_vest,2,"[0.0742, 0.218, 0.2758, 0.5555]",0.06803,Partial occlusion / industrial lighting
ppe_fire_smoke_v3,sppe4_00164,safety_footwear,4,"[0.2344, 0.7164, 0.3125, 0.8164]",0.00781,Small distant object (0.5%-2% image)
ppe_fire_smoke_v3,sppe4_00167,helmet,1,"[0.4, 0.1906, 0.5312, 0.3563]",0.02174,Partial occlusion / industrial lighting
ppe_fire_smoke_v3,sppe4_00167,gloves,3,"[0.6172, 0.25, 0.6738, 0.3486]",0.00559,Small distant object (0.5%-2% image)
ppe_fire_smoke_v3,sppe4_00167,gloves,3,"[0.2441, 0.2676, 0.3027, 0.3623]",0.00555,Small distant object (0.5%-2% image)
ppe_fire_smoke_v3,sppe4_00167,safety_footwear,4,"[0.3875, 0.8547, 0.4594, 0.9578]",0.00741,Small distant object (0.5%-2% image)
ppe_fire_smoke_v3,sppe4_00197,safety_footwear,4,"[0.4844, 0.6547, 0.6687, 0.8]",0.02679,Partial occlusion / industrial lighting
ppe_fire_smoke_v3,sppe4_00205,safety_vest,2,"[0.7477, 0.3953, 0.8617, 0.6328]",0.02709,Partial occlusion / industrial lighting
ppe_fire_smoke_v3,sppe4_00208,helmet,1,"[0.1547, 0.0, 0.4266, 0.15]",0.04078,Edge clipped / camera boundary
ppe_fire_smoke_v3,sppe4_00208,safety_vest,2,"[0.0312, 0.3297, 0.4828, 1.0]",0.30269,Edge clipped / camera boundary
ppe_fire_smoke_v3,sppe4_00213,safety_vest,2,"[0.3094, 0.5492, 0.3719, 0.5961]",0.00293,Very small object (<0.5% image)
ppe_fire_smoke_v3,sppe4_00213,safety_vest,2,"[0.3148, 0.593, 0.3539, 0.6789]",0.00336,Very small object (<0.5% image)
ppe_fire_smoke_v3,sppe4_00217,gloves,3,"[0.3695, 0.5273, 0.4258, 0.5852]",0.00325,Very small object (<0.5% image)
ppe_fire_smoke_v3,sppe4_00217,gloves,3,"[0.6477, 0.5289, 0.6883, 0.5883]",0.00241,Very small object (<0.5% image)
ppe_fire_smoke_v3,sppe4_00217,safety_footwear,4,"[0.5141, 0.6578, 0.5891, 0.7703]",0.00844,Small distant object (0.5%-2% image)
ppe_fire_smoke_v3,sppe4_00217,safety_footwear,4,"[0.3805, 0.6547, 0.4773, 0.7359]",0.00787,Small distant object (0.5%-2% image)
ppe_fire_smoke_v3,sppe4_00218,safety_vest,2,"[0.3039, 0.4133, 0.693, 0.9992]",0.22797,Edge clipped / camera boundary
ppe_fire_smoke_v3,sppe4_00239,helmet,1,"[0.4469, 0.4125, 0.4906, 0.4797]",0.00294,Very small object (<0.5% image)
ppe_fire_smoke_v3,sppe4_00239,safety_footwear,4,"[0.7516, 0.45, 0.7812, 0.5172]",0.00199,Very small object (<0.5% image)
ppe_fire_smoke_v3,sppe4_00239,safety_footwear,4,"[0.7469, 0.3828, 0.7797, 0.45]",0.0022,Very small object (<0.5% image)
ppe_fire_smoke_v3,sppe4_00247,gloves,3,"[0.3266, 0.4422, 0.4141, 0.5313]",0.00779,Small distant object (0.5%-2% image)
ppe_fire_smoke_v3,sppe4_00247,gloves,3,"[0.5898, 0.4266, 0.6742, 0.5016]",0.00633,Small distant object (0.5%-2% image)
ppe_fire_smoke_v3,sppe4_00247,safety_footwear,4,"[0.3891, 0.5969, 0.4672, 0.7172]",0.0094,Small distant object (0.5%-2% image)
ppe_fire_smoke_v3,sppe4_00276,gloves,3,"[0.1539, 0.1414, 0.2336, 0.2914]",0.01195,Small distant object (0.5%-2% image)
ppe_fire_smoke_v3,sppe4_00276,gloves,3,"[0.4625, 0.1367, 0.55, 0.2758]",0.01217,Small distant object (0.5%-2% image)
ppe_fire_smoke_v3,sppe4_00276,safety_footwear,4,"[0.3531, 0.8359, 0.3953, 0.9141]",0.0033,Very small object (<0.5% image)
ppe_fire_smoke_v3,sppe4_00283,safety_vest,2,"[0.3578, 0.2719, 0.6547, 0.8609]",0.17488,Partial occlusion / industrial lighting
ppe_fire_smoke_v3,sppe4_00297,gloves,3,"[0.0922, 0.2938, 0.2141, 0.4359]",0.01733,Small distant object (0.5%-2% image)
ppe_fire_smoke_v3,sppe4_00297,gloves,3,"[0.5914, 0.2648, 0.6977, 0.4008]",0.01444,Small distant object (0.5%-2% image)
ppe_fire_smoke_v3,sppe4_00297,safety_footwear,4,"[0.3516, 0.8578, 0.4187, 0.9297]",0.00483,Very small object (<0.5% image)
ppe_fire_smoke_v3,sppe4_00297,safety_footwear,4,"[0.4219, 0.8578, 0.4766, 0.9266]",0.00376,Very small object (<0.5% image)
ppe_fire_smoke_v3,sppe4_00300,safety_vest,2,"[0.6375, 0.3484, 0.8766, 0.8406]",0.11766,Partial occlusion / industrial lighting
ppe_fire_smoke_v3,sppe4_00310,helmet,1,"[0.1906, 0.3328, 0.275, 0.5062]",0.01463,Small distant object (0.5%-2% image)
ppe_fire_smoke_v3,sppe4_00310,safety_footwear,4,"[0.8562, 0.3984, 0.9516, 0.5609]",0.01549,Small distant object (0.5%-2% image)
ppe_fire_smoke_v3,sppe4_00310,safety_footwear,4,"[0.8156, 0.2359, 0.8953, 0.3984]",0.01295,Small distant object (0.5%-2% image)
ppe_fire_smoke_v3,sppe4_00318,safety_vest,2,"[0.6844, 0.3477, 0.7906, 0.6055]",0.02739,Partial occlusion / industrial lighting
ppe_fire_smoke_v3,sppe4_00343,helmet,1,"[0.3992, 0.3961, 0.4227, 0.4305]",0.00081,Very small object (<0.5% image)
ppe_fire_smoke_v3,sppe4_00343,helmet,1,"[0.5859, 0.3953, 0.6109, 0.4359]",0.00102,Very small object (<0.5% image)
ppe_fire_smoke_v3,sppe4_00343,safety_vest,2,"[0.7531, 0.2352, 0.9641, 0.4398]",0.04318,Partial occlusion / industrial lighting
ppe_fire_smoke_v3,sppe4_00343,safety_vest,2,"[0.3352, 0.3859, 0.3727, 0.4891]",0.00387,Very small object (<0.5% image)
ppe_fire_smoke_v3,sppe4_00343,safety_vest,2,"[0.5984, 0.4188, 0.6484, 0.4875]",0.00344,Very small object (<0.5% image)
ppe_fire_smoke_v3,sppe4_00343,safety_vest,2,"[0.382, 0.4188, 0.4117, 0.4984]",0.00237,Very small object (<0.5% image)
ppe_fire_smoke_v3,sppe4_00349,safety_footwear,4,"[0.3828, 0.4719, 0.4422, 0.5547]",0.00492,Very small object (<0.5% image)
ppe_fire_smoke_v3,sppe4_00355,safety_footwear,4,"[0.4188, 0.8766, 0.4656, 0.9781]",0.00476,Very small object (<0.5% image)
ppe_fire_smoke_v3,sppe4_00355,safety_footwear,4,"[0.4641, 0.8859, 0.5297, 0.9906]",0.00687,Small distant object (0.5%-2% image)
ppe_fire_smoke_v3,sppe4_00359,gloves,3,"[0.4187, 0.3766, 0.5, 0.4453]",0.00559,Small distant object (0.5%-2% image)
ppe_fire_smoke_v3,sppe4_00359,gloves,3,"[0.5648, 0.3688, 0.6383, 0.4234]",0.00402,Very small object (<0.5% image)
ppe_fire_smoke_v3,sppe4_00361,safety_footwear,4,"[0.3453, 0.8469, 0.3969, 0.9156]",0.00354,Very small object (<0.5% image)
ppe_fire_smoke_v3,sppe4_00361,safety_footwear,4,"[0.3969, 0.8438, 0.4484, 0.9062]",0.00322,Very small object (<0.5% image)
ppe_fire_smoke_v3,sppe4_00367,safety_footwear,4,"[0.1516, 0.9453, 0.1875, 1.0]",0.00197,Very small object (<0.5% image)
ppe_fire_smoke_v3,sppe4_00367,safety_footwear,4,"[0.4578, 0.9125, 0.525, 1.0]",0.00588,Small distant object (0.5%-2% image)
ppe_fire_smoke_v3,sppe4_00408,safety_vest,2,"[0.3141, 0.3016, 0.8375, 0.8578]",0.29116,Partial occlusion / industrial lighting
safesync_v6_hardnegative,dfire_00000,fire,5,"[0.4484, 0.5125, 0.4703, 0.5422]",0.00065,Very small object (<0.5% image)
safesync_v6_hardnegative,dfire_00000,fire,5,"[0.6328, 0.4414, 0.6719, 0.4648]",0.00092,Very small object (<0.5% image)
safesync_v6_hardnegative,dfire_00000,fire,5,"[0.3516, 0.468, 0.3844, 0.493]",0.00082,Very small object (<0.5% image)
safesync_v6_hardnegative,dfire_00000,fire,5,"[0.418, 0.507, 0.4367, 0.5383]",0.00059,Very small object (<0.5% image)
safesync_v6_hardnegative,dfire_00000,smoke,6,"[0.3867, 0.3688, 0.4898, 0.4047]",0.00371,Very small object (<0.5% image)
safesync_v6_hardnegative,dfire_00006,fire,5,"[0.3063, 0.3625, 0.5859, 0.5734]",0.059,Low-contrast particulate / plume
safesync_v6_hardnegative,dfire_00013,smoke,6,"[0.6094, 0.4312, 0.6609, 0.4953]",0.0033,Very small object (<0.5% image)
safesync_v6_hardnegative,dfire_00014,smoke,6,"[0.5062, 0.45, 0.6547, 0.5172]",0.00997,Small distant object (0.5%-2% image)
safesync_v6_hardnegative,dfire_00021,fire,5,"[0.575, 0.3086, 0.5953, 0.343]",0.0007,Very small object (<0.5% image)
safesync_v6_hardnegative,dfire_00030,smoke,6,"[0.6125, 0.4688, 0.6953, 0.5047]",0.00298,Very small object (<0.5% image)
safesync_v6_hardnegative,dfire_00031,smoke,6,"[0.7031, 0.4594, 0.8078, 0.6141]",0.01619,Small distant object (0.5%-2% image)
safesync_v6_hardnegative,dfire_00036,smoke,6,"[0.2078, 0.4437, 0.5, 0.5172]",0.02146,Extreme aspect ratio / pose
safesync_v6_hardnegative,dfire_00050,smoke,6,"[0.8641, 0.4578, 0.9703, 0.5687]",0.01179,Small distant object (0.5%-2% image)
safesync_v6_hardnegative,dfire_00053,smoke,6,"[0.5687, 0.3406, 0.6922, 0.4406]",0.01234,Small distant object (0.5%-2% image)
safesync_v6_hardnegative,dfire_00053,smoke,6,"[0.1859, 0.3469, 0.3469, 0.4547]",0.01735,Small distant object (0.5%-2% image)
safesync_v6_hardnegative,dfire_00059,fire,5,"[0.4031, 0.3727, 0.4609, 0.4273]",0.00316,Very small object (<0.5% image)
safesync_v6_hardnegative,dfire_00059,fire,5,"[0.4336, 0.4187, 0.5602, 0.4844]",0.00831,Small distant object (0.5%-2% image)
safesync_v6_hardnegative,dfire_00059,fire,5,"[0.3844, 0.4492, 0.4328, 0.4898]",0.00197,Very small object (<0.5% image)
safesync_v6_hardnegative,dfire_00059,fire,5,"[0.3352, 0.4578, 0.3664, 0.4859]",0.00088,Very small object (<0.5% image)
safesync_v6_hardnegative,dfire_00059,smoke,6,"[0.3281, 0.3734, 0.4031, 0.4547]",0.00609,Small distant object (0.5%-2% image)
safesync_v6_hardnegative,dfire_00059,smoke,6,"[0.2594, 0.3727, 0.3281, 0.5195]",0.0101,Small distant object (0.5%-2% image)
safesync_v6_hardnegative,dfire_00060,fire,5,"[0.3891, 0.4617, 0.6516, 0.6305]",0.0443,Low-contrast particulate / plume
safesync_v6_hardnegative,dfire_00065,smoke,6,"[0.2875, 0.3852, 0.5281, 0.6414]",0.06166,Low-contrast particulate / plume
safesync_v6_hardnegative,dfire_00075,fire,5,"[0.2758, 0.3797, 0.5602, 0.6203]",0.06843,Low-contrast particulate / plume
safesync_v6_hardnegative,dfire_00090,smoke,6,"[0.2664, 0.3695, 0.7164, 0.5789]",0.09422,Low-contrast particulate / plume
safesync_v6_hardnegative,dfire_00093,fire,5,"[0.5187, 0.4445, 0.6188, 0.5117]",0.00672,Small distant object (0.5%-2% image)
safesync_v6_hardnegative,dfire_00093,fire,5,"[0.4867, 0.4859, 0.5227, 0.5234]",0.00135,Very small object (<0.5% image)
safesync_v6_hardnegative,dfire_00103,fire,5,"[0.3109, 0.5312, 0.3406, 0.575]",0.0013,Very small object (<0.5% image)
safesync_v6_hardnegative,dfire_00103,fire,5,"[0.3742, 0.45, 0.568, 0.6734]",0.04329,Low-contrast particulate / plume
safesync_v6_hardnegative,dfire_00103,fire,5,"[0.6586, 0.5836, 0.6914, 0.6195]",0.00118,Very small object (<0.5% image)
safesync_v6_hardnegative,dfire_00103,fire,5,"[0.5906, 0.6305, 0.6281, 0.6758]",0.0017,Very small object (<0.5% image)
safesync_v6_hardnegative,dfire_00103,smoke,6,"[0.3219, 0.307, 0.4922, 0.443]",0.02315,Low-contrast particulate / plume
safesync_v6_hardnegative,dfire_00103,smoke,6,"[0.6281, 0.3219, 0.6937, 0.4812]",0.01046,Small distant object (0.5%-2% image)
safesync_v6_hardnegative,dfire_00106,fire,5,"[0.3953, 0.5328, 0.4125, 0.5437]",0.00019,Very small object (<0.5% image)
safesync_v6_hardnegative,dfire_00106,fire,5,"[0.7266, 0.4156, 0.7344, 0.4281]",0.0001,Very small object (<0.5% image)
safesync_v6_hardnegative,dfire_00108,fire,5,"[0.6672, 0.5109, 0.7094, 0.5625]",0.00218,Very small object (<0.5% image)
safesync_v6_hardnegative,dfire_00108,fire,5,"[0.4664, 0.5172, 0.5148, 0.5766]",0.00288,Very small object (<0.5% image)
safesync_v6_hardnegative,dfire_00108,smoke,6,"[0.4789, 0.3664, 0.718, 0.5086]",0.03399,Low-contrast particulate / plume
safesync_v6_hardnegative,dfire_00116,smoke,6,"[0.5461, 0.3578, 0.7117, 0.4516]",0.01553,Small distant object (0.5%-2% image)
safesync_v6_hardnegative,dfire_00116,smoke,6,"[0.6219, 0.4547, 0.7125, 0.4953]",0.00368,Very small object (<0.5% image)
safesync_v6_hardnegative,dfire_00116,smoke,6,"[0.4703, 0.3578, 0.5437, 0.3859]",0.00207,Very small object (<0.5% image)
safesync_v6_hardnegative,dfire_00116,smoke,6,"[0.2859, 0.4688, 0.4297, 0.5]",0.00449,Very small object (<0.5% image)
safesync_v6_hardnegative,dfire_00122,smoke,6,"[0.5938, 0.3898, 0.7406, 0.5117]",0.0179,Small distant object (0.5%-2% image)
safesync_v6_hardnegative,dfire_00122,smoke,6,"[0.3359, 0.4289, 0.5953, 0.5117]",0.02148,Extreme aspect ratio / pose
safesync_v6_hardnegative,dfire_00124,smoke,6,"[0.4211, 0.3586, 0.543, 0.4836]",0.01523,Small distant object (0.5%-2% image)
safesync_v6_hardnegative,dfire_00130,smoke,6,"[0.4945, 0.357, 0.6523, 0.4773]",0.01899,Small distant object (0.5%-2% image)
safesync_v6_hardnegative,dfire_00141,smoke,6,"[0.2891, 0.4453, 0.3328, 0.4859]",0.00178,Very small object (<0.5% image)
safesync_v6_hardnegative,dfire_00142,smoke,6,"[0.5461, 0.3875, 0.657, 0.4937]",0.01179,Small distant object (0.5%-2% image)
safesync_v6_hardnegative,dfire_00144,smoke,6,"[0.3047, 0.3828, 0.6594, 0.5578]",0.06207,Low-contrast particulate / plume
safesync_v6_hardnegative,dfire_00145,smoke,6,"[0.0906, 0.3844, 0.5188, 0.5266]",0.06087,Low-contrast particulate / plume
safesync_v6_hardnegative,dfire_00156,fire,5,"[0.3047, 0.3047, 0.6609, 0.6531]",0.12413,Low-contrast particulate / plume
safesync_v6_hardnegative,dfire_00161,smoke,6,"[0.3581, 0.4751, 0.5913, 0.6291]",0.03592,Low-contrast particulate / plume
safesync_v6_hardnegative,dfire_00161,smoke,6,"[0.3414, 0.3094, 0.5977, 0.4734]",0.04204,Low-contrast particulate / plume
safesync_v6_hardnegative,dfire_00162,fire,5,"[0.3711, 0.5461, 0.4039, 0.5836]",0.00123,Very small object (<0.5% image)
safesync_v6_hardnegative,dfire_00162,fire,5,"[0.4172, 0.5477, 0.4406, 0.5852]",0.00088,Very small object (<0.5% image)
safesync_v6_hardnegative,dfire_00162,fire,5,"[0.3242, 0.5484, 0.3617, 0.5844]",0.00135,Very small object (<0.5% image)
safesync_v6_hardnegative,dfire_00162,fire,5,"[0.4508, 0.5508, 0.468, 0.5883]",0.00064,Very small object (<0.5% image)
safesync_v6_hardnegative,dfire_00162,fire,5,"[0.4844, 0.5531, 0.5172, 0.5953]",0.00138,Very small object (<0.5% image)
safesync_v6_hardnegative,dfire_00162,fire,5,"[0.4543, 0.3404, 0.5304, 0.4935]",0.01164,Small distant object (0.5%-2% image)
safesync_v6_hardnegative,dfire_00163,smoke,6,"[0.3047, 0.3445, 0.6094, 0.5539]",0.06379,Low-contrast particulate / plume
safesync_v6_hardnegative,dfire_00175,fire,5,"[0.3625, 0.5648, 0.425, 0.6086]",0.00273,Very small object (<0.5% image)
safesync_v6_hardnegative,dfire_00175,smoke,6,"[0.2656, 0.5133, 0.3625, 0.607]",0.00908,Small distant object (0.5%-2% image)
safesync_v6_hardnegative,dfire_00175,smoke,6,"[0.5094, 0.5164, 0.6156, 0.607]",0.00963,Small distant object (0.5%-2% image)
safesync_v6_hardnegative,dfire_00175,smoke,6,"[0.3391, 0.3766, 0.4875, 0.4797]",0.01531,Small distant object (0.5%-2% image)
safesync_v6_hardnegative,dfire_00176,smoke,6,"[0.0047, 0.1375, 0.9984, 0.4328]",0.29347,Edge clipped / camera boundary
safesync_v6_hardnegative,dfire_00185,smoke,6,"[0.2853, 0.3575, 0.6978, 0.58]",0.0918,Low-contrast particulate / plume
safesync_v6_hardnegative,dfire_00187,smoke,6,"[0.1672, 0.375, 0.5219, 0.525]",0.0532,Low-contrast particulate / plume
safesync_v6_hardnegative,dfire_00190,smoke,6,"[0.775, 0.4219, 0.9953, 0.5266]",0.02306,Edge clipped / camera boundary
safesync_v6_hardnegative,dfire_00193,smoke,6,"[0.2992, 0.3719, 0.6992, 0.5594]",0.075,Low-contrast particulate / plume
safesync_v6_hardnegative,dfire_00194,smoke,6,"[0.0016, 0.6375, 0.0422, 0.8031]",0.00673,Small distant object (0.5%-2% image)
safesync_v6_hardnegative,dfire_00194,smoke,6,"[0.1375, 0.7211, 0.2359, 0.8695]",0.01461,Small distant object (0.5%-2% image)
safesync_v6_hardnegative,dfire_00199,smoke,6,"[0.4907, 0.2949, 1.0, 0.5273]",0.11837,Edge clipped / camera boundary
safesync_v6_hardnegative,dfire_00204,smoke,6,"[0.1453, 0.4344, 0.3281, 0.5063]",0.01314,Small distant object (0.5%-2% image)
safesync_v6_hardnegative,dfire_00211,smoke,6,"[0.4469, 0.5656, 0.5594, 0.6297]",0.00721,Small distant object (0.5%-2% image)
safesync_v6_hardnegative,dfire_00211,smoke,6,"[0.4641, 0.3688, 0.6172, 0.5]",0.0201,Low-contrast particulate / plume
safesync_v6_hardnegative,dfire_00211,smoke,6,"[0.6328, 0.3687, 0.7328, 0.3953]",0.00266,Very small object (<0.5% image)
safesync_v6_hardnegative,dfire_00212,fire,5,"[0.282, 0.4281, 0.3305, 0.4828]",0.00265,Very small object (<0.5% image)
safesync_v6_hardnegative,dfire_00212,fire,5,"[0.6766, 0.4547, 0.6984, 0.4875]",0.00072,Very small object (<0.5% image)
safesync_v6_hardnegative,dfire_00212,fire,5,"[0.6445, 0.4648, 0.6664, 0.4961]",0.00068,Very small object (<0.5% image)
safesync_v6_hardnegative,dfire_00212,fire,5,"[0.3398, 0.4813, 0.3961, 0.5047]",0.00132,Very small object (<0.5% image)
safesync_v6_hardnegative,dfire_00212,smoke,6,"[0.3359, 0.3711, 0.7391, 0.4258]",0.02205,Extreme aspect ratio / pose
safesync_v6_hardnegative,dfire_00212,smoke,6,"[0.4148, 0.4273, 0.4633, 0.4945]",0.00325,Very small object (<0.5% image)
safesync_v6_hardnegative,dfire_00215,smoke,6,"[0.3359, 0.1266, 0.9984, 0.4328]",0.20289,Edge clipped / camera boundary
safesync_v6_hardnegative,dfire_00226,smoke,6,"[-0.0, 0.3542, 0.521, 0.5363]",0.09492,Edge clipped / camera boundary
safesync_v6_hardnegative,dfire_00235,smoke,6,"[0.1797, 0.3766, 0.5172, 0.5219]",0.04904,Low-contrast particulate / plume
safesync_v6_hardnegative,dfire_00240,fire,5,"[0.4328, 0.4734, 0.4625, 0.5125]",0.00116,Very small object (<0.5% image)
safesync_v6_hardnegative,dfire_00240,smoke,6,"[0.3789, 0.3586, 0.4555, 0.3945]",0.00275,Very small object (<0.5% image)
safesync_v6_hardnegative,dfire_00240,smoke,6,"[0.6039, 0.3594, 0.7117, 0.3969]",0.00404,Very small object (<0.5% image)
safesync_v6_hardnegative,dfire_00240,smoke,6,"[0.6836, 0.3992, 0.7133, 0.4555]",0.00167,Very small object (<0.5% image)
safesync_v6_hardnegative,dfire_00253,smoke,6,"[0.1875, 0.25, 0.7391, 0.4688]",0.12065,Low-contrast particulate / plume
safesync_v6_hardnegative,dfire_00261,fire,5,"[0.3336, 0.5172, 0.3586, 0.5422]",0.00063,Very small object (<0.5% image)
safesync_v6_hardnegative,dfire_00261,smoke,6,"[0.4289, 0.4195, 0.5695, 0.5133]",0.01318,Small distant object (0.5%-2% image)
safesync_v6_hardnegative,dfire_00262,smoke,6,"[0.2445, 0.2602, 0.7586, 0.4648]",0.10522,Low-contrast particulate / plume
safesync_v6_hardnegative,dfire_00267,fire,5,"[0.4844, 0.5211, 0.5297, 0.5773]",0.00255,Very small object (<0.5% image)
safesync_v6_hardnegative,dfire_00267,fire,5,"[0.4758, 0.457, 0.4852, 0.4742]",0.00016,Very small object (<0.5% image)
safesync_v6_hardnegative,dfire_00267,fire,5,"[0.5906, 0.418, 0.6938, 0.5383]",0.01241,Small distant object (0.5%-2% image)
safesync_v6_hardnegative,dfire_00267,fire,5,"[0.4766, 0.4805, 0.4844, 0.4945]",0.00011,Very small object (<0.5% image)
safesync_v6_hardnegative,dfire_00267,fire,5,"[0.5266, 0.475, 0.5359, 0.5141]",0.00037,Very small object (<0.5% image)
safesync_v6_hardnegative,dfire_00267,fire,5,"[0.4445, 0.4781, 0.4555, 0.5141]",0.00039,Very small object (<0.5% image)
safesync_v6_hardnegative,dfire_00267,fire,5,"[0.3523, 0.4758, 0.4039, 0.5164]",0.00209,Very small object (<0.5% image)
safesync_v6_hardnegative,dfire_00267,fire,5,"[0.425, 0.4766, 0.4453, 0.5172]",0.00083,Very small object (<0.5% image)
safesync_v6_hardnegative,dfire_00267,fire,5,"[0.3047, 0.4758, 0.3516, 0.518]",0.00198,Very small object (<0.5% image)
safesync_v6_hardnegative,dfire_00267,smoke,6,"[0.2727, 0.5219, 0.3508, 0.6172]",0.00745,Small distant object (0.5%-2% image)
safesync_v6_hardnegative,dfire_00267,smoke,6,"[0.3984, 0.3664, 0.6813, 0.4117]",0.01281,Small distant object (0.5%-2% image)
safesync_v6_hardnegative,dfire_00267,smoke,6,"[0.3875, 0.5844, 0.475, 0.6344]",0.00437,Very small object (<0.5% image)
safesync_v6_hardnegative,dfire_00267,smoke,6,"[0.2742, 0.3664, 0.3914, 0.4523]",0.01007,Small distant object (0.5%-2% image)
safesync_v6_hardnegative,dfire_00267,smoke,6,"[0.3937, 0.4141, 0.5094, 0.4359]",0.00253,Very small object (<0.5% image)
safesync_v6_hardnegative,dfire_00267,smoke,6,"[0.2977, 0.4516, 0.3539, 0.4719]",0.00114,Very small object (<0.5% image)
safesync_v6_hardnegative,dfire_00267,smoke,6,"[0.2742, 0.4508, 0.2977, 0.5211]",0.00165,Very small object (<0.5% image)
safesync_v6_hardnegative,dfire_00269,smoke,6,"[0.2898, 0.4969, 0.3695, 0.5797]",0.0066,Small distant object (0.5%-2% image)
safesync_v6_hardnegative,dfire_00270,smoke,6,"[0.6734, 0.4453, 0.7109, 0.4766]",0.00117,Very small object (<0.5% image)
safesync_v6_hardnegative,dfire_00274,smoke,6,"[0.3453, 0.4375, 0.6484, 0.6219]",0.05589,Low-contrast particulate / plume
safesync_v6_hardnegative,dfire_00279,fire,5,"[0.5023, 0.3758, 0.5336, 0.4148]",0.00122,Very small object (<0.5% image)
safesync_v6_hardnegative,dfire_00279,fire,5,"[0.3625, 0.5906, 0.3734, 0.6094]",0.00021,Very small object (<0.5% image)
safesync_v6_hardnegative,dfire_00279,fire,5,"[0.425, 0.6016, 0.4344, 0.6141]",0.00012,Very small object (<0.5% image)
safesync_v6_hardnegative,dfire_00279,fire,5,"[0.4813, 0.607, 0.4937, 0.618]",0.00014,Very small object (<0.5% image)
safesync_v6_hardnegative,dfire_00279,fire,5,"[0.4531, 0.6078, 0.4672, 0.6172]",0.00013,Very small object (<0.5% image)
safesync_v6_hardnegative,dfire_00279,fire,5,"[0.3219, 0.6063, 0.3562, 0.6234]",0.00059,Very small object (<0.5% image)
safesync_v6_hardnegative,dfire_00279,fire,5,"[0.3719, 0.6141, 0.3781, 0.6219]",5e-05,Very small object (<0.5% image)
safesync_v6_hardnegative,dfire_00279,fire,5,"[0.3648, 0.3766, 0.4555, 0.4797]",0.00935,Small distant object (0.5%-2% image)
safesync_v6_hardnegative,dfire_00279,fire,5,"[0.5406, 0.4313, 0.5516, 0.4672]",0.00039,Very small object (<0.5% image)
safesync_v6_hardnegative,dfire_00279,fire,5,"[0.557, 0.4344, 0.568, 0.4703]",0.00039,Very small object (<0.5% image)
safesync_v6_hardnegative,dfire_00279,fire,5,"[0.575, 0.4367, 0.5828, 0.4711]",0.00027,Very small object (<0.5% image)
safesync_v6_hardnegative,dfire_00279,fire,5,"[0.5883, 0.4359, 0.6008, 0.4719]",0.00045,Very small object (<0.5% image)
safesync_v6_hardnegative,dfire_00279,fire,5,"[0.618, 0.4766, 0.6602, 0.4984]",0.00092,Very small object (<0.5% image)
safesync_v6_hardnegative,dfire_00279,fire,5,"[0.6727, 0.4813, 0.6836, 0.4969]",0.00017,Very small object (<0.5% image)
safesync_v6_hardnegative,dfire_00279,fire,5,"[0.7031, 0.4859, 0.7203, 0.5125]",0.00046,Very small object (<0.5% image)
safesync_v6_hardnegative,dfire_00279,fire,5,"[0.4578, 0.3758, 0.4922, 0.4055]",0.00102,Very small object (<0.5% image)
safesync_v6_hardnegative,dfire_00279,smoke,6,"[0.2539, 0.5266, 0.3305, 0.6]",0.00562,Small distant object (0.5%-2% image)
safesync_v6_hardnegative,dfire_00279,smoke,6,"[0.5648, 0.3781, 0.643, 0.4312]",0.00415,Very small object (<0.5% image)
safesync_v6_hardnegative,dfire_00282,smoke,6,"[0.4617, 0.4766, 0.518, 0.5656]",0.00501,Small distant object (0.5%-2% image)
safesync_v6_hardnegative,dfire_00289,smoke,6,"[0.6109, 0.4547, 0.75, 0.5156]",0.00847,Small distant object (0.5%-2% image)
safesync_v6_hardnegative,dfire_00301,smoke,6,"[0.7078, 0.55, 0.7859, 0.6094]",0.00464,Very small object (<0.5% image)
safesync_v6_hardnegative,dfire_00306,fire,5,"[0.3086, 0.5188, 0.3492, 0.5656]",0.0019,Very small object (<0.5% image)
safesync_v6_hardnegative,dfire_00306,fire,5,"[0.5156, 0.532, 0.5609, 0.5695]",0.0017,Very small object (<0.5% image)
safesync_v6_hardnegative,dfire_00306,fire,5,"[0.4297, 0.5367, 0.5031, 0.5836]",0.00344,Very small object (<0.5% image)
safesync_v6_hardnegative,dfire_00306,fire,5,"[0.3266, 0.5641, 0.4234, 0.5984]",0.00333,Very small object (<0.5% image)
safesync_v6_hardnegative,dfire_00306,fire,5,"[0.6609, 0.4789, 0.7063, 0.5289]",0.00227,Very small object (<0.5% image)
safesync_v6_hardnegative,dfire_00306,smoke,6,"[0.3578, 0.5375, 0.3984, 0.5625]",0.00102,Very small object (<0.5% image)
safesync_v6_hardnegative,dfire_00306,smoke,6,"[0.4211, 0.4687, 0.5383, 0.5266]",0.00677,Small distant object (0.5%-2% image)
safesync_v6_hardnegative,dfire_00319,smoke,6,"[0.5203, 0.4406, 0.6141, 0.4969]",0.00527,Small distant object (0.5%-2% image)
safesync_v6_hardnegative,dfire_00324,fire,5,"[0.4594, 0.5219, 0.475, 0.5359]",0.00022,Very small object (<0.5% image)
safesync_v6_hardnegative,dfire_00324,fire,5,"[0.4945, 0.525, 0.5039, 0.5391]",0.00013,Very small object (<0.5% image)
safesync_v6_hardnegative,dfire_00324,smoke,6,"[0.4484, 0.3781, 0.6719, 0.5188]",0.03142,Low-contrast particulate / plume
safesync_v6_hardnegative,dfire_00326,smoke,6,"[0.6922, 0.4219, 0.8547, 0.5109]",0.01447,Small distant object (0.5%-2% image)
safesync_v6_hardnegative,dfire_00327,smoke,6,"[0.5828, 0.5297, 0.7266, 0.5922]",0.00898,Small distant object (0.5%-2% image)
safesync_v6_hardnegative,dfire_00327,smoke,6,"[0.3227, 0.3844, 0.4227, 0.4703]",0.00859,Small distant object (0.5%-2% image)
safesync_v6_hardnegative,dfire_00329,fire,5,"[0.3758, 0.5352, 0.4195, 0.5633]",0.00123,Very small object (<0.5% image)
safesync_v6_hardnegative,dfire_00329,fire,5,"[0.4633, 0.4656, 0.5633, 0.5531]",0.00875,Small distant object (0.5%-2% image)
safesync_v6_hardnegative,dfire_00329,smoke,6,"[0.4828, 0.3961, 0.5469, 0.4633]",0.0043,Very small object (<0.5% image)
safesync_v6_hardnegative,dfire_00329,smoke,6,"[0.4, 0.4227, 0.4531, 0.4883]",0.00349,Very small object (<0.5% image)
safesync_v6_hardnegative,dfire_00337,smoke,6,"[0.0, 0.2086, 0.5461, 0.4801]",0.14826,Edge clipped / camera boundary
safesync_v6_hardnegative,dfire_00340,smoke,6,"[0.2992, 0.3508, 0.4555, 0.4617]",0.01733,Small distant object (0.5%-2% image)
safesync_v6_hardnegative,dfire_00340,smoke,6,"[0.5422, 0.4336, 0.5781, 0.5273]",0.00337,Very small object (<0.5% image)
safesync_v6_hardnegative,dfire_00342,fire,5,"[0.3617, 0.4789, 0.4695, 0.5617]",0.00893,Small distant object (0.5%-2% image)
safesync_v6_hardnegative,dfire_00342,smoke,6,"[0.5258, 0.357, 0.6008, 0.4195]",0.00469,Very small object (<0.5% image)
safesync_v6_hardnegative,dfire_00347,smoke,6,"[0.3242, 0.3586, 0.4086, 0.4961]",0.0116,Small distant object (0.5%-2% image)
safesync_v6_hardnegative,dfire_00347,smoke,6,"[0.5305, 0.357, 0.7117, 0.4992]",0.02577,Low-contrast particulate / plume
safesync_v6_hardnegative,dfire_00347,smoke,6,"[0.4117, 0.3648, 0.5148, 0.4961]",0.01354,Small distant object (0.5%-2% image)
safesync_v6_hardnegative,dfire_00352,fire,5,"[0.3063, 0.4109, 0.6937, 0.6344]",0.08658,Low-contrast particulate / plume
safesync_v6_hardnegative,dfire_00364,smoke,6,"[0.2658, 0.3719, 0.5259, 0.4902]",0.03079,Low-contrast particulate / plume
safesync_v6_hardnegative,dfire_00372,smoke,6,"[0.5266, 0.3687, 0.5875, 0.4188]",0.00305,Very small object (<0.5% image)
safesync_v6_hardnegative,dfire_00372,smoke,6,"[0.3984, 0.3734, 0.4859, 0.4422]",0.00602,Small distant object (0.5%-2% image)
safesync_v6_hardnegative,dfire_00375,fire,5,"[0.4219, 0.4227, 0.5109, 0.5133]",0.00807,Small distant object (0.5%-2% image)
safesync_v6_hardnegative,dfire_00375,fire,5,"[0.7438, 0.5187, 0.7609, 0.5453]",0.00046,Very small object (<0.5% image)
safesync_v6_hardnegative,dfire_00379,fire,5,"[0.3031, 0.4227, 0.5625, 0.5086]",0.02229,Low-contrast particulate / plume
safesync_v6_hardnegative,dfire_00379,smoke,6,"[0.2883, 0.3555, 0.7117, 0.4211]",0.02779,Extreme aspect ratio / pose
safesync_v6_hardnegative,dfire_00379,smoke,6,"[0.682, 0.4211, 0.7102, 0.4617]",0.00114,Very small object (<0.5% image)
safesync_v6_hardnegative,dfire_00392,smoke,6,"[0.4266, 0.3891, 0.5641, 0.525]",0.01869,Small distant object (0.5%-2% image)
safesync_v6_hardnegative,dfire_00401,smoke,6,"[0.4711, 0.4039, 0.5664, 0.5258]",0.01162,Small distant object (0.5%-2% image)
safesync_v6_hardnegative,dfire_00402,smoke,6,"[0.2648, 0.375, 0.657, 0.5172]",0.05576,Low-contrast particulate / plume
safesync_v6_hardnegative,dfire_00403,smoke,6,"[0.2508, 0.257, 0.807, 0.4711]",0.11907,Low-contrast particulate / plume
safesync_v6_hardnegative,dfire_00405,smoke,6,"[0.2672, 0.5203, 0.7344, 0.6297]",0.0511,Extreme aspect ratio / pose
safesync_v6_hardnegative,dfire_00406,fire,5,"[0.3106, 0.5888, 0.6491, 0.6502]",0.02076,Extreme aspect ratio / pose
safesync_v6_hardnegative,ppec_00001,person,0,"[0.0, 0.0, 0.7047, 0.9297]",0.65514,Edge clipped / camera boundary
safesync_v6_hardnegative,ppec_00003,safety_vest,2,"[0.0625, 0.3625, 0.2891, 0.9219]",0.12673,Partial occlusion / industrial lighting
safesync_v6_hardnegative,ppec_00003,safety_vest,2,"[0.9055, 0.4219, 0.9992, 0.9984]",0.05405,Edge clipped / camera boundary
safesync_v6_hardnegative,ppec_00005,person,0,"[0.0398, 0.4523, 0.1102, 0.7102]",0.01813,Small distant object (0.5%-2% image)
safesync_v6_hardnegative,ppec_00005,person,0,"[0.1219, 0.4562, 0.2141, 0.6984]",0.02233,Partial occlusion / industrial lighting
safesync_v6_hardnegative,ppec_00005,person,0,"[0.2281, 0.4555, 0.2953, 0.7805]",0.02184,Extreme aspect ratio / pose
safesync_v6_hardnegative,ppec_00005,person,0,"[0.3109, 0.4633, 0.3906, 0.7289]",0.02117,Extreme aspect ratio / pose
safesync_v6_hardnegative,ppec_00005,person,0,"[0.4086, 0.4633, 0.4789, 0.7742]",0.02186,Extreme aspect ratio / pose
safesync_v6_hardnegative,ppec_00005,person,0,"[0.5016, 0.4656, 0.5594, 0.7688]",0.01752,Small distant object (0.5%-2% image)
safesync_v6_hardnegative,ppec_00005,person,0,"[0.5781, 0.4648, 0.6453, 0.7617]",0.01995,Small distant object (0.5%-2% image)
safesync_v6_hardnegative,ppec_00005,person,0,"[0.7109, 0.4516, 0.7891, 0.7625]",0.02429,Extreme aspect ratio / pose
safesync_v6_hardnegative,ppec_00005,person,0,"[0.6398, 0.4484, 0.707, 0.7656]",0.02131,Extreme aspect ratio / pose
safesync_v6_hardnegative,ppec_00005,person,0,"[0.7938, 0.4602, 0.8812, 0.7477]",0.02516,Extreme aspect ratio / pose
safesync_v6_hardnegative,ppec_00005,person,0,"[0.8977, 0.4703, 0.9773, 0.7844]",0.02503,Extreme aspect ratio / pose
safesync_v6_hardnegative,ppec_00005,safety_footwear,4,"[0.4094, 0.7406, 0.4453, 0.7766]",0.00129,Very small object (<0.5% image)
safesync_v6_hardnegative,ppec_00005,safety_footwear,4,"[0.2594, 0.7445, 0.3031, 0.7805]",0.00157,Very small object (<0.5% image)
safesync_v6_hardnegative,ppec_00005,safety_footwear,4,"[0.218, 0.7445, 0.2555, 0.782]",0.00141,Very small object (<0.5% image)
safesync_v6_hardnegative,ppec_00005,safety_footwear,4,"[0.1445, 0.7422, 0.1805, 0.7859]",0.00157,Very small object (<0.5% image)
safesync_v6_hardnegative,ppec_00005,safety_footwear,4,"[0.0828, 0.7531, 0.1172, 0.7844]",0.00107,Very small object (<0.5% image)
safesync_v6_hardnegative,ppec_00005,safety_footwear,4,"[0.0273, 0.7531, 0.0664, 0.7891]",0.0014,Very small object (<0.5% image)
safesync_v6_hardnegative,ppec_00005,safety_footwear,4,"[0.025, 0.8047, 0.0688, 0.8516]",0.00205,Very small object (<0.5% image)
safesync_v6_hardnegative,ppec_00005,safety_footwear,4,"[0.1484, 0.8102, 0.1797, 0.8492]",0.00122,Very small object (<0.5% image)
safesync_v6_hardnegative,ppec_00005,safety_footwear,4,"[0.0852, 0.8117, 0.1164, 0.8477]",0.00112,Very small object (<0.5% image)
safesync_v6_hardnegative,ppec_00005,safety_footwear,4,"[0.1781, 0.8141, 0.2078, 0.8547]",0.00121,Very small object (<0.5% image)
safesync_v6_hardnegative,ppec_00005,safety_footwear,4,"[0.2219, 0.8086, 0.2641, 0.8508]",0.00178,Very small object (<0.5% image)
safesync_v6_hardnegative,ppec_00005,safety_footwear,4,"[0.2555, 0.8164, 0.2977, 0.8586]",0.00178,Very small object (<0.5% image)
safesync_v6_hardnegative,ppec_00005,safety_footwear,4,"[0.3039, 0.8094, 0.3461, 0.8516]",0.00178,Very small object (<0.5% image)
safesync_v6_hardnegative,ppec_00005,safety_footwear,4,"[0.35, 0.8125, 0.3922, 0.8547]",0.00178,Very small object (<0.5% image)
safesync_v6_hardnegative,ppec_00005,safety_footwear,4,"[0.3523, 0.7453, 0.3836, 0.7844]",0.00122,Very small object (<0.5% image)
safesync_v6_hardnegative,ppec_00005,safety_footwear,4,"[0.2992, 0.7461, 0.3461, 0.782]",0.00168,Very small object (<0.5% image)
safesync_v6_hardnegative,ppec_00005,safety_footwear,4,"[0.4461, 0.7453, 0.4805, 0.7766]",0.00107,Very small object (<0.5% image)
safesync_v6_hardnegative,ppec_00005,safety_footwear,4,"[0.4875, 0.7414, 0.5266, 0.7727]",0.00122,Very small object (<0.5% image)
safesync_v6_hardnegative,ppec_00005,safety_footwear,4,"[0.5289, 0.7383, 0.5648, 0.7727]",0.00124,Very small object (<0.5% image)
safesync_v6_hardnegative,ppec_00005,safety_footwear,4,"[0.5703, 0.7344, 0.6109, 0.7656]",0.00127,Very small object (<0.5% image)
safesync_v6_hardnegative,ppec_00005,safety_footwear,4,"[0.6109, 0.7391, 0.6391, 0.7656]",0.00075,Very small object (<0.5% image)
safesync_v6_hardnegative,ppec_00005,safety_footwear,4,"[0.6531, 0.7367, 0.6984, 0.7633]",0.0012,Very small object (<0.5% image)
safesync_v6_hardnegative,ppec_00005,safety_footwear,4,"[0.7039, 0.7258, 0.7398, 0.7633]",0.00135,Very small object (<0.5% image)
safesync_v6_hardnegative,ppec_00005,safety_footwear,4,"[0.7469, 0.7242, 0.7953, 0.757]",0.00159,Very small object (<0.5% image)
safesync_v6_hardnegative,ppec_00005,safety_footwear,4,"[0.793, 0.7234, 0.8336, 0.7578]",0.0014,Very small object (<0.5% image)
safesync_v6_hardnegative,ppec_00005,safety_footwear,4,"[0.825, 0.7227, 0.875, 0.7586]",0.0018,Very small object (<0.5% image)
safesync_v6_hardnegative,ppec_00005,safety_footwear,4,"[0.8945, 0.7242, 0.9258, 0.7523]",0.00088,Very small object (<0.5% image)
safesync_v6_hardnegative,ppec_00005,safety_footwear,4,"[0.9258, 0.7242, 0.957, 0.7633]",0.00122,Very small object (<0.5% image)
safesync_v6_hardnegative,ppec_00005,safety_footwear,4,"[0.4102, 0.8141, 0.4461, 0.8516]",0.00135,Very small object (<0.5% image)
safesync_v6_hardnegative,ppec_00005,safety_footwear,4,"[0.4422, 0.8195, 0.4766, 0.8555]",0.00124,Very small object (<0.5% image)
safesync_v6_hardnegative,ppec_00005,safety_footwear,4,"[0.4891, 0.8242, 0.5266, 0.8586]",0.00129,Very small object (<0.5% image)
safesync_v6_hardnegative,ppec_00005,safety_footwear,4,"[0.5305, 0.8219, 0.5602, 0.8641]",0.00125,Very small object (<0.5% image)
safesync_v6_hardnegative,ppec_00005,safety_footwear,4,"[0.5734, 0.8313, 0.6094, 0.8609]",0.00107,Very small object (<0.5% image)
safesync_v6_hardnegative,ppec_00005,safety_footwear,4,"[0.6086, 0.8312, 0.6398, 0.8656]",0.00107,Very small object (<0.5% image)
safesync_v6_hardnegative,ppec_00005,safety_footwear,4,"[0.6625, 0.8289, 0.6969, 0.8664]",0.00129,Very small object (<0.5% image)
safesync_v6_hardnegative,ppec_00005,safety_footwear,4,"[0.707, 0.8367, 0.743, 0.8695]",0.00118,Very small object (<0.5% image)
safesync_v6_hardnegative,ppec_00005,safety_footwear,4,"[0.7422, 0.8391, 0.7859, 0.8703]",0.00137,Very small object (<0.5% image)
safesync_v6_hardnegative,ppec_00005,safety_footwear,4,"[0.8, 0.8328, 0.8313, 0.8641]",0.00098,Very small object (<0.5% image)
safesync_v6_hardnegative,ppec_00005,safety_footwear,4,"[0.832, 0.8383, 0.8773, 0.8664]",0.00127,Very small object (<0.5% image)
safesync_v6_hardnegative,ppec_00005,safety_footwear,4,"[0.8977, 0.8383, 0.9227, 0.8664]",0.0007,Very small object (<0.5% image)
safesync_v6_hardnegative,ppec_00005,safety_footwear,4,"[0.9219, 0.8391, 0.9531, 0.8656]",0.00083,Very small object (<0.5% image)
safesync_v6_hardnegative,ppec_00007,person,0,"[0.1602, 0.1555, 0.9977, 0.9945]",0.70272,Edge clipped / camera boundary
safesync_v6_hardnegative,ppec_00009,helmet,1,"[0.4516, 0.3047, 0.7578, 0.625]",0.0981,Partial occlusion / industrial lighting
safesync_v6_hardnegative,ppec_00017,safety_vest,2,"[0.7047, 0.8008, 0.7391, 0.868]",0.00231,Very small object (<0.5% image)
safesync_v6_hardnegative,ppec_00020,person,0,"[0.2938, 0.3359, 0.4547, 1.0]",0.10687,Edge clipped / camera boundary
safesync_v6_hardnegative,ppec_00020,gloves,3,"[0.3281, 0.5391, 0.4109, 0.6219]",0.00686,Small distant object (0.5%-2% image)
safesync_v6_hardnegative,ppec_00023,person,0,"[0.1703, 0.4031, 0.7672, 0.875]",0.28165,Partial occlusion / industrial lighting
safesync_v6_hardnegative,ppec_00023,helmet,1,"[0.2234, 0.4781, 0.4422, 0.6828]",0.04478,Partial occlusion / industrial lighting
safesync_v6_hardnegative,ppec_00024,person,0,"[0.2031, 0.2344, 0.6141, 1.0]",0.31462,Edge clipped / camera boundary
safesync_v6_hardnegative,ppec_00032,safety_vest,2,"[0.3586, 0.175, 0.6445, 0.4766]",0.08623,Partial occlusion / industrial lighting
safesync_v6_hardnegative,ppec_00032,safety_vest,2,"[0.3578, 0.4859, 0.5031, 0.7406]",0.03701,Partial occlusion / industrial lighting
safesync_v6_hardnegative,ppec_00032,safety_vest,2,"[0.582, 0.4781, 0.7477, 0.6016]",0.02044,Partial occlusion / industrial lighting
safesync_v6_hardnegative,ppec_00032,safety_vest,2,"[0.8914, 0.4781, 0.9977, 0.6281]",0.01594,Small distant object (0.5%-2% image)
safesync_v6_hardnegative,ppec_00032,safety_vest,2,"[0.6727, 0.4781, 0.8508, 0.5656]",0.01559,Small distant object (0.5%-2% image)
safesync_v6_hardnegative,ppec_00034,person,0,"[0.4391, 0.0094, 0.7719, 0.9734]",0.32085,Edge clipped / camera boundary
safesync_v6_hardnegative,ppec_00040,person,0,"[-0.0, 0.2437, 0.3781, 1.0]",0.28596,Edge clipped / camera boundary
safesync_v6_hardnegative,ppec_00040,helmet,1,"[0.0437, 0.2547, 0.1953, 0.4156]",0.02439,Partial occlusion / industrial lighting
safesync_v6_hardnegative,ppec_00043,safety_vest,2,"[0.2836, 0.0, 0.6133, 0.5797]",0.19112,Edge clipped / camera boundary
safesync_v6_hardnegative,ppec_00043,safety_vest,2,"[0.6773, 0.0, 0.9445, 0.6109]",0.16324,Edge clipped / camera boundary
safesync_v6_hardnegative,ppec_00043,safety_vest,2,"[0.0, 0.6484, 0.4656, 0.9969]",0.16224,Edge clipped / camera boundary
safesync_v6_hardnegative,ppec_00047,safety_vest,2,"[0.0023, 0.0734, 0.3023, 0.9141]",0.25219,Edge clipped / camera boundary
safesync_v6_hardnegative,ppec_00047,safety_vest,2,"[0.15, 0.3523, 0.3641, 0.7383]",0.08261,Partial occlusion / industrial lighting
safesync_v6_hardnegative,ppec_00047,safety_vest,2,"[0.1812, 0.0063, 1.0, 1.0]",0.81363,Edge clipped / camera boundary
safesync_v6_hardnegative,ppec_00047,safety_vest,2,"[0.9234, 0.382, 1.0, 0.5805]",0.01519,Small distant object (0.5%-2% image)
safesync_v6_hardnegative,ppec_00054,person,0,"[0.0, 0.1562, 0.4484, 1.0]",0.37837,Edge clipped / camera boundary
safesync_v6_hardnegative,ppec_00054,person,0,"[0.5586, 0.0641, 0.9977, 0.9078]",0.37046,Edge clipped / camera boundary
safesync_v6_hardnegative,ppec_00054,helmet,1,"[0.0, 0.2125, 0.1719, 0.4016]",0.0325,Edge clipped / camera boundary
safesync_v6_hardnegative,ppec_00056,person,0,"[0.6656, 0.3602, 0.9906, 0.8148]",0.14777,Edge clipped / camera boundary
safesync_v6_hardnegative,ppec_00056,helmet,1,"[0.8914, 0.4203, 0.9977, 0.6422]",0.02357,Edge clipped / camera boundary
safesync_v6_hardnegative,ppec_00057,person,0,"[0.0031, 0.2703, 0.5844, 1.0]",0.42413,Edge clipped / camera boundary
safesync_v6_hardnegative,ppec_00057,helmet,1,"[0.0039, 0.2742, 0.2727, 0.5023]",0.06131,Edge clipped / camera boundary
safesync_v6_hardnegative,ppec_00071,safety_vest,2,"[0.3672, 0.3359, 0.4391, 0.4078]",0.00517,Small distant object (0.5%-2% image)
safesync_v6_hardnegative,ppec_00073,safety_vest,2,"[0.1047, 0.7531, 0.7203, 1.0]",0.15198,Edge clipped / camera boundary
safesync_v6_hardnegative,ppec_00077,gloves,3,"[0.5297, 0.557, 0.6438, 0.6727]",0.01319,Small distant object (0.5%-2% image)
safesync_v6_hardnegative,ppec_00077,gloves,3,"[0.6641, 0.7023, 0.7594, 0.818]",0.01102,Small distant object (0.5%-2% image)
safesync_v6_hardnegative,ppec_00078,person,0,"[0.2133, 0.2172, 0.6133, 1.0]",0.31312,Edge clipped / camera boundary
safesync_v6_hardnegative,ppec_00078,gloves,3,"[0.493, 0.4414, 0.5539, 0.5289]",0.00533,Small distant object (0.5%-2% image)
safesync_v6_hardnegative,ppec_00078,gloves,3,"[0.3297, 0.4945, 0.4828, 0.5805]",0.01316,Small distant object (0.5%-2% image)
safesync_v6_hardnegative,ppec_00078,safety_footwear,4,"[0.3297, 0.8875, 0.4391, 0.9844]",0.0106,Small distant object (0.5%-2% image)
safesync_v6_hardnegative,ppec_00078,safety_footwear,4,"[0.4445, 0.9109, 0.5648, 0.9937]",0.00996,Small distant object (0.5%-2% image)
safesync_v6_hardnegative,ppec_00086,gloves,3,"[0.2273, 0.2414, 0.5086, 0.4227]",0.05098,Partial occlusion / industrial lighting
safesync_v6_hardnegative,ppec_00086,gloves,3,"[0.1844, 0.5961, 0.4516, 0.8039]",0.05552,Partial occlusion / industrial lighting
safesync_v6_hardnegative,ppec_00087,helmet,1,"[0.1523, 0.507, 0.2477, 0.6055]",0.00938,Small distant object (0.5%-2% image)
safesync_v6_hardnegative,ppec_00087,helmet,1,"[0.0, 0.4977, 0.0672, 0.5883]",0.00609,Small distant object (0.5%-2% image)
safesync_v6_hardnegative,ppec_00094,person,0,"[0.3352, 0.3203, 0.6789, 1.0]",0.23364,Edge clipped / camera boundary
safesync_v6_hardnegative,ppec_00099,person,0,"[0.6461, 0.4914, 0.8867, 0.9992]",0.12219,Edge clipped / camera boundary
safesync_v6_hardnegative,ppec_00099,helmet,1,"[0.8789, 0.725, 0.9414, 0.7875]",0.00391,Very small object (<0.5% image)
safesync_v6_hardnegative,ppec_00099,helmet,1,"[0.8727, 0.868, 0.9461, 0.9508]",0.00608,Small distant object (0.5%-2% image)
safesync_v6_hardnegative,ppec_00099,safety_vest,2,"[0.6922, 0.6508, 0.8469, 0.968]",0.04907,Partial occlusion / industrial lighting
safesync_v6_hardnegative,ppec_00102,safety_vest,2,"[0.8469, 0.1883, 1.0, 0.5742]",0.0591,Edge clipped / camera boundary
safesync_v6_hardnegative,ppec_00102,safety_vest,2,"[0.1867, 0.6414, 0.3039, 0.8023]",0.01886,Small distant object (0.5%-2% image)
safesync_v6_hardnegative,ppec_00102,safety_vest,2,"[0.0227, 0.55, 0.1477, 0.7219]",0.02148,Partial occlusion / industrial lighting
safesync_v6_hardnegative,ppec_00102,safety_vest,2,"[0.0367, 0.8953, 0.0836, 0.9813]",0.00403,Very small object (<0.5% image)
safesync_v6_hardnegative,ppec_00111,person,0,"[0.4547, 0.2359, 0.9125, 1.0]",0.3498,Edge clipped / camera boundary
safesync_v6_hardnegative,ppec_00114,person,0,"[0.1359, 0.1578, 0.6375, 1.0]",0.42241,Edge clipped / camera boundary
safesync_v6_hardnegative,ppec_00115,person,0,"[0.4805, 0.2922, 0.8227, 1.0]",0.2422,Edge clipped / camera boundary
safesync_v6_hardnegative,ppec_00125,person,0,"[0.2602, 0.1922, 0.4555, 0.65]",0.08942,Partial occlusion / industrial lighting
safesync_v6_hardnegative,ppec_00125,person,0,"[0.043, 0.1031, 0.3461, 1.0]",0.27187,Edge clipped / camera boundary
safesync_v6_hardnegative,ppec_00127,safety_vest,2,"[0.0, 0.668, 0.1953, 0.9977]",0.06439,Edge clipped / camera boundary
safesync_v6_hardnegative,ppec_00127,safety_vest,2,"[0.3047, 0.5789, 0.3563, 0.6664]",0.00451,Very small object (<0.5% image)
safesync_v6_hardnegative,ppec_00127,safety_vest,2,"[0.4875, 0.6203, 0.6469, 0.9156]",0.04707,Partial occlusion / industrial lighting
safesync_v6_hardnegative,ppec_00127,safety_vest,2,"[0.8242, 0.7789, 0.9977, 0.9977]",0.03794,Edge clipped / camera boundary
safesync_v6_hardnegative,ppec_00128,helmet,1,"[0.2266, 0.0586, 0.4375, 0.3711]",0.06592,Partial occlusion / industrial lighting
safesync_v6_hardnegative,ppec_00138,person,0,"[0.218, 0.2656, 0.8789, 0.9937]",0.48124,Edge clipped / camera boundary
safesync_v6_hardnegative,ppec_00151,safety_vest,2,"[0.8109, 0.3328, 0.8875, 0.5297]",0.01507,Small distant object (0.5%-2% image)
safesync_v6_hardnegative,ppec_00151,safety_vest,2,"[0.7453, 0.3289, 0.8375, 0.5242]",0.01801,Small distant object (0.5%-2% image)
safesync_v6_hardnegative,ppec_00153,person,0,"[0.0117, 0.2469, 0.3852, 0.8437]",0.2229,Edge clipped / camera boundary
safesync_v6_hardnegative,ppec_00153,helmet,1,"[0.2164, 0.4203, 0.3898, 0.5797]",0.02764,Partial occlusion / industrial lighting
safesync_v6_hardnegative,ppec_00158,person,0,"[-0.0, 0.2281, 0.5641, 1.0]",0.43539,Edge clipped / camera boundary
safesync_v6_hardnegative,ppec_00158,helmet,1,"[0.0, 0.2453, 0.2594, 0.4813]",0.0612,Edge clipped / camera boundary
safesync_v6_hardnegative,ppec_00168,person,0,"[0.0844, 0.0531, 0.7969, 1.0]",0.67465,Edge clipped / camera boundary
safesync_v6_hardnegative,ppec_00168,gloves,3,"[0.6133, 0.5883, 0.7867, 0.7383]",0.02602,Partial occlusion / industrial lighting
safesync_v6_hardnegative,ppec_00168,gloves,3,"[0.2219, 0.6719, 0.6438, 0.875]",0.08569,Partial occlusion / industrial lighting
safesync_v6_hardnegative,ppec_00169,person,0,"[0.2047, 0.0539, 1.0, 0.9977]",0.75058,Edge clipped / camera boundary
safesync_v6_hardnegative,ppec_00172,safety_vest,2,"[0.0141, 0.0008, 0.2812, 0.1352]",0.0359,Edge clipped / camera boundary
safesync_v6_hardnegative,ppec_00172,safety_vest,2,"[0.2492, 0.2203, 0.5711, 1.0]",0.25096,Edge clipped / camera boundary
safesync_v6_hardnegative,ppec_00172,safety_vest,2,"[0.6367, 0.4086, 0.8148, 0.6742]",0.04731,Partial occlusion / industrial lighting
safesync_v6_hardnegative,ppec_00179,person,0,"[0.0648, 0.0422, 0.368, 1.0]",0.29034,Edge clipped / camera boundary
safesync_v6_hardnegative,ppec_00179,person,0,"[0.5797, 0.0688, 0.9328, 1.0]",0.32885,Edge clipped / camera boundary
safesync_v6_hardnegative,ppec_00179,gloves,3,"[0.5437, 0.6328, 0.6406, 0.6969]",0.00621,Small distant object (0.5%-2% image)
safesync_v6_hardnegative,ppec_00179,gloves,3,"[0.5867, 0.6984, 0.7039, 0.8094]",0.013,Small distant object (0.5%-2% image)
safesync_v6_hardnegative,ppec_00186,helmet,1,"[0.35, 0.3781, 0.4391, 0.4531]",0.00668,Small distant object (0.5%-2% image)
safesync_v6_hardnegative,ppec_00186,helmet,1,"[0.0969, 0.4102, 0.2281, 0.5273]",0.01538,Small distant object (0.5%-2% image)
safesync_v6_hardnegative,ppec_00186,helmet,1,"[0.5578, 0.3227, 0.6453, 0.4133]",0.00793,Small distant object (0.5%-2% image)
safesync_v6_hardnegative,ppec_00192,gloves,3,"[0.0547, 0.7859, 0.4047, 0.9969]",0.07383,Edge clipped / camera boundary
safesync_v6_hardnegative,ppec_00196,safety_vest,2,"[0.6602, 0.4641, 0.6805, 0.5422]",0.00159,Very small object (<0.5% image)
safesync_v6_hardnegative,ppec_00196,safety_vest,2,"[0.6906, 0.4695, 0.7125, 0.5398]",0.00154,Very small object (<0.5% image)
safesync_v6_hardnegative,ppec_00200,safety_vest,2,"[0.0, 0.4953, 0.0344, 0.9969]",0.01724,Small distant object (0.5%-2% image)
safesync_v6_hardnegative,ppec_00200,safety_vest,2,"[0.3383, 0.3914, 0.457, 0.5945]",0.02412,Partial occlusion / industrial lighting
safesync_v6_hardnegative,ppec_00201,person,0,"[0.7234, 0.325, 1.0, 0.9516]",0.17328,Edge clipped / camera boundary
safesync_v6_hardnegative,ppec_00201,person,0,"[0.6102, 0.3883, 0.8695, 0.8586]",0.12199,Partial occlusion / industrial lighting
safesync_v6_hardnegative,ppec_00201,person,0,"[0.4602, 0.3609, 0.732, 0.8766]",0.14019,Partial occlusion / industrial lighting
safesync_v6_hardnegative,ppec_00201,person,0,"[0.2336, 0.2695, 0.5055, 0.768]",0.13551,Partial occlusion / industrial lighting
safesync_v6_hardnegative,ppec_00201,safety_footwear,4,"[0.5375, 0.7594, 0.6094, 0.8312]",0.00517,Small distant object (0.5%-2% image)
safesync_v6_hardnegative,ppec_00201,safety_footwear,4,"[0.4695, 0.6859, 0.5195, 0.7266]",0.00203,Very small object (<0.5% image)
safesync_v6_hardnegative,ppec_00201,safety_footwear,4,"[0.407, 0.675, 0.4602, 0.7234]",0.00257,Very small object (<0.5% image)
safesync_v6_hardnegative,ppec_00201,safety_footwear,4,"[0.6727, 0.7742, 0.7461, 0.8367]",0.00459,Very small object (<0.5% image)
safesync_v6_hardnegative,ppec_00201,safety_footwear,4,"[0.65, 0.7445, 0.7203, 0.8023]",0.00406,Very small object (<0.5% image)
safesync_v6_hardnegative,ppec_00201,safety_footwear,4,"[0.3289, 0.6773, 0.3805, 0.7336]",0.0029,Very small object (<0.5% image)
safesync_v6_hardnegative,ppec_00201,safety_footwear,4,"[0.2914, 0.6633, 0.3445, 0.7211]",0.00307,Very small object (<0.5% image)
safesync_v6_hardnegative,ppec_00201,safety_footwear,4,"[0.1844, 0.6773, 0.2641, 0.743]",0.00523,Small distant object (0.5%-2% image)
safesync_v6_hardnegative,ppec_00201,safety_footwear,4,"[0.1398, 0.7047, 0.1961, 0.7719]",0.00378,Very small object (<0.5% image)
safesync_v6_hardnegative,ppec_00201,safety_footwear,4,"[0.1328, 0.7727, 0.1922, 0.8414]",0.00408,Very small object (<0.5% image)
safesync_v6_hardnegative,ppec_00201,safety_footwear,4,"[0.1617, 0.8172, 0.2523, 0.8969]",0.00722,Small distant object (0.5%-2% image)
safesync_v6_hardnegative,ppec_00201,safety_footwear,4,"[0.7477, 0.8586, 0.832, 0.932]",0.0062,Small distant object (0.5%-2% image)
safesync_v6_hardnegative,ppec_00201,safety_footwear,4,"[0.7336, 0.9148, 0.8383, 0.9898]",0.00785,Small distant object (0.5%-2% image)
safesync_v6_hardnegative,ppec_00201,safety_footwear,4,"[0.6508, 0.9563, 0.707, 1.0]",0.00246,Very small object (<0.5% image)
safesync_v6_hardnegative,ppec_00201,safety_footwear,4,"[0.6172, 0.9812, 0.6828, 1.0]",0.00123,Very small object (<0.5% image)
safesync_v6_hardnegative,ppec_00201,safety_footwear,4,"[0.5211, 0.9062, 0.5945, 0.9703]",0.0047,Very small object (<0.5% image)
safesync_v6_hardnegative,ppec_00201,safety_footwear,4,"[0.4797, 0.9203, 0.5563, 0.9859]",0.00502,Small distant object (0.5%-2% image)
safesync_v6_hardnegative,ppec_00201,safety_footwear,4,"[0.3688, 0.932, 0.4219, 0.9773]",0.00241,Very small object (<0.5% image)
safesync_v6_hardnegative,ppec_00201,safety_footwear,4,"[0.425, 0.9516, 0.4844, 1.0]",0.00288,Very small object (<0.5% image)
safesync_v6_hardnegative,ppec_00201,safety_footwear,4,"[0.3, 0.893, 0.3516, 0.9461]",0.00274,Very small object (<0.5% image)
safesync_v6_hardnegative,ppec_00201,safety_footwear,4,"[0.2625, 0.8859, 0.3078, 0.9391]",0.00241,Very small object (<0.5% image)
safesync_v6_hardnegative,ppec_00201,safety_footwear,4,"[0.625, 0.6844, 0.6781, 0.7266]",0.00224,Very small object (<0.5% image)
safesync_v6_hardnegative,ppec_00202,person,0,"[0.3656, 0.1047, 0.8422, 1.0]",0.42667,Edge clipped / camera boundary
safesync_v6_hardnegative,ppec_00206,helmet,1,"[0.5945, 0.0984, 0.7352, 0.3813]",0.03977,Partial occlusion / industrial lighting
safesync_v6_hardnegative,ppec_00206,safety_vest,2,"[0.7125, 0.3203, 0.9281, 0.85]",0.11421,Partial occlusion / industrial lighting
safesync_v6_hardnegative,ppec_00206,gloves,3,"[0.5648, 0.657, 0.7258, 0.8867]",0.03697,Partial occlusion / industrial lighting
safesync_v6_hardnegative,ppec_00207,person,0,"[0.0266, 0.0797, 1.0, 1.0]",0.89587,Edge clipped / camera boundary
safesync_v6_hardnegative,ppec_00207,gloves,3,"[0.3391, 0.8406, 0.6734, 1.0]",0.05329,Edge clipped / camera boundary
safesync_v6_hardnegative,ppec_00221,gloves,3,"[0.72, 0.4489, 0.8888, 0.6679]",0.03698,Partial occlusion / industrial lighting
safesync_v6_hardnegative,ppec_00222,safety_vest,2,"[-0.0, 0.7086, 0.2328, 0.9977]",0.0673,Edge clipped / camera boundary
safesync_v6_hardnegative,ppec_00222,safety_vest,2,"[0.3992, 0.7859, 0.632, 0.9984]",0.04947,Edge clipped / camera boundary
safesync_v6_hardnegative,ppec_00222,safety_vest,2,"[0.5742, 0.7547, 0.8758, 0.9984]",0.07351,Edge clipped / camera boundary
safesync_v6_hardnegative,ppec_00222,safety_vest,2,"[0.7336, 0.7086, 0.9977, 0.9977]",0.07633,Edge clipped / camera boundary
safesync_v6_hardnegative,ppec_00224,safety_footwear,4,"[0.2219, 0.3289, 0.9563, 0.9086]",0.42571,Partial occlusion / industrial lighting
safesync_v6_hardnegative,ppec_00231,safety_footwear,4,"[0.5445, 0.5125, 0.8414, 0.9219]",0.12153,Partial occlusion / industrial lighting
safesync_v6_hardnegative,ppec_00231,safety_footwear,4,"[0.3602, 0.2742, 0.6867, 0.5523]",0.09083,Partial occlusion / industrial lighting
safesync_v6_hardnegative,ppec_00237,safety_vest,2,"[0.4266, 0.0172, 0.9312, 0.4688]",0.2279,Edge clipped / camera boundary
safesync_v6_hardnegative,ppec_00237,safety_vest,2,"[0.3305, 0.4414, 0.5961, 0.6445]",0.05396,Partial occlusion / industrial lighting
safesync_v6_hardnegative,ppec_00237,safety_vest,2,"[0.6016, 0.3758, 0.9484, 0.5773]",0.06992,Partial occlusion / industrial lighting
safesync_v6_hardnegative,ppec_00238,person,0,"[0.5258, 0.1758, 0.6539, 0.8461]",0.08588,Extreme aspect ratio / pose
safesync_v6_hardnegative,ppec_00241,safety_vest,2,"[0.5852, 0.0008, 0.9992, 0.9852]",0.40759,Edge clipped / camera boundary
safesync_v6_hardnegative,ppec_00246,person,0,"[0.0, 0.0453, 0.4734, 1.0]",0.45199,Edge clipped / camera boundary
safesync_v6_hardnegative,ppec_00246,gloves,3,"[0.2969, 0.6453, 0.4031, 0.7875]",0.01511,Small distant object (0.5%-2% image)
safesync_v6_hardnegative,ppec_00246,gloves,3,"[0.1742, 0.6641, 0.3258, 0.8922]",0.03458,Partial occlusion / industrial lighting
safesync_v6_hardnegative,ppec_00248,person,0,"[0.3719, 0.0219, 0.7, 0.5219]",0.16406,Partial occlusion / industrial lighting
safesync_v6_hardnegative,ppec_00248,gloves,3,"[0.5711, 0.3539, 0.6477, 0.4492]",0.0073,Small distant object (0.5%-2% image)
safesync_v6_hardnegative,ppec_00248,gloves,3,"[0.443, 0.3078, 0.5508, 0.4828]",0.01887,Small distant object (0.5%-2% image)
safesync_v6_hardnegative,ppec_00254,person,0,"[0.1977, 0.1281, 0.8914, 1.0]",0.60486,Edge clipped / camera boundary
safesync_v6_hardnegative,ppec_00256,helmet,1,"[0.0344, 0.2234, 0.2687, 0.6156]",0.09192,Partial occlusion / industrial lighting
safesync_v6_hardnegative,ppec_00256,helmet,1,"[0.5344, 0.2563, 0.8125, 0.6656]",0.11386,Partial occlusion / industrial lighting
safesync_v6_hardnegative,ppec_00257,person,0,"[0.0703, 0.0109, 0.3766, 0.6969]",0.21007,Edge clipped / camera boundary
safesync_v6_hardnegative,ppec_00257,person,0,"[0.6164, 0.2984, 0.9211, 0.8703]",0.17424,Partial occlusion / industrial lighting
safesync_v6_hardnegative,ppec_00257,gloves,3,"[0.1078, 0.5563, 0.1812, 0.6625]",0.0078,Small distant object (0.5%-2% image)
safesync_v6_hardnegative,ppec_00257,gloves,3,"[0.6727, 0.657, 0.7305, 0.7242]",0.00388,Very small object (<0.5% image)
safesync_v6_hardnegative,ppec_00257,gloves,3,"[0.8438, 0.657, 0.8969, 0.793]",0.00722,Small distant object (0.5%-2% image)
safesync_v6_hardnegative,ppec_00271,person,0,"[0.0, 0.0, 0.9234, 1.0]",0.92344,Edge clipped / camera boundary
safesync_v6_hardnegative,ppec_00272,safety_footwear,4,"[0.382, 0.9438, 0.4555, 0.9844]",0.00298,Very small object (<0.5% image)
safesync_v6_hardnegative,ppec_00280,person,0,"[0.8273, 0.0961, 0.8992, 0.418]",0.02313,Extreme aspect ratio / pose
safesync_v6_hardnegative,ppec_00288,person,0,"[0.2836, 0.0898, 0.4602, 0.7008]",0.10787,Extreme aspect ratio / pose
safesync_v6_hardnegative,ppec_00288,person,0,"[0.4086, 0.2188, 0.7508, 0.8016]",0.19943,Partial occlusion / industrial lighting
safesync_v6_hardnegative,ppec_00288,gloves,3,"[0.4047, 0.6172, 0.4688, 0.6672]",0.0032,Very small object (<0.5% image)
safesync_v6_hardnegative,ppec_00293,helmet,1,"[0.7359, 0.1492, 0.8188, 0.2633]",0.00945,Small distant object (0.5%-2% image)
safesync_v6_hardnegative,ppec_00293,gloves,3,"[0.6195, 0.3805, 0.6789, 0.4508]",0.00417,Very small object (<0.5% image)
safesync_v6_hardnegative,ppec_00293,gloves,3,"[0.1906, 0.1289, 0.2375, 0.2164]",0.0041,Very small object (<0.5% image)
safesync_v6_hardnegative,ppec_00293,safety_footwear,4,"[0.7812, 0.8422, 0.8516, 0.8969]",0.00385,Very small object (<0.5% image)
safesync_v6_hardnegative,ppec_00293,safety_footwear,4,"[0.8867, 0.8477, 0.9477, 0.9008]",0.00324,Very small object (<0.5% image)
safesync_v6_hardnegative,ppec_00293,safety_footwear,4,"[0.2508, 0.8406, 0.2945, 0.8922]",0.00226,Very small object (<0.5% image)
safesync_v6_hardnegative,ppec_00302,helmet,1,"[0.2289, 0.0578, 0.382, 0.2078]",0.02297,Partial occlusion / industrial lighting
safesync_v6_hardnegative,ppec_00304,person,0,"[0.4602, 0.0039, 0.7055, 0.6789]",0.16559,Edge clipped / camera boundary
safesync_v6_hardnegative,ppec_00307,person,0,"[0.8008, 0.3117, 0.9977, 0.9617]",0.12797,Edge clipped / camera boundary
safesync_v6_hardnegative,ppec_00307,helmet,1,"[0.8289, 0.3461, 0.9789, 0.4805]",0.02016,Partial occlusion / industrial lighting
safesync_v6_hardnegative,ppec_00308,person,0,"[0.0398, 0.3031, 0.4648, 0.9984]",0.29551,Edge clipped / camera boundary
safesync_v6_hardnegative,ppec_00320,person,0,"[0.0984, 0.1125, 0.4469, 1.0]",0.30924,Edge clipped / camera boundary
safesync_v6_hardnegative,ppec_00321,person,0,"[0.0227, 0.0, 0.5258, 1.0]",0.50313,Edge clipped / camera boundary
safesync_v6_hardnegative,ppec_00321,person,0,"[0.3859, 0.0703, 0.7953, 1.0]",0.38059,Edge clipped / camera boundary
safesync_v6_hardnegative,ppec_00321,helmet,1,"[0.4969, 0.1602, 0.5563, 0.2523]",0.00547,Small distant object (0.5%-2% image)
safesync_v6_hardnegative,ppec_00322,person,0,"[0.2125, 0.2719, 0.5609, 1.0]",0.25371,Edge clipped / camera boundary
safesync_v6_hardnegative,ppec_00322,person,0,"[0.4086, 0.2672, 0.7336, 1.0]",0.23816,Edge clipped / camera boundary
safesync_v6_hardnegative,ppec_00330,gloves,3,"[0.516, 0.5163, 0.6361, 0.6868]",0.02047,Partial occlusion / industrial lighting
safesync_v6_hardnegative,ppec_00332,safety_vest,2,"[0.0156, 0.1156, 0.5547, 0.4781]",0.19541,Edge clipped / camera boundary
safesync_v6_hardnegative,ppec_00332,safety_vest,2,"[0.0156, 0.0016, 0.3797, 0.4156]",0.15074,Edge clipped / camera boundary
safesync_v6_hardnegative,ppec_00332,safety_vest,2,"[0.6828, 0.3461, 0.8781, 0.5508]",0.03998,Partial occlusion / industrial lighting
safesync_v6_hardnegative,ppec_00332,safety_vest,2,"[0.043, 0.4586, 0.5258, 0.9602]",0.24216,Partial occlusion / industrial lighting
safesync_v6_hardnegative,ppec_00334,person,0,"[0.0422, 0.257, 0.8641, 0.9133]",0.53936,Partial occlusion / industrial lighting
safesync_v6_hardnegative,ppec_00334,gloves,3,"[0.6961, 0.3563, 0.8195, 0.575]",0.027,Partial occlusion / industrial lighting
safesync_v6_hardnegative,ppec_00334,gloves,3,"[0.0867, 0.6719, 0.2602, 0.875]",0.03523,Partial occlusion / industrial lighting
safesync_v6_hardnegative,ppec_00344,helmet,1,"[0.3297, 0.5148, 0.4062, 0.632]",0.00897,Small distant object (0.5%-2% image)
safesync_v6_hardnegative,ppec_00345,safety_vest,2,"[0.5328, 0.3523, 0.5875, 0.4461]",0.00513,Small distant object (0.5%-2% image)
safesync_v6_hardnegative,ppec_00345,safety_vest,2,"[0.3102, 0.2227, 0.3648, 0.3164]",0.00513,Small distant object (0.5%-2% image)
safesync_v6_hardnegative,ppec_00345,safety_vest,2,"[0.6039, 0.7586, 0.6727, 0.8664]",0.00741,Small distant object (0.5%-2% image)
safesync_v6_hardnegative,ppec_00345,safety_vest,2,"[0.457, 0.6852, 0.518, 0.8133]",0.00781,Small distant object (0.5%-2% image)
safesync_v6_hardnegative,ppec_00345,safety_vest,2,"[0.407, 0.5852, 0.4727, 0.682]",0.00636,Small distant object (0.5%-2% image)
safesync_v6_hardnegative,ppec_00345,safety_vest,2,"[0.8187, 0.4953, 0.8953, 0.5859]",0.00694,Small distant object (0.5%-2% image)
safesync_v6_hardnegative,ppec_00346,person,0,"[0.3172, 0.1922, 0.7703, 1.0]",0.36604,Edge clipped / camera boundary
safesync_v6_hardnegative,ppec_00354,gloves,3,"[0.1102, 0.3102, 0.2273, 0.5773]",0.03131,Partial occlusion / industrial lighting
safesync_v6_hardnegative,ppec_00354,gloves,3,"[0.1555, 0.3594, 0.2539, 0.6]",0.02369,Partial occlusion / industrial lighting
safesync_v6_hardnegative,ppec_00354,gloves,3,"[0.2266, 0.3203, 0.3719, 0.6953]",0.05449,Partial occlusion / industrial lighting
safesync_v6_hardnegative,ppec_00354,gloves,3,"[0.1836, 0.35, 0.3039, 0.6656]",0.03797,Partial occlusion / industrial lighting
safesync_v6_hardnegative,ppec_00354,gloves,3,"[0.2492, 0.3477, 0.418, 0.7477]",0.0675,Partial occlusion / industrial lighting
safesync_v6_hardnegative,ppec_00354,gloves,3,"[0.2953, 0.3805, 0.4828, 0.8289]",0.08408,Partial occlusion / industrial lighting
safesync_v6_hardnegative,ppec_00354,gloves,3,"[0.3375, 0.3922, 0.5828, 0.9469]",0.13607,Partial occlusion / industrial lighting
safesync_v6_hardnegative,ppec_00354,gloves,3,"[0.5734, 0.4094, 0.8937, 1.0]",0.18918,Edge clipped / camera boundary
safesync_v6_hardnegative,ppec_00354,gloves,3,"[0.7625, 0.4609, 1.0, 1.0]",0.12803,Edge clipped / camera boundary
safesync_v6_hardnegative,ppec_00354,gloves,3,"[0.4289, 0.4187, 0.7023, 1.0]",0.15894,Edge clipped / camera boundary
safesync_v6_hardnegative,ppec_00354,gloves,3,"[0.0656, 0.5953, 0.1688, 0.6859]",0.00935,Small distant object (0.5%-2% image)
safesync_v6_hardnegative,ppec_00354,gloves,3,"[0.0672, 0.6586, 0.1828, 0.7492]",0.01048,Small distant object (0.5%-2% image)
safesync_v6_hardnegative,ppec_00354,gloves,3,"[0.0695, 0.7211, 0.207, 0.8461]",0.01719,Small distant object (0.5%-2% image)
safesync_v6_hardnegative,ppec_00356,person,0,"[0.0016, 0.0016, 0.5844, 1.0]",0.5819,Edge clipped / camera boundary
safesync_v6_hardnegative,ppec_00356,helmet,1,"[0.2086, 0.0273, 0.4398, 0.2336]",0.0477,Partial occlusion / industrial lighting
safesync_v6_hardnegative,ppec_00363,helmet,1,"[0.5594, 0.1148, 0.8719, 0.6008]",0.15186,Partial occlusion / industrial lighting
safesync_v6_hardnegative,ppec_00363,gloves,3,"[0.3269, 0.4366, 0.4655, 0.5511]",0.01587,Small distant object (0.5%-2% image)
safesync_v6_hardnegative,ppec_00363,gloves,3,"[0.2666, 0.8201, 0.4258, 0.9884]",0.0268,Edge clipped / camera boundary
safesync_v6_hardnegative,ppec_00373,person,0,"[0.4328, 0.1469, 0.6109, 1.0]",0.15196,Edge clipped / camera boundary
safesync_v6_hardnegative,ppec_00373,person,0,"[0.743, 0.1633, 0.957, 0.9461]",0.16757,Extreme aspect ratio / pose
safesync_v6_hardnegative,ppec_00373,person,0,"[0.6289, 0.0922, 0.7898, 0.7875]",0.1119,Extreme aspect ratio / pose
safesync_v6_hardnegative,ppec_00373,helmet,1,"[0.6563, 0.1414, 0.7219, 0.1992]",0.00379,Very small object (<0.5% image)
safesync_v6_hardnegative,ppec_00373,helmet,1,"[0.45, 0.1664, 0.5641, 0.3461]",0.0205,Partial occlusion / industrial lighting
safesync_v6_hardnegative,ppec_00373,gloves,3,"[0.3063, 0.3484, 0.4047, 0.4375]",0.00877,Small distant object (0.5%-2% image)
safesync_v6_hardnegative,ppec_00373,safety_footwear,4,"[0.8008, 0.818, 0.9352, 0.9523]",0.01806,Small distant object (0.5%-2% image)
safesync_v6_hardnegative,ppec_00373,safety_footwear,4,"[0.7391, 0.7195, 0.7812, 0.7867]",0.00283,Very small object (<0.5% image)
safesync_v6_hardnegative,ppec_00374,person,0,"[0.7477, 0.4602, 0.8555, 0.5961]",0.01466,Small distant object (0.5%-2% image)
safesync_v6_hardnegative,ppec_00374,helmet,1,"[0.3461, 0.3578, 0.443, 0.4578]",0.00969,Small distant object (0.5%-2% image)
safesync_v6_hardnegative,ppec_00382,safety_vest,2,"[0.0, 0.6648, 0.1625, 0.9992]",0.05434,Edge clipped / camera boundary
safesync_v6_hardnegative,ppec_00389,person,0,"[0.1938, -0.0, 1.0, 0.9969]",0.80373,Edge clipped / camera boundary
safesync_v6_hardnegative,ppec_00389,gloves,3,"[0.3109, 0.5852, 0.4766, 0.7914]",0.03416,Partial occlusion / industrial lighting
safesync_v6_hardnegative,ppec_00391,safety_footwear,4,"[0.5312, 0.7234, 0.5906, 0.7781]",0.00325,Very small object (<0.5% image)
safesync_v6_hardnegative,ppec_00391,safety_footwear,4,"[0.4719, 0.7133, 0.5156, 0.7883]",0.00328,Very small object (<0.5% image)
safesync_v6_hardnegative,ppec_00398,safety_vest,2,"[-0.0, 0.4328, 0.1453, 0.9578]",0.07629,Edge clipped / camera boundary
safesync_v6_hardnegative,ppec_00398,safety_vest,2,"[0.7375, 0.5367, 0.9797, 0.8523]",0.07644,Partial occlusion / industrial lighting
safesync_v6_hardnegative,ppec_00398,safety_vest,2,"[0.3937, 0.4594, 0.6031, 0.8422]",0.08015,Partial occlusion / industrial lighting
safesync_v6_hardnegative,ppec_00400,person,0,"[0.0, 0.2, 0.6141, 1.0]",0.49125,Edge clipped / camera boundary
safesync_v6_hardnegative,ppec_00400,safety_vest,2,"[0.0445, 0.5859, 0.457, 1.0]",0.1708,Edge clipped / camera boundary
safesync_v6_hardnegative,ppec_00409,person,0,"[0.1188, 0.2953, 0.4531, 1.0]",0.23563,Edge clipped / camera boundary
safesync_v6_hardnegative,ppec_00409,person,0,"[0.4391, 0.3969, 0.7359, 1.0]",0.17905,Edge clipped / camera boundary
safesync_v6_hardnegative,ppec_00409,person,0,"[0.7117, 0.4031, 0.9789, 1.0]",0.15948,Edge clipped / camera boundary
safesync_v6_hardnegative,safup_00002,helmet,1,"[0.7266, 0.1125, 0.7844, 0.1719]",0.00343,Very small object (<0.5% image)
safesync_v6_hardnegative,safup_00002,safety_vest,2,"[0.7922, 0.5203, 0.9156, 0.7469]",0.02797,Partial occlusion / industrial lighting
safesync_v6_hardnegative,safup_00011,person,0,"[0.2508, 0.1523, 0.4961, 0.9336]",0.19165,Extreme aspect ratio / pose
safesync_v6_hardnegative,safup_00012,helmet,1,"[0.4535, 0.1805, 0.609, 0.3023]",0.01895,Small distant object (0.5%-2% image)
safesync_v6_hardnegative,safup_00016,person,0,"[0.6633, 0.0961, 0.868, 0.968]",0.17846,Extreme aspect ratio / pose
safesync_v6_hardnegative,safup_00016,person,0,"[0.3953, 0.0719, 0.6547, 0.9703]",0.23303,Extreme aspect ratio / pose
safesync_v6_hardnegative,safup_00016,safety_vest,2,"[0.6766, 0.2422, 0.8672, 0.625]",0.07297,Partial occlusion / industrial lighting
safesync_v6_hardnegative,safup_00018,person,0,"[0.0, 0.0688, 0.4125, 0.9109]",0.3474,Edge clipped / camera boundary
safesync_v6_hardnegative,safup_00018,person,0,"[0.5875, 0.0762, 1.0, 0.8863]",0.33419,Edge clipped / camera boundary
safesync_v6_hardnegative,safup_00018,safety_vest,2,"[0.0164, 0.3176, 0.3117, 0.7824]",0.13727,Edge clipped / camera boundary
safesync_v6_hardnegative,safup_00018,safety_vest,2,"[0.6391, 0.3207, 0.9984, 0.8168]",0.17828,Edge clipped / camera boundary
safesync_v6_hardnegative,safup_00022,safety_vest,2,"[0.0719, 0.0, 0.9063, 1.0]",0.83437,Edge clipped / camera boundary
safesync_v6_hardnegative,safup_00026,person,0,"[0.0047, 0.0, 1.0, 1.0]",0.99531,Edge clipped / camera boundary
safesync_v6_hardnegative,safup_00026,helmet,1,"[0.4062, 0.0086, 0.6687, 0.143]",0.03527,Edge clipped / camera boundary
safesync_v6_hardnegative,safup_00035,person,0,"[0.323, 0.1477, 0.6051, 0.8711]",0.20403,Partial occlusion / industrial lighting
safesync_v6_hardnegative,safup_00039,person,0,"[0.3375, 0.2277, 0.3703, 0.3113]",0.00274,Very small object (<0.5% image)
safesync_v6_hardnegative,safup_00045,helmet,1,"[0.3543, 0.0914, 0.4379, 0.1727]",0.00679,Small distant object (0.5%-2% image)
safesync_v6_hardnegative,safup_00045,helmet,1,"[0.5148, 0.1684, 0.5742, 0.2254]",0.00339,Very small object (<0.5% image)
safesync_v6_hardnegative,safup_00045,helmet,1,"[0.6777, 0.0852, 0.777, 0.1664]",0.00806,Small distant object (0.5%-2% image)
safesync_v6_hardnegative,safup_00045,safety_vest,2,"[0.6383, 0.2336, 0.8086, 0.5461]",0.05322,Partial occlusion / industrial lighting
safesync_v6_hardnegative,safup_00046,person,0,"[0.609, 0.0852, 0.7957, 0.8586]",0.14442,Extreme aspect ratio / pose
safesync_v6_hardnegative,safup_00049,helmet,1,"[0.5578, 0.1281, 0.825, 0.4797]",0.09393,Partial occlusion / industrial lighting
safesync_v6_hardnegative,safup_00058,helmet,1,"[0.3613, 0.0887, 0.6215, 0.2832]",0.05061,Partial occlusion / industrial lighting
safesync_v6_hardnegative,safup_00064,person,0,"[0.4043, 0.7738, 0.6973, 0.9996]",0.06615,Edge clipped / camera boundary
safesync_v6_hardnegative,safup_00064,person,0,"[0.1164, 0.2574, 0.1352, 0.3676]",0.00207,Very small object (<0.5% image)
safesync_v6_hardnegative,safup_00067,person,0,"[0.2766, 0.2258, 0.6922, 0.8539]",0.26106,Partial occlusion / industrial lighting
safesync_v6_hardnegative,safup_00067,helmet,1,"[0.275, 0.2305, 0.4781, 0.6086]",0.07681,Partial occlusion / industrial lighting
safesync_v6_hardnegative,safup_00067,safety_vest,2,"[0.4566, 0.5836, 0.6902, 0.8586]",0.06424,Partial occlusion / industrial lighting
safesync_v6_hardnegative,safup_00068,person,0,"[0.1086, 0.0, 0.8523, 1.0]",0.74375,Edge clipped / camera boundary
safesync_v6_hardnegative,safup_00068,safety_vest,2,"[0.2578, 0.2594, 0.7125, 0.8187]",0.25434,Partial occlusion / industrial lighting
safesync_v6_hardnegative,safup_00070,person,0,"[0.6645, 0.4844, 0.7199, 0.6734]",0.01049,Small distant object (0.5%-2% image)
safesync_v6_hardnegative,safup_00076,person,0,"[0.5441, 0.1566, 0.5934, 0.2684]",0.0055,Small distant object (0.5%-2% image)
safesync_v6_hardnegative,safup_00084,safety_vest,2,"[0.5437, 0.5359, 0.8672, 1.0]",0.1501,Edge clipped / camera boundary
safesync_v6_hardnegative,safup_00085,person,0,"[0.1578, 0.1109, 0.8031, 1.0]",0.57372,Edge clipped / camera boundary
safesync_v6_hardnegative,safup_00088,person,0,"[0.2031, 0.0844, 0.7406, 1.0]",0.49215,Edge clipped / camera boundary
safesync_v6_hardnegative,safup_00089,person,0,"[0.5633, 0.4086, 0.9195, 0.693]",0.10131,Partial occlusion / industrial lighting
safesync_v6_hardnegative,safup_00089,person,0,"[0.5813, 0.1187, 0.9141, 0.4016]",0.09412,Partial occlusion / industrial lighting
safesync_v6_hardnegative,safup_00089,safety_vest,2,"[0.6031, 0.5047, 0.8906, 0.6828]",0.05121,Partial occlusion / industrial lighting
safesync_v6_hardnegative,safup_00089,safety_vest,2,"[0.0844, 0.5109, 0.3875, 0.6891]",0.05399,Partial occlusion / industrial lighting
safesync_v6_hardnegative,safup_00089,safety_vest,2,"[0.1359, 0.7828, 0.4094, 0.9484]",0.04529,Partial occlusion / industrial lighting
safesync_v6_hardnegative,safup_00089,safety_vest,2,"[0.6219, 0.1969, 0.8875, 0.375]",0.04731,Partial occlusion / industrial lighting
safesync_v6_hardnegative,safup_00091,person,0,"[0.2969, 0.1164, 0.7875, 0.8227]",0.3465,Partial occlusion / industrial lighting
safesync_v6_hardnegative,safup_00091,helmet,1,"[0.4875, 0.1266, 0.6828, 0.2031]",0.01495,Small distant object (0.5%-2% image)
safesync_v6_hardnegative,safup_00091,safety_vest,2,"[0.4414, 0.2703, 0.6977, 0.5359]",0.06807,Partial occlusion / industrial lighting
safesync_v6_hardnegative,safup_00098,person,0,"[0.1625, 0.0, 0.9703, 1.0]",0.80781,Edge clipped / camera boundary
safesync_v6_hardnegative,safup_00098,safety_vest,2,"[0.3531, 0.3422, 0.8188, 1.0]",0.30629,Edge clipped / camera boundary
safesync_v6_hardnegative,safup_00101,person,0,"[0.2875, 0.0359, 0.8141, 0.8016]",0.40315,Partial occlusion / industrial lighting
safesync_v6_hardnegative,safup_00101,helmet,1,"[0.5023, 0.0414, 0.7117, 0.132]",0.01897,Small distant object (0.5%-2% image)
safesync_v6_hardnegative,safup_00110,person,0,"[0.3812, 0.0813, 0.7406, 0.8281]",0.26841,Partial occlusion / industrial lighting
safesync_v6_hardnegative,safup_00133,helmet,1,"[0.5102, 0.2473, 0.5773, 0.2902]",0.00289,Very small object (<0.5% image)
safesync_v6_hardnegative,safup_00135,person,0,"[0.3828, 0.0941, 0.8453, 0.9996]",0.41878,Edge clipped / camera boundary
safesync_v6_hardnegative,safup_00135,helmet,1,"[0.5375, 0.0687, 0.7031, 0.2656]",0.03261,Partial occlusion / industrial lighting
safesync_v6_hardnegative,safup_00135,safety_vest,2,"[0.4727, 0.4484, 0.8039, 1.0]",0.1827,Edge clipped / camera boundary
safesync_v6_hardnegative,safup_00136,person,0,"[0.3211, 0.2031, 0.5852, 0.9734]",0.20341,Partial occlusion / industrial lighting
safesync_v6_hardnegative,safup_00147,person,0,"[0.2969, 0.1234, 0.6031, 1.0]",0.26845,Edge clipped / camera boundary
safesync_v6_hardnegative,safup_00148,helmet,1,"[0.5047, 0.1098, 0.6187, 0.2215]",0.01274,Small distant object (0.5%-2% image)
safesync_v6_hardnegative,safup_00170,person,0,"[0.1984, 0.0, 0.7, 1.0]",0.50156,Edge clipped / camera boundary
safesync_v6_hardnegative,safup_00171,person,0,"[0.0, 0.2891, 1.0, 1.0]",0.71094,Edge clipped / camera boundary
safesync_v6_hardnegative,safup_00173,person,0,"[0.3281, 0.0, 0.8687, 1.0]",0.54063,Edge clipped / camera boundary
safesync_v6_hardnegative,safup_00173,helmet,1,"[0.5281, 0.0008, 0.7047, 0.0602]",0.01048,Small distant object (0.5%-2% image)
safesync_v6_hardnegative,safup_00173,safety_vest,2,"[0.4492, 0.2344, 0.7992, 0.65]",0.14547,Partial occlusion / industrial lighting
safesync_v6_hardnegative,safup_00181,person,0,"[0.3992, 0.5316, 0.7242, 0.9996]",0.15209,Edge clipped / camera boundary
safesync_v6_hardnegative,safup_00184,safety_vest,2,"[0.0516, 0.0, 0.8969, 1.0]",0.84531,Edge clipped / camera boundary
safesync_v6_hardnegative,safup_00195,person,0,"[0.568, 0.5594, 0.6008, 0.7687]",0.00687,Small distant object (0.5%-2% image)
safesync_v6_hardnegative,safup_00195,person,0,"[0.4402, 0.5113, 0.4738, 0.6918]",0.00606,Small distant object (0.5%-2% image)
safesync_v6_hardnegative,safup_00195,helmet,1,"[0.584, 0.5598, 0.6004, 0.5902]",0.0005,Very small object (<0.5% image)
safesync_v6_hardnegative,safup_00195,helmet,1,"[0.4504, 0.5133, 0.4637, 0.532]",0.00025,Very small object (<0.5% image)
safesync_v6_hardnegative,safup_00214,helmet,1,"[0.7426, 0.1883, 0.8387, 0.3289]",0.01351,Small distant object (0.5%-2% image)
safesync_v6_hardnegative,safup_00216,helmet,1,"[0.3918, 0.0906, 0.5207, 0.3156]",0.029,Partial occlusion / industrial lighting
safesync_v6_hardnegative,safup_00223,safety_vest,2,"[0.2891, 0.5188, 0.3578, 0.5891]",0.00483,Very small object (<0.5% image)
safesync_v6_hardnegative,safup_00229,person,0,"[0.125, 0.1047, 0.6625, 0.9672]",0.46359,Partial occlusion / industrial lighting
safesync_v6_hardnegative,safup_00234,helmet,1,"[0.3801, 0.0437, 0.609, 0.2687]",0.0515,Partial occlusion / industrial lighting
safesync_v6_hardnegative,safup_00242,helmet,1,"[0.4, 0.1187, 0.4844, 0.2953]",0.0149,Small distant object (0.5%-2% image)
safesync_v6_hardnegative,safup_00244,helmet,1,"[0.3922, 0.0664, 0.5969, 0.2789]",0.0435,Partial occlusion / industrial lighting
safesync_v6_hardnegative,safup_00245,person,0,"[0.2191, 0.1566, 0.3996, 0.9996]",0.15213,Edge clipped / camera boundary
safesync_v6_hardnegative,safup_00249,helmet,1,"[0.4, 0.3352, 0.7531, 0.4883]",0.05407,Partial occlusion / industrial lighting
safesync_v6_hardnegative,safup_00250,person,0,"[0.4148, 0.1625, 0.732, 0.9969]",0.26465,Edge clipped / camera boundary
safesync_v6_hardnegative,safup_00252,helmet,1,"[0.4398, 0.2637, 0.5695, 0.3738]",0.01429,Small distant object (0.5%-2% image)
safesync_v6_hardnegative,safup_00255,person,0,"[0.1305, 0.1391, 0.868, 0.9516]",0.59922,Partial occlusion / industrial lighting
safesync_v6_hardnegative,safup_00255,helmet,1,"[0.1492, 0.4781, 0.4055, 0.7625]",0.07287,Partial occlusion / industrial lighting
safesync_v6_hardnegative,safup_00258,person,0,"[0.0, 0.0594, 0.175, 0.1625]",0.01805,Small distant object (0.5%-2% image)
safesync_v6_hardnegative,safup_00258,person,0,"[0.0, 0.1723, 0.175, 0.2746]",0.01791,Small distant object (0.5%-2% image)
safesync_v6_hardnegative,safup_00258,person,0,"[0.4234, 0.0, 0.6203, 0.1734]",0.03415,Edge clipped / camera boundary
safesync_v6_hardnegative,safup_00258,person,0,"[0.4246, 0.1754, 0.627, 0.3637]",0.0381,Partial occlusion / industrial lighting
safesync_v6_hardnegative,safup_00258,person,0,"[0.7098, 0.0, 0.8668, 0.1484]",0.02331,Edge clipped / camera boundary
safesync_v6_hardnegative,safup_00258,person,0,"[0.7082, 0.1293, 0.8559, 0.3223]",0.02849,Partial occlusion / industrial lighting
safesync_v6_hardnegative,safup_00258,person,0,"[0.7699, 0.0, 0.9223, 0.1172]",0.01785,Small distant object (0.5%-2% image)
safesync_v6_hardnegative,safup_00258,person,0,"[0.8953, 0.0055, 1.0, 0.143]",0.01439,Small distant object (0.5%-2% image)
safesync_v6_hardnegative,safup_00258,person,0,"[0.9062, 0.1797, 1.0, 0.3375]",0.01479,Small distant object (0.5%-2% image)
safesync_v6_hardnegative,safup_00258,person,0,"[0.5789, 0.243, 0.7727, 0.518]",0.05328,Partial occlusion / industrial lighting
safesync_v6_hardnegative,safup_00258,person,0,"[0.2156, 0.8484, 0.4875, 1.0]",0.04121,Edge clipped / camera boundary
safesync_v6_hardnegative,safup_00258,person,0,"[0.2086, 0.6473, 0.4883, 0.8168]",0.04742,Partial occlusion / industrial lighting
safesync_v6_hardnegative,safup_00258,person,0,"[0.157, 0.3875, 0.3648, 0.6234]",0.04903,Partial occlusion / industrial lighting
safesync_v6_hardnegative,safup_00258,person,0,"[0.2895, 0.4062, 0.5793, 0.7188]",0.09058,Partial occlusion / industrial lighting
safesync_v6_hardnegative,safup_00258,person,0,"[0.6883, 0.5926, 0.8867, 0.8449]",0.05007,Partial occlusion / industrial lighting
safesync_v6_hardnegative,safup_00258,person,0,"[0.6832, 0.8406, 0.8809, 1.0]",0.0315,Edge clipped / camera boundary
safesync_v6_hardnegative,safup_00258,person,0,"[0.5574, 0.4832, 0.7082, 0.6637]",0.02721,Partial occlusion / industrial lighting
safesync_v6_hardnegative,safup_00258,person,0,"[0.6469, 0.3559, 0.8687, 0.6613]",0.06778,Partial occlusion / industrial lighting
safesync_v6_hardnegative,safup_00258,helmet,1,"[0.2383, 0.6441, 0.368, 0.773]",0.01672,Small distant object (0.5%-2% image)
safesync_v6_hardnegative,safup_00258,helmet,1,"[0.5168, 0.6559, 0.6973, 0.841]",0.03341,Partial occlusion / industrial lighting
safesync_v6_hardnegative,safup_00258,helmet,1,"[0.6176, 0.0, 0.7449, 0.0797]",0.01015,Small distant object (0.5%-2% image)
safesync_v6_hardnegative,safup_00258,helmet,1,"[0.9203, 0.9438, 1.0, 1.0]",0.00448,Very small object (<0.5% image)
safesync_v6_hardnegative,safup_00258,helmet,1,"[0.5359, 0.8438, 0.6828, 1.0]",0.02295,Edge clipped / camera boundary
safesync_v6_hardnegative,safup_00258,helmet,1,"[0.2344, 0.9035, 0.3703, 0.9996]",0.01306,Small distant object (0.5%-2% image)
safesync_v6_hardnegative,safup_00258,helmet,1,"[0.2254, 0.5559, 0.3652, 0.666]",0.0154,Small distant object (0.5%-2% image)
safesync_v6_hardnegative,safup_00258,helmet,1,"[0.7531, 0.2031, 0.9203, 0.4391]",0.03945,Partial occlusion / industrial lighting
safesync_v6_hardnegative,safup_00258,helmet,1,"[0.8234, 0.3297, 1.0, 0.5625]",0.04111,Edge clipped / camera boundary
safesync_v6_hardnegative,safup_00259,helmet,1,"[0.475, 0.0375, 0.8359, 0.4359]",0.14381,Partial occlusion / industrial lighting
safesync_v6_hardnegative,safup_00260,helmet,1,"[0.4578, 0.0832, 0.6422, 0.2465]",0.0301,Partial occlusion / industrial lighting
safesync_v6_hardnegative,safup_00265,safety_vest,2,"[0.3258, 0.5953, 0.3414, 0.6578]",0.00098,Very small object (<0.5% image)
safesync_v6_hardnegative,safup_00277,person,0,"[0.2555, 0.1281, 0.5508, 0.9312]",0.23717,Partial occlusion / industrial lighting
safesync_v6_hardnegative,safup_00277,helmet,1,"[0.3426, 0.1293, 0.4871, 0.3238]",0.02812,Partial occlusion / industrial lighting
safesync_v6_hardnegative,safup_00277,safety_vest,2,"[0.3516, 0.3016, 0.4875, 0.5297]",0.03101,Partial occlusion / industrial lighting
safesync_v6_hardnegative,safup_00278,safety_vest,2,"[0.5188, 0.3055, 0.5656, 0.493]",0.00879,Small distant object (0.5%-2% image)
safesync_v6_hardnegative,safup_00285,person,0,"[0.4422, 0.1641, 0.7047, 0.9547]",0.20754,Extreme aspect ratio / pose
safesync_v6_hardnegative,safup_00285,safety_vest,2,"[0.5055, 0.3289, 0.6742, 0.5758]",0.04166,Partial occlusion / industrial lighting
safesync_v6_hardnegative,safup_00290,person,0,"[0.1203, 0.1016, 0.7562, 1.0]",0.57135,Edge clipped / camera boundary
safesync_v6_hardnegative,safup_00292,helmet,1,"[0.5687, 0.0, 0.8766, 0.1641]",0.0505,Edge clipped / camera boundary
safesync_v6_hardnegative,safup_00295,safety_vest,2,"[0.0031, 0.6594, 0.1703, 0.8859]",0.03788,Edge clipped / camera boundary
safesync_v6_hardnegative,safup_00295,safety_vest,2,"[0.2406, 0.6969, 0.4594, 0.8766]",0.03931,Partial occlusion / industrial lighting
safesync_v6_hardnegative,safup_00295,safety_vest,2,"[0.5367, 0.1984, 0.7742, 0.3344]",0.03229,Partial occlusion / industrial lighting
safesync_v6_hardnegative,safup_00295,safety_vest,2,"[0.8344, 0.2148, 1.0, 0.3477]",0.022,Edge clipped / camera boundary
safesync_v6_hardnegative,safup_00296,helmet,1,"[0.3508, 0.4703, 0.5664, 0.575]",0.02257,Partial occlusion / industrial lighting
safesync_v6_hardnegative,safup_00298,safety_vest,2,"[0.2109, 0.3062, 0.4219, 0.9062]",0.12656,Partial occlusion / industrial lighting
safesync_v6_hardnegative,safup_00298,safety_vest,2,"[0.6563, 0.4398, 0.8609, 0.8867]",0.09147,Partial occlusion / industrial lighting
safesync_v6_hardnegative,safup_00303,person,0,"[0.9262, 0.3707, 0.9395, 0.4277]",0.00076,Very small object (<0.5% image)
safesync_v6_hardnegative,safup_00309,person,0,"[0.2937, 0.1406, 0.5969, 1.0]",0.2605,Edge clipped / camera boundary
safesync_v6_hardnegative,safup_00309,helmet,1,"[0.3766, 0.5813, 0.4984, 0.7063]",0.01523,Small distant object (0.5%-2% image)
safesync_v6_hardnegative,safup_00314,person,0,"[0.25, 0.0531, 0.65, 1.0]",0.37875,Edge clipped / camera boundary
safesync_v6_hardnegative,safup_00314,helmet,1,"[0.3242, 0.0648, 0.6398, 0.182]",0.03699,Partial occlusion / industrial lighting
safesync_v6_hardnegative,safup_00314,safety_vest,2,"[0.2867, 0.2719, 0.6164, 0.5969]",0.10715,Partial occlusion / industrial lighting
safesync_v6_hardnegative,safup_00316,person,0,"[0.025, 0.0266, 0.8609, 1.0]",0.81373,Edge clipped / camera boundary
safesync_v6_hardnegative,safup_00336,helmet,1,"[0.4367, 0.3914, 0.4586, 0.4305]",0.00085,Very small object (<0.5% image)
safesync_v6_hardnegative,safup_00336,helmet,1,"[0.575, 0.4109, 0.6031, 0.4531]",0.00119,Very small object (<0.5% image)
safesync_v6_hardnegative,safup_00336,helmet,1,"[0.4414, 0.2637, 0.5336, 0.4066]",0.01318,Small distant object (0.5%-2% image)
safesync_v6_hardnegative,safup_00336,helmet,1,"[0.9258, 0.3637, 0.9883, 0.4723]",0.00679,Small distant object (0.5%-2% image)
safesync_v6_hardnegative,safup_00338,person,0,"[0.0453, 0.3078, 1.0, 0.7187]",0.39232,Edge clipped / camera boundary
safesync_v6_hardnegative,safup_00338,helmet,1,"[0.0813, 0.3938, 0.1969, 0.5828]",0.02186,Partial occlusion / industrial lighting
safesync_v6_hardnegative,safup_00338,helmet,1,"[0.0895, 0.3363, 0.3652, 0.5934]",0.07088,Partial occlusion / industrial lighting
safesync_v6_hardnegative,safup_00338,safety_vest,2,"[0.2781, 0.3375, 0.6344, 0.5969]",0.0924,Partial occlusion / industrial lighting
safesync_v6_hardnegative,safup_00348,person,0,"[0.3047, 0.1391, 0.6125, 1.0]",0.26501,Edge clipped / camera boundary
safesync_v6_hardnegative,safup_00348,safety_vest,2,"[0.3516, 0.2906, 0.5375, 0.6344]",0.06392,Partial occlusion / industrial lighting
safesync_v6_hardnegative,safup_00358,person,0,"[0.0, 0.0328, 1.0, 1.0]",0.96719,Edge clipped / camera boundary
safesync_v6_hardnegative,safup_00369,helmet,1,"[0.4742, 0.3234, 0.5914, 0.375]",0.00604,Small distant object (0.5%-2% image)
safesync_v6_hardnegative,safup_00369,helmet,1,"[0.4637, 0.2949, 0.5941, 0.4488]",0.02008,Partial occlusion / industrial lighting
safesync_v6_hardnegative,safup_00380,person,0,"[0.4016, 0.1297, 0.6812, 1.0]",0.24342,Edge clipped / camera boundary
safesync_v6_hardnegative,safup_00380,safety_vest,2,"[0.4547, 0.2797, 0.6094, 0.625]",0.05342,Partial occlusion / industrial lighting
safesync_v6_hardnegative,safup_00381,person,0,"[0.35, 0.1055, 0.6594, 0.793]",0.2127,Partial occlusion / industrial lighting
safesync_v6_hardnegative,safup_00381,helmet,1,"[0.3852, 0.1141, 0.5695, 0.1891]",0.01383,Small distant object (0.5%-2% image)
safesync_v6_hardnegative,safup_00381,helmet,1,"[0.384, 0.0984, 0.6207, 0.2625]",0.03884,Partial occlusion / industrial lighting
safesync_v6_hardnegative,safup_00381,safety_vest,2,"[0.3586, 0.2453, 0.6055, 0.4766]",0.05709,Partial occlusion / industrial lighting
safesync_v6_hardnegative,safup_00385,safety_vest,2,"[0.0703, 0.0, 0.9047, 1.0]",0.83437,Edge clipped / camera boundary
safesync_v6_hardnegative,safup_00386,helmet,1,"[0.4871, 0.1703, 0.652, 0.2969]",0.02086,Partial occlusion / industrial lighting
safesync_v6_hardnegative,safup_00387,helmet,1,"[0.8559, 0.1855, 0.9941, 0.3395]",0.02128,Edge clipped / camera boundary
safesync_v6_hardnegative,safup_00393,person,0,"[0.3508, 0.2543, 0.4008, 0.4645]",0.01051,Small distant object (0.5%-2% image)
safesync_v6_hardnegative,safup_00393,person,0,"[0.8063, 0.0727, 0.8766, 0.2758]",0.01428,Small distant object (0.5%-2% image)
safesync_v6_hardnegative,safup_00395,safety_vest,2,"[0.0023, 0.2813, 0.2477, 0.5359]",0.06248,Edge clipped / camera boundary
safesync_v6_hardnegative,safup_00397,person,0,"[0.3094, 0.1359, 0.5922, 1.0]",0.24437,Edge clipped / camera boundary
safesync_v6_hardnegative,sppe4_00025,safety_vest,2,"[0.093, 0.3352, 0.3727, 0.9992]",0.18573,Edge clipped / camera boundary
safesync_v6_hardnegative,sppe4_00025,safety_vest,2,"[0.6688, 0.3359, 0.9234, 1.0]",0.16913,Edge clipped / camera boundary
safesync_v6_hardnegative,sppe4_00027,helmet,1,"[0.3438, 0.65, 0.5141, 0.9469]",0.05056,Partial occlusion / industrial lighting
safesync_v6_hardnegative,sppe4_00029,safety_vest,2,"[0.3516, 0.2891, 0.525, 0.6234]",0.05799,Partial occlusion / industrial lighting
safesync_v6_hardnegative,sppe4_00029,safety_footwear,4,"[0.4172, 0.8766, 0.4703, 0.9859]",0.00581,Small distant object (0.5%-2% image)
safesync_v6_hardnegative,sppe4_00029,safety_footwear,4,"[0.4719, 0.8875, 0.5313, 0.9938]",0.00631,Small distant object (0.5%-2% image)
safesync_v6_hardnegative,sppe4_00033,safety_footwear,4,"[0.5328, 0.5625, 0.5891, 0.6547]",0.00519,Small distant object (0.5%-2% image)
safesync_v6_hardnegative,sppe4_00037,safety_vest,2,"[0.0703, 0.0, 0.9047, 1.0]",0.83437,Edge clipped / camera boundary
safesync_v6_hardnegative,sppe4_00044,gloves,3,"[0.0734, 0.3391, 0.6625, 0.8172]",0.28165,Partial occlusion / industrial lighting
safesync_v6_hardnegative,sppe4_00044,gloves,3,"[0.4109, 0.1672, 0.9187, 0.6859]",0.26343,Partial occlusion / industrial lighting
safesync_v6_hardnegative,sppe4_00055,helmet,1,"[0.6687, 0.2523, 0.8313, 0.3664]",0.01854,Small distant object (0.5%-2% image)
safesync_v6_hardnegative,sppe4_00055,safety_vest,2,"[0.2719, 0.5336, 0.3969, 0.8273]",0.03672,Partial occlusion / industrial lighting
safesync_v6_hardnegative,sppe4_00063,safety_vest,2,"[0.3516, 0.4453, 0.5125, 0.5938]",0.02389,Partial occlusion / industrial lighting
safesync_v6_hardnegative,sppe4_00063,gloves,3,"[0.4422, 0.2844, 0.5156, 0.3844]",0.00734,Small distant object (0.5%-2% image)
safesync_v6_hardnegative,sppe4_00072,safety_footwear,4,"[0.4922, 0.8594, 0.5672, 0.9531]",0.00703,Small distant object (0.5%-2% image)
safesync_v6_hardnegative,sppe4_00079,gloves,3,"[0.3281, 0.2547, 0.6469, 0.7219]",0.14892,Partial occlusion / industrial lighting
safesync_v6_hardnegative,sppe4_00080,safety_footwear,4,"[0.5437, 0.8594, 0.5969, 0.9047]",0.00241,Very small object (<0.5% image)
safesync_v6_hardnegative,sppe4_00080,safety_footwear,4,"[0.4844, 0.8141, 0.5312, 0.8547]",0.0019,Very small object (<0.5% image)
safesync_v6_hardnegative,sppe4_00081,safety_footwear,4,"[0.5078, 0.9188, 0.6125, 0.9906]",0.00752,Small distant object (0.5%-2% image)
safesync_v6_hardnegative,sppe4_00081,safety_footwear,4,"[0.3703, 0.8406, 0.5203, 0.8859]",0.0068,Small distant object (0.5%-2% image)
safesync_v6_hardnegative,sppe4_00083,gloves,3,"[0.0078, 0.4344, 0.9641, 0.9719]",0.51398,Edge clipped / camera boundary
safesync_v6_hardnegative,sppe4_00083,gloves,3,"[0.0, 0.1734, 0.5672, 0.4688]",0.1675,Edge clipped / camera boundary
safesync_v6_hardnegative,sppe4_00097,safety_vest,2,"[0.3867, 0.2734, 0.5492, 0.6078]",0.05434,Partial occlusion / industrial lighting
safesync_v6_hardnegative,sppe4_00105,helmet,1,"[0.6961, 0.1719, 0.7336, 0.2406]",0.00258,Very small object (<0.5% image)
safesync_v6_hardnegative,sppe4_00105,safety_vest,2,"[0.1203, 0.1984, 0.2297, 0.55]",0.03845,Extreme aspect ratio / pose
safesync_v6_hardnegative,sppe4_00112,safety_vest,2,"[0.4328, 0.2766, 0.6016, 0.5922]",0.05326,Partial occlusion / industrial lighting
safesync_v6_hardnegative,sppe4_00112,safety_footwear,4,"[0.475, 0.8625, 0.5234, 0.9672]",0.00507,Small distant object (0.5%-2% image)
safesync_v6_hardnegative,sppe4_00112,safety_footwear,4,"[0.5328, 0.8703, 0.5984, 0.9719]",0.00667,Small distant object (0.5%-2% image)
safesync_v6_hardnegative,sppe4_00117,helmet,1,"[0.3531, 0.0, 0.8891, 0.3531]",0.18925,Edge clipped / camera boundary
safesync_v6_hardnegative,sppe4_00117,safety_vest,2,"[0.4797, 0.675, 0.8953, 1.0]",0.13508,Edge clipped / camera boundary
safesync_v6_hardnegative,sppe4_00119,safety_footwear,4,"[0.5141, 0.4844, 0.5578, 0.5453]",0.00267,Very small object (<0.5% image)
safesync_v6_hardnegative,sppe4_00137,helmet,1,"[0.4078, 0.5094, 0.5047, 0.6203]",0.01075,Small distant object (0.5%-2% image)
safesync_v6_hardnegative,sppe4_00139,helmet,1,"[0.525, 0.0203, 0.6828, 0.3391]",0.0503,Partial occlusion / industrial lighting
safesync_v6_hardnegative,sppe4_00139,safety_vest,2,"[0.4891, 0.1031, 0.7625, 0.45]",0.09485,Partial occlusion / industrial lighting
safesync_v6_hardnegative,sppe4_00139,safety_footwear,4,"[0.3656, 0.6641, 0.5172, 0.9688]",0.04618,Partial occlusion / industrial lighting
safesync_v6_hardnegative,sppe4_00139,safety_footwear,4,"[0.7672, 0.6234, 0.9563, 0.9984]",0.0709,Edge clipped / camera boundary
safesync_v6_hardnegative,sppe4_00140,safety_footwear,4,"[0.4, 0.4813, 0.4562, 0.5766]",0.00536,Small distant object (0.5%-2% image)
safesync_v6_hardnegative,sppe4_00150,gloves,3,"[0.3727, 0.4781, 0.4352, 0.5734]",0.00596,Small distant object (0.5%-2% image)
safesync_v6_hardnegative,sppe4_00164,safety_vest,2,"[0.3516, 0.1969, 0.6156, 0.6281]",0.11388,Partial occlusion / industrial lighting
safesync_v6_hardnegative,sppe4_00164,safety_vest,2,"[0.6922, 0.2125, 0.9625, 0.6562]",0.11995,Partial occlusion / industrial lighting
safesync_v6_hardnegative,sppe4_00164,safety_vest,2,"[0.0742, 0.218, 0.2758, 0.5555]",0.06803,Partial occlusion / industrial lighting
safesync_v6_hardnegative,sppe4_00164,safety_footwear,4,"[0.2344, 0.7164, 0.3125, 0.8164]",0.00781,Small distant object (0.5%-2% image)
safesync_v6_hardnegative,sppe4_00167,helmet,1,"[0.4, 0.1906, 0.5312, 0.3563]",0.02174,Partial occlusion / industrial lighting
safesync_v6_hardnegative,sppe4_00174,helmet,1,"[0.5164, 0.0, 0.857, 0.4813]",0.16393,Edge clipped / camera boundary
safesync_v6_hardnegative,sppe4_00183,helmet,1,"[0.1836, 0.5203, 0.3414, 0.5844]",0.01011,Small distant object (0.5%-2% image)
safesync_v6_hardnegative,sppe4_00183,helmet,1,"[0.693, 0.0156, 0.8539, 0.0813]",0.01056,Small distant object (0.5%-2% image)
safesync_v6_hardnegative,sppe4_00183,safety_vest,2,"[0.6047, 0.1414, 0.8859, 0.4227]",0.0791,Partial occlusion / industrial lighting
safesync_v6_hardnegative,sppe4_00183,safety_vest,2,"[0.593, 0.6328, 0.8836, 0.9109]",0.08083,Partial occlusion / industrial lighting
safesync_v6_hardnegative,sppe4_00183,safety_vest,2,"[0.0859, 0.6492, 0.3906, 0.9445]",0.08998,Partial occlusion / industrial lighting
safesync_v6_hardnegative,sppe4_00197,safety_footwear,4,"[0.5133, 0.725, 0.7445, 0.8688]",0.03324,Partial occlusion / industrial lighting
safesync_v6_hardnegative,sppe4_00197,safety_footwear,4,"[0.4844, 0.6547, 0.6687, 0.8]",0.02679,Partial occlusion / industrial lighting
safesync_v6_hardnegative,sppe4_00208,helmet,1,"[0.1547, 0.0, 0.4266, 0.15]",0.04078,Edge clipped / camera boundary
safesync_v6_hardnegative,sppe4_00208,safety_vest,2,"[0.532, 0.5539, 0.8961, 0.9992]",0.16212,Edge clipped / camera boundary
safesync_v6_hardnegative,sppe4_00213,safety_vest,2,"[0.3094, 0.5492, 0.3719, 0.5961]",0.00293,Very small object (<0.5% image)
safesync_v6_hardnegative,sppe4_00213,safety_vest,2,"[0.3148, 0.593, 0.3539, 0.6789]",0.00336,Very small object (<0.5% image)
safesync_v6_hardnegative,sppe4_00217,gloves,3,"[0.3695, 0.5273, 0.4258, 0.5852]",0.00325,Very small object (<0.5% image)
safesync_v6_hardnegative,sppe4_00217,gloves,3,"[0.6477, 0.5289, 0.6883, 0.5883]",0.00241,Very small object (<0.5% image)
safesync_v6_hardnegative,sppe4_00218,safety_vest,2,"[0.3039, 0.4133, 0.693, 0.9992]",0.22797,Edge clipped / camera boundary
safesync_v6_hardnegative,sppe4_00239,helmet,1,"[0.4469, 0.4125, 0.4906, 0.4797]",0.00294,Very small object (<0.5% image)
safesync_v6_hardnegative,sppe4_00239,safety_footwear,4,"[0.7516, 0.45, 0.7812, 0.5172]",0.00199,Very small object (<0.5% image)
safesync_v6_hardnegative,sppe4_00239,safety_footwear,4,"[0.7469, 0.3828, 0.7797, 0.45]",0.0022,Very small object (<0.5% image)
safesync_v6_hardnegative,sppe4_00276,safety_footwear,4,"[0.4016, 0.8359, 0.4437, 0.9125]",0.00323,Very small object (<0.5% image)
safesync_v6_hardnegative,sppe4_00283,safety_vest,2,"[0.3578, 0.2719, 0.6547, 0.8609]",0.17488,Partial occlusion / industrial lighting
safesync_v6_hardnegative,sppe4_00297,gloves,3,"[0.0922, 0.2938, 0.2141, 0.4359]",0.01733,Small distant object (0.5%-2% image)
safesync_v6_hardnegative,sppe4_00297,gloves,3,"[0.5914, 0.2648, 0.6977, 0.4008]",0.01444,Small distant object (0.5%-2% image)
safesync_v6_hardnegative,sppe4_00300,safety_vest,2,"[0.6375, 0.3484, 0.8766, 0.8406]",0.11766,Partial occlusion / industrial lighting
safesync_v6_hardnegative,sppe4_00310,helmet,1,"[0.1906, 0.3328, 0.275, 0.5062]",0.01463,Small distant object (0.5%-2% image)
safesync_v6_hardnegative,sppe4_00310,safety_vest,2,"[0.3359, 0.3078, 0.6203, 0.5]",0.05465,Partial occlusion / industrial lighting
safesync_v6_hardnegative,sppe4_00310,safety_footwear,4,"[0.8562, 0.3984, 0.9516, 0.5609]",0.01549,Small distant object (0.5%-2% image)
safesync_v6_hardnegative,sppe4_00310,safety_footwear,4,"[0.8156, 0.2359, 0.8953, 0.3984]",0.01295,Small distant object (0.5%-2% image)
safesync_v6_hardnegative,sppe4_00318,safety_vest,2,"[0.6844, 0.3477, 0.7906, 0.6055]",0.02739,Partial occlusion / industrial lighting
safesync_v6_hardnegative,sppe4_00343,helmet,1,"[0.3992, 0.3961, 0.4227, 0.4305]",0.00081,Very small object (<0.5% image)
safesync_v6_hardnegative,sppe4_00343,helmet,1,"[0.5859, 0.3953, 0.6109, 0.4359]",0.00102,Very small object (<0.5% image)
safesync_v6_hardnegative,sppe4_00343,safety_vest,2,"[0.3352, 0.3859, 0.3727, 0.4891]",0.00387,Very small object (<0.5% image)
safesync_v6_hardnegative,sppe4_00343,safety_vest,2,"[0.5984, 0.4188, 0.6484, 0.4875]",0.00344,Very small object (<0.5% image)
safesync_v6_hardnegative,sppe4_00343,safety_vest,2,"[0.382, 0.4188, 0.4117, 0.4984]",0.00237,Very small object (<0.5% image)
safesync_v6_hardnegative,sppe4_00351,safety_vest,2,"[0.2344, 0.3219, 0.5969, 0.9062]",0.21184,Partial occlusion / industrial lighting
safesync_v6_hardnegative,sppe4_00355,safety_vest,2,"[0.35, 0.2875, 0.5219, 0.6016]",0.05398,Partial occlusion / industrial lighting
safesync_v6_hardnegative,sppe4_00355,safety_footwear,4,"[0.4188, 0.8766, 0.4656, 0.9781]",0.00476,Very small object (<0.5% image)
safesync_v6_hardnegative,sppe4_00355,safety_footwear,4,"[0.4641, 0.8859, 0.5297, 0.9906]",0.00687,Small distant object (0.5%-2% image)
safesync_v6_hardnegative,sppe4_00359,gloves,3,"[0.4187, 0.3766, 0.5, 0.4453]",0.00559,Small distant object (0.5%-2% image)
safesync_v6_hardnegative,sppe4_00359,gloves,3,"[0.5648, 0.3688, 0.6383, 0.4234]",0.00402,Very small object (<0.5% image)
safesync_v6_hardnegative,sppe4_00367,safety_vest,2,"[0.1422, 0.2266, 0.2859, 0.5797]",0.05076,Partial occlusion / industrial lighting
safesync_v6_hardnegative,sppe4_00367,safety_footwear,4,"[0.1516, 0.9453, 0.1875, 1.0]",0.00197,Very small object (<0.5% image)
safesync_v6_hardnegative,sppe4_00367,safety_footwear,4,"[0.4578, 0.9125, 0.525, 1.0]",0.00588,Small distant object (0.5%-2% image)
safesync_v6_hardnegative,sppe4_00408,safety_vest,2,"[0.3141, 0.3016, 0.8375, 0.8578]",0.29116,Partial occlusion / industrial lighting
safesync_v5_unified,dfire_00000,fire,5,"[0.4484, 0.5125, 0.4703, 0.5422]",0.00065,Very small object (<0.5% image)
safesync_v5_unified,dfire_00000,fire,5,"[0.6328, 0.4414, 0.6719, 0.4648]",0.00092,Very small object (<0.5% image)
safesync_v5_unified,dfire_00000,fire,5,"[0.3516, 0.468, 0.3844, 0.493]",0.00082,Very small object (<0.5% image)
safesync_v5_unified,dfire_00000,fire,5,"[0.418, 0.507, 0.4367, 0.5383]",0.00059,Very small object (<0.5% image)
safesync_v5_unified,dfire_00000,smoke,6,"[0.3867, 0.3688, 0.4898, 0.4047]",0.00371,Very small object (<0.5% image)
safesync_v5_unified,dfire_00000,smoke,6,"[0.2672, 0.3687, 0.3875, 0.4594]",0.0109,Small distant object (0.5%-2% image)
safesync_v5_unified,dfire_00006,fire,5,"[0.3063, 0.3625, 0.5859, 0.5734]",0.059,Low-contrast particulate / plume
safesync_v5_unified,dfire_00013,smoke,6,"[0.6094, 0.4312, 0.6609, 0.4953]",0.0033,Very small object (<0.5% image)
safesync_v5_unified,dfire_00014,smoke,6,"[0.5062, 0.45, 0.6547, 0.5172]",0.00997,Small distant object (0.5%-2% image)
safesync_v5_unified,dfire_00021,fire,5,"[0.575, 0.3086, 0.5953, 0.343]",0.0007,Very small object (<0.5% image)
safesync_v5_unified,dfire_00021,fire,5,"[0.3828, 0.55, 0.6953, 0.6953]",0.04541,Low-contrast particulate / plume
safesync_v5_unified,dfire_00030,smoke,6,"[0.6125, 0.4688, 0.6953, 0.5047]",0.00298,Very small object (<0.5% image)
safesync_v5_unified,dfire_00031,smoke,6,"[0.7031, 0.4594, 0.8078, 0.6141]",0.01619,Small distant object (0.5%-2% image)
safesync_v5_unified,dfire_00036,smoke,6,"[0.2078, 0.4437, 0.5, 0.5172]",0.02146,Extreme aspect ratio / pose
safesync_v5_unified,dfire_00038,fire,5,"[0.3062, 0.4516, 0.5578, 0.6734]",0.05582,Low-contrast particulate / plume
safesync_v5_unified,dfire_00050,smoke,6,"[0.8641, 0.4578, 0.9703, 0.5687]",0.01179,Small distant object (0.5%-2% image)
safesync_v5_unified,dfire_00053,smoke,6,"[0.5687, 0.3406, 0.6922, 0.4406]",0.01234,Small distant object (0.5%-2% image)
safesync_v5_unified,dfire_00053,smoke,6,"[0.1859, 0.3469, 0.3469, 0.4547]",0.01735,Small distant object (0.5%-2% image)
safesync_v5_unified,dfire_00059,fire,5,"[0.4031, 0.3727, 0.4609, 0.4273]",0.00316,Very small object (<0.5% image)
safesync_v5_unified,dfire_00059,fire,5,"[0.4336, 0.4187, 0.5602, 0.4844]",0.00831,Small distant object (0.5%-2% image)
safesync_v5_unified,dfire_00059,fire,5,"[0.3844, 0.4492, 0.4328, 0.4898]",0.00197,Very small object (<0.5% image)
safesync_v5_unified,dfire_00059,fire,5,"[0.3352, 0.4578, 0.3664, 0.4859]",0.00088,Very small object (<0.5% image)
safesync_v5_unified,dfire_00059,smoke,6,"[0.3281, 0.3734, 0.4031, 0.4547]",0.00609,Small distant object (0.5%-2% image)
safesync_v5_unified,dfire_00059,smoke,6,"[0.2594, 0.3727, 0.3281, 0.5195]",0.0101,Small distant object (0.5%-2% image)
safesync_v5_unified,dfire_00060,fire,5,"[0.3891, 0.4617, 0.6516, 0.6305]",0.0443,Low-contrast particulate / plume
safesync_v5_unified,dfire_00075,fire,5,"[0.2758, 0.3797, 0.5602, 0.6203]",0.06843,Low-contrast particulate / plume
safesync_v5_unified,dfire_00093,fire,5,"[0.5187, 0.4445, 0.6188, 0.5117]",0.00672,Small distant object (0.5%-2% image)
safesync_v5_unified,dfire_00093,fire,5,"[0.4867, 0.4859, 0.5227, 0.5234]",0.00135,Very small object (<0.5% image)
safesync_v5_unified,dfire_00103,fire,5,"[0.3109, 0.5312, 0.3406, 0.575]",0.0013,Very small object (<0.5% image)
safesync_v5_unified,dfire_00103,fire,5,"[0.3742, 0.45, 0.568, 0.6734]",0.04329,Low-contrast particulate / plume
safesync_v5_unified,dfire_00103,fire,5,"[0.6586, 0.5836, 0.6914, 0.6195]",0.00118,Very small object (<0.5% image)
safesync_v5_unified,dfire_00103,fire,5,"[0.5906, 0.6305, 0.6281, 0.6758]",0.0017,Very small object (<0.5% image)
safesync_v5_unified,dfire_00103,smoke,6,"[0.6281, 0.3219, 0.6937, 0.4812]",0.01046,Small distant object (0.5%-2% image)
safesync_v5_unified,dfire_00106,fire,5,"[0.3953, 0.5328, 0.4125, 0.5437]",0.00019,Very small object (<0.5% image)
safesync_v5_unified,dfire_00106,fire,5,"[0.7266, 0.4156, 0.7344, 0.4281]",0.0001,Very small object (<0.5% image)
safesync_v5_unified,dfire_00106,fire,5,"[0.368, 0.3688, 0.6961, 0.5125]",0.04717,Low-contrast particulate / plume
safesync_v5_unified,dfire_00108,fire,5,"[0.6672, 0.5109, 0.7094, 0.5625]",0.00218,Very small object (<0.5% image)
safesync_v5_unified,dfire_00108,fire,5,"[0.4664, 0.5172, 0.5148, 0.5766]",0.00288,Very small object (<0.5% image)
safesync_v5_unified,dfire_00116,fire,5,"[0.368, 0.5125, 0.6305, 0.6422]",0.03404,Low-contrast particulate / plume
safesync_v5_unified,dfire_00116,smoke,6,"[0.5461, 0.3578, 0.7117, 0.4516]",0.01553,Small distant object (0.5%-2% image)
safesync_v5_unified,dfire_00116,smoke,6,"[0.2859, 0.3586, 0.4672, 0.4664]",0.01954,Small distant object (0.5%-2% image)
safesync_v5_unified,dfire_00116,smoke,6,"[0.6219, 0.4547, 0.7125, 0.4953]",0.00368,Very small object (<0.5% image)
safesync_v5_unified,dfire_00116,smoke,6,"[0.4703, 0.3578, 0.5437, 0.3859]",0.00207,Very small object (<0.5% image)
safesync_v5_unified,dfire_00116,smoke,6,"[0.2859, 0.4688, 0.4297, 0.5]",0.00449,Very small object (<0.5% image)
safesync_v5_unified,dfire_00122,smoke,6,"[0.5938, 0.3898, 0.7406, 0.5117]",0.0179,Small distant object (0.5%-2% image)
safesync_v5_unified,dfire_00122,smoke,6,"[0.3359, 0.4289, 0.5953, 0.5117]",0.02148,Extreme aspect ratio / pose
safesync_v5_unified,dfire_00124,smoke,6,"[0.4211, 0.3586, 0.543, 0.4836]",0.01523,Small distant object (0.5%-2% image)
safesync_v5_unified,dfire_00130,smoke,6,"[0.4945, 0.357, 0.6523, 0.4773]",0.01899,Small distant object (0.5%-2% image)
safesync_v5_unified,dfire_00141,smoke,6,"[0.2891, 0.4453, 0.3328, 0.4859]",0.00178,Very small object (<0.5% image)
safesync_v5_unified,dfire_00142,smoke,6,"[0.5461, 0.3875, 0.657, 0.4937]",0.01179,Small distant object (0.5%-2% image)
safesync_v5_unified,dfire_00143,fire,5,"[0.3062, 0.3063, 0.6953, 0.6937]",0.15076,Low-contrast particulate / plume
safesync_v5_unified,dfire_00144,smoke,6,"[0.3047, 0.3828, 0.6594, 0.5578]",0.06207,Low-contrast particulate / plume
safesync_v5_unified,dfire_00145,smoke,6,"[0.0906, 0.3844, 0.5188, 0.5266]",0.06087,Low-contrast particulate / plume
safesync_v5_unified,dfire_00154,fire,5,"[0.4938, 0.4203, 0.6813, 0.6938]",0.05127,Low-contrast particulate / plume
safesync_v5_unified,dfire_00156,fire,5,"[0.3047, 0.3047, 0.6609, 0.6531]",0.12413,Low-contrast particulate / plume
safesync_v5_unified,dfire_00161,smoke,6,"[0.3581, 0.4751, 0.5913, 0.6291]",0.03592,Low-contrast particulate / plume
safesync_v5_unified,dfire_00162,fire,5,"[0.3711, 0.5461, 0.4039, 0.5836]",0.00123,Very small object (<0.5% image)
safesync_v5_unified,dfire_00162,fire,5,"[0.4172, 0.5477, 0.4406, 0.5852]",0.00088,Very small object (<0.5% image)
safesync_v5_unified,dfire_00162,fire,5,"[0.3242, 0.5484, 0.3617, 0.5844]",0.00135,Very small object (<0.5% image)
safesync_v5_unified,dfire_00162,fire,5,"[0.4508, 0.5508, 0.468, 0.5883]",0.00064,Very small object (<0.5% image)
safesync_v5_unified,dfire_00162,fire,5,"[0.5234, 0.5484, 0.5641, 0.5969]",0.00197,Very small object (<0.5% image)
safesync_v5_unified,dfire_00162,fire,5,"[0.4844, 0.5531, 0.5172, 0.5953]",0.00138,Very small object (<0.5% image)
safesync_v5_unified,dfire_00162,fire,5,"[0.4543, 0.3404, 0.5304, 0.4935]",0.01164,Small distant object (0.5%-2% image)
safesync_v5_unified,dfire_00162,fire,5,"[0.3289, 0.4086, 0.4664, 0.5414]",0.01826,Small distant object (0.5%-2% image)
safesync_v5_unified,dfire_00175,fire,5,"[0.3625, 0.5648, 0.425, 0.6086]",0.00273,Very small object (<0.5% image)
safesync_v5_unified,dfire_00175,smoke,6,"[0.2656, 0.5133, 0.3625, 0.607]",0.00908,Small distant object (0.5%-2% image)
safesync_v5_unified,dfire_00175,smoke,6,"[0.5094, 0.5164, 0.6156, 0.607]",0.00963,Small distant object (0.5%-2% image)
safesync_v5_unified,dfire_00175,smoke,6,"[0.3391, 0.3766, 0.4875, 0.4797]",0.01531,Small distant object (0.5%-2% image)
safesync_v5_unified,dfire_00176,smoke,6,"[0.0047, 0.1375, 0.9984, 0.4328]",0.29347,Edge clipped / camera boundary
safesync_v5_unified,dfire_00187,smoke,6,"[0.1672, 0.375, 0.5219, 0.525]",0.0532,Low-contrast particulate / plume
safesync_v5_unified,dfire_00190,smoke,6,"[0.775, 0.4219, 0.9953, 0.5266]",0.02306,Edge clipped / camera boundary
safesync_v5_unified,dfire_00193,smoke,6,"[0.2992, 0.3719, 0.6992, 0.5594]",0.075,Low-contrast particulate / plume
safesync_v5_unified,dfire_00194,smoke,6,"[0.0016, 0.6375, 0.0422, 0.8031]",0.00673,Small distant object (0.5%-2% image)
safesync_v5_unified,dfire_00194,smoke,6,"[0.1375, 0.7211, 0.2359, 0.8695]",0.01461,Small distant object (0.5%-2% image)
safesync_v5_unified,dfire_00204,smoke,6,"[0.1453, 0.4344, 0.3281, 0.5063]",0.01314,Small distant object (0.5%-2% image)
safesync_v5_unified,dfire_00211,smoke,6,"[0.4469, 0.5656, 0.5594, 0.6297]",0.00721,Small distant object (0.5%-2% image)
safesync_v5_unified,dfire_00211,smoke,6,"[0.4641, 0.3688, 0.6172, 0.5]",0.0201,Low-contrast particulate / plume
safesync_v5_unified,dfire_00211,smoke,6,"[0.6328, 0.3687, 0.7328, 0.3953]",0.00266,Very small object (<0.5% image)
safesync_v5_unified,dfire_00212,fire,5,"[0.282, 0.4281, 0.3305, 0.4828]",0.00265,Very small object (<0.5% image)
safesync_v5_unified,dfire_00212,fire,5,"[0.6766, 0.4547, 0.6984, 0.4875]",0.00072,Very small object (<0.5% image)
safesync_v5_unified,dfire_00212,fire,5,"[0.4727, 0.4633, 0.5023, 0.4945]",0.00093,Very small object (<0.5% image)
safesync_v5_unified,dfire_00212,fire,5,"[0.6445, 0.4648, 0.6664, 0.4961]",0.00068,Very small object (<0.5% image)
safesync_v5_unified,dfire_00212,fire,5,"[0.3398, 0.4813, 0.3961, 0.5047]",0.00132,Very small object (<0.5% image)
safesync_v5_unified,dfire_00212,smoke,6,"[0.3359, 0.3711, 0.7391, 0.4258]",0.02205,Extreme aspect ratio / pose
safesync_v5_unified,dfire_00212,smoke,6,"[0.4148, 0.4273, 0.4633, 0.4945]",0.00325,Very small object (<0.5% image)
safesync_v5_unified,dfire_00235,smoke,6,"[0.1797, 0.3766, 0.5172, 0.5219]",0.04904,Low-contrast particulate / plume
safesync_v5_unified,dfire_00240,fire,5,"[0.4328, 0.4734, 0.4625, 0.5125]",0.00116,Very small object (<0.5% image)
safesync_v5_unified,dfire_00240,smoke,6,"[0.3789, 0.3586, 0.4555, 0.3945]",0.00275,Very small object (<0.5% image)
safesync_v5_unified,dfire_00240,smoke,6,"[0.6039, 0.3594, 0.7117, 0.3969]",0.00404,Very small object (<0.5% image)
safesync_v5_unified,dfire_00240,smoke,6,"[0.6836, 0.3992, 0.7133, 0.4555]",0.00167,Very small object (<0.5% image)
safesync_v5_unified,dfire_00253,smoke,6,"[0.1875, 0.25, 0.7391, 0.4688]",0.12065,Low-contrast particulate / plume
safesync_v5_unified,dfire_00261,fire,5,"[0.3336, 0.5172, 0.3586, 0.5422]",0.00063,Very small object (<0.5% image)
safesync_v5_unified,dfire_00261,smoke,6,"[0.4289, 0.4195, 0.5695, 0.5133]",0.01318,Small distant object (0.5%-2% image)
safesync_v5_unified,dfire_00262,smoke,6,"[0.2445, 0.2602, 0.7586, 0.4648]",0.10522,Low-contrast particulate / plume
safesync_v5_unified,dfire_00264,fire,5,"[0.3448, 0.307, 0.6572, 0.6953]",0.12129,Low-contrast particulate / plume
safesync_v5_unified,dfire_00266,fire,5,"[0.4438, 0.4148, 0.6375, 0.5836]",0.0327,Low-contrast particulate / plume
safesync_v5_unified,dfire_00267,fire,5,"[0.4844, 0.5211, 0.5297, 0.5773]",0.00255,Very small object (<0.5% image)
safesync_v5_unified,dfire_00267,fire,5,"[0.4758, 0.457, 0.4852, 0.4742]",0.00016,Very small object (<0.5% image)
safesync_v5_unified,dfire_00267,fire,5,"[0.5906, 0.418, 0.6938, 0.5383]",0.01241,Small distant object (0.5%-2% image)
safesync_v5_unified,dfire_00267,fire,5,"[0.4766, 0.4805, 0.4844, 0.4945]",0.00011,Very small object (<0.5% image)
safesync_v5_unified,dfire_00267,fire,5,"[0.5266, 0.475, 0.5359, 0.5141]",0.00037,Very small object (<0.5% image)
safesync_v5_unified,dfire_00267,fire,5,"[0.4445, 0.4781, 0.4555, 0.5141]",0.00039,Very small object (<0.5% image)
safesync_v5_unified,dfire_00267,fire,5,"[0.3523, 0.4758, 0.4039, 0.5164]",0.00209,Very small object (<0.5% image)
safesync_v5_unified,dfire_00267,fire,5,"[0.425, 0.4766, 0.4453, 0.5172]",0.00083,Very small object (<0.5% image)
safesync_v5_unified,dfire_00267,fire,5,"[0.3047, 0.4758, 0.3516, 0.518]",0.00198,Very small object (<0.5% image)
safesync_v5_unified,dfire_00267,fire,5,"[0.5422, 0.4547, 0.5781, 0.5594]",0.00376,Very small object (<0.5% image)
safesync_v5_unified,dfire_00267,smoke,6,"[0.2727, 0.5219, 0.3508, 0.6172]",0.00745,Small distant object (0.5%-2% image)
safesync_v5_unified,dfire_00267,smoke,6,"[0.3984, 0.3664, 0.6813, 0.4117]",0.01281,Small distant object (0.5%-2% image)
safesync_v5_unified,dfire_00267,smoke,6,"[0.3875, 0.5844, 0.475, 0.6344]",0.00437,Very small object (<0.5% image)
safesync_v5_unified,dfire_00267,smoke,6,"[0.2742, 0.3664, 0.3914, 0.4523]",0.01007,Small distant object (0.5%-2% image)
safesync_v5_unified,dfire_00267,smoke,6,"[0.3937, 0.4141, 0.5094, 0.4359]",0.00253,Very small object (<0.5% image)
safesync_v5_unified,dfire_00267,smoke,6,"[0.2977, 0.4516, 0.3539, 0.4719]",0.00114,Very small object (<0.5% image)
safesync_v5_unified,dfire_00267,smoke,6,"[0.2742, 0.4508, 0.2977, 0.5211]",0.00165,Very small object (<0.5% image)
safesync_v5_unified,dfire_00269,smoke,6,"[0.2898, 0.4969, 0.3695, 0.5797]",0.0066,Small distant object (0.5%-2% image)
safesync_v5_unified,dfire_00270,smoke,6,"[0.6734, 0.4453, 0.7109, 0.4766]",0.00117,Very small object (<0.5% image)
safesync_v5_unified,dfire_00279,fire,5,"[0.4188, 0.4984, 0.45, 0.5703]",0.00225,Very small object (<0.5% image)
safesync_v5_unified,dfire_00279,fire,5,"[0.5023, 0.3758, 0.5336, 0.4148]",0.00122,Very small object (<0.5% image)
safesync_v5_unified,dfire_00279,fire,5,"[0.5172, 0.5141, 0.6656, 0.6156]",0.01508,Small distant object (0.5%-2% image)
safesync_v5_unified,dfire_00279,fire,5,"[0.3625, 0.5906, 0.3734, 0.6094]",0.00021,Very small object (<0.5% image)
safesync_v5_unified,dfire_00279,fire,5,"[0.425, 0.6016, 0.4344, 0.6141]",0.00012,Very small object (<0.5% image)
safesync_v5_unified,dfire_00279,fire,5,"[0.4813, 0.607, 0.4937, 0.618]",0.00014,Very small object (<0.5% image)
safesync_v5_unified,dfire_00279,fire,5,"[0.4531, 0.6078, 0.4672, 0.6172]",0.00013,Very small object (<0.5% image)
safesync_v5_unified,dfire_00279,fire,5,"[0.3219, 0.6063, 0.3562, 0.6234]",0.00059,Very small object (<0.5% image)
safesync_v5_unified,dfire_00279,fire,5,"[0.3719, 0.6141, 0.3781, 0.6219]",5e-05,Very small object (<0.5% image)
safesync_v5_unified,dfire_00279,fire,5,"[0.3648, 0.3766, 0.4555, 0.4797]",0.00935,Small distant object (0.5%-2% image)
safesync_v5_unified,dfire_00279,fire,5,"[0.5406, 0.4313, 0.5516, 0.4672]",0.00039,Very small object (<0.5% image)
safesync_v5_unified,dfire_00279,fire,5,"[0.557, 0.4344, 0.568, 0.4703]",0.00039,Very small object (<0.5% image)
safesync_v5_unified,dfire_00279,fire,5,"[0.575, 0.4367, 0.5828, 0.4711]",0.00027,Very small object (<0.5% image)
safesync_v5_unified,dfire_00279,fire,5,"[0.5883, 0.4359, 0.6008, 0.4719]",0.00045,Very small object (<0.5% image)
safesync_v5_unified,dfire_00279,fire,5,"[0.325, 0.4414, 0.3422, 0.4914]",0.00086,Very small object (<0.5% image)
safesync_v5_unified,dfire_00279,fire,5,"[0.618, 0.4766, 0.6602, 0.4984]",0.00092,Very small object (<0.5% image)
safesync_v5_unified,dfire_00279,fire,5,"[0.6727, 0.4813, 0.6836, 0.4969]",0.00017,Very small object (<0.5% image)
safesync_v5_unified,dfire_00279,fire,5,"[0.7031, 0.4859, 0.7203, 0.5125]",0.00046,Very small object (<0.5% image)
safesync_v5_unified,dfire_00279,fire,5,"[0.4578, 0.3758, 0.4922, 0.4055]",0.00102,Very small object (<0.5% image)
safesync_v5_unified,dfire_00279,smoke,6,"[0.2539, 0.5266, 0.3305, 0.6]",0.00562,Small distant object (0.5%-2% image)
safesync_v5_unified,dfire_00279,smoke,6,"[0.5648, 0.3781, 0.643, 0.4312]",0.00415,Very small object (<0.5% image)
safesync_v5_unified,dfire_00282,smoke,6,"[0.4617, 0.4766, 0.518, 0.5656]",0.00501,Small distant object (0.5%-2% image)
safesync_v5_unified,dfire_00289,smoke,6,"[0.6109, 0.4547, 0.75, 0.5156]",0.00847,Small distant object (0.5%-2% image)
safesync_v5_unified,dfire_00291,fire,5,"[0.3062, 0.3047, 0.6953, 0.6938]",0.15137,Low-contrast particulate / plume
safesync_v5_unified,dfire_00301,smoke,6,"[0.7078, 0.55, 0.7859, 0.6094]",0.00464,Very small object (<0.5% image)
safesync_v5_unified,dfire_00306,fire,5,"[0.5688, 0.4984, 0.6516, 0.5594]",0.00505,Small distant object (0.5%-2% image)
safesync_v5_unified,dfire_00306,fire,5,"[0.3086, 0.5188, 0.3492, 0.5656]",0.0019,Very small object (<0.5% image)
safesync_v5_unified,dfire_00306,fire,5,"[0.5156, 0.532, 0.5609, 0.5695]",0.0017,Very small object (<0.5% image)
safesync_v5_unified,dfire_00306,fire,5,"[0.4297, 0.5367, 0.5031, 0.5836]",0.00344,Very small object (<0.5% image)
safesync_v5_unified,dfire_00306,fire,5,"[0.3266, 0.5641, 0.4234, 0.5984]",0.00333,Very small object (<0.5% image)
safesync_v5_unified,dfire_00306,fire,5,"[0.6609, 0.4789, 0.7063, 0.5289]",0.00227,Very small object (<0.5% image)
safesync_v5_unified,dfire_00306,smoke,6,"[0.3578, 0.5375, 0.3984, 0.5625]",0.00102,Very small object (<0.5% image)
safesync_v5_unified,dfire_00306,smoke,6,"[0.4398, 0.3711, 0.732, 0.4586]",0.02557,Extreme aspect ratio / pose
safesync_v5_unified,dfire_00306,smoke,6,"[0.4211, 0.4687, 0.5383, 0.5266]",0.00677,Small distant object (0.5%-2% image)
safesync_v5_unified,dfire_00312,fire,5,"[0.3109, 0.4516, 0.6953, 0.6547]",0.07808,Low-contrast particulate / plume
safesync_v5_unified,dfire_00319,smoke,6,"[0.5203, 0.4406, 0.6141, 0.4969]",0.00527,Small distant object (0.5%-2% image)
safesync_v5_unified,dfire_00324,fire,5,"[0.4594, 0.5219, 0.475, 0.5359]",0.00022,Very small object (<0.5% image)
safesync_v5_unified,dfire_00324,fire,5,"[0.4945, 0.525, 0.5039, 0.5391]",0.00013,Very small object (<0.5% image)
safesync_v5_unified,dfire_00324,smoke,6,"[0.4484, 0.3781, 0.6719, 0.5188]",0.03142,Low-contrast particulate / plume
safesync_v5_unified,dfire_00326,smoke,6,"[0.6922, 0.4219, 0.8547, 0.5109]",0.01447,Small distant object (0.5%-2% image)
safesync_v5_unified,dfire_00327,smoke,6,"[0.5828, 0.5297, 0.7266, 0.5922]",0.00898,Small distant object (0.5%-2% image)
safesync_v5_unified,dfire_00327,smoke,6,"[0.3227, 0.3844, 0.4227, 0.4703]",0.00859,Small distant object (0.5%-2% image)
safesync_v5_unified,dfire_00329,fire,5,"[0.3758, 0.5352, 0.4195, 0.5633]",0.00123,Very small object (<0.5% image)
safesync_v5_unified,dfire_00329,fire,5,"[0.4633, 0.4656, 0.5633, 0.5531]",0.00875,Small distant object (0.5%-2% image)
safesync_v5_unified,dfire_00329,smoke,6,"[0.4828, 0.3961, 0.5469, 0.4633]",0.0043,Very small object (<0.5% image)
safesync_v5_unified,dfire_00329,smoke,6,"[0.4, 0.4227, 0.4531, 0.4883]",0.00349,Very small object (<0.5% image)
safesync_v5_unified,dfire_00340,smoke,6,"[0.2992, 0.3508, 0.4555, 0.4617]",0.01733,Small distant object (0.5%-2% image)
safesync_v5_unified,dfire_00340,smoke,6,"[0.5422, 0.4336, 0.5781, 0.5273]",0.00337,Very small object (<0.5% image)
safesync_v5_unified,dfire_00342,fire,5,"[0.3617, 0.4789, 0.4695, 0.5617]",0.00893,Small distant object (0.5%-2% image)
safesync_v5_unified,dfire_00342,smoke,6,"[0.5258, 0.357, 0.6008, 0.4195]",0.00469,Very small object (<0.5% image)
safesync_v5_unified,dfire_00342,smoke,6,"[0.4055, 0.3578, 0.5289, 0.4594]",0.01254,Small distant object (0.5%-2% image)
safesync_v5_unified,dfire_00347,smoke,6,"[0.3242, 0.3586, 0.4086, 0.4961]",0.0116,Small distant object (0.5%-2% image)
safesync_v5_unified,dfire_00347,smoke,6,"[0.5305, 0.357, 0.7117, 0.4992]",0.02577,Low-contrast particulate / plume
safesync_v5_unified,dfire_00347,smoke,6,"[0.4117, 0.3648, 0.5148, 0.4961]",0.01354,Small distant object (0.5%-2% image)
safesync_v5_unified,dfire_00350,fire,5,"[0.5422, 0.3047, 0.6938, 0.6859]",0.05778,Low-contrast particulate / plume
safesync_v5_unified,dfire_00350,fire,5,"[0.3063, 0.3516, 0.4625, 0.6937]",0.05347,Low-contrast particulate / plume
safesync_v5_unified,dfire_00352,fire,5,"[0.3063, 0.4109, 0.6937, 0.6344]",0.08658,Low-contrast particulate / plume
safesync_v5_unified,dfire_00364,smoke,6,"[0.2658, 0.3719, 0.5259, 0.4902]",0.03079,Low-contrast particulate / plume
safesync_v5_unified,dfire_00372,smoke,6,"[0.4063, 0.4547, 0.6406, 0.6125]",0.03699,Low-contrast particulate / plume
safesync_v5_unified,dfire_00372,smoke,6,"[0.5266, 0.3687, 0.5875, 0.4188]",0.00305,Very small object (<0.5% image)
safesync_v5_unified,dfire_00372,smoke,6,"[0.3984, 0.3734, 0.4859, 0.4422]",0.00602,Small distant object (0.5%-2% image)
safesync_v5_unified,dfire_00375,fire,5,"[0.4219, 0.4227, 0.5109, 0.5133]",0.00807,Small distant object (0.5%-2% image)
safesync_v5_unified,dfire_00375,fire,5,"[0.7438, 0.5187, 0.7609, 0.5453]",0.00046,Very small object (<0.5% image)
safesync_v5_unified,dfire_00379,fire,5,"[0.3031, 0.4227, 0.5625, 0.5086]",0.02229,Low-contrast particulate / plume
safesync_v5_unified,dfire_00379,smoke,6,"[0.2883, 0.3555, 0.7117, 0.4211]",0.02779,Extreme aspect ratio / pose
safesync_v5_unified,dfire_00379,smoke,6,"[0.682, 0.4211, 0.7102, 0.4617]",0.00114,Very small object (<0.5% image)
safesync_v5_unified,dfire_00392,smoke,6,"[0.4266, 0.3891, 0.5641, 0.525]",0.01869,Small distant object (0.5%-2% image)
safesync_v5_unified,dfire_00401,smoke,6,"[0.4711, 0.4039, 0.5664, 0.5258]",0.01162,Small distant object (0.5%-2% image)
safesync_v5_unified,dfire_00402,smoke,6,"[0.2648, 0.375, 0.657, 0.5172]",0.05576,Low-contrast particulate / plume
safesync_v5_unified,dfire_00403,smoke,6,"[0.2508, 0.257, 0.807, 0.4711]",0.11907,Low-contrast particulate / plume
safesync_v5_unified,dfire_00405,smoke,6,"[0.2672, 0.5203, 0.7344, 0.6297]",0.0511,Extreme aspect ratio / pose
safesync_v5_unified,dfire_00406,fire,5,"[0.3106, 0.5888, 0.6491, 0.6502]",0.02076,Extreme aspect ratio / pose
safesync_v5_unified,ppec_00001,person,0,"[0.0, 0.0, 0.7047, 0.9297]",0.65514,Edge clipped / camera boundary
safesync_v5_unified,ppec_00003,safety_vest,2,"[0.0625, 0.3625, 0.2891, 0.9219]",0.12673,Partial occlusion / industrial lighting
safesync_v5_unified,ppec_00003,safety_vest,2,"[0.9055, 0.4219, 0.9992, 0.9984]",0.05405,Edge clipped / camera boundary
safesync_v5_unified,ppec_00005,person,0,"[0.0398, 0.4523, 0.1102, 0.7102]",0.01813,Small distant object (0.5%-2% image)
safesync_v5_unified,ppec_00005,person,0,"[0.1219, 0.4562, 0.2141, 0.6984]",0.02233,Partial occlusion / industrial lighting
safesync_v5_unified,ppec_00005,person,0,"[0.2281, 0.4555, 0.2953, 0.7805]",0.02184,Extreme aspect ratio / pose
safesync_v5_unified,ppec_00005,person,0,"[0.3109, 0.4633, 0.3906, 0.7289]",0.02117,Extreme aspect ratio / pose
safesync_v5_unified,ppec_00005,person,0,"[0.4086, 0.4633, 0.4789, 0.7742]",0.02186,Extreme aspect ratio / pose
safesync_v5_unified,ppec_00005,person,0,"[0.5016, 0.4656, 0.5594, 0.7688]",0.01752,Small distant object (0.5%-2% image)
safesync_v5_unified,ppec_00005,person,0,"[0.5781, 0.4648, 0.6453, 0.7617]",0.01995,Small distant object (0.5%-2% image)
safesync_v5_unified,ppec_00005,person,0,"[0.7109, 0.4516, 0.7891, 0.7625]",0.02429,Extreme aspect ratio / pose
safesync_v5_unified,ppec_00005,person,0,"[0.6398, 0.4484, 0.707, 0.7656]",0.02131,Extreme aspect ratio / pose
safesync_v5_unified,ppec_00005,person,0,"[0.7938, 0.4602, 0.8812, 0.7477]",0.02516,Extreme aspect ratio / pose
safesync_v5_unified,ppec_00005,person,0,"[0.8977, 0.4703, 0.9773, 0.7844]",0.02503,Extreme aspect ratio / pose
safesync_v5_unified,ppec_00005,safety_footwear,4,"[0.4094, 0.7406, 0.4453, 0.7766]",0.00129,Very small object (<0.5% image)
safesync_v5_unified,ppec_00005,safety_footwear,4,"[0.2594, 0.7445, 0.3031, 0.7805]",0.00157,Very small object (<0.5% image)
safesync_v5_unified,ppec_00005,safety_footwear,4,"[0.218, 0.7445, 0.2555, 0.782]",0.00141,Very small object (<0.5% image)
safesync_v5_unified,ppec_00005,safety_footwear,4,"[0.1445, 0.7422, 0.1805, 0.7859]",0.00157,Very small object (<0.5% image)
safesync_v5_unified,ppec_00005,safety_footwear,4,"[0.0828, 0.7531, 0.1172, 0.7844]",0.00107,Very small object (<0.5% image)
safesync_v5_unified,ppec_00005,safety_footwear,4,"[0.0273, 0.7531, 0.0664, 0.7891]",0.0014,Very small object (<0.5% image)
safesync_v5_unified,ppec_00005,safety_footwear,4,"[0.025, 0.8047, 0.0688, 0.8516]",0.00205,Very small object (<0.5% image)
safesync_v5_unified,ppec_00005,safety_footwear,4,"[0.1484, 0.8102, 0.1797, 0.8492]",0.00122,Very small object (<0.5% image)
safesync_v5_unified,ppec_00005,safety_footwear,4,"[0.0852, 0.8117, 0.1164, 0.8477]",0.00112,Very small object (<0.5% image)
safesync_v5_unified,ppec_00005,safety_footwear,4,"[0.1781, 0.8141, 0.2078, 0.8547]",0.00121,Very small object (<0.5% image)
safesync_v5_unified,ppec_00005,safety_footwear,4,"[0.2219, 0.8086, 0.2641, 0.8508]",0.00178,Very small object (<0.5% image)
safesync_v5_unified,ppec_00005,safety_footwear,4,"[0.2555, 0.8164, 0.2977, 0.8586]",0.00178,Very small object (<0.5% image)
safesync_v5_unified,ppec_00005,safety_footwear,4,"[0.3039, 0.8094, 0.3461, 0.8516]",0.00178,Very small object (<0.5% image)
safesync_v5_unified,ppec_00005,safety_footwear,4,"[0.35, 0.8125, 0.3922, 0.8547]",0.00178,Very small object (<0.5% image)
safesync_v5_unified,ppec_00005,safety_footwear,4,"[0.3523, 0.7453, 0.3836, 0.7844]",0.00122,Very small object (<0.5% image)
safesync_v5_unified,ppec_00005,safety_footwear,4,"[0.2992, 0.7461, 0.3461, 0.782]",0.00168,Very small object (<0.5% image)
safesync_v5_unified,ppec_00005,safety_footwear,4,"[0.4461, 0.7453, 0.4805, 0.7766]",0.00107,Very small object (<0.5% image)
safesync_v5_unified,ppec_00005,safety_footwear,4,"[0.4875, 0.7414, 0.5266, 0.7727]",0.00122,Very small object (<0.5% image)
safesync_v5_unified,ppec_00005,safety_footwear,4,"[0.5289, 0.7383, 0.5648, 0.7727]",0.00124,Very small object (<0.5% image)
safesync_v5_unified,ppec_00005,safety_footwear,4,"[0.5703, 0.7344, 0.6109, 0.7656]",0.00127,Very small object (<0.5% image)
safesync_v5_unified,ppec_00005,safety_footwear,4,"[0.6109, 0.7391, 0.6391, 0.7656]",0.00075,Very small object (<0.5% image)
safesync_v5_unified,ppec_00005,safety_footwear,4,"[0.6531, 0.7367, 0.6984, 0.7633]",0.0012,Very small object (<0.5% image)
safesync_v5_unified,ppec_00005,safety_footwear,4,"[0.7039, 0.7258, 0.7398, 0.7633]",0.00135,Very small object (<0.5% image)
safesync_v5_unified,ppec_00005,safety_footwear,4,"[0.7469, 0.7242, 0.7953, 0.757]",0.00159,Very small object (<0.5% image)
safesync_v5_unified,ppec_00005,safety_footwear,4,"[0.793, 0.7234, 0.8336, 0.7578]",0.0014,Very small object (<0.5% image)
safesync_v5_unified,ppec_00005,safety_footwear,4,"[0.825, 0.7227, 0.875, 0.7586]",0.0018,Very small object (<0.5% image)
safesync_v5_unified,ppec_00005,safety_footwear,4,"[0.8945, 0.7242, 0.9258, 0.7523]",0.00088,Very small object (<0.5% image)
safesync_v5_unified,ppec_00005,safety_footwear,4,"[0.9258, 0.7242, 0.957, 0.7633]",0.00122,Very small object (<0.5% image)
safesync_v5_unified,ppec_00005,safety_footwear,4,"[0.4102, 0.8141, 0.4461, 0.8516]",0.00135,Very small object (<0.5% image)
safesync_v5_unified,ppec_00005,safety_footwear,4,"[0.4422, 0.8195, 0.4766, 0.8555]",0.00124,Very small object (<0.5% image)
safesync_v5_unified,ppec_00005,safety_footwear,4,"[0.4891, 0.8242, 0.5266, 0.8586]",0.00129,Very small object (<0.5% image)
safesync_v5_unified,ppec_00005,safety_footwear,4,"[0.5305, 0.8219, 0.5602, 0.8641]",0.00125,Very small object (<0.5% image)
safesync_v5_unified,ppec_00005,safety_footwear,4,"[0.5734, 0.8313, 0.6094, 0.8609]",0.00107,Very small object (<0.5% image)
safesync_v5_unified,ppec_00005,safety_footwear,4,"[0.6086, 0.8312, 0.6398, 0.8656]",0.00107,Very small object (<0.5% image)
safesync_v5_unified,ppec_00005,safety_footwear,4,"[0.6625, 0.8289, 0.6969, 0.8664]",0.00129,Very small object (<0.5% image)
safesync_v5_unified,ppec_00005,safety_footwear,4,"[0.707, 0.8367, 0.743, 0.8695]",0.00118,Very small object (<0.5% image)
safesync_v5_unified,ppec_00005,safety_footwear,4,"[0.7422, 0.8391, 0.7859, 0.8703]",0.00137,Very small object (<0.5% image)
safesync_v5_unified,ppec_00005,safety_footwear,4,"[0.8, 0.8328, 0.8313, 0.8641]",0.00098,Very small object (<0.5% image)
safesync_v5_unified,ppec_00005,safety_footwear,4,"[0.832, 0.8383, 0.8773, 0.8664]",0.00127,Very small object (<0.5% image)
safesync_v5_unified,ppec_00005,safety_footwear,4,"[0.8977, 0.8383, 0.9227, 0.8664]",0.0007,Very small object (<0.5% image)
safesync_v5_unified,ppec_00005,safety_footwear,4,"[0.9219, 0.8391, 0.9531, 0.8656]",0.00083,Very small object (<0.5% image)
safesync_v5_unified,ppec_00007,person,0,"[0.1602, 0.1555, 0.9977, 0.9945]",0.70272,Edge clipped / camera boundary
safesync_v5_unified,ppec_00009,helmet,1,"[0.4516, 0.3047, 0.7578, 0.625]",0.0981,Partial occlusion / industrial lighting
safesync_v5_unified,ppec_00017,safety_vest,2,"[0.7047, 0.8008, 0.7391, 0.868]",0.00231,Very small object (<0.5% image)
safesync_v5_unified,ppec_00020,person,0,"[0.2938, 0.3359, 0.4547, 1.0]",0.10687,Edge clipped / camera boundary
safesync_v5_unified,ppec_00020,gloves,3,"[0.3281, 0.5391, 0.4109, 0.6219]",0.00686,Small distant object (0.5%-2% image)
safesync_v5_unified,ppec_00023,person,0,"[0.1703, 0.4031, 0.7672, 0.875]",0.28165,Partial occlusion / industrial lighting
safesync_v5_unified,ppec_00023,helmet,1,"[0.2234, 0.4781, 0.4422, 0.6828]",0.04478,Partial occlusion / industrial lighting
safesync_v5_unified,ppec_00024,person,0,"[0.2031, 0.2344, 0.6141, 1.0]",0.31462,Edge clipped / camera boundary
safesync_v5_unified,ppec_00032,safety_vest,2,"[0.0312, 0.2742, 0.2266, 0.4758]",0.03937,Partial occlusion / industrial lighting
safesync_v5_unified,ppec_00032,safety_vest,2,"[0.3586, 0.175, 0.6445, 0.4766]",0.08623,Partial occlusion / industrial lighting
safesync_v5_unified,ppec_00032,safety_vest,2,"[0.2305, 0.4922, 0.3555, 0.8297]",0.04219,Partial occlusion / industrial lighting
safesync_v5_unified,ppec_00032,safety_vest,2,"[0.0, 0.5117, 0.3563, 0.9977]",0.17312,Edge clipped / camera boundary
safesync_v5_unified,ppec_00032,safety_vest,2,"[0.3578, 0.4859, 0.5031, 0.7406]",0.03701,Partial occlusion / industrial lighting
safesync_v5_unified,ppec_00032,safety_vest,2,"[0.582, 0.4781, 0.7477, 0.6016]",0.02044,Partial occlusion / industrial lighting
safesync_v5_unified,ppec_00032,safety_vest,2,"[0.8914, 0.4781, 0.9977, 0.6281]",0.01594,Small distant object (0.5%-2% image)
safesync_v5_unified,ppec_00032,safety_vest,2,"[0.6727, 0.4781, 0.8508, 0.5656]",0.01559,Small distant object (0.5%-2% image)
safesync_v5_unified,ppec_00032,safety_vest,2,"[0.6297, 0.7711, 0.7891, 0.9977]",0.03611,Edge clipped / camera boundary
safesync_v5_unified,ppec_00034,person,0,"[0.4391, 0.0094, 0.7719, 0.9734]",0.32085,Edge clipped / camera boundary
safesync_v5_unified,ppec_00034,person,0,"[0.2734, 0.1031, 0.4375, 0.5437]",0.07229,Partial occlusion / industrial lighting
safesync_v5_unified,ppec_00034,person,0,"[0.7766, 0.0695, 0.9375, 0.5727]",0.08097,Extreme aspect ratio / pose
safesync_v5_unified,ppec_00034,helmet,1,"[0.1078, 0.4062, 0.2047, 0.5219]",0.0112,Small distant object (0.5%-2% image)
safesync_v5_unified,ppec_00040,person,0,"[-0.0, 0.2437, 0.3781, 1.0]",0.28596,Edge clipped / camera boundary
safesync_v5_unified,ppec_00043,safety_vest,2,"[0.0, 0.2156, 0.2672, 0.6469]",0.11522,Edge clipped / camera boundary
safesync_v5_unified,ppec_00043,safety_vest,2,"[0.2836, 0.0, 0.6133, 0.5797]",0.19112,Edge clipped / camera boundary
safesync_v5_unified,ppec_00043,safety_vest,2,"[0.6773, 0.0, 0.9445, 0.6109]",0.16324,Edge clipped / camera boundary
safesync_v5_unified,ppec_00043,safety_vest,2,"[0.0, 0.6484, 0.4656, 0.9969]",0.16224,Edge clipped / camera boundary
safesync_v5_unified,ppec_00043,safety_vest,2,"[0.6992, 0.8867, 0.8914, 0.9977]",0.02132,Edge clipped / camera boundary
safesync_v5_unified,ppec_00047,safety_vest,2,"[0.0023, 0.0734, 0.3023, 0.9141]",0.25219,Edge clipped / camera boundary
safesync_v5_unified,ppec_00047,safety_vest,2,"[0.15, 0.3523, 0.3641, 0.7383]",0.08261,Partial occlusion / industrial lighting
safesync_v5_unified,ppec_00047,safety_vest,2,"[0.1812, 0.0063, 1.0, 1.0]",0.81363,Edge clipped / camera boundary
safesync_v5_unified,ppec_00047,safety_vest,2,"[0.9234, 0.382, 1.0, 0.5805]",0.01519,Small distant object (0.5%-2% image)
safesync_v5_unified,ppec_00048,safety_vest,2,"[0.2844, 0.3437, 0.4562, 0.4953]",0.02605,Partial occlusion / industrial lighting
safesync_v5_unified,ppec_00054,person,0,"[0.0, 0.1562, 0.4484, 1.0]",0.37837,Edge clipped / camera boundary
safesync_v5_unified,ppec_00054,person,0,"[0.5586, 0.0641, 0.9977, 0.9078]",0.37046,Edge clipped / camera boundary
safesync_v5_unified,ppec_00054,helmet,1,"[0.0, 0.2125, 0.1719, 0.4016]",0.0325,Edge clipped / camera boundary
safesync_v5_unified,ppec_00056,person,0,"[0.6656, 0.3602, 0.9906, 0.8148]",0.14777,Edge clipped / camera boundary
safesync_v5_unified,ppec_00056,helmet,1,"[0.8914, 0.4203, 0.9977, 0.6422]",0.02357,Edge clipped / camera boundary
safesync_v5_unified,ppec_00057,person,0,"[0.0031, 0.2703, 0.5844, 1.0]",0.42413,Edge clipped / camera boundary
safesync_v5_unified,ppec_00071,safety_vest,2,"[0.2437, 0.0805, 0.3937, 0.382]",0.04523,Partial occlusion / industrial lighting
safesync_v5_unified,ppec_00071,safety_vest,2,"[0.7344, 0.2539, 0.7969, 0.3852]",0.0082,Small distant object (0.5%-2% image)
safesync_v5_unified,ppec_00071,safety_vest,2,"[0.3672, 0.3359, 0.4391, 0.4078]",0.00517,Small distant object (0.5%-2% image)
safesync_v5_unified,ppec_00073,safety_vest,2,"[0.1047, 0.7531, 0.7203, 1.0]",0.15198,Edge clipped / camera boundary
safesync_v5_unified,ppec_00077,gloves,3,"[0.5297, 0.557, 0.6438, 0.6727]",0.01319,Small distant object (0.5%-2% image)
safesync_v5_unified,ppec_00077,gloves,3,"[0.6641, 0.7023, 0.7594, 0.818]",0.01102,Small distant object (0.5%-2% image)
safesync_v5_unified,ppec_00078,person,0,"[0.2133, 0.2172, 0.6133, 1.0]",0.31312,Edge clipped / camera boundary
safesync_v5_unified,ppec_00078,gloves,3,"[0.493, 0.4414, 0.5539, 0.5289]",0.00533,Small distant object (0.5%-2% image)
safesync_v5_unified,ppec_00078,gloves,3,"[0.3297, 0.4945, 0.4828, 0.5805]",0.01316,Small distant object (0.5%-2% image)
safesync_v5_unified,ppec_00078,safety_footwear,4,"[0.4445, 0.9109, 0.5648, 0.9937]",0.00996,Small distant object (0.5%-2% image)
safesync_v5_unified,ppec_00086,gloves,3,"[0.2273, 0.2414, 0.5086, 0.4227]",0.05098,Partial occlusion / industrial lighting
safesync_v5_unified,ppec_00086,gloves,3,"[0.1844, 0.5961, 0.4516, 0.8039]",0.05552,Partial occlusion / industrial lighting
safesync_v5_unified,ppec_00087,person,0,"[0.0, 0.4711, 0.1094, 0.8555]",0.04204,Edge clipped / camera boundary
safesync_v5_unified,ppec_00087,person,0,"[0.1227, 0.4773, 0.3289, 0.8992]",0.08701,Partial occlusion / industrial lighting
safesync_v5_unified,ppec_00087,helmet,1,"[0.1523, 0.507, 0.2477, 0.6055]",0.00938,Small distant object (0.5%-2% image)
safesync_v5_unified,ppec_00087,helmet,1,"[0.0, 0.4977, 0.0672, 0.5883]",0.00609,Small distant object (0.5%-2% image)
safesync_v5_unified,ppec_00094,person,0,"[0.3352, 0.3203, 0.6789, 1.0]",0.23364,Edge clipped / camera boundary
safesync_v5_unified,ppec_00095,safety_vest,2,"[0.3578, 0.3805, 0.5609, 0.593]",0.04316,Partial occlusion / industrial lighting
safesync_v5_unified,ppec_00099,person,0,"[0.6461, 0.4914, 0.8867, 0.9992]",0.12219,Edge clipped / camera boundary
safesync_v5_unified,ppec_00099,helmet,1,"[0.8789, 0.725, 0.9414, 0.7875]",0.00391,Very small object (<0.5% image)
safesync_v5_unified,ppec_00099,helmet,1,"[0.8727, 0.868, 0.9461, 0.9508]",0.00608,Small distant object (0.5%-2% image)
safesync_v5_unified,ppec_00099,safety_vest,2,"[0.6922, 0.6508, 0.8469, 0.968]",0.04907,Partial occlusion / industrial lighting
safesync_v5_unified,ppec_00102,safety_vest,2,"[0.8469, 0.1883, 1.0, 0.5742]",0.0591,Edge clipped / camera boundary
safesync_v5_unified,ppec_00102,safety_vest,2,"[0.1867, 0.6414, 0.3039, 0.8023]",0.01886,Small distant object (0.5%-2% image)
safesync_v5_unified,ppec_00102,safety_vest,2,"[0.0227, 0.55, 0.1477, 0.7219]",0.02148,Partial occlusion / industrial lighting
safesync_v5_unified,ppec_00102,safety_vest,2,"[0.0367, 0.8953, 0.0836, 0.9813]",0.00403,Very small object (<0.5% image)
safesync_v5_unified,ppec_00104,safety_vest,2,"[0.3219, 0.2945, 0.5344, 0.532]",0.05047,Partial occlusion / industrial lighting
safesync_v5_unified,ppec_00107,safety_vest,2,"[0.3258, 0.4062, 0.518, 0.6062]",0.03844,Partial occlusion / industrial lighting
safesync_v5_unified,ppec_00111,person,0,"[0.4547, 0.2359, 0.9125, 1.0]",0.3498,Edge clipped / camera boundary
safesync_v5_unified,ppec_00111,safety_vest,2,"[0.4797, 0.4953, 0.775, 1.0]",0.14904,Edge clipped / camera boundary
safesync_v5_unified,ppec_00114,person,0,"[0.1359, 0.1578, 0.6375, 1.0]",0.42241,Edge clipped / camera boundary
safesync_v5_unified,ppec_00114,safety_vest,2,"[0.1633, 0.5203, 0.4664, 1.0]",0.14541,Edge clipped / camera boundary
safesync_v5_unified,ppec_00115,person,0,"[0.4805, 0.2922, 0.8227, 1.0]",0.2422,Edge clipped / camera boundary
safesync_v5_unified,ppec_00123,safety_vest,2,"[0.4344, 0.2937, 0.6359, 0.5328]",0.04819,Partial occlusion / industrial lighting
safesync_v5_unified,ppec_00125,person,0,"[0.2602, 0.1922, 0.4555, 0.65]",0.08942,Partial occlusion / industrial lighting
safesync_v5_unified,ppec_00125,person,0,"[0.043, 0.1031, 0.3461, 1.0]",0.27187,Edge clipped / camera boundary
safesync_v5_unified,ppec_00125,person,0,"[0.3766, 0.3125, 0.7797, 1.0]",0.27715,Edge clipped / camera boundary
safesync_v5_unified,ppec_00127,safety_vest,2,"[0.3195, 0.0672, 0.4711, 0.3844]",0.04807,Partial occlusion / industrial lighting
safesync_v5_unified,ppec_00127,safety_vest,2,"[0.0, 0.1203, 0.1422, 0.4234]",0.0431,Edge clipped / camera boundary
safesync_v5_unified,ppec_00127,safety_vest,2,"[0.1078, 0.6469, 0.3031, 0.9859]",0.06622,Edge clipped / camera boundary
safesync_v5_unified,ppec_00127,safety_vest,2,"[0.0, 0.668, 0.1953, 0.9977]",0.06439,Edge clipped / camera boundary
safesync_v5_unified,ppec_00127,safety_vest,2,"[0.3047, 0.5789, 0.3563, 0.6664]",0.00451,Very small object (<0.5% image)
safesync_v5_unified,ppec_00127,safety_vest,2,"[0.4875, 0.6203, 0.6469, 0.9156]",0.04707,Partial occlusion / industrial lighting
safesync_v5_unified,ppec_00127,safety_vest,2,"[0.8242, 0.7789, 0.9977, 0.9977]",0.03794,Edge clipped / camera boundary
safesync_v5_unified,ppec_00128,person,0,"[0.0562, 0.0336, 0.5031, 0.9852]",0.42523,Edge clipped / camera boundary
safesync_v5_unified,ppec_00128,helmet,1,"[0.2266, 0.0586, 0.4375, 0.3711]",0.06592,Partial occlusion / industrial lighting
safesync_v5_unified,ppec_00138,person,0,"[0.0, 0.1352, 0.5484, 0.8992]",0.41904,Edge clipped / camera boundary
safesync_v5_unified,ppec_00138,person,0,"[0.218, 0.2656, 0.8789, 0.9937]",0.48124,Edge clipped / camera boundary
safesync_v5_unified,ppec_00151,safety_vest,2,"[0.8109, 0.3328, 0.8875, 0.5297]",0.01507,Small distant object (0.5%-2% image)
safesync_v5_unified,ppec_00151,safety_vest,2,"[0.7453, 0.3289, 0.8375, 0.5242]",0.01801,Small distant object (0.5%-2% image)
safesync_v5_unified,ppec_00153,person,0,"[0.0117, 0.2469, 0.3852, 0.8437]",0.2229,Edge clipped / camera boundary
safesync_v5_unified,ppec_00153,helmet,1,"[0.2164, 0.4203, 0.3898, 0.5797]",0.02764,Partial occlusion / industrial lighting
safesync_v5_unified,ppec_00158,person,0,"[-0.0, 0.2281, 0.5641, 1.0]",0.43539,Edge clipped / camera boundary
safesync_v5_unified,ppec_00158,helmet,1,"[0.0, 0.2453, 0.2594, 0.4813]",0.0612,Edge clipped / camera boundary
safesync_v5_unified,ppec_00168,person,0,"[0.0844, 0.0531, 0.7969, 1.0]",0.67465,Edge clipped / camera boundary
safesync_v5_unified,ppec_00168,gloves,3,"[0.6133, 0.5883, 0.7867, 0.7383]",0.02602,Partial occlusion / industrial lighting
safesync_v5_unified,ppec_00168,gloves,3,"[0.2219, 0.6719, 0.6438, 0.875]",0.08569,Partial occlusion / industrial lighting
safesync_v5_unified,ppec_00169,person,0,"[0.2047, 0.0539, 1.0, 0.9977]",0.75058,Edge clipped / camera boundary
safesync_v5_unified,ppec_00172,safety_vest,2,"[0.0141, 0.0008, 0.2812, 0.1352]",0.0359,Edge clipped / camera boundary
safesync_v5_unified,ppec_00172,safety_vest,2,"[0.6328, 0.0305, 1.0, 0.2773]",0.09065,Edge clipped / camera boundary
safesync_v5_unified,ppec_00172,safety_vest,2,"[0.2492, 0.2203, 0.5711, 1.0]",0.25096,Edge clipped / camera boundary
safesync_v5_unified,ppec_00172,safety_vest,2,"[0.7422, 0.3805, 0.9812, 0.7523]",0.0889,Edge clipped / camera boundary
safesync_v5_unified,ppec_00172,safety_vest,2,"[0.6367, 0.4086, 0.8148, 0.6742]",0.04731,Partial occlusion / industrial lighting
safesync_v5_unified,ppec_00179,person,0,"[0.0648, 0.0422, 0.368, 1.0]",0.29034,Edge clipped / camera boundary
safesync_v5_unified,ppec_00179,person,0,"[0.5797, 0.0688, 0.9328, 1.0]",0.32885,Edge clipped / camera boundary
safesync_v5_unified,ppec_00179,gloves,3,"[0.5437, 0.6328, 0.6406, 0.6969]",0.00621,Small distant object (0.5%-2% image)
safesync_v5_unified,ppec_00179,gloves,3,"[0.5867, 0.6984, 0.7039, 0.8094]",0.013,Small distant object (0.5%-2% image)
safesync_v5_unified,ppec_00186,person,0,"[0.0719, 0.3875, 0.3094, 0.85]",0.10984,Partial occlusion / industrial lighting
safesync_v5_unified,ppec_00186,person,0,"[0.3055, 0.3555, 0.5523, 0.7727]",0.10299,Partial occlusion / industrial lighting
safesync_v5_unified,ppec_00186,person,0,"[0.5258, 0.2922, 0.7555, 0.7219]",0.09869,Partial occlusion / industrial lighting
safesync_v5_unified,ppec_00186,helmet,1,"[0.35, 0.3781, 0.4391, 0.4531]",0.00668,Small distant object (0.5%-2% image)
safesync_v5_unified,ppec_00186,helmet,1,"[0.0969, 0.4102, 0.2281, 0.5273]",0.01538,Small distant object (0.5%-2% image)
safesync_v5_unified,ppec_00186,helmet,1,"[0.5578, 0.3227, 0.6453, 0.4133]",0.00793,Small distant object (0.5%-2% image)
safesync_v5_unified,ppec_00191,helmet,1,"[0.3625, 0.4188, 0.6328, 0.6469]",0.06166,Partial occlusion / industrial lighting
safesync_v5_unified,ppec_00192,gloves,3,"[0.0547, 0.7859, 0.4047, 0.9969]",0.07383,Edge clipped / camera boundary
safesync_v5_unified,ppec_00196,safety_vest,2,"[0.6602, 0.4641, 0.6805, 0.5422]",0.00159,Very small object (<0.5% image)
safesync_v5_unified,ppec_00196,safety_vest,2,"[0.6906, 0.4695, 0.7125, 0.5398]",0.00154,Very small object (<0.5% image)
safesync_v5_unified,ppec_00200,safety_vest,2,"[0.0, 0.4953, 0.0344, 0.9969]",0.01724,Small distant object (0.5%-2% image)
safesync_v5_unified,ppec_00200,safety_vest,2,"[0.1688, 0.4219, 0.3, 0.7641]",0.04491,Partial occlusion / industrial lighting
safesync_v5_unified,ppec_00200,safety_vest,2,"[0.3383, 0.3914, 0.457, 0.5945]",0.02412,Partial occlusion / industrial lighting
safesync_v5_unified,ppec_00200,safety_vest,2,"[0.5656, 0.5, 0.7516, 0.8672]",0.06827,Partial occlusion / industrial lighting
safesync_v5_unified,ppec_00201,person,0,"[0.7234, 0.325, 1.0, 0.9516]",0.17328,Edge clipped / camera boundary
safesync_v5_unified,ppec_00201,person,0,"[0.6102, 0.3883, 0.8695, 0.8586]",0.12199,Partial occlusion / industrial lighting
safesync_v5_unified,ppec_00201,person,0,"[0.4602, 0.3609, 0.732, 0.8766]",0.14019,Partial occlusion / industrial lighting
safesync_v5_unified,ppec_00201,person,0,"[0.3844, 0.3367, 0.575, 0.7336]",0.07565,Partial occlusion / industrial lighting
safesync_v5_unified,ppec_00201,person,0,"[0.2336, 0.2695, 0.5055, 0.768]",0.13551,Partial occlusion / industrial lighting
safesync_v5_unified,ppec_00201,person,0,"[0.0719, 0.2563, 0.3219, 0.7312]",0.11875,Partial occlusion / industrial lighting
safesync_v5_unified,ppec_00201,helmet,1,"[0.7133, 0.4039, 0.7977, 0.5023]",0.00831,Small distant object (0.5%-2% image)
safesync_v5_unified,ppec_00201,safety_footwear,4,"[0.5375, 0.7594, 0.6094, 0.8312]",0.00517,Small distant object (0.5%-2% image)
safesync_v5_unified,ppec_00201,safety_footwear,4,"[0.4695, 0.6859, 0.5195, 0.7266]",0.00203,Very small object (<0.5% image)
safesync_v5_unified,ppec_00201,safety_footwear,4,"[0.407, 0.675, 0.4602, 0.7234]",0.00257,Very small object (<0.5% image)
safesync_v5_unified,ppec_00201,safety_footwear,4,"[0.6727, 0.7742, 0.7461, 0.8367]",0.00459,Very small object (<0.5% image)
safesync_v5_unified,ppec_00201,safety_footwear,4,"[0.65, 0.7445, 0.7203, 0.8023]",0.00406,Very small object (<0.5% image)
safesync_v5_unified,ppec_00201,safety_footwear,4,"[0.3289, 0.6773, 0.3805, 0.7336]",0.0029,Very small object (<0.5% image)
safesync_v5_unified,ppec_00201,safety_footwear,4,"[0.2914, 0.6633, 0.3445, 0.7211]",0.00307,Very small object (<0.5% image)
safesync_v5_unified,ppec_00201,safety_footwear,4,"[0.1844, 0.6773, 0.2641, 0.743]",0.00523,Small distant object (0.5%-2% image)
safesync_v5_unified,ppec_00201,safety_footwear,4,"[0.1398, 0.7047, 0.1961, 0.7719]",0.00378,Very small object (<0.5% image)
safesync_v5_unified,ppec_00201,safety_footwear,4,"[0.1328, 0.7727, 0.1922, 0.8414]",0.00408,Very small object (<0.5% image)
safesync_v5_unified,ppec_00201,safety_footwear,4,"[0.1617, 0.8172, 0.2523, 0.8969]",0.00722,Small distant object (0.5%-2% image)
safesync_v5_unified,ppec_00201,safety_footwear,4,"[0.7477, 0.8586, 0.832, 0.932]",0.0062,Small distant object (0.5%-2% image)
safesync_v5_unified,ppec_00201,safety_footwear,4,"[0.7336, 0.9148, 0.8383, 0.9898]",0.00785,Small distant object (0.5%-2% image)
safesync_v5_unified,ppec_00201,safety_footwear,4,"[0.6508, 0.9563, 0.707, 1.0]",0.00246,Very small object (<0.5% image)
safesync_v5_unified,ppec_00201,safety_footwear,4,"[0.6172, 0.9812, 0.6828, 1.0]",0.00123,Very small object (<0.5% image)
safesync_v5_unified,ppec_00201,safety_footwear,4,"[0.5211, 0.9062, 0.5945, 0.9703]",0.0047,Very small object (<0.5% image)
safesync_v5_unified,ppec_00201,safety_footwear,4,"[0.4797, 0.9203, 0.5563, 0.9859]",0.00502,Small distant object (0.5%-2% image)
safesync_v5_unified,ppec_00201,safety_footwear,4,"[0.3688, 0.932, 0.4219, 0.9773]",0.00241,Very small object (<0.5% image)
safesync_v5_unified,ppec_00201,safety_footwear,4,"[0.425, 0.9516, 0.4844, 1.0]",0.00288,Very small object (<0.5% image)
safesync_v5_unified,ppec_00201,safety_footwear,4,"[0.3, 0.893, 0.3516, 0.9461]",0.00274,Very small object (<0.5% image)
safesync_v5_unified,ppec_00201,safety_footwear,4,"[0.2625, 0.8859, 0.3078, 0.9391]",0.00241,Very small object (<0.5% image)
safesync_v5_unified,ppec_00201,safety_footwear,4,"[0.625, 0.6844, 0.6781, 0.7266]",0.00224,Very small object (<0.5% image)
safesync_v5_unified,ppec_00202,person,0,"[0.3656, 0.1047, 0.8422, 1.0]",0.42667,Edge clipped / camera boundary
safesync_v5_unified,ppec_00203,safety_vest,2,"[0.3492, 0.4555, 0.4211, 0.5945]",0.01,Small distant object (0.5%-2% image)
safesync_v5_unified,ppec_00203,safety_vest,2,"[0.4414, 0.4484, 0.5117, 0.5891]",0.00989,Small distant object (0.5%-2% image)
safesync_v5_unified,ppec_00206,helmet,1,"[0.5945, 0.0984, 0.7352, 0.3813]",0.03977,Partial occlusion / industrial lighting
safesync_v5_unified,ppec_00206,safety_vest,2,"[0.7125, 0.3203, 0.9281, 0.85]",0.11421,Partial occlusion / industrial lighting
safesync_v5_unified,ppec_00206,gloves,3,"[0.5648, 0.657, 0.7258, 0.8867]",0.03697,Partial occlusion / industrial lighting
safesync_v5_unified,ppec_00207,person,0,"[0.0266, 0.0797, 1.0, 1.0]",0.89587,Edge clipped / camera boundary
safesync_v5_unified,ppec_00207,gloves,3,"[0.118, 0.5664, 0.3727, 0.7664]",0.05094,Partial occlusion / industrial lighting
safesync_v5_unified,ppec_00207,gloves,3,"[0.3391, 0.8406, 0.6734, 1.0]",0.05329,Edge clipped / camera boundary
safesync_v5_unified,ppec_00209,safety_vest,2,"[0.3156, 0.3414, 0.4875, 0.5258]",0.03169,Partial occlusion / industrial lighting
safesync_v5_unified,ppec_00210,safety_vest,2,"[0.032, 0.2891, 0.2086, 0.6578]",0.06511,Partial occlusion / industrial lighting
safesync_v5_unified,ppec_00221,gloves,3,"[0.72, 0.4489, 0.8888, 0.6679]",0.03698,Partial occlusion / industrial lighting
safesync_v5_unified,ppec_00222,safety_vest,2,"[0.6531, 0.0, 0.8547, 0.3312]",0.06677,Edge clipped / camera boundary
safesync_v5_unified,ppec_00222,safety_vest,2,"[0.5359, 0.0266, 0.6687, 0.2766]",0.0332,Partial occlusion / industrial lighting
safesync_v5_unified,ppec_00222,safety_vest,2,"[-0.0, 0.7086, 0.2328, 0.9977]",0.0673,Edge clipped / camera boundary
safesync_v5_unified,ppec_00222,safety_vest,2,"[0.3992, 0.7859, 0.632, 0.9984]",0.04947,Edge clipped / camera boundary
safesync_v5_unified,ppec_00222,safety_vest,2,"[0.5742, 0.7547, 0.8758, 0.9984]",0.07351,Edge clipped / camera boundary
safesync_v5_unified,ppec_00222,safety_vest,2,"[0.7336, 0.7086, 0.9977, 0.9977]",0.07633,Edge clipped / camera boundary
safesync_v5_unified,ppec_00224,safety_footwear,4,"[0.2219, 0.3289, 0.9563, 0.9086]",0.42571,Partial occlusion / industrial lighting
safesync_v5_unified,ppec_00225,person,0,"[0.5258, 0.082, 0.7211, 0.9977]",0.17883,Edge clipped / camera boundary
safesync_v5_unified,ppec_00231,safety_footwear,4,"[0.5445, 0.5125, 0.8414, 0.9219]",0.12153,Partial occlusion / industrial lighting
safesync_v5_unified,ppec_00231,safety_footwear,4,"[0.3602, 0.2742, 0.6867, 0.5523]",0.09083,Partial occlusion / industrial lighting
safesync_v5_unified,ppec_00237,safety_vest,2,"[0.0047, 0.1937, 0.3297, 0.5484]",0.11527,Edge clipped / camera boundary
safesync_v5_unified,ppec_00237,safety_vest,2,"[0.4266, 0.0172, 0.9312, 0.4688]",0.2279,Edge clipped / camera boundary
safesync_v5_unified,ppec_00237,safety_vest,2,"[0.3305, 0.4414, 0.5961, 0.6445]",0.05396,Partial occlusion / industrial lighting
safesync_v5_unified,ppec_00237,safety_vest,2,"[0.6016, 0.3758, 0.9484, 0.5773]",0.06992,Partial occlusion / industrial lighting
safesync_v5_unified,ppec_00238,person,0,"[0.5258, 0.1758, 0.6539, 0.8461]",0.08588,Extreme aspect ratio / pose
safesync_v5_unified,ppec_00241,safety_vest,2,"[0.5852, 0.0008, 0.9992, 0.9852]",0.40759,Edge clipped / camera boundary
safesync_v5_unified,ppec_00246,person,0,"[0.0, 0.0453, 0.4734, 1.0]",0.45199,Edge clipped / camera boundary
safesync_v5_unified,ppec_00246,helmet,1,"[0.0211, 0.0922, 0.2242, 0.2875]",0.03967,Partial occlusion / industrial lighting
safesync_v5_unified,ppec_00246,gloves,3,"[0.2969, 0.6453, 0.4031, 0.7875]",0.01511,Small distant object (0.5%-2% image)
safesync_v5_unified,ppec_00246,gloves,3,"[0.1742, 0.6641, 0.3258, 0.8922]",0.03458,Partial occlusion / industrial lighting
safesync_v5_unified,ppec_00248,person,0,"[0.3719, 0.0219, 0.7, 0.5219]",0.16406,Partial occlusion / industrial lighting
safesync_v5_unified,ppec_00248,gloves,3,"[0.5711, 0.3539, 0.6477, 0.4492]",0.0073,Small distant object (0.5%-2% image)
safesync_v5_unified,ppec_00248,gloves,3,"[0.443, 0.3078, 0.5508, 0.4828]",0.01887,Small distant object (0.5%-2% image)
safesync_v5_unified,ppec_00251,safety_vest,2,"[0.3914, 0.3773, 0.5883, 0.5805]",0.03999,Partial occlusion / industrial lighting
safesync_v5_unified,ppec_00254,person,0,"[0.1977, 0.1281, 0.8914, 1.0]",0.60486,Edge clipped / camera boundary
safesync_v5_unified,ppec_00256,helmet,1,"[0.0344, 0.2234, 0.2687, 0.6156]",0.09192,Partial occlusion / industrial lighting
safesync_v5_unified,ppec_00256,helmet,1,"[0.5344, 0.2563, 0.8125, 0.6656]",0.11386,Partial occlusion / industrial lighting
safesync_v5_unified,ppec_00257,person,0,"[0.0703, 0.0109, 0.3766, 0.6969]",0.21007,Edge clipped / camera boundary
safesync_v5_unified,ppec_00257,person,0,"[0.6164, 0.2984, 0.9211, 0.8703]",0.17424,Partial occlusion / industrial lighting
safesync_v5_unified,ppec_00257,gloves,3,"[0.1078, 0.5563, 0.1812, 0.6625]",0.0078,Small distant object (0.5%-2% image)
safesync_v5_unified,ppec_00257,gloves,3,"[0.6727, 0.657, 0.7305, 0.7242]",0.00388,Very small object (<0.5% image)
safesync_v5_unified,ppec_00257,gloves,3,"[0.8438, 0.657, 0.8969, 0.793]",0.00722,Small distant object (0.5%-2% image)
safesync_v5_unified,ppec_00271,person,0,"[0.0, 0.0, 0.9234, 1.0]",0.92344,Edge clipped / camera boundary
safesync_v5_unified,ppec_00271,safety_footwear,4,"[0.257, 0.8859, 0.3883, 1.0]",0.01497,Small distant object (0.5%-2% image)
safesync_v5_unified,ppec_00271,safety_footwear,4,"[0.3992, 0.8898, 0.5164, 0.9992]",0.01282,Small distant object (0.5%-2% image)
safesync_v5_unified,ppec_00272,safety_footwear,4,"[0.4398, 0.9016, 0.5273, 0.9812]",0.00697,Small distant object (0.5%-2% image)
safesync_v5_unified,ppec_00272,safety_footwear,4,"[0.382, 0.9438, 0.4555, 0.9844]",0.00298,Very small object (<0.5% image)
safesync_v5_unified,ppec_00273,safety_vest,2,"[0.3406, 0.3969, 0.5375, 0.6203]",0.04399,Partial occlusion / industrial lighting
safesync_v5_unified,ppec_00280,person,0,"[0.5117, 0.0867, 0.6398, 0.4633]",0.04825,Partial occlusion / industrial lighting
safesync_v5_unified,ppec_00280,person,0,"[0.4156, 0.1539, 0.5172, 0.4117]",0.02618,Partial occlusion / industrial lighting
safesync_v5_unified,ppec_00280,person,0,"[0.8273, 0.0961, 0.8992, 0.418]",0.02313,Extreme aspect ratio / pose
safesync_v5_unified,ppec_00288,person,0,"[0.2836, 0.0898, 0.4602, 0.7008]",0.10787,Extreme aspect ratio / pose
safesync_v5_unified,ppec_00288,person,0,"[0.4086, 0.2188, 0.7508, 0.8016]",0.19943,Partial occlusion / industrial lighting
safesync_v5_unified,ppec_00288,gloves,3,"[0.2984, 0.55, 0.3797, 0.6828]",0.01079,Small distant object (0.5%-2% image)
safesync_v5_unified,ppec_00288,gloves,3,"[0.4047, 0.6172, 0.4688, 0.6672]",0.0032,Very small object (<0.5% image)
safesync_v5_unified,ppec_00288,gloves,3,"[0.6219, 0.6242, 0.7469, 0.7586]",0.0168,Small distant object (0.5%-2% image)
safesync_v5_unified,ppec_00293,helmet,1,"[0.7359, 0.1492, 0.8188, 0.2633]",0.00945,Small distant object (0.5%-2% image)
safesync_v5_unified,ppec_00293,gloves,3,"[0.6195, 0.3805, 0.6789, 0.4508]",0.00417,Very small object (<0.5% image)
safesync_v5_unified,ppec_00293,gloves,3,"[0.1906, 0.1289, 0.2375, 0.2164]",0.0041,Very small object (<0.5% image)
safesync_v5_unified,ppec_00293,safety_footwear,4,"[0.7812, 0.8422, 0.8516, 0.8969]",0.00385,Very small object (<0.5% image)
safesync_v5_unified,ppec_00293,safety_footwear,4,"[0.8867, 0.8477, 0.9477, 0.9008]",0.00324,Very small object (<0.5% image)
safesync_v5_unified,ppec_00293,safety_footwear,4,"[0.2508, 0.8406, 0.2945, 0.8922]",0.00226,Very small object (<0.5% image)
safesync_v5_unified,ppec_00302,person,0,"[0.1477, 0.0211, 0.4852, 0.7352]",0.241,Partial occlusion / industrial lighting
safesync_v5_unified,ppec_00302,helmet,1,"[0.2289, 0.0578, 0.382, 0.2078]",0.02297,Partial occlusion / industrial lighting
safesync_v5_unified,ppec_00304,person,0,"[0.4602, 0.0039, 0.7055, 0.6789]",0.16559,Edge clipped / camera boundary
safesync_v5_unified,ppec_00307,person,0,"[0.8008, 0.3117, 0.9977, 0.9617]",0.12797,Edge clipped / camera boundary
safesync_v5_unified,ppec_00307,helmet,1,"[0.8289, 0.3461, 0.9789, 0.4805]",0.02016,Partial occlusion / industrial lighting
safesync_v5_unified,ppec_00308,person,0,"[0.0398, 0.3031, 0.4648, 0.9984]",0.29551,Edge clipped / camera boundary
safesync_v5_unified,ppec_00320,person,0,"[0.0984, 0.1125, 0.4469, 1.0]",0.30924,Edge clipped / camera boundary
safesync_v5_unified,ppec_00321,person,0,"[0.0227, 0.0, 0.5258, 1.0]",0.50313,Edge clipped / camera boundary
safesync_v5_unified,ppec_00321,person,0,"[0.3859, 0.0703, 0.7953, 1.0]",0.38059,Edge clipped / camera boundary
safesync_v5_unified,ppec_00321,helmet,1,"[0.4969, 0.1602, 0.5563, 0.2523]",0.00547,Small distant object (0.5%-2% image)
safesync_v5_unified,ppec_00322,person,0,"[0.2125, 0.2719, 0.5609, 1.0]",0.25371,Edge clipped / camera boundary
safesync_v5_unified,ppec_00322,person,0,"[0.4086, 0.2672, 0.7336, 1.0]",0.23816,Edge clipped / camera boundary
safesync_v5_unified,ppec_00322,helmet,1,"[0.4586, 0.3484, 0.6086, 0.5734]",0.03375,Partial occlusion / industrial lighting
safesync_v5_unified,ppec_00328,person,0,"[0.0945, 0.0125, 0.5477, 0.9766]",0.43684,Edge clipped / camera boundary
safesync_v5_unified,ppec_00330,gloves,3,"[0.516, 0.5163, 0.6361, 0.6868]",0.02047,Partial occlusion / industrial lighting
safesync_v5_unified,ppec_00330,gloves,3,"[0.3003, 0.6364, 0.4894, 0.8436]",0.03918,Partial occlusion / industrial lighting
safesync_v5_unified,ppec_00331,safety_vest,2,"[0.5148, 0.3023, 0.743, 0.5633]",0.05953,Partial occlusion / industrial lighting
safesync_v5_unified,ppec_00332,safety_vest,2,"[0.0156, 0.1156, 0.5547, 0.4781]",0.19541,Edge clipped / camera boundary
safesync_v5_unified,ppec_00332,safety_vest,2,"[0.0156, 0.0016, 0.3797, 0.4156]",0.15074,Edge clipped / camera boundary
safesync_v5_unified,ppec_00332,safety_vest,2,"[0.6828, 0.3461, 0.8781, 0.5508]",0.03998,Partial occlusion / industrial lighting
safesync_v5_unified,ppec_00332,safety_vest,2,"[0.8164, 0.3969, 0.9914, 0.6187]",0.03883,Edge clipped / camera boundary
safesync_v5_unified,ppec_00332,safety_vest,2,"[0.043, 0.4586, 0.5258, 0.9602]",0.24216,Partial occlusion / industrial lighting
safesync_v5_unified,ppec_00334,person,0,"[0.0422, 0.257, 0.8641, 0.9133]",0.53936,Partial occlusion / industrial lighting
safesync_v5_unified,ppec_00334,gloves,3,"[0.6961, 0.3563, 0.8195, 0.575]",0.027,Partial occlusion / industrial lighting
safesync_v5_unified,ppec_00334,gloves,3,"[0.0867, 0.6719, 0.2602, 0.875]",0.03523,Partial occlusion / industrial lighting
safesync_v5_unified,ppec_00344,person,0,"[0.3031, 0.4992, 0.4813, 0.9977]",0.08878,Edge clipped / camera boundary
safesync_v5_unified,ppec_00344,person,0,"[-0.0, 0.5109, 0.0906, 0.9031]",0.03554,Edge clipped / camera boundary
safesync_v5_unified,ppec_00345,safety_vest,2,"[0.5328, 0.3523, 0.5875, 0.4461]",0.00513,Small distant object (0.5%-2% image)
safesync_v5_unified,ppec_00345,safety_vest,2,"[0.3102, 0.2227, 0.3648, 0.3164]",0.00513,Small distant object (0.5%-2% image)
safesync_v5_unified,ppec_00345,safety_vest,2,"[0.2469, 0.7648, 0.3234, 0.8852]",0.00921,Small distant object (0.5%-2% image)
safesync_v5_unified,ppec_00345,safety_vest,2,"[0.1219, 0.75, 0.2016, 0.8375]",0.00697,Small distant object (0.5%-2% image)
safesync_v5_unified,ppec_00345,safety_vest,2,"[0.6039, 0.7586, 0.6727, 0.8664]",0.00741,Small distant object (0.5%-2% image)
safesync_v5_unified,ppec_00345,safety_vest,2,"[0.457, 0.6852, 0.518, 0.8133]",0.00781,Small distant object (0.5%-2% image)
safesync_v5_unified,ppec_00345,safety_vest,2,"[0.407, 0.5852, 0.4727, 0.682]",0.00636,Small distant object (0.5%-2% image)
safesync_v5_unified,ppec_00345,safety_vest,2,"[0.8187, 0.4953, 0.8953, 0.5859]",0.00694,Small distant object (0.5%-2% image)
safesync_v5_unified,ppec_00346,person,0,"[0.3172, 0.1922, 0.7703, 1.0]",0.36604,Edge clipped / camera boundary
safesync_v5_unified,ppec_00353,safety_vest,2,"[0.3398, 0.5195, 0.4617, 0.7492]",0.02799,Partial occlusion / industrial lighting
safesync_v5_unified,ppec_00354,gloves,3,"[0.1102, 0.3102, 0.2273, 0.5773]",0.03131,Partial occlusion / industrial lighting
safesync_v5_unified,ppec_00354,gloves,3,"[0.1555, 0.3594, 0.2539, 0.6]",0.02369,Partial occlusion / industrial lighting
safesync_v5_unified,ppec_00354,gloves,3,"[0.2266, 0.3203, 0.3719, 0.6953]",0.05449,Partial occlusion / industrial lighting
safesync_v5_unified,ppec_00354,gloves,3,"[0.1836, 0.35, 0.3039, 0.6656]",0.03797,Partial occlusion / industrial lighting
safesync_v5_unified,ppec_00354,gloves,3,"[0.2492, 0.3477, 0.418, 0.7477]",0.0675,Partial occlusion / industrial lighting
safesync_v5_unified,ppec_00354,gloves,3,"[0.2953, 0.3805, 0.4828, 0.8289]",0.08408,Partial occlusion / industrial lighting
safesync_v5_unified,ppec_00354,gloves,3,"[0.3375, 0.3922, 0.5828, 0.9469]",0.13607,Partial occlusion / industrial lighting
safesync_v5_unified,ppec_00354,gloves,3,"[0.5734, 0.4094, 0.8937, 1.0]",0.18918,Edge clipped / camera boundary
safesync_v5_unified,ppec_00354,gloves,3,"[0.7625, 0.4609, 1.0, 1.0]",0.12803,Edge clipped / camera boundary
safesync_v5_unified,ppec_00354,gloves,3,"[0.4289, 0.4187, 0.7023, 1.0]",0.15894,Edge clipped / camera boundary
safesync_v5_unified,ppec_00354,gloves,3,"[0.0656, 0.5953, 0.1688, 0.6859]",0.00935,Small distant object (0.5%-2% image)
safesync_v5_unified,ppec_00354,gloves,3,"[0.0672, 0.6586, 0.1828, 0.7492]",0.01048,Small distant object (0.5%-2% image)
safesync_v5_unified,ppec_00354,gloves,3,"[0.0695, 0.7211, 0.207, 0.8461]",0.01719,Small distant object (0.5%-2% image)
safesync_v5_unified,ppec_00356,person,0,"[0.0016, 0.0016, 0.5844, 1.0]",0.5819,Edge clipped / camera boundary
safesync_v5_unified,ppec_00357,safety_vest,2,"[0.2164, 0.3336, 0.4508, 0.568]",0.05493,Partial occlusion / industrial lighting
safesync_v5_unified,ppec_00362,safety_vest,2,"[0.1234, 0.3273, 0.2344, 0.6102]",0.03137,Partial occlusion / industrial lighting
safesync_v5_unified,ppec_00362,safety_vest,2,"[0.2016, 0.3125, 0.35, 0.6687]",0.05288,Partial occlusion / industrial lighting
safesync_v5_unified,ppec_00362,safety_vest,2,"[0.3039, 0.3773, 0.4461, 0.6836]",0.04355,Partial occlusion / industrial lighting
safesync_v5_unified,ppec_00363,gloves,3,"[0.3269, 0.4366, 0.4655, 0.5511]",0.01587,Small distant object (0.5%-2% image)
safesync_v5_unified,ppec_00363,gloves,3,"[0.2666, 0.8201, 0.4258, 0.9884]",0.0268,Edge clipped / camera boundary
safesync_v5_unified,ppec_00365,safety_vest,2,"[0.5219, 0.55, 0.7797, 1.0]",0.11602,Edge clipped / camera boundary
safesync_v5_unified,ppec_00370,person,0,"[0.5984, 0.2859, 0.8562, 0.8422]",0.14341,Partial occlusion / industrial lighting
safesync_v5_unified,ppec_00370,helmet,1,"[0.7016, 0.3336, 0.8078, 0.4523]",0.01262,Small distant object (0.5%-2% image)
safesync_v5_unified,ppec_00373,person,0,"[0.4328, 0.1469, 0.6109, 1.0]",0.15196,Edge clipped / camera boundary
safesync_v5_unified,ppec_00373,person,0,"[0.743, 0.1633, 0.957, 0.9461]",0.16757,Extreme aspect ratio / pose
safesync_v5_unified,ppec_00373,person,0,"[0.6289, 0.0922, 0.7898, 0.7875]",0.1119,Extreme aspect ratio / pose
safesync_v5_unified,ppec_00373,helmet,1,"[0.6563, 0.1414, 0.7219, 0.1992]",0.00379,Very small object (<0.5% image)
safesync_v5_unified,ppec_00373,helmet,1,"[0.45, 0.1664, 0.5641, 0.3461]",0.0205,Partial occlusion / industrial lighting
safesync_v5_unified,ppec_00373,gloves,3,"[0.3063, 0.3484, 0.4047, 0.4375]",0.00877,Small distant object (0.5%-2% image)
safesync_v5_unified,ppec_00373,safety_footwear,4,"[0.8008, 0.818, 0.9352, 0.9523]",0.01806,Small distant object (0.5%-2% image)
safesync_v5_unified,ppec_00373,safety_footwear,4,"[0.7391, 0.7195, 0.7812, 0.7867]",0.00283,Very small object (<0.5% image)
safesync_v5_unified,ppec_00374,person,0,"[0.1289, 0.2078, 0.4961, 0.9797]",0.28342,Partial occlusion / industrial lighting
safesync_v5_unified,ppec_00374,person,0,"[0.7477, 0.4602, 0.8555, 0.5961]",0.01466,Small distant object (0.5%-2% image)
safesync_v5_unified,ppec_00374,helmet,1,"[0.275, 0.2391, 0.4047, 0.4125]",0.02249,Partial occlusion / industrial lighting
safesync_v5_unified,ppec_00374,helmet,1,"[0.3461, 0.3578, 0.443, 0.4578]",0.00969,Small distant object (0.5%-2% image)
safesync_v5_unified,ppec_00376,safety_vest,2,"[0.5969, 0.3281, 1.0, 1.0]",0.27085,Edge clipped / camera boundary
safesync_v5_unified,ppec_00382,safety_vest,2,"[0.0, 0.6648, 0.1625, 0.9992]",0.05434,Edge clipped / camera boundary
safesync_v5_unified,ppec_00383,helmet,1,"[0.5359, 0.1055, 0.7719, 0.7195]",0.14488,Partial occlusion / industrial lighting
safesync_v5_unified,ppec_00384,safety_vest,2,"[0.4016, 0.3242, 0.5859, 0.5289]",0.03774,Partial occlusion / industrial lighting
safesync_v5_unified,ppec_00389,person,0,"[0.1938, -0.0, 1.0, 0.9969]",0.80373,Edge clipped / camera boundary
safesync_v5_unified,ppec_00389,gloves,3,"[0.3109, 0.5852, 0.4766, 0.7914]",0.03416,Partial occlusion / industrial lighting
safesync_v5_unified,ppec_00391,safety_footwear,4,"[0.5312, 0.7234, 0.5906, 0.7781]",0.00325,Very small object (<0.5% image)
safesync_v5_unified,ppec_00391,safety_footwear,4,"[0.4719, 0.7133, 0.5156, 0.7883]",0.00328,Very small object (<0.5% image)
safesync_v5_unified,ppec_00398,safety_vest,2,"[-0.0, 0.4328, 0.1453, 0.9578]",0.07629,Edge clipped / camera boundary
safesync_v5_unified,ppec_00398,safety_vest,2,"[0.7375, 0.5367, 0.9797, 0.8523]",0.07644,Partial occlusion / industrial lighting
safesync_v5_unified,ppec_00398,safety_vest,2,"[0.3937, 0.4594, 0.6031, 0.8422]",0.08015,Partial occlusion / industrial lighting
safesync_v5_unified,ppec_00399,safety_vest,2,"[0.4203, 0.3688, 0.6, 0.5422]",0.03116,Partial occlusion / industrial lighting
safesync_v5_unified,ppec_00400,person,0,"[0.4187, 0.0109, 1.0, 1.0]",0.57489,Edge clipped / camera boundary
safesync_v5_unified,ppec_00400,person,0,"[0.0, 0.2, 0.6141, 1.0]",0.49125,Edge clipped / camera boundary
safesync_v5_unified,ppec_00400,safety_vest,2,"[0.607, 0.3391, 0.9852, 0.9859]",0.2446,Edge clipped / camera boundary
safesync_v5_unified,ppec_00400,safety_vest,2,"[0.0445, 0.5859, 0.457, 1.0]",0.1708,Edge clipped / camera boundary
safesync_v5_unified,ppec_00404,safety_vest,2,"[0.4359, 0.3477, 0.6016, 0.5305]",0.03028,Partial occlusion / industrial lighting
safesync_v5_unified,ppec_00409,person,0,"[0.1188, 0.2953, 0.4531, 1.0]",0.23563,Edge clipped / camera boundary
safesync_v5_unified,ppec_00409,person,0,"[0.4391, 0.3969, 0.7359, 1.0]",0.17905,Edge clipped / camera boundary
safesync_v5_unified,ppec_00409,person,0,"[0.7117, 0.4031, 0.9789, 1.0]",0.15948,Edge clipped / camera boundary
safesync_v5_unified,safup_00002,person,0,"[0.7328, 0.3992, 0.9531, 0.9039]",0.11119,Partial occlusion / industrial lighting
safesync_v5_unified,safup_00002,person,0,"[0.7, 0.1148, 0.8531, 0.8414]",0.11125,Extreme aspect ratio / pose
safesync_v5_unified,safup_00002,person,0,"[0.5469, 0.1094, 0.7047, 0.8406]",0.1154,Extreme aspect ratio / pose
safesync_v5_unified,safup_00002,person,0,"[0.0, 0.1359, 0.2484, 1.0]",0.21467,Edge clipped / camera boundary
safesync_v5_unified,safup_00002,helmet,1,"[0.0648, 0.1406, 0.1367, 0.2219]",0.00584,Small distant object (0.5%-2% image)
safesync_v5_unified,safup_00002,helmet,1,"[0.7266, 0.1125, 0.7844, 0.1719]",0.00343,Very small object (<0.5% image)
safesync_v5_unified,safup_00002,helmet,1,"[0.8, 0.4047, 0.8531, 0.4688]",0.0034,Very small object (<0.5% image)
safesync_v5_unified,safup_00002,safety_vest,2,"[0.0203, 0.2766, 0.1734, 0.6016]",0.04977,Partial occlusion / industrial lighting
safesync_v5_unified,safup_00002,safety_vest,2,"[0.5688, 0.2359, 0.6844, 0.4953]",0.02999,Partial occlusion / industrial lighting
safesync_v5_unified,safup_00002,safety_vest,2,"[0.7031, 0.2219, 0.8203, 0.475]",0.02966,Partial occlusion / industrial lighting
safesync_v5_unified,safup_00002,safety_vest,2,"[0.7922, 0.5203, 0.9156, 0.7469]",0.02797,Partial occlusion / industrial lighting
safesync_v5_unified,safup_00010,person,0,"[0.0258, 0.1305, 0.6508, 0.9445]",0.50879,Partial occlusion / industrial lighting
safesync_v5_unified,safup_00010,safety_vest,2,"[0.275, 0.2797, 0.4297, 0.5313]",0.03891,Partial occlusion / industrial lighting
safesync_v5_unified,safup_00011,person,0,"[0.2508, 0.1523, 0.4961, 0.9336]",0.19165,Extreme aspect ratio / pose
safesync_v5_unified,safup_00011,safety_vest,2,"[0.2937, 0.2969, 0.4156, 0.5469]",0.03047,Partial occlusion / industrial lighting
safesync_v5_unified,safup_00016,person,0,"[0.6633, 0.0961, 0.868, 0.968]",0.17846,Extreme aspect ratio / pose
safesync_v5_unified,safup_00016,person,0,"[0.3953, 0.0719, 0.6547, 0.9703]",0.23303,Extreme aspect ratio / pose
safesync_v5_unified,safup_00016,safety_vest,2,"[0.4359, 0.2266, 0.5953, 0.5984]",0.05927,Partial occlusion / industrial lighting
safesync_v5_unified,safup_00016,safety_vest,2,"[0.6766, 0.2422, 0.8672, 0.625]",0.07297,Partial occlusion / industrial lighting
safesync_v5_unified,safup_00018,person,0,"[0.0, 0.0688, 0.4125, 0.9109]",0.3474,Edge clipped / camera boundary
safesync_v5_unified,safup_00018,person,0,"[0.5875, 0.0762, 1.0, 0.8863]",0.33419,Edge clipped / camera boundary
safesync_v5_unified,safup_00018,safety_vest,2,"[0.0164, 0.3176, 0.3117, 0.7824]",0.13727,Edge clipped / camera boundary
safesync_v5_unified,safup_00018,safety_vest,2,"[0.6391, 0.3207, 0.9984, 0.8168]",0.17828,Edge clipped / camera boundary
safesync_v5_unified,safup_00019,person,0,"[0.3516, 0.0852, 0.7188, 0.7727]",0.25244,Partial occlusion / industrial lighting
safesync_v5_unified,safup_00019,helmet,1,"[0.4266, 0.0961, 0.5953, 0.168]",0.01213,Small distant object (0.5%-2% image)
safesync_v5_unified,safup_00019,safety_vest,2,"[0.4, 0.2328, 0.6469, 0.475]",0.05979,Partial occlusion / industrial lighting
safesync_v5_unified,safup_00022,safety_vest,2,"[0.0719, 0.0, 0.9063, 1.0]",0.83437,Edge clipped / camera boundary
safesync_v5_unified,safup_00026,person,0,"[0.0047, 0.0, 1.0, 1.0]",0.99531,Edge clipped / camera boundary
safesync_v5_unified,safup_00026,helmet,1,"[0.4062, 0.0086, 0.6687, 0.143]",0.03527,Edge clipped / camera boundary
safesync_v5_unified,safup_00028,person,0,"[0.3445, 0.0258, 0.843, 0.7664]",0.36916,Partial occlusion / industrial lighting
safesync_v5_unified,safup_00039,person,0,"[0.3375, 0.2277, 0.3703, 0.3113]",0.00274,Very small object (<0.5% image)
safesync_v5_unified,safup_00045,helmet,1,"[0.3543, 0.0914, 0.4379, 0.1727]",0.00679,Small distant object (0.5%-2% image)
safesync_v5_unified,safup_00045,helmet,1,"[0.5148, 0.1684, 0.5742, 0.2254]",0.00339,Very small object (<0.5% image)
safesync_v5_unified,safup_00045,helmet,1,"[0.6777, 0.0852, 0.777, 0.1664]",0.00806,Small distant object (0.5%-2% image)
safesync_v5_unified,safup_00045,safety_vest,2,"[0.6383, 0.2336, 0.8086, 0.5461]",0.05322,Partial occlusion / industrial lighting
safesync_v5_unified,safup_00046,person,0,"[0.609, 0.0852, 0.7957, 0.8586]",0.14442,Extreme aspect ratio / pose
safesync_v5_unified,safup_00051,person,0,"[0.2484, 0.0922, 0.6406, 1.0]",0.35603,Edge clipped / camera boundary
safesync_v5_unified,safup_00051,safety_vest,2,"[0.3656, 0.2844, 0.5422, 0.6016]",0.056,Partial occlusion / industrial lighting
safesync_v5_unified,safup_00052,person,0,"[0.3039, 0.1305, 0.6305, 0.9445]",0.26584,Partial occlusion / industrial lighting
safesync_v5_unified,safup_00052,safety_vest,2,"[0.3875, 0.3109, 0.5984, 0.5734]",0.05537,Partial occlusion / industrial lighting
safesync_v5_unified,safup_00058,person,0,"[0.3375, 0.118, 0.6359, 0.757]",0.19072,Partial occlusion / industrial lighting
safesync_v5_unified,safup_00058,helmet,1,"[0.3613, 0.0887, 0.6215, 0.2832]",0.05061,Partial occlusion / industrial lighting
safesync_v5_unified,safup_00064,person,0,"[0.4043, 0.7738, 0.6973, 0.9996]",0.06615,Edge clipped / camera boundary
safesync_v5_unified,safup_00064,person,0,"[0.1164, 0.2574, 0.1352, 0.3676]",0.00207,Very small object (<0.5% image)
safesync_v5_unified,safup_00066,safety_vest,2,"[0.3828, 0.2578, 0.6031, 0.4531]",0.04303,Partial occlusion / industrial lighting
safesync_v5_unified,safup_00067,person,0,"[0.2766, 0.2258, 0.6922, 0.8539]",0.26106,Partial occlusion / industrial lighting
safesync_v5_unified,safup_00067,helmet,1,"[0.275, 0.2305, 0.4781, 0.6086]",0.07681,Partial occlusion / industrial lighting
safesync_v5_unified,safup_00067,safety_vest,2,"[0.4566, 0.5836, 0.6902, 0.8586]",0.06424,Partial occlusion / industrial lighting
safesync_v5_unified,safup_00068,person,0,"[0.1086, 0.0, 0.8523, 1.0]",0.74375,Edge clipped / camera boundary
safesync_v5_unified,safup_00068,helmet,1,"[0.3516, 0.0078, 0.6156, 0.1672]",0.04208,Edge clipped / camera boundary
safesync_v5_unified,safup_00068,safety_vest,2,"[0.2578, 0.2594, 0.7125, 0.8187]",0.25434,Partial occlusion / industrial lighting
safesync_v5_unified,safup_00070,person,0,"[0.6645, 0.4844, 0.7199, 0.6734]",0.01049,Small distant object (0.5%-2% image)
safesync_v5_unified,safup_00074,helmet,1,"[0.5477, 0.0336, 0.7477, 0.1461]",0.0225,Partial occlusion / industrial lighting
safesync_v5_unified,safup_00074,safety_vest,2,"[0.4586, 0.2469, 0.8039, 0.7375]",0.16942,Partial occlusion / industrial lighting
safesync_v5_unified,safup_00076,person,0,"[0.5441, 0.1566, 0.5934, 0.2684]",0.0055,Small distant object (0.5%-2% image)
safesync_v5_unified,safup_00084,safety_vest,2,"[0.5437, 0.5359, 0.8672, 1.0]",0.1501,Edge clipped / camera boundary
safesync_v5_unified,safup_00085,person,0,"[0.1578, 0.1109, 0.8031, 1.0]",0.57372,Edge clipped / camera boundary
safesync_v5_unified,safup_00085,safety_vest,2,"[0.4031, 0.2781, 0.5703, 0.5984]",0.05355,Partial occlusion / industrial lighting
safesync_v5_unified,safup_00088,person,0,"[0.2031, 0.0844, 0.7406, 1.0]",0.49215,Edge clipped / camera boundary
safesync_v5_unified,safup_00089,person,0,"[0.1047, 0.1172, 0.4344, 0.3969]",0.09221,Partial occlusion / industrial lighting
safesync_v5_unified,safup_00089,person,0,"[0.0719, 0.4133, 0.4203, 0.6945]",0.098,Partial occlusion / industrial lighting
safesync_v5_unified,safup_00089,person,0,"[0.1086, 0.7047, 0.457, 0.9891]",0.09909,Edge clipped / camera boundary
safesync_v5_unified,safup_00089,person,0,"[0.5656, 0.7094, 0.9344, 0.9875]",0.10256,Edge clipped / camera boundary
safesync_v5_unified,safup_00089,person,0,"[0.5633, 0.4086, 0.9195, 0.693]",0.10131,Partial occlusion / industrial lighting
safesync_v5_unified,safup_00089,person,0,"[0.5813, 0.1187, 0.9141, 0.4016]",0.09412,Partial occlusion / industrial lighting
safesync_v5_unified,safup_00089,safety_vest,2,"[0.6031, 0.5047, 0.8906, 0.6828]",0.05121,Partial occlusion / industrial lighting
safesync_v5_unified,safup_00089,safety_vest,2,"[0.0844, 0.5109, 0.3875, 0.6891]",0.05399,Partial occlusion / industrial lighting
safesync_v5_unified,safup_00089,safety_vest,2,"[0.1359, 0.7828, 0.4094, 0.9484]",0.04529,Partial occlusion / industrial lighting
safesync_v5_unified,safup_00089,safety_vest,2,"[0.6219, 0.7852, 0.8703, 0.9477]",0.04037,Partial occlusion / industrial lighting
safesync_v5_unified,safup_00089,safety_vest,2,"[0.6219, 0.1969, 0.8875, 0.375]",0.04731,Partial occlusion / industrial lighting
safesync_v5_unified,safup_00089,safety_vest,2,"[0.1281, 0.2063, 0.4094, 0.3859]",0.05054,Partial occlusion / industrial lighting
safesync_v5_unified,safup_00091,helmet,1,"[0.4875, 0.1266, 0.6828, 0.2031]",0.01495,Small distant object (0.5%-2% image)
safesync_v5_unified,safup_00091,safety_vest,2,"[0.4414, 0.2703, 0.6977, 0.5359]",0.06807,Partial occlusion / industrial lighting
safesync_v5_unified,safup_00098,person,0,"[0.1625, 0.0, 0.9703, 1.0]",0.80781,Edge clipped / camera boundary
safesync_v5_unified,safup_00098,helmet,1,"[0.3687, 0.0, 0.7078, 0.2766]",0.09377,Edge clipped / camera boundary
safesync_v5_unified,safup_00098,safety_vest,2,"[0.3531, 0.3422, 0.8188, 1.0]",0.30629,Edge clipped / camera boundary
safesync_v5_unified,safup_00100,safety_vest,2,"[0.4641, 0.3016, 0.675, 0.4891]",0.03955,Partial occlusion / industrial lighting
safesync_v5_unified,safup_00101,person,0,"[0.2875, 0.0359, 0.8141, 0.8016]",0.40315,Partial occlusion / industrial lighting
safesync_v5_unified,safup_00101,safety_vest,2,"[0.4508, 0.2, 0.7414, 0.4875]",0.08355,Partial occlusion / industrial lighting
safesync_v5_unified,safup_00118,person,0,"[0.1289, 0.1305, 0.5711, 0.9258]",0.35168,Partial occlusion / industrial lighting
safesync_v5_unified,safup_00118,safety_vest,2,"[0.3047, 0.3047, 0.4531, 0.5234]",0.03247,Partial occlusion / industrial lighting
safesync_v5_unified,safup_00120,person,0,"[0.0422, 0.1273, 0.6438, 0.9367]",0.48689,Partial occlusion / industrial lighting
safesync_v5_unified,safup_00120,safety_vest,2,"[0.2938, 0.2969, 0.4484, 0.5219]",0.0348,Partial occlusion / industrial lighting
safesync_v5_unified,safup_00129,person,0,"[0.3, 0.1016, 0.7047, 1.0]",0.36359,Edge clipped / camera boundary
safesync_v5_unified,safup_00129,safety_vest,2,"[0.4289, 0.2758, 0.6148, 0.5492]",0.05084,Partial occlusion / industrial lighting
safesync_v5_unified,safup_00132,person,0,"[0.2984, 0.1582, 0.5578, 0.9152]",0.19635,Partial occlusion / industrial lighting
safesync_v5_unified,safup_00132,helmet,1,"[0.4031, 0.1578, 0.4922, 0.2234]",0.00584,Small distant object (0.5%-2% image)
safesync_v5_unified,safup_00132,safety_vest,2,"[0.3793, 0.3008, 0.5082, 0.5164]",0.0278,Partial occlusion / industrial lighting
safesync_v5_unified,safup_00133,helmet,1,"[0.5102, 0.2473, 0.5773, 0.2902]",0.00289,Very small object (<0.5% image)
safesync_v5_unified,safup_00135,person,0,"[0.3828, 0.0941, 0.8453, 0.9996]",0.41878,Edge clipped / camera boundary
safesync_v5_unified,safup_00135,helmet,1,"[0.5375, 0.0687, 0.7031, 0.2656]",0.03261,Partial occlusion / industrial lighting
safesync_v5_unified,safup_00135,safety_vest,2,"[0.4727, 0.4484, 0.8039, 1.0]",0.1827,Edge clipped / camera boundary
safesync_v5_unified,safup_00136,person,0,"[0.3211, 0.2031, 0.5852, 0.9734]",0.20341,Partial occlusion / industrial lighting
safesync_v5_unified,safup_00136,safety_vest,2,"[0.3656, 0.4391, 0.5391, 0.5891]",0.02602,Partial occlusion / industrial lighting
safesync_v5_unified,safup_00147,person,0,"[0.2969, 0.1234, 0.6031, 1.0]",0.26845,Edge clipped / camera boundary
safesync_v5_unified,safup_00147,safety_vest,2,"[0.3547, 0.2906, 0.5359, 0.6219]",0.06004,Partial occlusion / industrial lighting
safesync_v5_unified,safup_00157,person,0,"[0.2688, 0.0898, 0.7219, 0.8117]",0.3271,Partial occlusion / industrial lighting
safesync_v5_unified,safup_00157,helmet,1,"[0.4133, 0.0914, 0.5852, 0.168]",0.01316,Small distant object (0.5%-2% image)
safesync_v5_unified,safup_00157,safety_vest,2,"[0.35, 0.2391, 0.6359, 0.4969]",0.07372,Partial occlusion / industrial lighting
safesync_v5_unified,safup_00159,person,0,"[0.0805, 0.15, 0.6648, 0.9313]",0.45654,Partial occlusion / industrial lighting
safesync_v5_unified,safup_00159,helmet,1,"[0.3203, 0.1578, 0.3953, 0.2266]",0.00516,Small distant object (0.5%-2% image)
safesync_v5_unified,safup_00159,safety_vest,2,"[0.2984, 0.2953, 0.4547, 0.5266]",0.03613,Partial occlusion / industrial lighting
safesync_v5_unified,safup_00170,person,0,"[0.1984, 0.0, 0.7, 1.0]",0.50156,Edge clipped / camera boundary
safesync_v5_unified,safup_00170,safety_vest,2,"[0.2375, 0.3023, 0.6531, 0.9555]",0.27146,Partial occlusion / industrial lighting
safesync_v5_unified,safup_00171,person,0,"[0.0, 0.2891, 1.0, 1.0]",0.71094,Edge clipped / camera boundary
safesync_v5_unified,safup_00173,person,0,"[0.3281, 0.0, 0.8687, 1.0]",0.54063,Edge clipped / camera boundary
safesync_v5_unified,safup_00173,helmet,1,"[0.5281, 0.0008, 0.7047, 0.0602]",0.01048,Small distant object (0.5%-2% image)
safesync_v5_unified,safup_00173,safety_vest,2,"[0.4492, 0.2344, 0.7992, 0.65]",0.14547,Partial occlusion / industrial lighting
safesync_v5_unified,safup_00181,person,0,"[0.3992, 0.5316, 0.7242, 0.9996]",0.15209,Edge clipped / camera boundary
safesync_v5_unified,safup_00184,safety_vest,2,"[0.0516, 0.0, 0.8969, 1.0]",0.84531,Edge clipped / camera boundary
safesync_v5_unified,safup_00188,person,0,"[0.2977, 0.1164, 0.7867, 0.8227]",0.3454,Partial occlusion / industrial lighting
safesync_v5_unified,safup_00188,helmet,1,"[0.4875, 0.1266, 0.6828, 0.2031]",0.01495,Small distant object (0.5%-2% image)
safesync_v5_unified,safup_00195,person,0,"[0.568, 0.5594, 0.6008, 0.7687]",0.00687,Small distant object (0.5%-2% image)
safesync_v5_unified,safup_00195,person,0,"[0.4402, 0.5113, 0.4738, 0.6918]",0.00606,Small distant object (0.5%-2% image)
safesync_v5_unified,safup_00195,helmet,1,"[0.584, 0.5598, 0.6004, 0.5902]",0.0005,Very small object (<0.5% image)
safesync_v5_unified,safup_00195,helmet,1,"[0.4504, 0.5133, 0.4637, 0.532]",0.00025,Very small object (<0.5% image)
safesync_v5_unified,safup_00214,person,0,"[0.6461, 0.1453, 0.9227, 0.9703]",0.22816,Partial occlusion / industrial lighting
safesync_v5_unified,safup_00214,helmet,1,"[0.7422, 0.1844, 0.8406, 0.2578]",0.00723,Small distant object (0.5%-2% image)
safesync_v5_unified,safup_00214,safety_vest,2,"[0.7109, 0.3391, 0.8797, 0.5687]",0.03876,Partial occlusion / industrial lighting
safesync_v5_unified,safup_00216,person,0,"[0.1094, 0.0906, 0.7734, 1.0]",0.60388,Edge clipped / camera boundary
safesync_v5_unified,safup_00216,helmet,1,"[0.3918, 0.0906, 0.5207, 0.3156]",0.029,Partial occlusion / industrial lighting
safesync_v5_unified,safup_00216,safety_vest,2,"[0.3547, 0.275, 0.5578, 0.5422]",0.05427,Partial occlusion / industrial lighting
safesync_v5_unified,safup_00223,safety_vest,2,"[0.2891, 0.5188, 0.3578, 0.5891]",0.00483,Very small object (<0.5% image)
safesync_v5_unified,safup_00223,safety_vest,2,"[0.3023, 0.5852, 0.3445, 0.6711]",0.00363,Very small object (<0.5% image)
safesync_v5_unified,safup_00227,person,0,"[0.357, 0.1133, 0.693, 0.8883]",0.26035,Partial occlusion / industrial lighting
safesync_v5_unified,safup_00227,helmet,1,"[0.407, 0.1211, 0.6258, 0.2039]",0.01812,Small distant object (0.5%-2% image)
safesync_v5_unified,safup_00228,safety_vest,2,"[0.3258, 0.4484, 0.4523, 0.7375]",0.03658,Partial occlusion / industrial lighting
safesync_v5_unified,safup_00229,person,0,"[0.125, 0.1047, 0.6625, 0.9672]",0.46359,Partial occlusion / industrial lighting
safesync_v5_unified,safup_00229,helmet,1,"[0.2547, 0.1141, 0.625, 0.2797]",0.06133,Partial occlusion / industrial lighting
safesync_v5_unified,safup_00230,person,0,"[0.2539, 0.0602, 0.6477, 0.7414]",0.26824,Partial occlusion / industrial lighting
safesync_v5_unified,safup_00230,safety_vest,2,"[0.3141, 0.1969, 0.5797, 0.4344]",0.06309,Partial occlusion / industrial lighting
safesync_v5_unified,safup_00234,person,0,"[0.2875, 0.0891, 0.7156, 0.8016]",0.30504,Partial occlusion / industrial lighting
safesync_v5_unified,safup_00242,person,0,"[0.1148, 0.0953, 0.7555, 1.0]",0.57957,Edge clipped / camera boundary
safesync_v5_unified,safup_00242,safety_vest,2,"[0.3641, 0.2828, 0.5406, 0.5969]",0.05545,Partial occlusion / industrial lighting
safesync_v5_unified,safup_00243,person,0,"[0.3055, 0.1109, 0.7477, 1.0]",0.39313,Edge clipped / camera boundary
safesync_v5_unified,safup_00243,safety_vest,2,"[0.4313, 0.2906, 0.5891, 0.6094]",0.0503,Partial occlusion / industrial lighting
safesync_v5_unified,safup_00244,person,0,"[0.2688, 0.0898, 0.7219, 0.8117]",0.3271,Partial occlusion / industrial lighting
safesync_v5_unified,safup_00244,helmet,1,"[0.4133, 0.0914, 0.5852, 0.168]",0.01316,Small distant object (0.5%-2% image)
safesync_v5_unified,safup_00244,safety_vest,2,"[0.35, 0.2391, 0.6359, 0.4969]",0.07372,Partial occlusion / industrial lighting
safesync_v5_unified,safup_00245,person,0,"[0.2191, 0.1566, 0.3996, 0.9996]",0.15213,Edge clipped / camera boundary
safesync_v5_unified,safup_00245,safety_vest,2,"[0.2164, 0.3352, 0.382, 0.8305]",0.08204,Partial occlusion / industrial lighting
safesync_v5_unified,safup_00249,helmet,1,"[0.4, 0.3352, 0.7531, 0.4883]",0.05407,Partial occlusion / industrial lighting
safesync_v5_unified,safup_00250,person,0,"[0.4148, 0.1625, 0.732, 0.9969]",0.26465,Edge clipped / camera boundary
safesync_v5_unified,safup_00250,safety_vest,2,"[0.4984, 0.2969, 0.6625, 0.6406]",0.0564,Partial occlusion / industrial lighting
safesync_v5_unified,safup_00252,helmet,1,"[0.4398, 0.2637, 0.5695, 0.3738]",0.01429,Small distant object (0.5%-2% image)
safesync_v5_unified,safup_00252,safety_vest,2,"[0.3891, 0.3641, 0.6, 0.5531]",0.03988,Partial occlusion / industrial lighting
safesync_v5_unified,safup_00255,person,0,"[0.1305, 0.1391, 0.868, 0.9516]",0.59922,Partial occlusion / industrial lighting
safesync_v5_unified,safup_00258,person,0,"[0.0, 0.0594, 0.175, 0.1625]",0.01805,Small distant object (0.5%-2% image)
safesync_v5_unified,safup_00258,person,0,"[0.0, 0.1723, 0.175, 0.2746]",0.01791,Small distant object (0.5%-2% image)
safesync_v5_unified,safup_00258,person,0,"[0.4234, 0.0, 0.6203, 0.1734]",0.03415,Edge clipped / camera boundary
safesync_v5_unified,safup_00258,person,0,"[0.4246, 0.1754, 0.627, 0.3637]",0.0381,Partial occlusion / industrial lighting
safesync_v5_unified,safup_00258,person,0,"[0.7098, 0.0, 0.8668, 0.1484]",0.02331,Edge clipped / camera boundary
safesync_v5_unified,safup_00258,person,0,"[0.7082, 0.1293, 0.8559, 0.3223]",0.02849,Partial occlusion / industrial lighting
safesync_v5_unified,safup_00258,person,0,"[0.7699, 0.0, 0.9223, 0.1172]",0.01785,Small distant object (0.5%-2% image)
safesync_v5_unified,safup_00258,person,0,"[0.8953, 0.0055, 1.0, 0.143]",0.01439,Small distant object (0.5%-2% image)
safesync_v5_unified,safup_00258,person,0,"[0.9062, 0.1797, 1.0, 0.3375]",0.01479,Small distant object (0.5%-2% image)
safesync_v5_unified,safup_00258,person,0,"[0.5789, 0.243, 0.7727, 0.518]",0.05328,Partial occlusion / industrial lighting
safesync_v5_unified,safup_00258,person,0,"[0.2156, 0.8484, 0.4875, 1.0]",0.04121,Edge clipped / camera boundary
safesync_v5_unified,safup_00258,person,0,"[0.2086, 0.6473, 0.4883, 0.8168]",0.04742,Partial occlusion / industrial lighting
safesync_v5_unified,safup_00258,person,0,"[0.157, 0.3875, 0.3648, 0.6234]",0.04903,Partial occlusion / industrial lighting
safesync_v5_unified,safup_00258,person,0,"[0.2895, 0.4062, 0.5793, 0.7188]",0.09058,Partial occlusion / industrial lighting
safesync_v5_unified,safup_00258,person,0,"[0.6883, 0.5926, 0.8867, 0.8449]",0.05007,Partial occlusion / industrial lighting
safesync_v5_unified,safup_00258,person,0,"[0.6832, 0.8406, 0.8809, 1.0]",0.0315,Edge clipped / camera boundary
safesync_v5_unified,safup_00258,person,0,"[0.5574, 0.4832, 0.7082, 0.6637]",0.02721,Partial occlusion / industrial lighting
safesync_v5_unified,safup_00258,person,0,"[0.6469, 0.3559, 0.8687, 0.6613]",0.06778,Partial occlusion / industrial lighting
safesync_v5_unified,safup_00258,helmet,1,"[0.7855, 0.2051, 0.9223, 0.3152]",0.01506,Small distant object (0.5%-2% image)
safesync_v5_unified,safup_00258,helmet,1,"[0.6156, 0.2457, 0.7547, 0.4074]",0.02249,Partial occlusion / industrial lighting
safesync_v5_unified,safup_00258,helmet,1,"[0.1535, 0.352, 0.3293, 0.523]",0.03008,Partial occlusion / industrial lighting
safesync_v5_unified,safup_00258,helmet,1,"[0.5551, 0.4871, 0.709, 0.6629]",0.02705,Partial occlusion / industrial lighting
safesync_v5_unified,safup_00258,helmet,1,"[0.9047, 0.566, 1.0, 0.7246]",0.01512,Small distant object (0.5%-2% image)
safesync_v5_unified,safup_00258,helmet,1,"[0.2383, 0.6441, 0.368, 0.773]",0.01672,Small distant object (0.5%-2% image)
safesync_v5_unified,safup_00258,helmet,1,"[0.5168, 0.6559, 0.6973, 0.841]",0.03341,Partial occlusion / industrial lighting
safesync_v5_unified,safup_00258,helmet,1,"[0.6176, 0.0, 0.7449, 0.0797]",0.01015,Small distant object (0.5%-2% image)
safesync_v5_unified,safup_00258,helmet,1,"[0.5359, 0.8438, 0.6828, 1.0]",0.02295,Edge clipped / camera boundary
safesync_v5_unified,safup_00258,helmet,1,"[0.2344, 0.9035, 0.3703, 0.9996]",0.01306,Small distant object (0.5%-2% image)
safesync_v5_unified,safup_00258,helmet,1,"[0.2254, 0.5559, 0.3652, 0.666]",0.0154,Small distant object (0.5%-2% image)
safesync_v5_unified,safup_00258,helmet,1,"[0.8234, 0.3297, 1.0, 0.5625]",0.04111,Edge clipped / camera boundary
safesync_v5_unified,safup_00260,person,0,"[0.3898, 0.0859, 0.7508, 0.7719]",0.24758,Partial occlusion / industrial lighting
safesync_v5_unified,safup_00260,helmet,1,"[0.4594, 0.0937, 0.6437, 0.1625]",0.01268,Small distant object (0.5%-2% image)
safesync_v5_unified,safup_00260,safety_vest,2,"[0.4391, 0.2266, 0.6922, 0.4703]",0.0617,Partial occlusion / industrial lighting
safesync_v5_unified,safup_00265,safety_vest,2,"[0.3375, 0.5797, 0.3688, 0.6578]",0.00244,Very small object (<0.5% image)
safesync_v5_unified,safup_00265,safety_vest,2,"[0.3258, 0.5953, 0.3414, 0.6578]",0.00098,Very small object (<0.5% image)
safesync_v5_unified,safup_00268,person,0,"[0.8016, 0.0734, 1.0, 0.9672]",0.17735,Edge clipped / camera boundary
safesync_v5_unified,safup_00268,person,0,"[0.6164, 0.2023, 0.7961, 0.9023]",0.12578,Extreme aspect ratio / pose
safesync_v5_unified,safup_00268,person,0,"[0.4219, 0.2242, 0.6172, 0.8539]",0.12299,Extreme aspect ratio / pose
safesync_v5_unified,safup_00268,person,0,"[0.1969, 0.2156, 0.3891, 0.8594]",0.12372,Extreme aspect ratio / pose
safesync_v5_unified,safup_00268,person,0,"[0.0, 0.2, 0.1484, 0.8906]",0.10251,Edge clipped / camera boundary
safesync_v5_unified,safup_00268,safety_vest,2,"[0.2313, 0.3, 0.3937, 0.6172]",0.05154,Partial occlusion / industrial lighting
safesync_v5_unified,safup_00268,safety_vest,2,"[0.4281, 0.3234, 0.6031, 0.6047]",0.04922,Partial occlusion / industrial lighting
safesync_v5_unified,safup_00268,safety_vest,2,"[0.6281, 0.3016, 0.7875, 0.6031]",0.04806,Partial occlusion / industrial lighting
safesync_v5_unified,safup_00277,person,0,"[0.2555, 0.1281, 0.5508, 0.9312]",0.23717,Partial occlusion / industrial lighting
safesync_v5_unified,safup_00277,helmet,1,"[0.3426, 0.1293, 0.4871, 0.3238]",0.02812,Partial occlusion / industrial lighting
safesync_v5_unified,safup_00277,safety_vest,2,"[0.3516, 0.3016, 0.4875, 0.5297]",0.03101,Partial occlusion / industrial lighting
safesync_v5_unified,safup_00278,helmet,1,"[0.1391, 0.1039, 0.2016, 0.1945]",0.00566,Small distant object (0.5%-2% image)
safesync_v5_unified,safup_00278,helmet,1,"[0.4523, 0.1844, 0.5008, 0.2719]",0.00424,Very small object (<0.5% image)
safesync_v5_unified,safup_00278,helmet,1,"[0.5156, 0.2289, 0.5531, 0.2914]",0.00234,Very small object (<0.5% image)
safesync_v5_unified,safup_00278,helmet,1,"[0.5875, 0.2484, 0.6281, 0.3391]",0.00368,Very small object (<0.5% image)
safesync_v5_unified,safup_00278,helmet,1,"[0.7531, 0.3625, 0.8125, 0.425]",0.00371,Very small object (<0.5% image)
safesync_v5_unified,safup_00278,safety_vest,2,"[0.1078, 0.2336, 0.2109, 0.5227]",0.02981,Partial occlusion / industrial lighting
safesync_v5_unified,safup_00278,safety_vest,2,"[0.5188, 0.3055, 0.5656, 0.493]",0.00879,Small distant object (0.5%-2% image)
safesync_v5_unified,safup_00278,safety_vest,2,"[0.3656, 0.3063, 0.4281, 0.5]",0.01211,Small distant object (0.5%-2% image)
safesync_v5_unified,safup_00278,safety_vest,2,"[0.4266, 0.2859, 0.5203, 0.5391]",0.02373,Partial occlusion / industrial lighting
safesync_v5_unified,safup_00278,safety_vest,2,"[0.5578, 0.3156, 0.6391, 0.55]",0.01904,Small distant object (0.5%-2% image)
safesync_v5_unified,safup_00278,safety_vest,2,"[0.2687, 0.3211, 0.3625, 0.5852]",0.02476,Partial occlusion / industrial lighting
safesync_v5_unified,safup_00278,safety_vest,2,"[0.7156, 0.4484, 0.8234, 0.7172]",0.02897,Partial occlusion / industrial lighting
safesync_v5_unified,safup_00281,safety_vest,2,"[0.2711, 0.3063, 0.693, 0.8219]",0.21753,Partial occlusion / industrial lighting
safesync_v5_unified,safup_00285,person,0,"[0.4422, 0.1641, 0.7047, 0.9547]",0.20754,Extreme aspect ratio / pose
safesync_v5_unified,safup_00285,safety_vest,2,"[0.5055, 0.3289, 0.6742, 0.5758]",0.04166,Partial occlusion / industrial lighting
safesync_v5_unified,safup_00286,safety_vest,2,"[0.3484, 0.2859, 0.5437, 0.6203]",0.06531,Partial occlusion / industrial lighting
safesync_v5_unified,safup_00287,helmet,1,"[0.6551, 0.0766, 0.8184, 0.1641]",0.01429,Small distant object (0.5%-2% image)
safesync_v5_unified,safup_00287,safety_vest,2,"[0.5359, 0.2414, 0.8672, 0.6648]",0.14026,Partial occlusion / industrial lighting
safesync_v5_unified,safup_00290,person,0,"[0.1203, 0.1016, 0.7562, 1.0]",0.57135,Edge clipped / camera boundary
safesync_v5_unified,safup_00290,safety_vest,2,"[0.3641, 0.2797, 0.5437, 0.5969]",0.05699,Partial occlusion / industrial lighting
safesync_v5_unified,safup_00292,helmet,1,"[0.5687, 0.0, 0.8766, 0.1641]",0.0505,Edge clipped / camera boundary
safesync_v5_unified,safup_00295,safety_vest,2,"[0.0031, 0.6594, 0.1703, 0.8859]",0.03788,Edge clipped / camera boundary
safesync_v5_unified,safup_00295,safety_vest,2,"[0.2406, 0.6969, 0.4594, 0.8766]",0.03931,Partial occlusion / industrial lighting
safesync_v5_unified,safup_00295,safety_vest,2,"[0.5367, 0.1984, 0.7742, 0.3344]",0.03229,Partial occlusion / industrial lighting
safesync_v5_unified,safup_00295,safety_vest,2,"[0.8344, 0.2148, 1.0, 0.3477]",0.022,Edge clipped / camera boundary
safesync_v5_unified,safup_00296,person,0,"[0.1266, 0.4656, 0.7797, 1.0]",0.34901,Edge clipped / camera boundary
safesync_v5_unified,safup_00296,helmet,1,"[0.3508, 0.4703, 0.5664, 0.575]",0.02257,Partial occlusion / industrial lighting
safesync_v5_unified,safup_00298,safety_vest,2,"[0.4219, 0.2937, 0.5859, 0.825]",0.08716,Extreme aspect ratio / pose
safesync_v5_unified,safup_00298,safety_vest,2,"[0.2109, 0.3062, 0.4219, 0.9062]",0.12656,Partial occlusion / industrial lighting
safesync_v5_unified,safup_00298,safety_vest,2,"[0.6563, 0.4398, 0.8609, 0.8867]",0.09147,Partial occlusion / industrial lighting
safesync_v5_unified,safup_00303,person,0,"[0.9262, 0.3707, 0.9395, 0.4277]",0.00076,Very small object (<0.5% image)
safesync_v5_unified,safup_00309,person,0,"[0.2937, 0.1406, 0.5969, 1.0]",0.2605,Edge clipped / camera boundary
safesync_v5_unified,safup_00309,safety_vest,2,"[0.3547, 0.2844, 0.5266, 0.6031]",0.05479,Partial occlusion / industrial lighting
safesync_v5_unified,safup_00311,helmet,1,"[0.4586, 0.1234, 0.6133, 0.1953]",0.01112,Small distant object (0.5%-2% image)
safesync_v5_unified,safup_00314,person,0,"[0.25, 0.0531, 0.65, 1.0]",0.37875,Edge clipped / camera boundary
safesync_v5_unified,safup_00314,helmet,1,"[0.3242, 0.0648, 0.6398, 0.182]",0.03699,Partial occlusion / industrial lighting
safesync_v5_unified,safup_00314,safety_vest,2,"[0.2867, 0.2719, 0.6164, 0.5969]",0.10715,Partial occlusion / industrial lighting
safesync_v5_unified,safup_00316,person,0,"[0.025, 0.0266, 0.8609, 1.0]",0.81373,Edge clipped / camera boundary
safesync_v5_unified,safup_00317,helmet,1,"[0.4937, 0.1242, 0.6875, 0.2023]",0.01514,Small distant object (0.5%-2% image)
safesync_v5_unified,safup_00323,safety_vest,2,"[0.5629, 0.4043, 0.6699, 0.5223]",0.01263,Small distant object (0.5%-2% image)
safesync_v5_unified,safup_00323,safety_vest,2,"[0.2148, 0.3973, 0.4977, 0.6715]",0.07755,Partial occlusion / industrial lighting
safesync_v5_unified,safup_00323,safety_vest,2,"[0.652, 0.4211, 0.8293, 0.6164]",0.03464,Partial occlusion / industrial lighting
safesync_v5_unified,safup_00336,person,0,"[0.5586, 0.4086, 0.632, 0.7664]",0.02628,Extreme aspect ratio / pose
safesync_v5_unified,safup_00336,person,0,"[0.8719, 0.3656, 1.0, 1.0]",0.08128,Edge clipped / camera boundary
safesync_v5_unified,safup_00336,person,0,"[0.6645, 0.3262, 0.7777, 0.8301]",0.05708,Extreme aspect ratio / pose
safesync_v5_unified,safup_00336,person,0,"[0.293, 0.3602, 0.4086, 0.8898]",0.06125,Extreme aspect ratio / pose
safesync_v5_unified,safup_00336,person,0,"[0.3953, 0.2609, 0.5719, 1.0]",0.13049,Edge clipped / camera boundary
safesync_v5_unified,safup_00336,helmet,1,"[0.4367, 0.3914, 0.4586, 0.4305]",0.00085,Very small object (<0.5% image)
safesync_v5_unified,safup_00336,helmet,1,"[0.3164, 0.3574, 0.368, 0.4582]",0.0052,Small distant object (0.5%-2% image)
safesync_v5_unified,safup_00336,safety_vest,2,"[0.6781, 0.407, 0.7531, 0.6023]",0.01465,Small distant object (0.5%-2% image)
safesync_v5_unified,safup_00336,safety_vest,2,"[0.3063, 0.4406, 0.3859, 0.6672]",0.01805,Small distant object (0.5%-2% image)
safesync_v5_unified,safup_00336,safety_vest,2,"[0.5594, 0.4797, 0.6188, 0.6359]",0.00928,Small distant object (0.5%-2% image)
safesync_v5_unified,safup_00336,safety_vest,2,"[0.8922, 0.475, 0.9984, 0.7781]",0.03221,Edge clipped / camera boundary
safesync_v5_unified,safup_00336,safety_vest,2,"[0.3984, 0.4289, 0.5422, 0.8273]",0.05728,Partial occlusion / industrial lighting
safesync_v5_unified,safup_00338,person,0,"[0.0453, 0.3078, 1.0, 0.7187]",0.39232,Edge clipped / camera boundary
safesync_v5_unified,safup_00338,helmet,1,"[0.0813, 0.3938, 0.1969, 0.5828]",0.02186,Partial occlusion / industrial lighting
safesync_v5_unified,safup_00338,helmet,1,"[0.0895, 0.3363, 0.3652, 0.5934]",0.07088,Partial occlusion / industrial lighting
safesync_v5_unified,safup_00338,safety_vest,2,"[0.2781, 0.3375, 0.6344, 0.5969]",0.0924,Partial occlusion / industrial lighting
safesync_v5_unified,safup_00348,person,0,"[0.3047, 0.1391, 0.6125, 1.0]",0.26501,Edge clipped / camera boundary
safesync_v5_unified,safup_00348,safety_vest,2,"[0.3516, 0.2906, 0.5375, 0.6344]",0.06392,Partial occlusion / industrial lighting
safesync_v5_unified,safup_00358,person,0,"[0.0, 0.0328, 1.0, 1.0]",0.96719,Edge clipped / camera boundary
safesync_v5_unified,safup_00369,person,0,"[0.4195, 0.3297, 0.6711, 0.825]",0.1246,Partial occlusion / industrial lighting
safesync_v5_unified,safup_00369,helmet,1,"[0.4742, 0.3234, 0.5914, 0.375]",0.00604,Small distant object (0.5%-2% image)
safesync_v5_unified,safup_00371,person,0,"[0.2187, 0.2844, 0.9969, 0.6109]",0.25411,Edge clipped / camera boundary
safesync_v5_unified,safup_00371,helmet,1,"[0.2391, 0.3938, 0.3219, 0.5297]",0.01126,Small distant object (0.5%-2% image)
safesync_v5_unified,safup_00371,safety_vest,2,"[0.3656, 0.3828, 0.6375, 0.5891]",0.05607,Partial occlusion / industrial lighting
safesync_v5_unified,safup_00380,person,0,"[0.4016, 0.1297, 0.6812, 1.0]",0.24342,Edge clipped / camera boundary
safesync_v5_unified,safup_00380,safety_vest,2,"[0.4547, 0.2797, 0.6094, 0.625]",0.05342,Partial occlusion / industrial lighting
safesync_v5_unified,safup_00381,helmet,1,"[0.3852, 0.1141, 0.5695, 0.1891]",0.01383,Small distant object (0.5%-2% image)
safesync_v5_unified,safup_00385,safety_vest,2,"[0.0703, 0.0, 0.9047, 1.0]",0.83437,Edge clipped / camera boundary
safesync_v5_unified,safup_00386,helmet,1,"[0.4695, 0.1641, 0.6461, 0.2406]",0.01352,Small distant object (0.5%-2% image)
safesync_v5_unified,safup_00387,person,0,"[0.7359, 0.1531, 1.0, 0.9563]",0.21208,Edge clipped / camera boundary
safesync_v5_unified,safup_00387,helmet,1,"[0.8766, 0.1906, 0.9797, 0.2781]",0.00902,Small distant object (0.5%-2% image)
safesync_v5_unified,safup_00387,safety_vest,2,"[0.8531, 0.3422, 1.0, 0.5656]",0.03282,Edge clipped / camera boundary
safesync_v5_unified,safup_00390,person,0,"[0.2047, 0.1016, 0.6375, 0.85]",0.32393,Partial occlusion / industrial lighting
safesync_v5_unified,safup_00390,helmet,1,"[0.3281, 0.1031, 0.5047, 0.1828]",0.01407,Small distant object (0.5%-2% image)
safesync_v5_unified,safup_00390,safety_vest,2,"[0.275, 0.2578, 0.5813, 0.5094]",0.07704,Partial occlusion / industrial lighting
safesync_v5_unified,safup_00393,person,0,"[0.3508, 0.2543, 0.4008, 0.4645]",0.01051,Small distant object (0.5%-2% image)
safesync_v5_unified,safup_00393,person,0,"[0.8063, 0.0727, 0.8766, 0.2758]",0.01428,Small distant object (0.5%-2% image)
safesync_v5_unified,safup_00395,safety_vest,2,"[0.0023, 0.2813, 0.2477, 0.5359]",0.06248,Edge clipped / camera boundary
safesync_v5_unified,safup_00397,person,0,"[0.3094, 0.1359, 0.5922, 1.0]",0.24437,Edge clipped / camera boundary
safesync_v5_unified,safup_00397,safety_vest,2,"[0.3641, 0.2859, 0.5312, 0.625]",0.05669,Partial occlusion / industrial lighting
safesync_v5_unified,safup_00407,person,0,"[0.2687, 0.1305, 0.6125, 0.7023]",0.19658,Partial occlusion / industrial lighting
safesync_v5_unified,safup_00407,safety_vest,2,"[0.3187, 0.2484, 0.55, 0.45]",0.04661,Partial occlusion / industrial lighting
safesync_v5_unified,sppe4_00025,helmet,1,"[0.6586, 0.025, 0.8133, 0.2]",0.02707,Partial occlusion / industrial lighting
safesync_v5_unified,sppe4_00025,safety_vest,2,"[0.093, 0.3352, 0.3727, 0.9992]",0.18573,Edge clipped / camera boundary
safesync_v5_unified,sppe4_00025,safety_vest,2,"[0.3656, 0.4367, 0.6641, 0.9992]",0.16787,Edge clipped / camera boundary
safesync_v5_unified,sppe4_00025,safety_vest,2,"[0.6688, 0.3359, 0.9234, 1.0]",0.16913,Edge clipped / camera boundary
safesync_v5_unified,sppe4_00027,helmet,1,"[0.3438, 0.65, 0.5141, 0.9469]",0.05056,Partial occlusion / industrial lighting
safesync_v5_unified,sppe4_00027,safety_vest,2,"[0.4367, 0.4227, 0.7836, 0.9961]",0.19891,Edge clipped / camera boundary
safesync_v5_unified,sppe4_00029,safety_vest,2,"[0.3516, 0.2891, 0.525, 0.6234]",0.05799,Partial occlusion / industrial lighting
safesync_v5_unified,sppe4_00029,safety_footwear,4,"[0.4172, 0.8766, 0.4703, 0.9859]",0.00581,Small distant object (0.5%-2% image)
safesync_v5_unified,sppe4_00029,safety_footwear,4,"[0.4719, 0.8875, 0.5313, 0.9938]",0.00631,Small distant object (0.5%-2% image)
safesync_v5_unified,sppe4_00033,safety_vest,2,"[0.4578, 0.2734, 0.6391, 0.4469]",0.03144,Partial occlusion / industrial lighting
safesync_v5_unified,sppe4_00033,safety_footwear,4,"[0.5328, 0.5625, 0.5891, 0.6547]",0.00519,Small distant object (0.5%-2% image)
safesync_v5_unified,sppe4_00037,safety_vest,2,"[0.0703, 0.0, 0.9047, 1.0]",0.83437,Edge clipped / camera boundary
safesync_v5_unified,sppe4_00044,gloves,3,"[0.0734, 0.3391, 0.6625, 0.8172]",0.28165,Partial occlusion / industrial lighting
safesync_v5_unified,sppe4_00044,gloves,3,"[0.4109, 0.1672, 0.9187, 0.6859]",0.26343,Partial occlusion / industrial lighting
safesync_v5_unified,sppe4_00055,helmet,1,"[0.6687, 0.2523, 0.8313, 0.3664]",0.01854,Small distant object (0.5%-2% image)
safesync_v5_unified,sppe4_00055,helmet,1,"[0.3094, 0.4172, 0.3813, 0.4734]",0.00404,Very small object (<0.5% image)
safesync_v5_unified,sppe4_00055,safety_vest,2,"[0.075, 0.4953, 0.2, 0.8297]",0.0418,Partial occlusion / industrial lighting
safesync_v5_unified,sppe4_00055,safety_vest,2,"[0.2719, 0.5336, 0.3969, 0.8273]",0.03672,Partial occlusion / industrial lighting
safesync_v5_unified,sppe4_00055,safety_vest,2,"[0.6687, 0.4812, 0.9359, 1.0]",0.1386,Edge clipped / camera boundary
safesync_v5_unified,sppe4_00063,safety_vest,2,"[0.3516, 0.4453, 0.5125, 0.5938]",0.02389,Partial occlusion / industrial lighting
safesync_v5_unified,sppe4_00063,gloves,3,"[0.3445, 0.2703, 0.4102, 0.3937]",0.0081,Small distant object (0.5%-2% image)
safesync_v5_unified,sppe4_00063,gloves,3,"[0.4422, 0.2844, 0.5156, 0.3844]",0.00734,Small distant object (0.5%-2% image)
safesync_v5_unified,sppe4_00072,safety_vest,2,"[0.4203, 0.2719, 0.5969, 0.5719]",0.05297,Partial occlusion / industrial lighting
safesync_v5_unified,sppe4_00072,safety_footwear,4,"[0.4562, 0.9016, 0.5687, 0.9969]",0.01072,Small distant object (0.5%-2% image)
safesync_v5_unified,sppe4_00072,safety_footwear,4,"[0.4922, 0.8594, 0.5672, 0.9531]",0.00703,Small distant object (0.5%-2% image)
safesync_v5_unified,sppe4_00079,gloves,3,"[0.3281, 0.2547, 0.6469, 0.7219]",0.14892,Partial occlusion / industrial lighting
safesync_v5_unified,sppe4_00080,safety_footwear,4,"[0.5437, 0.8594, 0.5969, 0.9047]",0.00241,Very small object (<0.5% image)
safesync_v5_unified,sppe4_00080,safety_footwear,4,"[0.4844, 0.8141, 0.5312, 0.8547]",0.0019,Very small object (<0.5% image)
safesync_v5_unified,sppe4_00081,safety_vest,2,"[0.2891, 0.2156, 0.6172, 0.55]",0.10972,Partial occlusion / industrial lighting
safesync_v5_unified,sppe4_00081,safety_footwear,4,"[0.5078, 0.9188, 0.6125, 0.9906]",0.00752,Small distant object (0.5%-2% image)
safesync_v5_unified,sppe4_00081,safety_footwear,4,"[0.3703, 0.8406, 0.5203, 0.8859]",0.0068,Small distant object (0.5%-2% image)
safesync_v5_unified,sppe4_00083,gloves,3,"[0.0078, 0.4344, 0.9641, 0.9719]",0.51398,Edge clipped / camera boundary
safesync_v5_unified,sppe4_00083,gloves,3,"[0.0, 0.1734, 0.5672, 0.4688]",0.1675,Edge clipped / camera boundary
safesync_v5_unified,sppe4_00092,safety_vest,2,"[0.3523, 0.1844, 0.6555, 0.4625]",0.08431,Partial occlusion / industrial lighting
safesync_v5_unified,sppe4_00097,safety_vest,2,"[0.3867, 0.2734, 0.5492, 0.6078]",0.05434,Partial occlusion / industrial lighting
safesync_v5_unified,sppe4_00105,helmet,1,"[0.6961, 0.1719, 0.7336, 0.2406]",0.00258,Very small object (<0.5% image)
safesync_v5_unified,sppe4_00105,helmet,1,"[0.1555, 0.0648, 0.2211, 0.132]",0.00441,Very small object (<0.5% image)
safesync_v5_unified,sppe4_00105,safety_vest,2,"[0.1203, 0.1984, 0.2297, 0.55]",0.03845,Extreme aspect ratio / pose
safesync_v5_unified,sppe4_00105,safety_vest,2,"[0.2641, 0.2641, 0.3609, 0.5188]",0.02467,Partial occlusion / industrial lighting
safesync_v5_unified,sppe4_00105,safety_vest,2,"[0.6547, 0.2773, 0.7516, 0.507]",0.02225,Partial occlusion / industrial lighting
safesync_v5_unified,sppe4_00105,safety_vest,2,"[0.3883, 0.2992, 0.4742, 0.4992]",0.01719,Small distant object (0.5%-2% image)
safesync_v5_unified,sppe4_00105,safety_vest,2,"[0.5039, 0.3578, 0.6039, 0.5797]",0.02219,Partial occlusion / industrial lighting
safesync_v5_unified,sppe4_00105,safety_vest,2,"[0.8187, 0.4125, 0.9109, 0.6813]",0.02478,Partial occlusion / industrial lighting
safesync_v5_unified,sppe4_00112,safety_vest,2,"[0.4328, 0.2766, 0.6016, 0.5922]",0.05326,Partial occlusion / industrial lighting
safesync_v5_unified,sppe4_00112,safety_footwear,4,"[0.475, 0.8625, 0.5234, 0.9672]",0.00507,Small distant object (0.5%-2% image)
safesync_v5_unified,sppe4_00112,safety_footwear,4,"[0.5328, 0.8703, 0.5984, 0.9719]",0.00667,Small distant object (0.5%-2% image)
safesync_v5_unified,sppe4_00117,helmet,1,"[0.3531, 0.0, 0.8891, 0.3531]",0.18925,Edge clipped / camera boundary
safesync_v5_unified,sppe4_00117,safety_vest,2,"[0.4797, 0.675, 0.8953, 1.0]",0.13508,Edge clipped / camera boundary
safesync_v5_unified,sppe4_00119,safety_footwear,4,"[0.4719, 0.4938, 0.525, 0.5719]",0.00415,Very small object (<0.5% image)
safesync_v5_unified,sppe4_00119,safety_footwear,4,"[0.5141, 0.4844, 0.5578, 0.5453]",0.00267,Very small object (<0.5% image)
safesync_v5_unified,sppe4_00137,helmet,1,"[0.4078, 0.5094, 0.5047, 0.6203]",0.01075,Small distant object (0.5%-2% image)
safesync_v5_unified,sppe4_00137,safety_vest,2,"[0.3609, 0.2906, 0.5312, 0.6141]",0.05509,Partial occlusion / industrial lighting
safesync_v5_unified,sppe4_00137,safety_footwear,4,"[0.4188, 0.875, 0.4672, 0.9812]",0.00515,Small distant object (0.5%-2% image)
safesync_v5_unified,sppe4_00137,safety_footwear,4,"[0.4688, 0.875, 0.5328, 0.9891]",0.00731,Small distant object (0.5%-2% image)
safesync_v5_unified,sppe4_00139,helmet,1,"[0.525, 0.0203, 0.6828, 0.3391]",0.0503,Partial occlusion / industrial lighting
safesync_v5_unified,sppe4_00139,safety_vest,2,"[0.4891, 0.1031, 0.7625, 0.45]",0.09485,Partial occlusion / industrial lighting
safesync_v5_unified,sppe4_00139,safety_footwear,4,"[0.3656, 0.6641, 0.5172, 0.9688]",0.04618,Partial occlusion / industrial lighting
safesync_v5_unified,sppe4_00139,safety_footwear,4,"[0.7672, 0.6234, 0.9563, 0.9984]",0.0709,Edge clipped / camera boundary
safesync_v5_unified,sppe4_00149,safety_vest,2,"[0.2539, 0.3258, 0.4023, 0.6555]",0.04894,Partial occlusion / industrial lighting
safesync_v5_unified,sppe4_00150,helmet,1,"[0.4609, 0.1023, 0.6406, 0.1898]",0.01572,Small distant object (0.5%-2% image)
safesync_v5_unified,sppe4_00150,safety_vest,2,"[0.4125, 0.2516, 0.6844, 0.5172]",0.07222,Partial occlusion / industrial lighting
safesync_v5_unified,sppe4_00152,safety_vest,2,"[0.3141, 0.2906, 0.475, 0.5344]",0.03923,Partial occlusion / industrial lighting
safesync_v5_unified,sppe4_00152,safety_footwear,4,"[0.3625, 0.8609, 0.4188, 0.9516]",0.0051,Small distant object (0.5%-2% image)
safesync_v5_unified,sppe4_00152,safety_footwear,4,"[0.4219, 0.8578, 0.4828, 0.9484]",0.00552,Small distant object (0.5%-2% image)
safesync_v5_unified,sppe4_00155,safety_vest,2,"[0.4, 0.2094, 0.6922, 0.5109]",0.08811,Partial occlusion / industrial lighting
safesync_v5_unified,sppe4_00164,safety_vest,2,"[0.3516, 0.1969, 0.6156, 0.6281]",0.11388,Partial occlusion / industrial lighting
safesync_v5_unified,sppe4_00164,safety_vest,2,"[0.6922, 0.2125, 0.9625, 0.6562]",0.11995,Partial occlusion / industrial lighting
safesync_v5_unified,sppe4_00164,safety_vest,2,"[0.0742, 0.218, 0.2758, 0.5555]",0.06803,Partial occlusion / industrial lighting
safesync_v5_unified,sppe4_00164,safety_footwear,4,"[0.2344, 0.7164, 0.3125, 0.8164]",0.00781,Small distant object (0.5%-2% image)
safesync_v5_unified,sppe4_00167,helmet,1,"[0.4209, 0.1953, 0.498, 0.2695]",0.00573,Small distant object (0.5%-2% image)
safesync_v5_unified,sppe4_00167,safety_vest,2,"[0.3812, 0.4125, 0.5672, 0.6188]",0.03835,Partial occlusion / industrial lighting
safesync_v5_unified,sppe4_00167,gloves,3,"[0.6172, 0.25, 0.6738, 0.3486]",0.00559,Small distant object (0.5%-2% image)
safesync_v5_unified,sppe4_00167,gloves,3,"[0.2441, 0.2676, 0.3027, 0.3623]",0.00555,Small distant object (0.5%-2% image)
safesync_v5_unified,sppe4_00182,safety_vest,2,"[0.3406, 0.4836, 0.7156, 0.9977]",0.19277,Edge clipped / camera boundary
safesync_v5_unified,sppe4_00183,helmet,1,"[0.1836, 0.5203, 0.3414, 0.5844]",0.01011,Small distant object (0.5%-2% image)
safesync_v5_unified,sppe4_00183,helmet,1,"[0.693, 0.0156, 0.8539, 0.0813]",0.01056,Small distant object (0.5%-2% image)
safesync_v5_unified,sppe4_00183,safety_vest,2,"[0.6047, 0.1414, 0.8859, 0.4227]",0.0791,Partial occlusion / industrial lighting
safesync_v5_unified,sppe4_00183,safety_vest,2,"[0.1281, 0.1422, 0.4156, 0.4531]",0.08939,Partial occlusion / industrial lighting
safesync_v5_unified,sppe4_00183,safety_vest,2,"[0.593, 0.6328, 0.8836, 0.9109]",0.08083,Partial occlusion / industrial lighting
safesync_v5_unified,sppe4_00183,safety_vest,2,"[0.0859, 0.6492, 0.3906, 0.9445]",0.08998,Partial occlusion / industrial lighting
safesync_v5_unified,sppe4_00197,helmet,1,"[0.5, 0.0812, 0.7109, 0.1625]",0.01714,Small distant object (0.5%-2% image)
safesync_v5_unified,sppe4_00197,safety_vest,2,"[0.4719, 0.2359, 0.7641, 0.5266]",0.08492,Partial occlusion / industrial lighting
safesync_v5_unified,sppe4_00197,safety_footwear,4,"[0.5133, 0.725, 0.7445, 0.8688]",0.03324,Partial occlusion / industrial lighting
safesync_v5_unified,sppe4_00205,helmet,1,"[0.1898, 0.2414, 0.2633, 0.3086]",0.00493,Very small object (<0.5% image)
safesync_v5_unified,sppe4_00205,helmet,1,"[0.5445, 0.2469, 0.6117, 0.3]",0.00357,Very small object (<0.5% image)
safesync_v5_unified,sppe4_00205,helmet,1,"[0.7664, 0.2625, 0.8398, 0.3203]",0.00425,Very small object (<0.5% image)
safesync_v5_unified,sppe4_00205,helmet,1,"[0.4164, 0.2734, 0.4898, 0.325]",0.00379,Very small object (<0.5% image)
safesync_v5_unified,sppe4_00205,helmet,1,"[0.3445, 0.2805, 0.407, 0.3336]",0.00332,Very small object (<0.5% image)
safesync_v5_unified,sppe4_00205,safety_vest,2,"[0.5367, 0.3625, 0.6555, 0.5891]",0.0269,Partial occlusion / industrial lighting
safesync_v5_unified,sppe4_00205,safety_vest,2,"[0.4062, 0.3883, 0.5266, 0.5914]",0.02444,Partial occlusion / industrial lighting
safesync_v5_unified,sppe4_00205,safety_vest,2,"[0.2984, 0.3773, 0.3938, 0.607]",0.02189,Partial occlusion / industrial lighting
safesync_v5_unified,sppe4_00205,safety_vest,2,"[0.7477, 0.3953, 0.8617, 0.6328]",0.02709,Partial occlusion / industrial lighting
safesync_v5_unified,sppe4_00205,safety_vest,2,"[0.1305, 0.3703, 0.2695, 0.6625]",0.04063,Partial occlusion / industrial lighting
safesync_v5_unified,sppe4_00208,helmet,1,"[0.1547, 0.0, 0.4266, 0.15]",0.04078,Edge clipped / camera boundary
safesync_v5_unified,sppe4_00208,safety_vest,2,"[0.0312, 0.3297, 0.4828, 1.0]",0.30269,Edge clipped / camera boundary
safesync_v5_unified,sppe4_00208,safety_vest,2,"[0.532, 0.5539, 0.8961, 0.9992]",0.16212,Edge clipped / camera boundary
safesync_v5_unified,sppe4_00213,safety_vest,2,"[0.3094, 0.5492, 0.3719, 0.5961]",0.00293,Very small object (<0.5% image)
safesync_v5_unified,sppe4_00213,safety_vest,2,"[0.3148, 0.593, 0.3539, 0.6789]",0.00336,Very small object (<0.5% image)
safesync_v5_unified,sppe4_00217,safety_vest,2,"[0.4273, 0.3656, 0.6227, 0.5312]",0.03235,Partial occlusion / industrial lighting
safesync_v5_unified,sppe4_00217,gloves,3,"[0.3695, 0.5273, 0.4258, 0.5852]",0.00325,Very small object (<0.5% image)
safesync_v5_unified,sppe4_00217,gloves,3,"[0.6477, 0.5289, 0.6883, 0.5883]",0.00241,Very small object (<0.5% image)
safesync_v5_unified,sppe4_00218,helmet,1,"[0.3961, 0.0641, 0.6023, 0.2812]",0.04479,Partial occlusion / industrial lighting
safesync_v5_unified,sppe4_00218,safety_vest,2,"[0.3039, 0.4133, 0.693, 0.9992]",0.22797,Edge clipped / camera boundary
safesync_v5_unified,sppe4_00239,helmet,1,"[0.4469, 0.4125, 0.4906, 0.4797]",0.00294,Very small object (<0.5% image)
safesync_v5_unified,sppe4_00239,safety_vest,2,"[0.5078, 0.3953, 0.6375, 0.475]",0.01033,Small distant object (0.5%-2% image)
safesync_v5_unified,sppe4_00239,safety_footwear,4,"[0.7516, 0.45, 0.7812, 0.5172]",0.00199,Very small object (<0.5% image)
safesync_v5_unified,sppe4_00239,safety_footwear,4,"[0.7469, 0.3828, 0.7797, 0.45]",0.0022,Very small object (<0.5% image)
safesync_v5_unified,sppe4_00275,safety_vest,2,"[0.468, 0.2398, 0.5758, 0.4664]",0.02443,Partial occlusion / industrial lighting
safesync_v5_unified,sppe4_00276,safety_vest,2,"[0.3047, 0.3047, 0.4531, 0.5234]",0.03247,Partial occlusion / industrial lighting
safesync_v5_unified,sppe4_00276,gloves,3,"[0.1539, 0.1414, 0.2336, 0.2914]",0.01195,Small distant object (0.5%-2% image)
safesync_v5_unified,sppe4_00276,gloves,3,"[0.4625, 0.1367, 0.55, 0.2758]",0.01217,Small distant object (0.5%-2% image)
safesync_v5_unified,sppe4_00276,safety_footwear,4,"[0.3531, 0.8359, 0.3953, 0.9141]",0.0033,Very small object (<0.5% image)
safesync_v5_unified,sppe4_00276,safety_footwear,4,"[0.4016, 0.8359, 0.4437, 0.9125]",0.00323,Very small object (<0.5% image)
safesync_v5_unified,sppe4_00283,helmet,1,"[0.4094, 0.0523, 0.5547, 0.1852]",0.0193,Small distant object (0.5%-2% image)
safesync_v5_unified,sppe4_00283,safety_vest,2,"[0.3578, 0.2719, 0.6547, 0.8609]",0.17488,Partial occlusion / industrial lighting
safesync_v5_unified,sppe4_00284,safety_vest,2,"[0.3563, 0.2219, 0.6469, 0.5063]",0.08265,Partial occlusion / industrial lighting
safesync_v5_unified,sppe4_00297,helmet,1,"[0.3484, 0.1484, 0.4328, 0.2188]",0.00593,Small distant object (0.5%-2% image)
safesync_v5_unified,sppe4_00297,safety_vest,2,"[0.3281, 0.2922, 0.4891, 0.5141]",0.03571,Partial occlusion / industrial lighting
safesync_v5_unified,sppe4_00297,gloves,3,"[0.0922, 0.2938, 0.2141, 0.4359]",0.01733,Small distant object (0.5%-2% image)
safesync_v5_unified,sppe4_00297,gloves,3,"[0.5914, 0.2648, 0.6977, 0.4008]",0.01444,Small distant object (0.5%-2% image)
safesync_v5_unified,sppe4_00297,safety_footwear,4,"[0.3516, 0.8578, 0.4187, 0.9297]",0.00483,Very small object (<0.5% image)
safesync_v5_unified,sppe4_00297,safety_footwear,4,"[0.4219, 0.8578, 0.4766, 0.9266]",0.00376,Very small object (<0.5% image)
safesync_v5_unified,sppe4_00300,safety_vest,2,"[0.6375, 0.3484, 0.8766, 0.8406]",0.11766,Partial occlusion / industrial lighting
safesync_v5_unified,sppe4_00300,safety_vest,2,"[0.3984, 0.5016, 0.6297, 0.9938]",0.11382,Edge clipped / camera boundary
safesync_v5_unified,sppe4_00310,helmet,1,"[0.1906, 0.3328, 0.275, 0.5062]",0.01463,Small distant object (0.5%-2% image)
safesync_v5_unified,sppe4_00310,safety_vest,2,"[0.3359, 0.3078, 0.6203, 0.5]",0.05465,Partial occlusion / industrial lighting
safesync_v5_unified,sppe4_00310,safety_footwear,4,"[0.8562, 0.3984, 0.9516, 0.5609]",0.01549,Small distant object (0.5%-2% image)
safesync_v5_unified,sppe4_00310,safety_footwear,4,"[0.8156, 0.2359, 0.8953, 0.3984]",0.01295,Small distant object (0.5%-2% image)
safesync_v5_unified,sppe4_00318,safety_vest,2,"[0.2477, 0.1648, 0.3992, 0.4711]",0.04642,Partial occlusion / industrial lighting
safesync_v5_unified,sppe4_00318,safety_vest,2,"[0.6844, 0.3477, 0.7906, 0.6055]",0.02739,Partial occlusion / industrial lighting
safesync_v5_unified,sppe4_00318,safety_vest,2,"[0.3992, 0.2281, 0.5008, 0.4625]",0.0238,Partial occlusion / industrial lighting
safesync_v5_unified,sppe4_00341,helmet,1,"[0.4031, 0.0258, 0.5937, 0.1227]",0.01847,Small distant object (0.5%-2% image)
safesync_v5_unified,sppe4_00341,safety_vest,2,"[0.3695, 0.1844, 0.6727, 0.4578]",0.08289,Partial occlusion / industrial lighting
safesync_v5_unified,sppe4_00343,helmet,1,"[0.3656, 0.3609, 0.4, 0.4094]",0.00167,Very small object (<0.5% image)
safesync_v5_unified,sppe4_00343,helmet,1,"[0.3992, 0.3961, 0.4227, 0.4305]",0.00081,Very small object (<0.5% image)
safesync_v5_unified,sppe4_00343,helmet,1,"[0.5859, 0.3953, 0.6109, 0.4359]",0.00102,Very small object (<0.5% image)
safesync_v5_unified,sppe4_00343,safety_vest,2,"[0.7531, 0.2352, 0.9641, 0.4398]",0.04318,Partial occlusion / industrial lighting
safesync_v5_unified,sppe4_00343,safety_vest,2,"[0.3352, 0.3859, 0.3727, 0.4891]",0.00387,Very small object (<0.5% image)
safesync_v5_unified,sppe4_00343,safety_vest,2,"[0.5984, 0.4188, 0.6484, 0.4875]",0.00344,Very small object (<0.5% image)
safesync_v5_unified,sppe4_00343,safety_vest,2,"[0.382, 0.4188, 0.4117, 0.4984]",0.00237,Very small object (<0.5% image)
safesync_v5_unified,sppe4_00351,safety_vest,2,"[0.2344, 0.3219, 0.5969, 0.9062]",0.21184,Partial occlusion / industrial lighting
safesync_v5_unified,sppe4_00355,safety_vest,2,"[0.35, 0.2875, 0.5219, 0.6016]",0.05398,Partial occlusion / industrial lighting
safesync_v5_unified,sppe4_00355,safety_footwear,4,"[0.4188, 0.8766, 0.4656, 0.9781]",0.00476,Very small object (<0.5% image)
safesync_v5_unified,sppe4_00355,safety_footwear,4,"[0.4641, 0.8859, 0.5297, 0.9906]",0.00687,Small distant object (0.5%-2% image)
safesync_v5_unified,sppe4_00359,gloves,3,"[0.4187, 0.3766, 0.5, 0.4453]",0.00559,Small distant object (0.5%-2% image)
safesync_v5_unified,sppe4_00359,gloves,3,"[0.5648, 0.3688, 0.6383, 0.4234]",0.00402,Very small object (<0.5% image)
safesync_v5_unified,sppe4_00361,safety_vest,2,"[0.2906, 0.2844, 0.4516, 0.5406]",0.04124,Partial occlusion / industrial lighting
safesync_v5_unified,sppe4_00361,safety_footwear,4,"[0.3453, 0.8469, 0.3969, 0.9156]",0.00354,Very small object (<0.5% image)
safesync_v5_unified,sppe4_00361,safety_footwear,4,"[0.3969, 0.8438, 0.4484, 0.9062]",0.00322,Very small object (<0.5% image)
safesync_v5_unified,sppe4_00367,safety_vest,2,"[0.1422, 0.2266, 0.2859, 0.5797]",0.05076,Partial occlusion / industrial lighting
safesync_v5_unified,sppe4_00367,safety_footwear,4,"[0.1516, 0.9453, 0.1875, 1.0]",0.00197,Very small object (<0.5% image)
safesync_v5_unified,sppe4_00367,safety_footwear,4,"[0.2109, 0.8656, 0.2859, 0.9578]",0.00691,Small distant object (0.5%-2% image)
safesync_v5_unified,sppe4_00367,safety_footwear,4,"[0.4578, 0.9125, 0.525, 1.0]",0.00588,Small distant object (0.5%-2% image)
safesync_v5_unified,sppe4_00408,helmet,1,"[0.4297, 0.0375, 0.6687, 0.2109]",0.04146,Partial occlusion / industrial lighting
safesync_v5_unified,sppe4_00408,safety_vest,2,"[0.3141, 0.3016, 0.8375, 0.8578]",0.29116,Partial occlusion / industrial lighting
ppe_fire_smoke_v4,dfire_00000,fire,5,"[0.4484, 0.5125, 0.4703, 0.5422]",0.00065,Very small object (<0.5% image)
ppe_fire_smoke_v4,dfire_00000,fire,5,"[0.6328, 0.4414, 0.6719, 0.4648]",0.00092,Very small object (<0.5% image)
ppe_fire_smoke_v4,dfire_00000,fire,5,"[0.3938, 0.4055, 0.4906, 0.5055]",0.00969,Small distant object (0.5%-2% image)
ppe_fire_smoke_v4,dfire_00000,fire,5,"[0.3516, 0.468, 0.3844, 0.493]",0.00082,Very small object (<0.5% image)
ppe_fire_smoke_v4,dfire_00000,fire,5,"[0.418, 0.507, 0.4367, 0.5383]",0.00059,Very small object (<0.5% image)
ppe_fire_smoke_v4,dfire_00000,smoke,6,"[0.3867, 0.3688, 0.4898, 0.4047]",0.00371,Very small object (<0.5% image)
ppe_fire_smoke_v4,dfire_00000,smoke,6,"[0.2672, 0.3687, 0.3875, 0.4594]",0.0109,Small distant object (0.5%-2% image)
ppe_fire_smoke_v4,dfire_00006,fire,5,"[0.3063, 0.3625, 0.5859, 0.5734]",0.059,Low-contrast particulate / plume
ppe_fire_smoke_v4,dfire_00014,smoke,6,"[0.5062, 0.45, 0.6547, 0.5172]",0.00997,Small distant object (0.5%-2% image)
ppe_fire_smoke_v4,dfire_00021,fire,5,"[0.575, 0.3086, 0.5953, 0.343]",0.0007,Very small object (<0.5% image)
ppe_fire_smoke_v4,dfire_00021,fire,5,"[0.3828, 0.55, 0.6953, 0.6953]",0.04541,Low-contrast particulate / plume
ppe_fire_smoke_v4,dfire_00036,smoke,6,"[0.2078, 0.4437, 0.5, 0.5172]",0.02146,Extreme aspect ratio / pose
ppe_fire_smoke_v4,dfire_00050,smoke,6,"[0.8641, 0.4578, 0.9703, 0.5687]",0.01179,Small distant object (0.5%-2% image)
ppe_fire_smoke_v4,dfire_00053,smoke,6,"[0.5687, 0.3406, 0.6922, 0.4406]",0.01234,Small distant object (0.5%-2% image)
ppe_fire_smoke_v4,dfire_00053,smoke,6,"[0.1859, 0.3469, 0.3469, 0.4547]",0.01735,Small distant object (0.5%-2% image)
ppe_fire_smoke_v4,dfire_00059,fire,5,"[0.4031, 0.3727, 0.4609, 0.4273]",0.00316,Very small object (<0.5% image)
ppe_fire_smoke_v4,dfire_00059,fire,5,"[0.4336, 0.4187, 0.5602, 0.4844]",0.00831,Small distant object (0.5%-2% image)
ppe_fire_smoke_v4,dfire_00059,fire,5,"[0.3844, 0.4492, 0.4328, 0.4898]",0.00197,Very small object (<0.5% image)
ppe_fire_smoke_v4,dfire_00059,fire,5,"[0.3352, 0.4578, 0.3664, 0.4859]",0.00088,Very small object (<0.5% image)
ppe_fire_smoke_v4,dfire_00059,smoke,6,"[0.3281, 0.3734, 0.4031, 0.4547]",0.00609,Small distant object (0.5%-2% image)
ppe_fire_smoke_v4,dfire_00059,smoke,6,"[0.2594, 0.3727, 0.3281, 0.5195]",0.0101,Small distant object (0.5%-2% image)
ppe_fire_smoke_v4,dfire_00060,fire,5,"[0.3891, 0.4617, 0.6516, 0.6305]",0.0443,Low-contrast particulate / plume
ppe_fire_smoke_v4,dfire_00065,smoke,6,"[0.2875, 0.3852, 0.5281, 0.6414]",0.06166,Low-contrast particulate / plume
ppe_fire_smoke_v4,dfire_00093,fire,5,"[0.5187, 0.4445, 0.6188, 0.5117]",0.00672,Small distant object (0.5%-2% image)
ppe_fire_smoke_v4,dfire_00093,fire,5,"[0.4867, 0.4859, 0.5227, 0.5234]",0.00135,Very small object (<0.5% image)
ppe_fire_smoke_v4,dfire_00103,fire,5,"[0.3109, 0.5312, 0.3406, 0.575]",0.0013,Very small object (<0.5% image)
ppe_fire_smoke_v4,dfire_00103,fire,5,"[0.3742, 0.45, 0.568, 0.6734]",0.04329,Low-contrast particulate / plume
ppe_fire_smoke_v4,dfire_00103,fire,5,"[0.6586, 0.5836, 0.6914, 0.6195]",0.00118,Very small object (<0.5% image)
ppe_fire_smoke_v4,dfire_00103,fire,5,"[0.5906, 0.6305, 0.6281, 0.6758]",0.0017,Very small object (<0.5% image)
ppe_fire_smoke_v4,dfire_00103,smoke,6,"[0.3219, 0.307, 0.4922, 0.443]",0.02315,Low-contrast particulate / plume
ppe_fire_smoke_v4,dfire_00103,smoke,6,"[0.6281, 0.3219, 0.6937, 0.4812]",0.01046,Small distant object (0.5%-2% image)
ppe_fire_smoke_v4,dfire_00106,fire,5,"[0.3953, 0.5328, 0.4125, 0.5437]",0.00019,Very small object (<0.5% image)
ppe_fire_smoke_v4,dfire_00106,fire,5,"[0.7266, 0.4156, 0.7344, 0.4281]",0.0001,Very small object (<0.5% image)
ppe_fire_smoke_v4,dfire_00108,fire,5,"[0.4664, 0.5172, 0.5148, 0.5766]",0.00288,Very small object (<0.5% image)
ppe_fire_smoke_v4,dfire_00108,smoke,6,"[0.4789, 0.3664, 0.718, 0.5086]",0.03399,Low-contrast particulate / plume
ppe_fire_smoke_v4,dfire_00116,smoke,6,"[0.5461, 0.3578, 0.7117, 0.4516]",0.01553,Small distant object (0.5%-2% image)
ppe_fire_smoke_v4,dfire_00116,smoke,6,"[0.2859, 0.3586, 0.4672, 0.4664]",0.01954,Small distant object (0.5%-2% image)
ppe_fire_smoke_v4,dfire_00116,smoke,6,"[0.6219, 0.4547, 0.7125, 0.4953]",0.00368,Very small object (<0.5% image)
ppe_fire_smoke_v4,dfire_00116,smoke,6,"[0.4703, 0.3578, 0.5437, 0.3859]",0.00207,Very small object (<0.5% image)
ppe_fire_smoke_v4,dfire_00116,smoke,6,"[0.2859, 0.4688, 0.4297, 0.5]",0.00449,Very small object (<0.5% image)
ppe_fire_smoke_v4,dfire_00122,smoke,6,"[0.3359, 0.4289, 0.5953, 0.5117]",0.02148,Extreme aspect ratio / pose
ppe_fire_smoke_v4,dfire_00124,smoke,6,"[0.4211, 0.3586, 0.543, 0.4836]",0.01523,Small distant object (0.5%-2% image)
ppe_fire_smoke_v4,dfire_00142,smoke,6,"[0.5461, 0.3875, 0.657, 0.4937]",0.01179,Small distant object (0.5%-2% image)
ppe_fire_smoke_v4,dfire_00154,fire,5,"[0.3047, 0.4484, 0.4344, 0.6938]",0.03181,Low-contrast particulate / plume
ppe_fire_smoke_v4,dfire_00161,smoke,6,"[0.3581, 0.4751, 0.5913, 0.6291]",0.03592,Low-contrast particulate / plume
ppe_fire_smoke_v4,dfire_00161,smoke,6,"[0.3414, 0.3094, 0.5977, 0.4734]",0.04204,Low-contrast particulate / plume
ppe_fire_smoke_v4,dfire_00162,fire,5,"[0.3711, 0.5461, 0.4039, 0.5836]",0.00123,Very small object (<0.5% image)
ppe_fire_smoke_v4,dfire_00162,fire,5,"[0.4172, 0.5477, 0.4406, 0.5852]",0.00088,Very small object (<0.5% image)
ppe_fire_smoke_v4,dfire_00162,fire,5,"[0.3242, 0.5484, 0.3617, 0.5844]",0.00135,Very small object (<0.5% image)
ppe_fire_smoke_v4,dfire_00162,fire,5,"[0.4508, 0.5508, 0.468, 0.5883]",0.00064,Very small object (<0.5% image)
ppe_fire_smoke_v4,dfire_00162,fire,5,"[0.5234, 0.5484, 0.5641, 0.5969]",0.00197,Very small object (<0.5% image)
ppe_fire_smoke_v4,dfire_00162,fire,5,"[0.4844, 0.5531, 0.5172, 0.5953]",0.00138,Very small object (<0.5% image)
ppe_fire_smoke_v4,dfire_00162,fire,5,"[0.4543, 0.3404, 0.5304, 0.4935]",0.01164,Small distant object (0.5%-2% image)
ppe_fire_smoke_v4,dfire_00162,fire,5,"[0.3289, 0.4086, 0.4664, 0.5414]",0.01826,Small distant object (0.5%-2% image)
ppe_fire_smoke_v4,dfire_00163,smoke,6,"[0.3047, 0.3445, 0.6094, 0.5539]",0.06379,Low-contrast particulate / plume
ppe_fire_smoke_v4,dfire_00175,fire,5,"[0.3625, 0.5648, 0.425, 0.6086]",0.00273,Very small object (<0.5% image)
ppe_fire_smoke_v4,dfire_00175,smoke,6,"[0.2656, 0.5133, 0.3625, 0.607]",0.00908,Small distant object (0.5%-2% image)
ppe_fire_smoke_v4,dfire_00175,smoke,6,"[0.5094, 0.5164, 0.6156, 0.607]",0.00963,Small distant object (0.5%-2% image)
ppe_fire_smoke_v4,dfire_00175,smoke,6,"[0.3391, 0.3766, 0.4875, 0.4797]",0.01531,Small distant object (0.5%-2% image)
ppe_fire_smoke_v4,dfire_00176,smoke,6,"[0.0047, 0.1375, 0.9984, 0.4328]",0.29347,Edge clipped / camera boundary
ppe_fire_smoke_v4,dfire_00185,smoke,6,"[0.2853, 0.3575, 0.6978, 0.58]",0.0918,Low-contrast particulate / plume
ppe_fire_smoke_v4,dfire_00187,smoke,6,"[0.1672, 0.375, 0.5219, 0.525]",0.0532,Low-contrast particulate / plume
ppe_fire_smoke_v4,dfire_00193,smoke,6,"[0.2992, 0.3719, 0.6992, 0.5594]",0.075,Low-contrast particulate / plume
ppe_fire_smoke_v4,dfire_00194,smoke,6,"[0.0016, 0.6375, 0.0422, 0.8031]",0.00673,Small distant object (0.5%-2% image)
ppe_fire_smoke_v4,dfire_00194,smoke,6,"[0.1375, 0.7211, 0.2359, 0.8695]",0.01461,Small distant object (0.5%-2% image)
ppe_fire_smoke_v4,dfire_00199,smoke,6,"[0.4907, 0.2949, 1.0, 0.5273]",0.11837,Edge clipped / camera boundary
ppe_fire_smoke_v4,dfire_00204,smoke,6,"[0.1453, 0.4344, 0.3281, 0.5063]",0.01314,Small distant object (0.5%-2% image)
ppe_fire_smoke_v4,dfire_00211,smoke,6,"[0.4469, 0.5656, 0.5594, 0.6297]",0.00721,Small distant object (0.5%-2% image)
ppe_fire_smoke_v4,dfire_00211,smoke,6,"[0.4641, 0.3688, 0.6172, 0.5]",0.0201,Low-contrast particulate / plume
ppe_fire_smoke_v4,dfire_00211,smoke,6,"[0.6328, 0.3687, 0.7328, 0.3953]",0.00266,Very small object (<0.5% image)
ppe_fire_smoke_v4,dfire_00212,fire,5,"[0.282, 0.4281, 0.3305, 0.4828]",0.00265,Very small object (<0.5% image)
ppe_fire_smoke_v4,dfire_00212,fire,5,"[0.6766, 0.4547, 0.6984, 0.4875]",0.00072,Very small object (<0.5% image)
ppe_fire_smoke_v4,dfire_00212,fire,5,"[0.6445, 0.4648, 0.6664, 0.4961]",0.00068,Very small object (<0.5% image)
ppe_fire_smoke_v4,dfire_00212,fire,5,"[0.3398, 0.4813, 0.3961, 0.5047]",0.00132,Very small object (<0.5% image)
ppe_fire_smoke_v4,dfire_00212,smoke,6,"[0.3359, 0.3711, 0.7391, 0.4258]",0.02205,Extreme aspect ratio / pose
ppe_fire_smoke_v4,dfire_00212,smoke,6,"[0.4148, 0.4273, 0.4633, 0.4945]",0.00325,Very small object (<0.5% image)
ppe_fire_smoke_v4,dfire_00215,smoke,6,"[0.3359, 0.1266, 0.9984, 0.4328]",0.20289,Edge clipped / camera boundary
ppe_fire_smoke_v4,dfire_00226,smoke,6,"[-0.0, 0.3542, 0.521, 0.5363]",0.09492,Edge clipped / camera boundary
ppe_fire_smoke_v4,dfire_00240,fire,5,"[0.4328, 0.4734, 0.4625, 0.5125]",0.00116,Very small object (<0.5% image)
ppe_fire_smoke_v4,dfire_00240,smoke,6,"[0.3789, 0.3586, 0.4555, 0.3945]",0.00275,Very small object (<0.5% image)
ppe_fire_smoke_v4,dfire_00240,smoke,6,"[0.6039, 0.3594, 0.7117, 0.3969]",0.00404,Very small object (<0.5% image)
ppe_fire_smoke_v4,dfire_00240,smoke,6,"[0.6836, 0.3992, 0.7133, 0.4555]",0.00167,Very small object (<0.5% image)
ppe_fire_smoke_v4,dfire_00253,smoke,6,"[0.1875, 0.25, 0.7391, 0.4688]",0.12065,Low-contrast particulate / plume
ppe_fire_smoke_v4,dfire_00261,fire,5,"[0.3336, 0.5172, 0.3586, 0.5422]",0.00063,Very small object (<0.5% image)
ppe_fire_smoke_v4,dfire_00261,smoke,6,"[0.4289, 0.4195, 0.5695, 0.5133]",0.01318,Small distant object (0.5%-2% image)
ppe_fire_smoke_v4,dfire_00262,smoke,6,"[0.2445, 0.2602, 0.7586, 0.4648]",0.10522,Low-contrast particulate / plume
ppe_fire_smoke_v4,dfire_00266,fire,5,"[0.4438, 0.4148, 0.6375, 0.5836]",0.0327,Low-contrast particulate / plume
ppe_fire_smoke_v4,dfire_00267,fire,5,"[0.4844, 0.5211, 0.5297, 0.5773]",0.00255,Very small object (<0.5% image)
ppe_fire_smoke_v4,dfire_00267,fire,5,"[0.4758, 0.457, 0.4852, 0.4742]",0.00016,Very small object (<0.5% image)
ppe_fire_smoke_v4,dfire_00267,fire,5,"[0.5906, 0.418, 0.6938, 0.5383]",0.01241,Small distant object (0.5%-2% image)
ppe_fire_smoke_v4,dfire_00267,fire,5,"[0.4766, 0.4805, 0.4844, 0.4945]",0.00011,Very small object (<0.5% image)
ppe_fire_smoke_v4,dfire_00267,fire,5,"[0.5266, 0.475, 0.5359, 0.5141]",0.00037,Very small object (<0.5% image)
ppe_fire_smoke_v4,dfire_00267,fire,5,"[0.4445, 0.4781, 0.4555, 0.5141]",0.00039,Very small object (<0.5% image)
ppe_fire_smoke_v4,dfire_00267,fire,5,"[0.3523, 0.4758, 0.4039, 0.5164]",0.00209,Very small object (<0.5% image)
ppe_fire_smoke_v4,dfire_00267,fire,5,"[0.425, 0.4766, 0.4453, 0.5172]",0.00083,Very small object (<0.5% image)
ppe_fire_smoke_v4,dfire_00267,fire,5,"[0.3047, 0.4758, 0.3516, 0.518]",0.00198,Very small object (<0.5% image)
ppe_fire_smoke_v4,dfire_00267,fire,5,"[0.5422, 0.4547, 0.5781, 0.5594]",0.00376,Very small object (<0.5% image)
ppe_fire_smoke_v4,dfire_00267,smoke,6,"[0.2727, 0.5219, 0.3508, 0.6172]",0.00745,Small distant object (0.5%-2% image)
ppe_fire_smoke_v4,dfire_00267,smoke,6,"[0.3984, 0.3664, 0.6813, 0.4117]",0.01281,Small distant object (0.5%-2% image)
ppe_fire_smoke_v4,dfire_00267,smoke,6,"[0.3875, 0.5844, 0.475, 0.6344]",0.00437,Very small object (<0.5% image)
ppe_fire_smoke_v4,dfire_00267,smoke,6,"[0.2742, 0.3664, 0.3914, 0.4523]",0.01007,Small distant object (0.5%-2% image)
ppe_fire_smoke_v4,dfire_00267,smoke,6,"[0.3937, 0.4141, 0.5094, 0.4359]",0.00253,Very small object (<0.5% image)
ppe_fire_smoke_v4,dfire_00267,smoke,6,"[0.2977, 0.4516, 0.3539, 0.4719]",0.00114,Very small object (<0.5% image)
ppe_fire_smoke_v4,dfire_00267,smoke,6,"[0.2742, 0.4508, 0.2977, 0.5211]",0.00165,Very small object (<0.5% image)
ppe_fire_smoke_v4,dfire_00279,fire,5,"[0.4188, 0.4984, 0.45, 0.5703]",0.00225,Very small object (<0.5% image)
ppe_fire_smoke_v4,dfire_00279,fire,5,"[0.5023, 0.3758, 0.5336, 0.4148]",0.00122,Very small object (<0.5% image)
ppe_fire_smoke_v4,dfire_00279,fire,5,"[0.3625, 0.5906, 0.3734, 0.6094]",0.00021,Very small object (<0.5% image)
ppe_fire_smoke_v4,dfire_00279,fire,5,"[0.425, 0.6016, 0.4344, 0.6141]",0.00012,Very small object (<0.5% image)
ppe_fire_smoke_v4,dfire_00279,fire,5,"[0.4813, 0.607, 0.4937, 0.618]",0.00014,Very small object (<0.5% image)
ppe_fire_smoke_v4,dfire_00279,fire,5,"[0.4531, 0.6078, 0.4672, 0.6172]",0.00013,Very small object (<0.5% image)
ppe_fire_smoke_v4,dfire_00279,fire,5,"[0.3219, 0.6063, 0.3562, 0.6234]",0.00059,Very small object (<0.5% image)
ppe_fire_smoke_v4,dfire_00279,fire,5,"[0.3719, 0.6141, 0.3781, 0.6219]",5e-05,Very small object (<0.5% image)
ppe_fire_smoke_v4,dfire_00279,fire,5,"[0.3648, 0.3766, 0.4555, 0.4797]",0.00935,Small distant object (0.5%-2% image)
ppe_fire_smoke_v4,dfire_00279,fire,5,"[0.5406, 0.4313, 0.5516, 0.4672]",0.00039,Very small object (<0.5% image)
ppe_fire_smoke_v4,dfire_00279,fire,5,"[0.557, 0.4344, 0.568, 0.4703]",0.00039,Very small object (<0.5% image)
ppe_fire_smoke_v4,dfire_00279,fire,5,"[0.575, 0.4367, 0.5828, 0.4711]",0.00027,Very small object (<0.5% image)
ppe_fire_smoke_v4,dfire_00279,fire,5,"[0.5883, 0.4359, 0.6008, 0.4719]",0.00045,Very small object (<0.5% image)
ppe_fire_smoke_v4,dfire_00279,fire,5,"[0.325, 0.4414, 0.3422, 0.4914]",0.00086,Very small object (<0.5% image)
ppe_fire_smoke_v4,dfire_00279,fire,5,"[0.6727, 0.4813, 0.6836, 0.4969]",0.00017,Very small object (<0.5% image)
ppe_fire_smoke_v4,dfire_00279,fire,5,"[0.7031, 0.4859, 0.7203, 0.5125]",0.00046,Very small object (<0.5% image)
ppe_fire_smoke_v4,dfire_00279,fire,5,"[0.4578, 0.3758, 0.4922, 0.4055]",0.00102,Very small object (<0.5% image)
ppe_fire_smoke_v4,dfire_00279,smoke,6,"[0.2539, 0.5266, 0.3305, 0.6]",0.00562,Small distant object (0.5%-2% image)
ppe_fire_smoke_v4,dfire_00279,smoke,6,"[0.5648, 0.3781, 0.643, 0.4312]",0.00415,Very small object (<0.5% image)
ppe_fire_smoke_v4,dfire_00282,smoke,6,"[0.4617, 0.4766, 0.518, 0.5656]",0.00501,Small distant object (0.5%-2% image)
ppe_fire_smoke_v4,dfire_00289,smoke,6,"[0.6109, 0.4547, 0.75, 0.5156]",0.00847,Small distant object (0.5%-2% image)
ppe_fire_smoke_v4,dfire_00301,smoke,6,"[0.7078, 0.55, 0.7859, 0.6094]",0.00464,Very small object (<0.5% image)
ppe_fire_smoke_v4,dfire_00306,fire,5,"[0.5688, 0.4984, 0.6516, 0.5594]",0.00505,Small distant object (0.5%-2% image)
ppe_fire_smoke_v4,dfire_00306,fire,5,"[0.3086, 0.5188, 0.3492, 0.5656]",0.0019,Very small object (<0.5% image)
ppe_fire_smoke_v4,dfire_00306,fire,5,"[0.5156, 0.532, 0.5609, 0.5695]",0.0017,Very small object (<0.5% image)
ppe_fire_smoke_v4,dfire_00306,fire,5,"[0.4297, 0.5367, 0.5031, 0.5836]",0.00344,Very small object (<0.5% image)
ppe_fire_smoke_v4,dfire_00306,fire,5,"[0.3266, 0.5641, 0.4234, 0.5984]",0.00333,Very small object (<0.5% image)
ppe_fire_smoke_v4,dfire_00306,fire,5,"[0.6609, 0.4789, 0.7063, 0.5289]",0.00227,Very small object (<0.5% image)
ppe_fire_smoke_v4,dfire_00306,smoke,6,"[0.3578, 0.5375, 0.3984, 0.5625]",0.00102,Very small object (<0.5% image)
ppe_fire_smoke_v4,dfire_00306,smoke,6,"[0.4398, 0.3711, 0.732, 0.4586]",0.02557,Extreme aspect ratio / pose
ppe_fire_smoke_v4,dfire_00306,smoke,6,"[0.4211, 0.4687, 0.5383, 0.5266]",0.00677,Small distant object (0.5%-2% image)
ppe_fire_smoke_v4,dfire_00312,smoke,6,"[0.3063, 0.3102, 0.6734, 0.4414]",0.04819,Low-contrast particulate / plume
ppe_fire_smoke_v4,dfire_00324,fire,5,"[0.4594, 0.5219, 0.475, 0.5359]",0.00022,Very small object (<0.5% image)
ppe_fire_smoke_v4,dfire_00324,fire,5,"[0.4945, 0.525, 0.5039, 0.5391]",0.00013,Very small object (<0.5% image)
ppe_fire_smoke_v4,dfire_00324,smoke,6,"[0.4484, 0.3781, 0.6719, 0.5188]",0.03142,Low-contrast particulate / plume
ppe_fire_smoke_v4,dfire_00327,smoke,6,"[0.3227, 0.3844, 0.4227, 0.4703]",0.00859,Small distant object (0.5%-2% image)
ppe_fire_smoke_v4,dfire_00329,fire,5,"[0.3758, 0.5352, 0.4195, 0.5633]",0.00123,Very small object (<0.5% image)
ppe_fire_smoke_v4,dfire_00329,fire,5,"[0.4633, 0.4656, 0.5633, 0.5531]",0.00875,Small distant object (0.5%-2% image)
ppe_fire_smoke_v4,dfire_00329,smoke,6,"[0.4828, 0.3961, 0.5469, 0.4633]",0.0043,Very small object (<0.5% image)
ppe_fire_smoke_v4,dfire_00329,smoke,6,"[0.4, 0.4227, 0.4531, 0.4883]",0.00349,Very small object (<0.5% image)
ppe_fire_smoke_v4,dfire_00337,smoke,6,"[0.0, 0.2086, 0.5461, 0.4801]",0.14826,Edge clipped / camera boundary
ppe_fire_smoke_v4,dfire_00340,smoke,6,"[0.2992, 0.3508, 0.4555, 0.4617]",0.01733,Small distant object (0.5%-2% image)
ppe_fire_smoke_v4,dfire_00340,smoke,6,"[0.5422, 0.4336, 0.5781, 0.5273]",0.00337,Very small object (<0.5% image)
ppe_fire_smoke_v4,dfire_00342,fire,5,"[0.3617, 0.4789, 0.4695, 0.5617]",0.00893,Small distant object (0.5%-2% image)
ppe_fire_smoke_v4,dfire_00342,smoke,6,"[0.5258, 0.357, 0.6008, 0.4195]",0.00469,Very small object (<0.5% image)
ppe_fire_smoke_v4,dfire_00347,smoke,6,"[0.3242, 0.3586, 0.4086, 0.4961]",0.0116,Small distant object (0.5%-2% image)
ppe_fire_smoke_v4,dfire_00347,smoke,6,"[0.4117, 0.3648, 0.5148, 0.4961]",0.01354,Small distant object (0.5%-2% image)
ppe_fire_smoke_v4,dfire_00364,smoke,6,"[0.2658, 0.3719, 0.5259, 0.4902]",0.03079,Low-contrast particulate / plume
ppe_fire_smoke_v4,dfire_00372,smoke,6,"[0.5266, 0.3687, 0.5875, 0.4188]",0.00305,Very small object (<0.5% image)
ppe_fire_smoke_v4,dfire_00372,smoke,6,"[0.3984, 0.3734, 0.4859, 0.4422]",0.00602,Small distant object (0.5%-2% image)
ppe_fire_smoke_v4,dfire_00375,fire,5,"[0.4219, 0.4227, 0.5109, 0.5133]",0.00807,Small distant object (0.5%-2% image)
ppe_fire_smoke_v4,dfire_00375,fire,5,"[0.7438, 0.5187, 0.7609, 0.5453]",0.00046,Very small object (<0.5% image)
ppe_fire_smoke_v4,dfire_00375,smoke,6,"[0.5305, 0.3852, 0.7086, 0.5305]",0.02588,Low-contrast particulate / plume
ppe_fire_smoke_v4,dfire_00379,fire,5,"[0.3031, 0.4227, 0.5625, 0.5086]",0.02229,Low-contrast particulate / plume
ppe_fire_smoke_v4,dfire_00379,smoke,6,"[0.2883, 0.3555, 0.7117, 0.4211]",0.02779,Extreme aspect ratio / pose
ppe_fire_smoke_v4,dfire_00379,smoke,6,"[0.682, 0.4211, 0.7102, 0.4617]",0.00114,Very small object (<0.5% image)
ppe_fire_smoke_v4,dfire_00392,smoke,6,"[0.4266, 0.3891, 0.5641, 0.525]",0.01869,Small distant object (0.5%-2% image)
ppe_fire_smoke_v4,dfire_00401,smoke,6,"[0.4711, 0.4039, 0.5664, 0.5258]",0.01162,Small distant object (0.5%-2% image)
ppe_fire_smoke_v4,dfire_00402,smoke,6,"[0.2648, 0.375, 0.657, 0.5172]",0.05576,Low-contrast particulate / plume
ppe_fire_smoke_v4,dfire_00403,smoke,6,"[0.2508, 0.257, 0.807, 0.4711]",0.11907,Low-contrast particulate / plume
ppe_fire_smoke_v4,dfire_00405,smoke,6,"[0.2672, 0.5203, 0.7344, 0.6297]",0.0511,Extreme aspect ratio / pose
ppe_fire_smoke_v4,dfire_00406,fire,5,"[0.3106, 0.5888, 0.6491, 0.6502]",0.02076,Extreme aspect ratio / pose
ppe_fire_smoke_v4,ppec_00001,person,0,"[0.0, 0.0, 0.7047, 0.9297]",0.65514,Edge clipped / camera boundary
ppe_fire_smoke_v4,ppec_00003,safety_vest,2,"[0.9055, 0.4219, 0.9992, 0.9984]",0.05405,Edge clipped / camera boundary
ppe_fire_smoke_v4,ppec_00005,person,0,"[0.0398, 0.4523, 0.1102, 0.7102]",0.01813,Small distant object (0.5%-2% image)
ppe_fire_smoke_v4,ppec_00005,person,0,"[0.1219, 0.4562, 0.2141, 0.6984]",0.02233,Partial occlusion / industrial lighting
ppe_fire_smoke_v4,ppec_00005,person,0,"[0.2281, 0.4555, 0.2953, 0.7805]",0.02184,Extreme aspect ratio / pose
ppe_fire_smoke_v4,ppec_00005,person,0,"[0.3109, 0.4633, 0.3906, 0.7289]",0.02117,Extreme aspect ratio / pose
ppe_fire_smoke_v4,ppec_00005,person,0,"[0.4086, 0.4633, 0.4789, 0.7742]",0.02186,Extreme aspect ratio / pose
ppe_fire_smoke_v4,ppec_00005,person,0,"[0.5016, 0.4656, 0.5594, 0.7688]",0.01752,Small distant object (0.5%-2% image)
ppe_fire_smoke_v4,ppec_00005,person,0,"[0.5781, 0.4648, 0.6453, 0.7617]",0.01995,Small distant object (0.5%-2% image)
ppe_fire_smoke_v4,ppec_00005,person,0,"[0.7109, 0.4516, 0.7891, 0.7625]",0.02429,Extreme aspect ratio / pose
ppe_fire_smoke_v4,ppec_00005,person,0,"[0.6398, 0.4484, 0.707, 0.7656]",0.02131,Extreme aspect ratio / pose
ppe_fire_smoke_v4,ppec_00005,person,0,"[0.7938, 0.4602, 0.8812, 0.7477]",0.02516,Extreme aspect ratio / pose
ppe_fire_smoke_v4,ppec_00005,person,0,"[0.8977, 0.4703, 0.9773, 0.7844]",0.02503,Extreme aspect ratio / pose
ppe_fire_smoke_v4,ppec_00005,safety_footwear,4,"[0.4094, 0.7406, 0.4453, 0.7766]",0.00129,Very small object (<0.5% image)
ppe_fire_smoke_v4,ppec_00005,safety_footwear,4,"[0.2594, 0.7445, 0.3031, 0.7805]",0.00157,Very small object (<0.5% image)
ppe_fire_smoke_v4,ppec_00005,safety_footwear,4,"[0.218, 0.7445, 0.2555, 0.782]",0.00141,Very small object (<0.5% image)
ppe_fire_smoke_v4,ppec_00005,safety_footwear,4,"[0.1445, 0.7422, 0.1805, 0.7859]",0.00157,Very small object (<0.5% image)
ppe_fire_smoke_v4,ppec_00005,safety_footwear,4,"[0.0828, 0.7531, 0.1172, 0.7844]",0.00107,Very small object (<0.5% image)
ppe_fire_smoke_v4,ppec_00005,safety_footwear,4,"[0.0273, 0.7531, 0.0664, 0.7891]",0.0014,Very small object (<0.5% image)
ppe_fire_smoke_v4,ppec_00005,safety_footwear,4,"[0.025, 0.8047, 0.0688, 0.8516]",0.00205,Very small object (<0.5% image)
ppe_fire_smoke_v4,ppec_00005,safety_footwear,4,"[0.1484, 0.8102, 0.1797, 0.8492]",0.00122,Very small object (<0.5% image)
ppe_fire_smoke_v4,ppec_00005,safety_footwear,4,"[0.0852, 0.8117, 0.1164, 0.8477]",0.00112,Very small object (<0.5% image)
ppe_fire_smoke_v4,ppec_00005,safety_footwear,4,"[0.1781, 0.8141, 0.2078, 0.8547]",0.00121,Very small object (<0.5% image)
ppe_fire_smoke_v4,ppec_00005,safety_footwear,4,"[0.2219, 0.8086, 0.2641, 0.8508]",0.00178,Very small object (<0.5% image)
ppe_fire_smoke_v4,ppec_00005,safety_footwear,4,"[0.2555, 0.8164, 0.2977, 0.8586]",0.00178,Very small object (<0.5% image)
ppe_fire_smoke_v4,ppec_00005,safety_footwear,4,"[0.3039, 0.8094, 0.3461, 0.8516]",0.00178,Very small object (<0.5% image)
ppe_fire_smoke_v4,ppec_00005,safety_footwear,4,"[0.35, 0.8125, 0.3922, 0.8547]",0.00178,Very small object (<0.5% image)
ppe_fire_smoke_v4,ppec_00005,safety_footwear,4,"[0.3523, 0.7453, 0.3836, 0.7844]",0.00122,Very small object (<0.5% image)
ppe_fire_smoke_v4,ppec_00005,safety_footwear,4,"[0.2992, 0.7461, 0.3461, 0.782]",0.00168,Very small object (<0.5% image)
ppe_fire_smoke_v4,ppec_00005,safety_footwear,4,"[0.4461, 0.7453, 0.4805, 0.7766]",0.00107,Very small object (<0.5% image)
ppe_fire_smoke_v4,ppec_00005,safety_footwear,4,"[0.4875, 0.7414, 0.5266, 0.7727]",0.00122,Very small object (<0.5% image)
ppe_fire_smoke_v4,ppec_00005,safety_footwear,4,"[0.5289, 0.7383, 0.5648, 0.7727]",0.00124,Very small object (<0.5% image)
ppe_fire_smoke_v4,ppec_00005,safety_footwear,4,"[0.5703, 0.7344, 0.6109, 0.7656]",0.00127,Very small object (<0.5% image)
ppe_fire_smoke_v4,ppec_00005,safety_footwear,4,"[0.6109, 0.7391, 0.6391, 0.7656]",0.00075,Very small object (<0.5% image)
ppe_fire_smoke_v4,ppec_00005,safety_footwear,4,"[0.6531, 0.7367, 0.6984, 0.7633]",0.0012,Very small object (<0.5% image)
ppe_fire_smoke_v4,ppec_00005,safety_footwear,4,"[0.7039, 0.7258, 0.7398, 0.7633]",0.00135,Very small object (<0.5% image)
ppe_fire_smoke_v4,ppec_00005,safety_footwear,4,"[0.7469, 0.7242, 0.7953, 0.757]",0.00159,Very small object (<0.5% image)
ppe_fire_smoke_v4,ppec_00005,safety_footwear,4,"[0.793, 0.7234, 0.8336, 0.7578]",0.0014,Very small object (<0.5% image)
ppe_fire_smoke_v4,ppec_00005,safety_footwear,4,"[0.825, 0.7227, 0.875, 0.7586]",0.0018,Very small object (<0.5% image)
ppe_fire_smoke_v4,ppec_00005,safety_footwear,4,"[0.8945, 0.7242, 0.9258, 0.7523]",0.00088,Very small object (<0.5% image)
ppe_fire_smoke_v4,ppec_00005,safety_footwear,4,"[0.9258, 0.7242, 0.957, 0.7633]",0.00122,Very small object (<0.5% image)
ppe_fire_smoke_v4,ppec_00005,safety_footwear,4,"[0.4102, 0.8141, 0.4461, 0.8516]",0.00135,Very small object (<0.5% image)
ppe_fire_smoke_v4,ppec_00005,safety_footwear,4,"[0.4422, 0.8195, 0.4766, 0.8555]",0.00124,Very small object (<0.5% image)
ppe_fire_smoke_v4,ppec_00005,safety_footwear,4,"[0.4891, 0.8242, 0.5266, 0.8586]",0.00129,Very small object (<0.5% image)
ppe_fire_smoke_v4,ppec_00005,safety_footwear,4,"[0.5305, 0.8219, 0.5602, 0.8641]",0.00125,Very small object (<0.5% image)
ppe_fire_smoke_v4,ppec_00005,safety_footwear,4,"[0.5734, 0.8313, 0.6094, 0.8609]",0.00107,Very small object (<0.5% image)
ppe_fire_smoke_v4,ppec_00005,safety_footwear,4,"[0.6086, 0.8312, 0.6398, 0.8656]",0.00107,Very small object (<0.5% image)
ppe_fire_smoke_v4,ppec_00005,safety_footwear,4,"[0.6625, 0.8289, 0.6969, 0.8664]",0.00129,Very small object (<0.5% image)
ppe_fire_smoke_v4,ppec_00005,safety_footwear,4,"[0.707, 0.8367, 0.743, 0.8695]",0.00118,Very small object (<0.5% image)
ppe_fire_smoke_v4,ppec_00005,safety_footwear,4,"[0.7422, 0.8391, 0.7859, 0.8703]",0.00137,Very small object (<0.5% image)
ppe_fire_smoke_v4,ppec_00005,safety_footwear,4,"[0.8, 0.8328, 0.8313, 0.8641]",0.00098,Very small object (<0.5% image)
ppe_fire_smoke_v4,ppec_00005,safety_footwear,4,"[0.832, 0.8383, 0.8773, 0.8664]",0.00127,Very small object (<0.5% image)
ppe_fire_smoke_v4,ppec_00005,safety_footwear,4,"[0.8977, 0.8383, 0.9227, 0.8664]",0.0007,Very small object (<0.5% image)
ppe_fire_smoke_v4,ppec_00005,safety_footwear,4,"[0.9219, 0.8391, 0.9531, 0.8656]",0.00083,Very small object (<0.5% image)
ppe_fire_smoke_v4,ppec_00007,person,0,"[0.1602, 0.1555, 0.9977, 0.9945]",0.70272,Edge clipped / camera boundary
ppe_fire_smoke_v4,ppec_00009,helmet,1,"[0.4516, 0.3047, 0.7578, 0.625]",0.0981,Partial occlusion / industrial lighting
ppe_fire_smoke_v4,ppec_00017,safety_vest,2,"[0.7047, 0.8008, 0.7391, 0.868]",0.00231,Very small object (<0.5% image)
ppe_fire_smoke_v4,ppec_00020,gloves,3,"[0.3281, 0.5391, 0.4109, 0.6219]",0.00686,Small distant object (0.5%-2% image)
ppe_fire_smoke_v4,ppec_00023,person,0,"[0.1703, 0.4031, 0.7672, 0.875]",0.28165,Partial occlusion / industrial lighting
ppe_fire_smoke_v4,ppec_00032,safety_vest,2,"[0.0, 0.5117, 0.3563, 0.9977]",0.17312,Edge clipped / camera boundary
ppe_fire_smoke_v4,ppec_00032,safety_vest,2,"[0.582, 0.4781, 0.7477, 0.6016]",0.02044,Partial occlusion / industrial lighting
ppe_fire_smoke_v4,ppec_00032,safety_vest,2,"[0.8914, 0.4781, 0.9977, 0.6281]",0.01594,Small distant object (0.5%-2% image)
ppe_fire_smoke_v4,ppec_00032,safety_vest,2,"[0.6727, 0.4781, 0.8508, 0.5656]",0.01559,Small distant object (0.5%-2% image)
ppe_fire_smoke_v4,ppec_00034,helmet,1,"[0.4609, 0.0406, 0.6562, 0.2625]",0.04333,Partial occlusion / industrial lighting
ppe_fire_smoke_v4,ppec_00034,helmet,1,"[0.1078, 0.4062, 0.2047, 0.5219]",0.0112,Small distant object (0.5%-2% image)
ppe_fire_smoke_v4,ppec_00034,helmet,1,"[0.0, 0.0891, 0.0281, 0.1422]",0.00149,Very small object (<0.5% image)
ppe_fire_smoke_v4,ppec_00040,helmet,1,"[0.0437, 0.2547, 0.1953, 0.4156]",0.02439,Partial occlusion / industrial lighting
ppe_fire_smoke_v4,ppec_00043,safety_vest,2,"[0.6773, 0.0, 0.9445, 0.6109]",0.16324,Edge clipped / camera boundary
ppe_fire_smoke_v4,ppec_00043,safety_vest,2,"[0.0, 0.6484, 0.4656, 0.9969]",0.16224,Edge clipped / camera boundary
ppe_fire_smoke_v4,ppec_00047,safety_vest,2,"[0.0023, 0.0734, 0.3023, 0.9141]",0.25219,Edge clipped / camera boundary
ppe_fire_smoke_v4,ppec_00047,safety_vest,2,"[0.15, 0.3523, 0.3641, 0.7383]",0.08261,Partial occlusion / industrial lighting
ppe_fire_smoke_v4,ppec_00047,safety_vest,2,"[0.9234, 0.382, 1.0, 0.5805]",0.01519,Small distant object (0.5%-2% image)
ppe_fire_smoke_v4,ppec_00054,helmet,1,"[0.0, 0.2125, 0.1719, 0.4016]",0.0325,Edge clipped / camera boundary
ppe_fire_smoke_v4,ppec_00056,person,0,"[0.6656, 0.3602, 0.9906, 0.8148]",0.14777,Edge clipped / camera boundary
ppe_fire_smoke_v4,ppec_00056,helmet,1,"[0.8914, 0.4203, 0.9977, 0.6422]",0.02357,Edge clipped / camera boundary
ppe_fire_smoke_v4,ppec_00057,person,0,"[0.0031, 0.2703, 0.5844, 1.0]",0.42413,Edge clipped / camera boundary
ppe_fire_smoke_v4,ppec_00057,helmet,1,"[0.0039, 0.2742, 0.2727, 0.5023]",0.06131,Edge clipped / camera boundary
ppe_fire_smoke_v4,ppec_00071,safety_vest,2,"[0.3672, 0.3359, 0.4391, 0.4078]",0.00517,Small distant object (0.5%-2% image)
ppe_fire_smoke_v4,ppec_00073,safety_vest,2,"[0.1047, 0.7531, 0.7203, 1.0]",0.15198,Edge clipped / camera boundary
ppe_fire_smoke_v4,ppec_00077,gloves,3,"[0.5297, 0.557, 0.6438, 0.6727]",0.01319,Small distant object (0.5%-2% image)
ppe_fire_smoke_v4,ppec_00077,gloves,3,"[0.6641, 0.7023, 0.7594, 0.818]",0.01102,Small distant object (0.5%-2% image)
ppe_fire_smoke_v4,ppec_00078,gloves,3,"[0.493, 0.4414, 0.5539, 0.5289]",0.00533,Small distant object (0.5%-2% image)
ppe_fire_smoke_v4,ppec_00078,gloves,3,"[0.3297, 0.4945, 0.4828, 0.5805]",0.01316,Small distant object (0.5%-2% image)
ppe_fire_smoke_v4,ppec_00078,safety_footwear,4,"[0.3297, 0.8875, 0.4391, 0.9844]",0.0106,Small distant object (0.5%-2% image)
ppe_fire_smoke_v4,ppec_00078,safety_footwear,4,"[0.4445, 0.9109, 0.5648, 0.9937]",0.00996,Small distant object (0.5%-2% image)
ppe_fire_smoke_v4,ppec_00086,gloves,3,"[0.2273, 0.2414, 0.5086, 0.4227]",0.05098,Partial occlusion / industrial lighting
ppe_fire_smoke_v4,ppec_00086,gloves,3,"[0.1844, 0.5961, 0.4516, 0.8039]",0.05552,Partial occlusion / industrial lighting
ppe_fire_smoke_v4,ppec_00087,helmet,1,"[0.1523, 0.507, 0.2477, 0.6055]",0.00938,Small distant object (0.5%-2% image)
ppe_fire_smoke_v4,ppec_00087,helmet,1,"[0.0, 0.4977, 0.0672, 0.5883]",0.00609,Small distant object (0.5%-2% image)
ppe_fire_smoke_v4,ppec_00099,helmet,1,"[0.8789, 0.725, 0.9414, 0.7875]",0.00391,Very small object (<0.5% image)
ppe_fire_smoke_v4,ppec_00099,helmet,1,"[0.8727, 0.868, 0.9461, 0.9508]",0.00608,Small distant object (0.5%-2% image)
ppe_fire_smoke_v4,ppec_00099,helmet,1,"[0.7062, 0.5352, 0.8453, 0.6336]",0.01369,Small distant object (0.5%-2% image)
ppe_fire_smoke_v4,ppec_00102,safety_vest,2,"[0.8469, 0.1883, 1.0, 0.5742]",0.0591,Edge clipped / camera boundary
ppe_fire_smoke_v4,ppec_00102,safety_vest,2,"[0.1867, 0.6414, 0.3039, 0.8023]",0.01886,Small distant object (0.5%-2% image)
ppe_fire_smoke_v4,ppec_00102,safety_vest,2,"[0.0227, 0.55, 0.1477, 0.7219]",0.02148,Partial occlusion / industrial lighting
ppe_fire_smoke_v4,ppec_00102,safety_vest,2,"[0.0367, 0.8953, 0.0836, 0.9813]",0.00403,Very small object (<0.5% image)
ppe_fire_smoke_v4,ppec_00114,person,0,"[0.1359, 0.1578, 0.6375, 1.0]",0.42241,Edge clipped / camera boundary
ppe_fire_smoke_v4,ppec_00125,person,0,"[0.2602, 0.1922, 0.4555, 0.65]",0.08942,Partial occlusion / industrial lighting
ppe_fire_smoke_v4,ppec_00127,safety_vest,2,"[0.0, 0.668, 0.1953, 0.9977]",0.06439,Edge clipped / camera boundary
ppe_fire_smoke_v4,ppec_00127,safety_vest,2,"[0.3047, 0.5789, 0.3563, 0.6664]",0.00451,Very small object (<0.5% image)
ppe_fire_smoke_v4,ppec_00127,safety_vest,2,"[0.4875, 0.6203, 0.6469, 0.9156]",0.04707,Partial occlusion / industrial lighting
ppe_fire_smoke_v4,ppec_00127,safety_vest,2,"[0.8242, 0.7789, 0.9977, 0.9977]",0.03794,Edge clipped / camera boundary
ppe_fire_smoke_v4,ppec_00128,person,0,"[0.0562, 0.0336, 0.5031, 0.9852]",0.42523,Edge clipped / camera boundary
ppe_fire_smoke_v4,ppec_00128,helmet,1,"[0.2266, 0.0586, 0.4375, 0.3711]",0.06592,Partial occlusion / industrial lighting
ppe_fire_smoke_v4,ppec_00138,person,0,"[0.218, 0.2656, 0.8789, 0.9937]",0.48124,Edge clipped / camera boundary
ppe_fire_smoke_v4,ppec_00151,safety_vest,2,"[0.7453, 0.3289, 0.8375, 0.5242]",0.01801,Small distant object (0.5%-2% image)
ppe_fire_smoke_v4,ppec_00153,person,0,"[0.0117, 0.2469, 0.3852, 0.8437]",0.2229,Edge clipped / camera boundary
ppe_fire_smoke_v4,ppec_00153,helmet,1,"[0.2164, 0.4203, 0.3898, 0.5797]",0.02764,Partial occlusion / industrial lighting
ppe_fire_smoke_v4,ppec_00158,person,0,"[-0.0, 0.2281, 0.5641, 1.0]",0.43539,Edge clipped / camera boundary
ppe_fire_smoke_v4,ppec_00158,helmet,1,"[0.0, 0.2453, 0.2594, 0.4813]",0.0612,Edge clipped / camera boundary
ppe_fire_smoke_v4,ppec_00168,gloves,3,"[0.6133, 0.5883, 0.7867, 0.7383]",0.02602,Partial occlusion / industrial lighting
ppe_fire_smoke_v4,ppec_00168,gloves,3,"[0.2219, 0.6719, 0.6438, 0.875]",0.08569,Partial occlusion / industrial lighting
ppe_fire_smoke_v4,ppec_00172,safety_vest,2,"[0.0141, 0.0008, 0.2812, 0.1352]",0.0359,Edge clipped / camera boundary
ppe_fire_smoke_v4,ppec_00172,safety_vest,2,"[0.6328, 0.0305, 1.0, 0.2773]",0.09065,Edge clipped / camera boundary
ppe_fire_smoke_v4,ppec_00172,safety_vest,2,"[0.2492, 0.2203, 0.5711, 1.0]",0.25096,Edge clipped / camera boundary
ppe_fire_smoke_v4,ppec_00172,safety_vest,2,"[0.6367, 0.4086, 0.8148, 0.6742]",0.04731,Partial occlusion / industrial lighting
ppe_fire_smoke_v4,ppec_00179,person,0,"[0.0648, 0.0422, 0.368, 1.0]",0.29034,Edge clipped / camera boundary
ppe_fire_smoke_v4,ppec_00179,person,0,"[0.5797, 0.0688, 0.9328, 1.0]",0.32885,Edge clipped / camera boundary
ppe_fire_smoke_v4,ppec_00179,gloves,3,"[0.5437, 0.6328, 0.6406, 0.6969]",0.00621,Small distant object (0.5%-2% image)
ppe_fire_smoke_v4,ppec_00179,gloves,3,"[0.5867, 0.6984, 0.7039, 0.8094]",0.013,Small distant object (0.5%-2% image)
ppe_fire_smoke_v4,ppec_00186,helmet,1,"[0.35, 0.3781, 0.4391, 0.4531]",0.00668,Small distant object (0.5%-2% image)
ppe_fire_smoke_v4,ppec_00186,helmet,1,"[0.0969, 0.4102, 0.2281, 0.5273]",0.01538,Small distant object (0.5%-2% image)
ppe_fire_smoke_v4,ppec_00186,helmet,1,"[0.5578, 0.3227, 0.6453, 0.4133]",0.00793,Small distant object (0.5%-2% image)
ppe_fire_smoke_v4,ppec_00192,gloves,3,"[0.0547, 0.7859, 0.4047, 0.9969]",0.07383,Edge clipped / camera boundary
ppe_fire_smoke_v4,ppec_00200,safety_vest,2,"[0.0, 0.4953, 0.0344, 0.9969]",0.01724,Small distant object (0.5%-2% image)
ppe_fire_smoke_v4,ppec_00201,person,0,"[0.6102, 0.3883, 0.8695, 0.8586]",0.12199,Partial occlusion / industrial lighting
ppe_fire_smoke_v4,ppec_00201,person,0,"[0.4602, 0.3609, 0.732, 0.8766]",0.14019,Partial occlusion / industrial lighting
ppe_fire_smoke_v4,ppec_00201,person,0,"[0.3844, 0.3367, 0.575, 0.7336]",0.07565,Partial occlusion / industrial lighting
ppe_fire_smoke_v4,ppec_00201,person,0,"[0.2336, 0.2695, 0.5055, 0.768]",0.13551,Partial occlusion / industrial lighting
ppe_fire_smoke_v4,ppec_00201,helmet,1,"[0.8445, 0.3672, 0.9742, 0.5062]",0.01803,Small distant object (0.5%-2% image)
ppe_fire_smoke_v4,ppec_00201,helmet,1,"[0.7133, 0.4039, 0.7977, 0.5023]",0.00831,Small distant object (0.5%-2% image)
ppe_fire_smoke_v4,ppec_00201,helmet,1,"[0.1992, 0.2789, 0.293, 0.3836]",0.00981,Small distant object (0.5%-2% image)
ppe_fire_smoke_v4,ppec_00201,safety_footwear,4,"[0.5375, 0.7594, 0.6094, 0.8312]",0.00517,Small distant object (0.5%-2% image)
ppe_fire_smoke_v4,ppec_00201,safety_footwear,4,"[0.4695, 0.6859, 0.5195, 0.7266]",0.00203,Very small object (<0.5% image)
ppe_fire_smoke_v4,ppec_00201,safety_footwear,4,"[0.407, 0.675, 0.4602, 0.7234]",0.00257,Very small object (<0.5% image)
ppe_fire_smoke_v4,ppec_00201,safety_footwear,4,"[0.6727, 0.7742, 0.7461, 0.8367]",0.00459,Very small object (<0.5% image)
ppe_fire_smoke_v4,ppec_00201,safety_footwear,4,"[0.65, 0.7445, 0.7203, 0.8023]",0.00406,Very small object (<0.5% image)
ppe_fire_smoke_v4,ppec_00201,safety_footwear,4,"[0.3289, 0.6773, 0.3805, 0.7336]",0.0029,Very small object (<0.5% image)
ppe_fire_smoke_v4,ppec_00201,safety_footwear,4,"[0.2914, 0.6633, 0.3445, 0.7211]",0.00307,Very small object (<0.5% image)
ppe_fire_smoke_v4,ppec_00201,safety_footwear,4,"[0.1844, 0.6773, 0.2641, 0.743]",0.00523,Small distant object (0.5%-2% image)
ppe_fire_smoke_v4,ppec_00201,safety_footwear,4,"[0.1398, 0.7047, 0.1961, 0.7719]",0.00378,Very small object (<0.5% image)
ppe_fire_smoke_v4,ppec_00201,safety_footwear,4,"[0.1328, 0.7727, 0.1922, 0.8414]",0.00408,Very small object (<0.5% image)
ppe_fire_smoke_v4,ppec_00201,safety_footwear,4,"[0.1617, 0.8172, 0.2523, 0.8969]",0.00722,Small distant object (0.5%-2% image)
ppe_fire_smoke_v4,ppec_00201,safety_footwear,4,"[0.7477, 0.8586, 0.832, 0.932]",0.0062,Small distant object (0.5%-2% image)
ppe_fire_smoke_v4,ppec_00201,safety_footwear,4,"[0.7336, 0.9148, 0.8383, 0.9898]",0.00785,Small distant object (0.5%-2% image)
ppe_fire_smoke_v4,ppec_00201,safety_footwear,4,"[0.6508, 0.9563, 0.707, 1.0]",0.00246,Very small object (<0.5% image)
ppe_fire_smoke_v4,ppec_00201,safety_footwear,4,"[0.6172, 0.9812, 0.6828, 1.0]",0.00123,Very small object (<0.5% image)
ppe_fire_smoke_v4,ppec_00201,safety_footwear,4,"[0.5211, 0.9062, 0.5945, 0.9703]",0.0047,Very small object (<0.5% image)
ppe_fire_smoke_v4,ppec_00201,safety_footwear,4,"[0.4797, 0.9203, 0.5563, 0.9859]",0.00502,Small distant object (0.5%-2% image)
ppe_fire_smoke_v4,ppec_00201,safety_footwear,4,"[0.3688, 0.932, 0.4219, 0.9773]",0.00241,Very small object (<0.5% image)
ppe_fire_smoke_v4,ppec_00201,safety_footwear,4,"[0.425, 0.9516, 0.4844, 1.0]",0.00288,Very small object (<0.5% image)
ppe_fire_smoke_v4,ppec_00201,safety_footwear,4,"[0.3, 0.893, 0.3516, 0.9461]",0.00274,Very small object (<0.5% image)
ppe_fire_smoke_v4,ppec_00201,safety_footwear,4,"[0.2625, 0.8859, 0.3078, 0.9391]",0.00241,Very small object (<0.5% image)
ppe_fire_smoke_v4,ppec_00201,safety_footwear,4,"[0.625, 0.6844, 0.6781, 0.7266]",0.00224,Very small object (<0.5% image)
ppe_fire_smoke_v4,ppec_00206,helmet,1,"[0.5945, 0.0984, 0.7352, 0.3813]",0.03977,Partial occlusion / industrial lighting
ppe_fire_smoke_v4,ppec_00206,safety_vest,2,"[0.7125, 0.3203, 0.9281, 0.85]",0.11421,Partial occlusion / industrial lighting
ppe_fire_smoke_v4,ppec_00206,gloves,3,"[0.5648, 0.657, 0.7258, 0.8867]",0.03697,Partial occlusion / industrial lighting
ppe_fire_smoke_v4,ppec_00207,person,0,"[0.0266, 0.0797, 1.0, 1.0]",0.89587,Edge clipped / camera boundary
ppe_fire_smoke_v4,ppec_00207,gloves,3,"[0.3391, 0.8406, 0.6734, 1.0]",0.05329,Edge clipped / camera boundary
ppe_fire_smoke_v4,ppec_00221,gloves,3,"[0.72, 0.4489, 0.8888, 0.6679]",0.03698,Partial occlusion / industrial lighting
ppe_fire_smoke_v4,ppec_00222,safety_vest,2,"[0.5742, 0.7547, 0.8758, 0.9984]",0.07351,Edge clipped / camera boundary
ppe_fire_smoke_v4,ppec_00224,safety_footwear,4,"[0.2219, 0.3289, 0.9563, 0.9086]",0.42571,Partial occlusion / industrial lighting
ppe_fire_smoke_v4,ppec_00231,safety_footwear,4,"[0.5445, 0.5125, 0.8414, 0.9219]",0.12153,Partial occlusion / industrial lighting
ppe_fire_smoke_v4,ppec_00231,safety_footwear,4,"[0.3602, 0.2742, 0.6867, 0.5523]",0.09083,Partial occlusion / industrial lighting
ppe_fire_smoke_v4,ppec_00237,safety_vest,2,"[0.4266, 0.0172, 0.9312, 0.4688]",0.2279,Edge clipped / camera boundary
ppe_fire_smoke_v4,ppec_00237,safety_vest,2,"[0.3305, 0.4414, 0.5961, 0.6445]",0.05396,Partial occlusion / industrial lighting
ppe_fire_smoke_v4,ppec_00237,safety_vest,2,"[0.6016, 0.3758, 0.9484, 0.5773]",0.06992,Partial occlusion / industrial lighting
ppe_fire_smoke_v4,ppec_00238,person,0,"[0.5258, 0.1758, 0.6539, 0.8461]",0.08588,Extreme aspect ratio / pose
ppe_fire_smoke_v4,ppec_00238,helmet,1,"[0.5531, 0.1633, 0.6156, 0.2883]",0.00781,Small distant object (0.5%-2% image)
ppe_fire_smoke_v4,ppec_00241,safety_vest,2,"[0.5852, 0.0008, 0.9992, 0.9852]",0.40759,Edge clipped / camera boundary
ppe_fire_smoke_v4,ppec_00246,person,0,"[0.0, 0.0453, 0.4734, 1.0]",0.45199,Edge clipped / camera boundary
ppe_fire_smoke_v4,ppec_00246,gloves,3,"[0.2969, 0.6453, 0.4031, 0.7875]",0.01511,Small distant object (0.5%-2% image)
ppe_fire_smoke_v4,ppec_00246,gloves,3,"[0.1742, 0.6641, 0.3258, 0.8922]",0.03458,Partial occlusion / industrial lighting
ppe_fire_smoke_v4,ppec_00248,person,0,"[0.3719, 0.0219, 0.7, 0.5219]",0.16406,Partial occlusion / industrial lighting
ppe_fire_smoke_v4,ppec_00248,gloves,3,"[0.5711, 0.3539, 0.6477, 0.4492]",0.0073,Small distant object (0.5%-2% image)
ppe_fire_smoke_v4,ppec_00248,gloves,3,"[0.443, 0.3078, 0.5508, 0.4828]",0.01887,Small distant object (0.5%-2% image)
ppe_fire_smoke_v4,ppec_00254,person,0,"[0.1977, 0.1281, 0.8914, 1.0]",0.60486,Edge clipped / camera boundary
ppe_fire_smoke_v4,ppec_00256,helmet,1,"[0.0344, 0.2234, 0.2687, 0.6156]",0.09192,Partial occlusion / industrial lighting
ppe_fire_smoke_v4,ppec_00256,helmet,1,"[0.5344, 0.2563, 0.8125, 0.6656]",0.11386,Partial occlusion / industrial lighting
ppe_fire_smoke_v4,ppec_00257,gloves,3,"[0.1078, 0.5563, 0.1812, 0.6625]",0.0078,Small distant object (0.5%-2% image)
ppe_fire_smoke_v4,ppec_00257,gloves,3,"[0.6727, 0.657, 0.7305, 0.7242]",0.00388,Very small object (<0.5% image)
ppe_fire_smoke_v4,ppec_00257,gloves,3,"[0.8438, 0.657, 0.8969, 0.793]",0.00722,Small distant object (0.5%-2% image)
ppe_fire_smoke_v4,ppec_00271,person,0,"[0.0, 0.0, 0.9234, 1.0]",0.92344,Edge clipped / camera boundary
ppe_fire_smoke_v4,ppec_00271,safety_footwear,4,"[0.257, 0.8859, 0.3883, 1.0]",0.01497,Small distant object (0.5%-2% image)
ppe_fire_smoke_v4,ppec_00271,safety_footwear,4,"[0.3992, 0.8898, 0.5164, 0.9992]",0.01282,Small distant object (0.5%-2% image)
ppe_fire_smoke_v4,ppec_00272,safety_footwear,4,"[0.4398, 0.9016, 0.5273, 0.9812]",0.00697,Small distant object (0.5%-2% image)
ppe_fire_smoke_v4,ppec_00272,safety_footwear,4,"[0.382, 0.9438, 0.4555, 0.9844]",0.00298,Very small object (<0.5% image)
ppe_fire_smoke_v4,ppec_00280,person,0,"[0.8273, 0.0961, 0.8992, 0.418]",0.02313,Extreme aspect ratio / pose
ppe_fire_smoke_v4,ppec_00280,helmet,1,"[0.4234, 0.1773, 0.4906, 0.2289]",0.00346,Very small object (<0.5% image)
ppe_fire_smoke_v4,ppec_00280,helmet,1,"[0.5336, 0.1078, 0.6039, 0.1609]",0.00374,Very small object (<0.5% image)
ppe_fire_smoke_v4,ppec_00288,person,0,"[0.2836, 0.0898, 0.4602, 0.7008]",0.10787,Extreme aspect ratio / pose
ppe_fire_smoke_v4,ppec_00288,gloves,3,"[0.2984, 0.55, 0.3797, 0.6828]",0.01079,Small distant object (0.5%-2% image)
ppe_fire_smoke_v4,ppec_00288,gloves,3,"[0.4047, 0.6172, 0.4688, 0.6672]",0.0032,Very small object (<0.5% image)
ppe_fire_smoke_v4,ppec_00293,helmet,1,"[0.7359, 0.1492, 0.8188, 0.2633]",0.00945,Small distant object (0.5%-2% image)
ppe_fire_smoke_v4,ppec_00293,gloves,3,"[0.6195, 0.3805, 0.6789, 0.4508]",0.00417,Very small object (<0.5% image)
ppe_fire_smoke_v4,ppec_00293,gloves,3,"[0.1906, 0.1289, 0.2375, 0.2164]",0.0041,Very small object (<0.5% image)
ppe_fire_smoke_v4,ppec_00293,safety_footwear,4,"[0.7812, 0.8422, 0.8516, 0.8969]",0.00385,Very small object (<0.5% image)
ppe_fire_smoke_v4,ppec_00293,safety_footwear,4,"[0.8867, 0.8477, 0.9477, 0.9008]",0.00324,Very small object (<0.5% image)
ppe_fire_smoke_v4,ppec_00293,safety_footwear,4,"[0.2508, 0.8406, 0.2945, 0.8922]",0.00226,Very small object (<0.5% image)
ppe_fire_smoke_v4,ppec_00302,helmet,1,"[0.2289, 0.0578, 0.382, 0.2078]",0.02297,Partial occlusion / industrial lighting
ppe_fire_smoke_v4,ppec_00307,helmet,1,"[0.1992, 0.3789, 0.2914, 0.5242]",0.0134,Small distant object (0.5%-2% image)
ppe_fire_smoke_v4,ppec_00307,helmet,1,"[0.8289, 0.3461, 0.9789, 0.4805]",0.02016,Partial occlusion / industrial lighting
ppe_fire_smoke_v4,ppec_00308,person,0,"[0.0398, 0.3031, 0.4648, 0.9984]",0.29551,Edge clipped / camera boundary
ppe_fire_smoke_v4,ppec_00321,helmet,1,"[0.4969, 0.1602, 0.5563, 0.2523]",0.00547,Small distant object (0.5%-2% image)
ppe_fire_smoke_v4,ppec_00322,person,0,"[0.4086, 0.2672, 0.7336, 1.0]",0.23816,Edge clipped / camera boundary
ppe_fire_smoke_v4,ppec_00322,helmet,1,"[0.4586, 0.3484, 0.6086, 0.5734]",0.03375,Partial occlusion / industrial lighting
ppe_fire_smoke_v4,ppec_00328,helmet,1,"[0.3258, 0.0516, 0.4648, 0.2313]",0.02499,Partial occlusion / industrial lighting
ppe_fire_smoke_v4,ppec_00330,gloves,3,"[0.516, 0.5163, 0.6361, 0.6868]",0.02047,Partial occlusion / industrial lighting
ppe_fire_smoke_v4,ppec_00330,gloves,3,"[0.3003, 0.6364, 0.4894, 0.8436]",0.03918,Partial occlusion / industrial lighting
ppe_fire_smoke_v4,ppec_00332,safety_vest,2,"[0.0156, 0.1156, 0.5547, 0.4781]",0.19541,Edge clipped / camera boundary
ppe_fire_smoke_v4,ppec_00332,safety_vest,2,"[0.0156, 0.0016, 0.3797, 0.4156]",0.15074,Edge clipped / camera boundary
ppe_fire_smoke_v4,ppec_00332,safety_vest,2,"[0.6828, 0.3461, 0.8781, 0.5508]",0.03998,Partial occlusion / industrial lighting
ppe_fire_smoke_v4,ppec_00334,person,0,"[0.0422, 0.257, 0.8641, 0.9133]",0.53936,Partial occlusion / industrial lighting
ppe_fire_smoke_v4,ppec_00334,gloves,3,"[0.6961, 0.3563, 0.8195, 0.575]",0.027,Partial occlusion / industrial lighting
ppe_fire_smoke_v4,ppec_00334,gloves,3,"[0.0867, 0.6719, 0.2602, 0.875]",0.03523,Partial occlusion / industrial lighting
ppe_fire_smoke_v4,ppec_00344,helmet,1,"[0.3297, 0.5148, 0.4062, 0.632]",0.00897,Small distant object (0.5%-2% image)
ppe_fire_smoke_v4,ppec_00345,safety_vest,2,"[0.1219, 0.75, 0.2016, 0.8375]",0.00697,Small distant object (0.5%-2% image)
ppe_fire_smoke_v4,ppec_00345,safety_vest,2,"[0.407, 0.5852, 0.4727, 0.682]",0.00636,Small distant object (0.5%-2% image)
ppe_fire_smoke_v4,ppec_00345,safety_vest,2,"[0.8187, 0.4953, 0.8953, 0.5859]",0.00694,Small distant object (0.5%-2% image)
ppe_fire_smoke_v4,ppec_00346,person,0,"[0.3172, 0.1922, 0.7703, 1.0]",0.36604,Edge clipped / camera boundary
ppe_fire_smoke_v4,ppec_00354,gloves,3,"[0.1102, 0.3102, 0.2273, 0.5773]",0.03131,Partial occlusion / industrial lighting
ppe_fire_smoke_v4,ppec_00354,gloves,3,"[0.1555, 0.3594, 0.2539, 0.6]",0.02369,Partial occlusion / industrial lighting
ppe_fire_smoke_v4,ppec_00354,gloves,3,"[0.2266, 0.3203, 0.3719, 0.6953]",0.05449,Partial occlusion / industrial lighting
ppe_fire_smoke_v4,ppec_00354,gloves,3,"[0.1836, 0.35, 0.3039, 0.6656]",0.03797,Partial occlusion / industrial lighting
ppe_fire_smoke_v4,ppec_00354,gloves,3,"[0.2492, 0.3477, 0.418, 0.7477]",0.0675,Partial occlusion / industrial lighting
ppe_fire_smoke_v4,ppec_00354,gloves,3,"[0.2953, 0.3805, 0.4828, 0.8289]",0.08408,Partial occlusion / industrial lighting
ppe_fire_smoke_v4,ppec_00354,gloves,3,"[0.3375, 0.3922, 0.5828, 0.9469]",0.13607,Partial occlusion / industrial lighting
ppe_fire_smoke_v4,ppec_00354,gloves,3,"[0.5734, 0.4094, 0.8937, 1.0]",0.18918,Edge clipped / camera boundary
ppe_fire_smoke_v4,ppec_00354,gloves,3,"[0.7625, 0.4609, 1.0, 1.0]",0.12803,Edge clipped / camera boundary
ppe_fire_smoke_v4,ppec_00354,gloves,3,"[0.4289, 0.4187, 0.7023, 1.0]",0.15894,Edge clipped / camera boundary
ppe_fire_smoke_v4,ppec_00354,gloves,3,"[0.0656, 0.5953, 0.1688, 0.6859]",0.00935,Small distant object (0.5%-2% image)
ppe_fire_smoke_v4,ppec_00354,gloves,3,"[0.0672, 0.6586, 0.1828, 0.7492]",0.01048,Small distant object (0.5%-2% image)
ppe_fire_smoke_v4,ppec_00354,gloves,3,"[0.0695, 0.7211, 0.207, 0.8461]",0.01719,Small distant object (0.5%-2% image)
ppe_fire_smoke_v4,ppec_00356,helmet,1,"[0.2086, 0.0273, 0.4398, 0.2336]",0.0477,Partial occlusion / industrial lighting
ppe_fire_smoke_v4,ppec_00363,helmet,1,"[0.5594, 0.1148, 0.8719, 0.6008]",0.15186,Partial occlusion / industrial lighting
ppe_fire_smoke_v4,ppec_00363,gloves,3,"[0.3269, 0.4366, 0.4655, 0.5511]",0.01587,Small distant object (0.5%-2% image)
ppe_fire_smoke_v4,ppec_00363,gloves,3,"[0.2666, 0.8201, 0.4258, 0.9884]",0.0268,Edge clipped / camera boundary
ppe_fire_smoke_v4,ppec_00365,safety_vest,2,"[0.5219, 0.55, 0.7797, 1.0]",0.11602,Edge clipped / camera boundary
ppe_fire_smoke_v4,ppec_00370,helmet,1,"[0.7016, 0.3336, 0.8078, 0.4523]",0.01262,Small distant object (0.5%-2% image)
ppe_fire_smoke_v4,ppec_00373,person,0,"[0.6289, 0.0922, 0.7898, 0.7875]",0.1119,Extreme aspect ratio / pose
ppe_fire_smoke_v4,ppec_00373,helmet,1,"[0.45, 0.1664, 0.5641, 0.3461]",0.0205,Partial occlusion / industrial lighting
ppe_fire_smoke_v4,ppec_00373,gloves,3,"[0.3063, 0.3484, 0.4047, 0.4375]",0.00877,Small distant object (0.5%-2% image)
ppe_fire_smoke_v4,ppec_00373,safety_footwear,4,"[0.8008, 0.818, 0.9352, 0.9523]",0.01806,Small distant object (0.5%-2% image)
ppe_fire_smoke_v4,ppec_00373,safety_footwear,4,"[0.7391, 0.7195, 0.7812, 0.7867]",0.00283,Very small object (<0.5% image)
ppe_fire_smoke_v4,ppec_00374,person,0,"[0.7477, 0.4602, 0.8555, 0.5961]",0.01466,Small distant object (0.5%-2% image)
ppe_fire_smoke_v4,ppec_00374,helmet,1,"[0.3461, 0.3578, 0.443, 0.4578]",0.00969,Small distant object (0.5%-2% image)
ppe_fire_smoke_v4,ppec_00383,helmet,1,"[0.5359, 0.1055, 0.7719, 0.7195]",0.14488,Partial occlusion / industrial lighting
ppe_fire_smoke_v4,ppec_00389,gloves,3,"[0.3109, 0.5852, 0.4766, 0.7914]",0.03416,Partial occlusion / industrial lighting
ppe_fire_smoke_v4,ppec_00391,safety_footwear,4,"[0.5312, 0.7234, 0.5906, 0.7781]",0.00325,Very small object (<0.5% image)
ppe_fire_smoke_v4,ppec_00391,safety_footwear,4,"[0.4719, 0.7133, 0.5156, 0.7883]",0.00328,Very small object (<0.5% image)
ppe_fire_smoke_v4,ppec_00398,safety_vest,2,"[-0.0, 0.4328, 0.1453, 0.9578]",0.07629,Edge clipped / camera boundary
ppe_fire_smoke_v4,ppec_00398,safety_vest,2,"[0.7375, 0.5367, 0.9797, 0.8523]",0.07644,Partial occlusion / industrial lighting
ppe_fire_smoke_v4,ppec_00398,safety_vest,2,"[0.3937, 0.4594, 0.6031, 0.8422]",0.08015,Partial occlusion / industrial lighting
ppe_fire_smoke_v4,ppec_00400,person,0,"[0.4187, 0.0109, 1.0, 1.0]",0.57489,Edge clipped / camera boundary
ppe_fire_smoke_v4,ppec_00400,helmet,1,"[0.0414, 0.2375, 0.318, 0.4875]",0.06914,Partial occlusion / industrial lighting
ppe_fire_smoke_v4,safup_00012,helmet,1,"[0.4535, 0.1805, 0.609, 0.3023]",0.01895,Small distant object (0.5%-2% image)
ppe_fire_smoke_v4,safup_00018,person,0,"[0.0, 0.0688, 0.4125, 0.9109]",0.3474,Edge clipped / camera boundary
ppe_fire_smoke_v4,safup_00018,person,0,"[0.5875, 0.0762, 1.0, 0.8863]",0.33419,Edge clipped / camera boundary
ppe_fire_smoke_v4,safup_00026,person,0,"[0.0047, 0.0, 1.0, 1.0]",0.99531,Edge clipped / camera boundary
ppe_fire_smoke_v4,safup_00026,helmet,1,"[0.4062, 0.0086, 0.6687, 0.143]",0.03527,Edge clipped / camera boundary
ppe_fire_smoke_v4,safup_00035,person,0,"[0.323, 0.1477, 0.6051, 0.8711]",0.20403,Partial occlusion / industrial lighting
ppe_fire_smoke_v4,safup_00039,person,0,"[0.3375, 0.2277, 0.3703, 0.3113]",0.00274,Very small object (<0.5% image)
ppe_fire_smoke_v4,safup_00045,helmet,1,"[0.3543, 0.0914, 0.4379, 0.1727]",0.00679,Small distant object (0.5%-2% image)
ppe_fire_smoke_v4,safup_00045,helmet,1,"[0.5148, 0.1684, 0.5742, 0.2254]",0.00339,Very small object (<0.5% image)
ppe_fire_smoke_v4,safup_00045,helmet,1,"[0.6777, 0.0852, 0.777, 0.1664]",0.00806,Small distant object (0.5%-2% image)
ppe_fire_smoke_v4,safup_00045,safety_vest,2,"[0.6383, 0.2336, 0.8086, 0.5461]",0.05322,Partial occlusion / industrial lighting
ppe_fire_smoke_v4,safup_00049,helmet,1,"[0.5578, 0.1281, 0.825, 0.4797]",0.09393,Partial occlusion / industrial lighting
ppe_fire_smoke_v4,safup_00058,helmet,1,"[0.3613, 0.0887, 0.6215, 0.2832]",0.05061,Partial occlusion / industrial lighting
ppe_fire_smoke_v4,safup_00064,person,0,"[0.4043, 0.7738, 0.6973, 0.9996]",0.06615,Edge clipped / camera boundary
ppe_fire_smoke_v4,safup_00064,person,0,"[0.1164, 0.2574, 0.1352, 0.3676]",0.00207,Very small object (<0.5% image)
ppe_fire_smoke_v4,safup_00067,person,0,"[0.2766, 0.2258, 0.6922, 0.8539]",0.26106,Partial occlusion / industrial lighting
ppe_fire_smoke_v4,safup_00067,helmet,1,"[0.275, 0.2305, 0.4781, 0.6086]",0.07681,Partial occlusion / industrial lighting
ppe_fire_smoke_v4,safup_00067,safety_vest,2,"[0.4566, 0.5836, 0.6902, 0.8586]",0.06424,Partial occlusion / industrial lighting
ppe_fire_smoke_v4,safup_00068,person,0,"[0.1086, 0.0, 0.8523, 1.0]",0.74375,Edge clipped / camera boundary
ppe_fire_smoke_v4,safup_00070,person,0,"[0.6645, 0.4844, 0.7199, 0.6734]",0.01049,Small distant object (0.5%-2% image)
ppe_fire_smoke_v4,safup_00076,person,0,"[0.5441, 0.1566, 0.5934, 0.2684]",0.0055,Small distant object (0.5%-2% image)
ppe_fire_smoke_v4,safup_00084,helmet,1,"[0.5406, 0.1281, 0.8047, 0.4]",0.07179,Partial occlusion / industrial lighting
ppe_fire_smoke_v4,safup_00084,safety_vest,2,"[0.5437, 0.5359, 0.8672, 1.0]",0.1501,Edge clipped / camera boundary
ppe_fire_smoke_v4,safup_00088,person,0,"[0.2031, 0.0844, 0.7406, 1.0]",0.49215,Edge clipped / camera boundary
ppe_fire_smoke_v4,safup_00098,person,0,"[0.1625, 0.0, 0.9703, 1.0]",0.80781,Edge clipped / camera boundary
ppe_fire_smoke_v4,safup_00110,helmet,1,"[0.4457, 0.084, 0.6355, 0.2301]",0.02774,Partial occlusion / industrial lighting
ppe_fire_smoke_v4,safup_00133,helmet,1,"[0.5102, 0.2473, 0.5773, 0.2902]",0.00289,Very small object (<0.5% image)
ppe_fire_smoke_v4,safup_00135,person,0,"[0.3828, 0.0941, 0.8453, 0.9996]",0.41878,Edge clipped / camera boundary
ppe_fire_smoke_v4,safup_00135,helmet,1,"[0.5375, 0.0687, 0.7031, 0.2656]",0.03261,Partial occlusion / industrial lighting
ppe_fire_smoke_v4,safup_00148,helmet,1,"[0.5047, 0.1098, 0.6187, 0.2215]",0.01274,Small distant object (0.5%-2% image)
ppe_fire_smoke_v4,safup_00195,person,0,"[0.568, 0.5594, 0.6008, 0.7687]",0.00687,Small distant object (0.5%-2% image)
ppe_fire_smoke_v4,safup_00195,person,0,"[0.4402, 0.5113, 0.4738, 0.6918]",0.00606,Small distant object (0.5%-2% image)
ppe_fire_smoke_v4,safup_00195,helmet,1,"[0.584, 0.5598, 0.6004, 0.5902]",0.0005,Very small object (<0.5% image)
ppe_fire_smoke_v4,safup_00195,helmet,1,"[0.4504, 0.5133, 0.4637, 0.532]",0.00025,Very small object (<0.5% image)
ppe_fire_smoke_v4,safup_00214,helmet,1,"[0.7426, 0.1883, 0.8387, 0.3289]",0.01351,Small distant object (0.5%-2% image)
ppe_fire_smoke_v4,safup_00216,helmet,1,"[0.3918, 0.0906, 0.5207, 0.3156]",0.029,Partial occlusion / industrial lighting
ppe_fire_smoke_v4,safup_00223,safety_vest,2,"[0.2891, 0.5188, 0.3578, 0.5891]",0.00483,Very small object (<0.5% image)
ppe_fire_smoke_v4,safup_00234,helmet,1,"[0.3801, 0.0437, 0.609, 0.2687]",0.0515,Partial occlusion / industrial lighting
ppe_fire_smoke_v4,safup_00242,helmet,1,"[0.4, 0.1187, 0.4844, 0.2953]",0.0149,Small distant object (0.5%-2% image)
ppe_fire_smoke_v4,safup_00244,helmet,1,"[0.3922, 0.0664, 0.5969, 0.2789]",0.0435,Partial occlusion / industrial lighting
ppe_fire_smoke_v4,safup_00245,helmet,1,"[0.2434, 0.1586, 0.3613, 0.2742]",0.01364,Small distant object (0.5%-2% image)
ppe_fire_smoke_v4,safup_00252,helmet,1,"[0.4398, 0.2637, 0.5695, 0.3738]",0.01429,Small distant object (0.5%-2% image)
ppe_fire_smoke_v4,safup_00255,person,0,"[0.1305, 0.1391, 0.868, 0.9516]",0.59922,Partial occlusion / industrial lighting
ppe_fire_smoke_v4,safup_00255,helmet,1,"[0.1492, 0.4781, 0.4055, 0.7625]",0.07287,Partial occlusion / industrial lighting
ppe_fire_smoke_v4,safup_00258,person,0,"[0.0, 0.0594, 0.175, 0.1625]",0.01805,Small distant object (0.5%-2% image)
ppe_fire_smoke_v4,safup_00258,person,0,"[0.0, 0.1723, 0.175, 0.2746]",0.01791,Small distant object (0.5%-2% image)
ppe_fire_smoke_v4,safup_00258,person,0,"[0.4234, 0.0, 0.6203, 0.1734]",0.03415,Edge clipped / camera boundary
ppe_fire_smoke_v4,safup_00258,person,0,"[0.4246, 0.1754, 0.627, 0.3637]",0.0381,Partial occlusion / industrial lighting
ppe_fire_smoke_v4,safup_00258,person,0,"[0.7098, 0.0, 0.8668, 0.1484]",0.02331,Edge clipped / camera boundary
ppe_fire_smoke_v4,safup_00258,person,0,"[0.7082, 0.1293, 0.8559, 0.3223]",0.02849,Partial occlusion / industrial lighting
ppe_fire_smoke_v4,safup_00258,person,0,"[0.7699, 0.0, 0.9223, 0.1172]",0.01785,Small distant object (0.5%-2% image)
ppe_fire_smoke_v4,safup_00258,person,0,"[0.8953, 0.0055, 1.0, 0.143]",0.01439,Small distant object (0.5%-2% image)
ppe_fire_smoke_v4,safup_00258,person,0,"[0.9062, 0.1797, 1.0, 0.3375]",0.01479,Small distant object (0.5%-2% image)
ppe_fire_smoke_v4,safup_00258,person,0,"[0.5789, 0.243, 0.7727, 0.518]",0.05328,Partial occlusion / industrial lighting
ppe_fire_smoke_v4,safup_00258,person,0,"[0.2156, 0.8484, 0.4875, 1.0]",0.04121,Edge clipped / camera boundary
ppe_fire_smoke_v4,safup_00258,person,0,"[0.2086, 0.6473, 0.4883, 0.8168]",0.04742,Partial occlusion / industrial lighting
ppe_fire_smoke_v4,safup_00258,person,0,"[0.157, 0.3875, 0.3648, 0.6234]",0.04903,Partial occlusion / industrial lighting
ppe_fire_smoke_v4,safup_00258,person,0,"[0.2895, 0.4062, 0.5793, 0.7188]",0.09058,Partial occlusion / industrial lighting
ppe_fire_smoke_v4,safup_00258,person,0,"[0.6883, 0.5926, 0.8867, 0.8449]",0.05007,Partial occlusion / industrial lighting
ppe_fire_smoke_v4,safup_00258,person,0,"[0.6832, 0.8406, 0.8809, 1.0]",0.0315,Edge clipped / camera boundary
ppe_fire_smoke_v4,safup_00258,person,0,"[0.5574, 0.4832, 0.7082, 0.6637]",0.02721,Partial occlusion / industrial lighting
ppe_fire_smoke_v4,safup_00258,person,0,"[0.6469, 0.3559, 0.8687, 0.6613]",0.06778,Partial occlusion / industrial lighting
ppe_fire_smoke_v4,safup_00258,helmet,1,"[0.9047, 0.566, 1.0, 0.7246]",0.01512,Small distant object (0.5%-2% image)
ppe_fire_smoke_v4,safup_00258,helmet,1,"[0.2383, 0.6441, 0.368, 0.773]",0.01672,Small distant object (0.5%-2% image)
ppe_fire_smoke_v4,safup_00258,helmet,1,"[0.6176, 0.0, 0.7449, 0.0797]",0.01015,Small distant object (0.5%-2% image)
ppe_fire_smoke_v4,safup_00258,helmet,1,"[0.9203, 0.9438, 1.0, 1.0]",0.00448,Very small object (<0.5% image)
ppe_fire_smoke_v4,safup_00258,helmet,1,"[0.2344, 0.9035, 0.3703, 0.9996]",0.01306,Small distant object (0.5%-2% image)
ppe_fire_smoke_v4,safup_00258,helmet,1,"[0.2254, 0.5559, 0.3652, 0.666]",0.0154,Small distant object (0.5%-2% image)
ppe_fire_smoke_v4,safup_00258,helmet,1,"[0.7531, 0.2031, 0.9203, 0.4391]",0.03945,Partial occlusion / industrial lighting
ppe_fire_smoke_v4,safup_00258,helmet,1,"[0.8234, 0.3297, 1.0, 0.5625]",0.04111,Edge clipped / camera boundary
ppe_fire_smoke_v4,safup_00259,helmet,1,"[0.475, 0.0375, 0.8359, 0.4359]",0.14381,Partial occlusion / industrial lighting
ppe_fire_smoke_v4,safup_00260,helmet,1,"[0.4578, 0.0832, 0.6422, 0.2465]",0.0301,Partial occlusion / industrial lighting
ppe_fire_smoke_v4,safup_00265,safety_vest,2,"[0.3258, 0.5953, 0.3414, 0.6578]",0.00098,Very small object (<0.5% image)
ppe_fire_smoke_v4,safup_00268,helmet,1,"[0.2469, 0.225, 0.3469, 0.3141]",0.00891,Small distant object (0.5%-2% image)
ppe_fire_smoke_v4,safup_00268,helmet,1,"[0.4562, 0.2312, 0.5563, 0.3219]",0.00906,Small distant object (0.5%-2% image)
ppe_fire_smoke_v4,safup_00268,helmet,1,"[0.6516, 0.1984, 0.7516, 0.3]",0.01016,Small distant object (0.5%-2% image)
ppe_fire_smoke_v4,safup_00277,helmet,1,"[0.3426, 0.1293, 0.4871, 0.3238]",0.02812,Partial occlusion / industrial lighting
ppe_fire_smoke_v4,safup_00278,helmet,1,"[0.5156, 0.2289, 0.5531, 0.2914]",0.00234,Very small object (<0.5% image)
ppe_fire_smoke_v4,safup_00278,helmet,1,"[0.5875, 0.2484, 0.6281, 0.3391]",0.00368,Very small object (<0.5% image)
ppe_fire_smoke_v4,safup_00278,safety_vest,2,"[0.5188, 0.3055, 0.5656, 0.493]",0.00879,Small distant object (0.5%-2% image)
ppe_fire_smoke_v4,safup_00292,helmet,1,"[0.5687, 0.0, 0.8766, 0.1641]",0.0505,Edge clipped / camera boundary
ppe_fire_smoke_v4,safup_00296,helmet,1,"[0.3508, 0.4703, 0.5664, 0.575]",0.02257,Partial occlusion / industrial lighting
ppe_fire_smoke_v4,safup_00303,person,0,"[0.9262, 0.3707, 0.9395, 0.4277]",0.00076,Very small object (<0.5% image)
ppe_fire_smoke_v4,safup_00316,person,0,"[0.025, 0.0266, 0.8609, 1.0]",0.81373,Edge clipped / camera boundary
ppe_fire_smoke_v4,safup_00336,person,0,"[0.5586, 0.4086, 0.632, 0.7664]",0.02628,Extreme aspect ratio / pose
ppe_fire_smoke_v4,safup_00336,helmet,1,"[0.4367, 0.3914, 0.4586, 0.4305]",0.00085,Very small object (<0.5% image)
ppe_fire_smoke_v4,safup_00336,helmet,1,"[0.575, 0.4109, 0.6031, 0.4531]",0.00119,Very small object (<0.5% image)
ppe_fire_smoke_v4,safup_00336,helmet,1,"[0.4414, 0.2637, 0.5336, 0.4066]",0.01318,Small distant object (0.5%-2% image)
ppe_fire_smoke_v4,safup_00338,person,0,"[0.0453, 0.3078, 1.0, 0.7187]",0.39232,Edge clipped / camera boundary
ppe_fire_smoke_v4,safup_00338,helmet,1,"[0.0813, 0.3938, 0.1969, 0.5828]",0.02186,Partial occlusion / industrial lighting
ppe_fire_smoke_v4,safup_00338,helmet,1,"[0.0895, 0.3363, 0.3652, 0.5934]",0.07088,Partial occlusion / industrial lighting
ppe_fire_smoke_v4,safup_00358,person,0,"[0.0, 0.0328, 1.0, 1.0]",0.96719,Edge clipped / camera boundary
ppe_fire_smoke_v4,safup_00369,helmet,1,"[0.4637, 0.2949, 0.5941, 0.4488]",0.02008,Partial occlusion / industrial lighting
ppe_fire_smoke_v4,safup_00371,person,0,"[0.2187, 0.2844, 0.9969, 0.6109]",0.25411,Edge clipped / camera boundary
ppe_fire_smoke_v4,safup_00371,helmet,1,"[0.2391, 0.3938, 0.3219, 0.5297]",0.01126,Small distant object (0.5%-2% image)
ppe_fire_smoke_v4,safup_00381,helmet,1,"[0.384, 0.0984, 0.6207, 0.2625]",0.03884,Partial occlusion / industrial lighting
ppe_fire_smoke_v4,safup_00386,helmet,1,"[0.4871, 0.1703, 0.652, 0.2969]",0.02086,Partial occlusion / industrial lighting
ppe_fire_smoke_v4,safup_00387,helmet,1,"[0.8559, 0.1855, 0.9941, 0.3395]",0.02128,Edge clipped / camera boundary
ppe_fire_smoke_v4,safup_00393,person,0,"[0.3508, 0.2543, 0.4008, 0.4645]",0.01051,Small distant object (0.5%-2% image)
ppe_fire_smoke_v4,safup_00393,person,0,"[0.8063, 0.0727, 0.8766, 0.2758]",0.01428,Small distant object (0.5%-2% image)
ppe_fire_smoke_v4,safup_00395,safety_vest,2,"[0.0023, 0.2813, 0.2477, 0.5359]",0.06248,Edge clipped / camera boundary
ppe_fire_smoke_v4,sppe4_00027,helmet,1,"[0.3438, 0.65, 0.5141, 0.9469]",0.05056,Partial occlusion / industrial lighting
ppe_fire_smoke_v4,sppe4_00029,safety_footwear,4,"[0.4172, 0.8766, 0.4703, 0.9859]",0.00581,Small distant object (0.5%-2% image)
ppe_fire_smoke_v4,sppe4_00029,safety_footwear,4,"[0.4719, 0.8875, 0.5313, 0.9938]",0.00631,Small distant object (0.5%-2% image)
ppe_fire_smoke_v4,sppe4_00033,safety_footwear,4,"[0.4719, 0.5797, 0.5422, 0.6906]",0.0078,Small distant object (0.5%-2% image)
ppe_fire_smoke_v4,sppe4_00044,gloves,3,"[0.0734, 0.3391, 0.6625, 0.8172]",0.28165,Partial occlusion / industrial lighting
ppe_fire_smoke_v4,sppe4_00044,gloves,3,"[0.4109, 0.1672, 0.9187, 0.6859]",0.26343,Partial occlusion / industrial lighting
ppe_fire_smoke_v4,sppe4_00055,helmet,1,"[0.6687, 0.2523, 0.8313, 0.3664]",0.01854,Small distant object (0.5%-2% image)
ppe_fire_smoke_v4,sppe4_00055,helmet,1,"[0.3094, 0.4172, 0.3813, 0.4734]",0.00404,Very small object (<0.5% image)
ppe_fire_smoke_v4,sppe4_00063,gloves,3,"[0.3445, 0.2703, 0.4102, 0.3937]",0.0081,Small distant object (0.5%-2% image)
ppe_fire_smoke_v4,sppe4_00063,gloves,3,"[0.4422, 0.2844, 0.5156, 0.3844]",0.00734,Small distant object (0.5%-2% image)
ppe_fire_smoke_v4,sppe4_00063,safety_footwear,4,"[0.3937, 0.8688, 0.4516, 0.95]",0.0047,Very small object (<0.5% image)
ppe_fire_smoke_v4,sppe4_00063,safety_footwear,4,"[0.4703, 0.8688, 0.5484, 0.9562]",0.00684,Small distant object (0.5%-2% image)
ppe_fire_smoke_v4,sppe4_00072,helmet,1,"[0.4289, 0.1109, 0.5508, 0.225]",0.0139,Small distant object (0.5%-2% image)
ppe_fire_smoke_v4,sppe4_00072,safety_footwear,4,"[0.4562, 0.9016, 0.5687, 0.9969]",0.01072,Small distant object (0.5%-2% image)
ppe_fire_smoke_v4,sppe4_00072,safety_footwear,4,"[0.4922, 0.8594, 0.5672, 0.9531]",0.00703,Small distant object (0.5%-2% image)
ppe_fire_smoke_v4,sppe4_00079,gloves,3,"[0.3281, 0.2547, 0.6469, 0.7219]",0.14892,Partial occlusion / industrial lighting
ppe_fire_smoke_v4,sppe4_00080,safety_footwear,4,"[0.5437, 0.8594, 0.5969, 0.9047]",0.00241,Very small object (<0.5% image)
ppe_fire_smoke_v4,sppe4_00080,safety_footwear,4,"[0.4844, 0.8141, 0.5312, 0.8547]",0.0019,Very small object (<0.5% image)
ppe_fire_smoke_v4,sppe4_00081,safety_footwear,4,"[0.5078, 0.9188, 0.6125, 0.9906]",0.00752,Small distant object (0.5%-2% image)
ppe_fire_smoke_v4,sppe4_00081,safety_footwear,4,"[0.3703, 0.8406, 0.5203, 0.8859]",0.0068,Small distant object (0.5%-2% image)
ppe_fire_smoke_v4,sppe4_00083,gloves,3,"[0.0078, 0.4344, 0.9641, 0.9719]",0.51398,Edge clipped / camera boundary
ppe_fire_smoke_v4,sppe4_00083,gloves,3,"[0.0, 0.1734, 0.5672, 0.4688]",0.1675,Edge clipped / camera boundary
ppe_fire_smoke_v4,sppe4_00097,safety_vest,2,"[0.3867, 0.2734, 0.5492, 0.6078]",0.05434,Partial occlusion / industrial lighting
ppe_fire_smoke_v4,sppe4_00112,safety_footwear,4,"[0.475, 0.8625, 0.5234, 0.9672]",0.00507,Small distant object (0.5%-2% image)
ppe_fire_smoke_v4,sppe4_00112,safety_footwear,4,"[0.5328, 0.8703, 0.5984, 0.9719]",0.00667,Small distant object (0.5%-2% image)
ppe_fire_smoke_v4,sppe4_00117,helmet,1,"[0.3531, 0.0, 0.8891, 0.3531]",0.18925,Edge clipped / camera boundary
ppe_fire_smoke_v4,sppe4_00117,safety_vest,2,"[0.4797, 0.675, 0.8953, 1.0]",0.13508,Edge clipped / camera boundary
ppe_fire_smoke_v4,sppe4_00119,safety_footwear,4,"[0.5141, 0.4844, 0.5578, 0.5453]",0.00267,Very small object (<0.5% image)
ppe_fire_smoke_v4,sppe4_00134,gloves,3,"[0.3086, 0.4336, 0.3945, 0.5289]",0.00819,Small distant object (0.5%-2% image)
ppe_fire_smoke_v4,sppe4_00134,gloves,3,"[0.5672, 0.4266, 0.6406, 0.5234]",0.00711,Small distant object (0.5%-2% image)
ppe_fire_smoke_v4,sppe4_00137,helmet,1,"[0.4078, 0.5094, 0.5047, 0.6203]",0.01075,Small distant object (0.5%-2% image)
ppe_fire_smoke_v4,sppe4_00137,safety_footwear,4,"[0.4188, 0.875, 0.4672, 0.9812]",0.00515,Small distant object (0.5%-2% image)
ppe_fire_smoke_v4,sppe4_00137,safety_footwear,4,"[0.4688, 0.875, 0.5328, 0.9891]",0.00731,Small distant object (0.5%-2% image)
ppe_fire_smoke_v4,sppe4_00139,helmet,1,"[0.525, 0.0203, 0.6828, 0.3391]",0.0503,Partial occlusion / industrial lighting
ppe_fire_smoke_v4,sppe4_00139,safety_vest,2,"[0.4891, 0.1031, 0.7625, 0.45]",0.09485,Partial occlusion / industrial lighting
ppe_fire_smoke_v4,sppe4_00139,safety_footwear,4,"[0.3656, 0.6641, 0.5172, 0.9688]",0.04618,Partial occlusion / industrial lighting
ppe_fire_smoke_v4,sppe4_00139,safety_footwear,4,"[0.7672, 0.6234, 0.9563, 0.9984]",0.0709,Edge clipped / camera boundary
ppe_fire_smoke_v4,sppe4_00140,safety_footwear,4,"[0.4, 0.4813, 0.4562, 0.5766]",0.00536,Small distant object (0.5%-2% image)
ppe_fire_smoke_v4,sppe4_00149,helmet,1,"[0.2945, 0.2242, 0.3836, 0.3164]",0.00821,Small distant object (0.5%-2% image)
ppe_fire_smoke_v4,sppe4_00150,gloves,3,"[0.3727, 0.4781, 0.4352, 0.5734]",0.00596,Small distant object (0.5%-2% image)
ppe_fire_smoke_v4,sppe4_00150,safety_footwear,4,"[0.3969, 0.6766, 0.5531, 0.8094]",0.02075,Partial occlusion / industrial lighting
ppe_fire_smoke_v4,sppe4_00152,safety_footwear,4,"[0.3625, 0.8609, 0.4188, 0.9516]",0.0051,Small distant object (0.5%-2% image)
ppe_fire_smoke_v4,sppe4_00152,safety_footwear,4,"[0.4219, 0.8578, 0.4828, 0.9484]",0.00552,Small distant object (0.5%-2% image)
ppe_fire_smoke_v4,sppe4_00164,safety_footwear,4,"[0.2344, 0.7164, 0.3125, 0.8164]",0.00781,Small distant object (0.5%-2% image)
ppe_fire_smoke_v4,sppe4_00167,helmet,1,"[0.4, 0.1906, 0.5312, 0.3563]",0.02174,Partial occlusion / industrial lighting
ppe_fire_smoke_v4,sppe4_00167,gloves,3,"[0.6172, 0.25, 0.6738, 0.3486]",0.00559,Small distant object (0.5%-2% image)
ppe_fire_smoke_v4,sppe4_00167,gloves,3,"[0.2441, 0.2676, 0.3027, 0.3623]",0.00555,Small distant object (0.5%-2% image)
ppe_fire_smoke_v4,sppe4_00167,safety_footwear,4,"[0.3875, 0.8547, 0.4594, 0.9578]",0.00741,Small distant object (0.5%-2% image)
ppe_fire_smoke_v4,sppe4_00167,safety_footwear,4,"[0.4656, 0.8688, 0.5344, 0.9562]",0.00602,Small distant object (0.5%-2% image)
ppe_fire_smoke_v4,sppe4_00174,helmet,1,"[0.5164, 0.0, 0.857, 0.4813]",0.16393,Edge clipped / camera boundary
ppe_fire_smoke_v4,sppe4_00197,safety_footwear,4,"[0.5133, 0.725, 0.7445, 0.8688]",0.03324,Partial occlusion / industrial lighting
ppe_fire_smoke_v4,sppe4_00197,safety_footwear,4,"[0.4844, 0.6547, 0.6687, 0.8]",0.02679,Partial occlusion / industrial lighting
ppe_fire_smoke_v4,sppe4_00213,safety_vest,2,"[0.3094, 0.5492, 0.3719, 0.5961]",0.00293,Very small object (<0.5% image)
ppe_fire_smoke_v4,sppe4_00217,gloves,3,"[0.3695, 0.5273, 0.4258, 0.5852]",0.00325,Very small object (<0.5% image)
ppe_fire_smoke_v4,sppe4_00217,gloves,3,"[0.6477, 0.5289, 0.6883, 0.5883]",0.00241,Very small object (<0.5% image)
ppe_fire_smoke_v4,sppe4_00217,safety_footwear,4,"[0.3805, 0.6547, 0.4773, 0.7359]",0.00787,Small distant object (0.5%-2% image)
ppe_fire_smoke_v4,sppe4_00239,helmet,1,"[0.4469, 0.4125, 0.4906, 0.4797]",0.00294,Very small object (<0.5% image)
ppe_fire_smoke_v4,sppe4_00239,safety_vest,2,"[0.5078, 0.3953, 0.6375, 0.475]",0.01033,Small distant object (0.5%-2% image)
ppe_fire_smoke_v4,sppe4_00239,safety_footwear,4,"[0.7516, 0.45, 0.7812, 0.5172]",0.00199,Very small object (<0.5% image)
ppe_fire_smoke_v4,sppe4_00239,safety_footwear,4,"[0.7469, 0.3828, 0.7797, 0.45]",0.0022,Very small object (<0.5% image)
ppe_fire_smoke_v4,sppe4_00247,gloves,3,"[0.3266, 0.4422, 0.4141, 0.5313]",0.00779,Small distant object (0.5%-2% image)
ppe_fire_smoke_v4,sppe4_00247,gloves,3,"[0.5898, 0.4266, 0.6742, 0.5016]",0.00633,Small distant object (0.5%-2% image)
ppe_fire_smoke_v4,sppe4_00276,gloves,3,"[0.1539, 0.1414, 0.2336, 0.2914]",0.01195,Small distant object (0.5%-2% image)
ppe_fire_smoke_v4,sppe4_00276,gloves,3,"[0.4625, 0.1367, 0.55, 0.2758]",0.01217,Small distant object (0.5%-2% image)
ppe_fire_smoke_v4,sppe4_00276,safety_footwear,4,"[0.3531, 0.8359, 0.3953, 0.9141]",0.0033,Very small object (<0.5% image)
ppe_fire_smoke_v4,sppe4_00276,safety_footwear,4,"[0.4016, 0.8359, 0.4437, 0.9125]",0.00323,Very small object (<0.5% image)
ppe_fire_smoke_v4,sppe4_00283,helmet,1,"[0.4094, 0.0523, 0.5547, 0.1852]",0.0193,Small distant object (0.5%-2% image)
ppe_fire_smoke_v4,sppe4_00283,safety_vest,2,"[0.3578, 0.2719, 0.6547, 0.8609]",0.17488,Partial occlusion / industrial lighting
ppe_fire_smoke_v4,sppe4_00297,gloves,3,"[0.0922, 0.2938, 0.2141, 0.4359]",0.01733,Small distant object (0.5%-2% image)
ppe_fire_smoke_v4,sppe4_00297,gloves,3,"[0.5914, 0.2648, 0.6977, 0.4008]",0.01444,Small distant object (0.5%-2% image)
ppe_fire_smoke_v4,sppe4_00297,safety_footwear,4,"[0.3516, 0.8578, 0.4187, 0.9297]",0.00483,Very small object (<0.5% image)
ppe_fire_smoke_v4,sppe4_00297,safety_footwear,4,"[0.4219, 0.8578, 0.4766, 0.9266]",0.00376,Very small object (<0.5% image)
ppe_fire_smoke_v4,sppe4_00300,safety_vest,2,"[0.6375, 0.3484, 0.8766, 0.8406]",0.11766,Partial occlusion / industrial lighting
ppe_fire_smoke_v4,sppe4_00300,safety_vest,2,"[0.3984, 0.5016, 0.6297, 0.9938]",0.11382,Edge clipped / camera boundary
ppe_fire_smoke_v4,sppe4_00310,helmet,1,"[0.1906, 0.3328, 0.275, 0.5062]",0.01463,Small distant object (0.5%-2% image)
ppe_fire_smoke_v4,sppe4_00310,safety_footwear,4,"[0.8562, 0.3984, 0.9516, 0.5609]",0.01549,Small distant object (0.5%-2% image)
ppe_fire_smoke_v4,sppe4_00310,safety_footwear,4,"[0.8156, 0.2359, 0.8953, 0.3984]",0.01295,Small distant object (0.5%-2% image)
ppe_fire_smoke_v4,sppe4_00343,helmet,1,"[0.7055, 0.15, 0.7961, 0.2687]",0.01076,Small distant object (0.5%-2% image)
ppe_fire_smoke_v4,sppe4_00343,helmet,1,"[0.3992, 0.3961, 0.4227, 0.4305]",0.00081,Very small object (<0.5% image)
ppe_fire_smoke_v4,sppe4_00343,helmet,1,"[0.5859, 0.3953, 0.6109, 0.4359]",0.00102,Very small object (<0.5% image)
ppe_fire_smoke_v4,sppe4_00343,safety_vest,2,"[0.382, 0.4188, 0.4117, 0.4984]",0.00237,Very small object (<0.5% image)
ppe_fire_smoke_v4,sppe4_00349,safety_footwear,4,"[0.3828, 0.4719, 0.4422, 0.5547]",0.00492,Very small object (<0.5% image)
ppe_fire_smoke_v4,sppe4_00355,safety_footwear,4,"[0.4188, 0.8766, 0.4656, 0.9781]",0.00476,Very small object (<0.5% image)
ppe_fire_smoke_v4,sppe4_00355,safety_footwear,4,"[0.4641, 0.8859, 0.5297, 0.9906]",0.00687,Small distant object (0.5%-2% image)
ppe_fire_smoke_v4,sppe4_00359,gloves,3,"[0.4187, 0.3766, 0.5, 0.4453]",0.00559,Small distant object (0.5%-2% image)
ppe_fire_smoke_v4,sppe4_00359,gloves,3,"[0.5648, 0.3688, 0.6383, 0.4234]",0.00402,Very small object (<0.5% image)
ppe_fire_smoke_v4,sppe4_00359,safety_footwear,4,"[0.4555, 0.4672, 0.5023, 0.525]",0.00271,Very small object (<0.5% image)
ppe_fire_smoke_v4,sppe4_00359,safety_footwear,4,"[0.5187, 0.4734, 0.5844, 0.5359]",0.0041,Very small object (<0.5% image)
ppe_fire_smoke_v4,sppe4_00361,safety_footwear,4,"[0.3453, 0.8469, 0.3969, 0.9156]",0.00354,Very small object (<0.5% image)
ppe_fire_smoke_v4,sppe4_00361,safety_footwear,4,"[0.3969, 0.8438, 0.4484, 0.9062]",0.00322,Very small object (<0.5% image)
ppe_fire_smoke_v4,sppe4_00367,safety_footwear,4,"[0.1516, 0.9453, 0.1875, 1.0]",0.00197,Very small object (<0.5% image)
ppe_fire_smoke_v4,sppe4_00367,safety_footwear,4,"[0.4578, 0.9125, 0.525, 1.0]",0.00588,Small distant object (0.5%-2% image)
ppe_fire_smoke_v4,sppe4_00388,helmet,1,"[0.4195, 0.3484, 0.5227, 0.4891]",0.0145,Small distant object (0.5%-2% image)
ppe_fire_smoke_v2,dfire_00000,fire,5,"[0.4484, 0.5125, 0.4703, 0.5422]",0.00065,Very small object (<0.5% image)
ppe_fire_smoke_v2,dfire_00000,fire,5,"[0.3516, 0.468, 0.3844, 0.493]",0.00082,Very small object (<0.5% image)
ppe_fire_smoke_v2,dfire_00000,fire,5,"[0.418, 0.507, 0.4367, 0.5383]",0.00059,Very small object (<0.5% image)
ppe_fire_smoke_v2,dfire_00000,smoke,6,"[0.3867, 0.3688, 0.4898, 0.4047]",0.00371,Very small object (<0.5% image)
ppe_fire_smoke_v2,dfire_00006,fire,5,"[0.3063, 0.3625, 0.5859, 0.5734]",0.059,Low-contrast particulate / plume
ppe_fire_smoke_v2,dfire_00013,smoke,6,"[0.6094, 0.4312, 0.6609, 0.4953]",0.0033,Very small object (<0.5% image)
ppe_fire_smoke_v2,dfire_00014,smoke,6,"[0.5062, 0.45, 0.6547, 0.5172]",0.00997,Small distant object (0.5%-2% image)
ppe_fire_smoke_v2,dfire_00021,fire,5,"[0.575, 0.3086, 0.5953, 0.343]",0.0007,Very small object (<0.5% image)
ppe_fire_smoke_v2,dfire_00021,fire,5,"[0.3828, 0.55, 0.6953, 0.6953]",0.04541,Low-contrast particulate / plume
ppe_fire_smoke_v2,dfire_00030,smoke,6,"[0.6125, 0.4688, 0.6953, 0.5047]",0.00298,Very small object (<0.5% image)
ppe_fire_smoke_v2,dfire_00036,smoke,6,"[0.2078, 0.4437, 0.5, 0.5172]",0.02146,Extreme aspect ratio / pose
ppe_fire_smoke_v2,dfire_00038,fire,5,"[0.3062, 0.4516, 0.5578, 0.6734]",0.05582,Low-contrast particulate / plume
ppe_fire_smoke_v2,dfire_00053,smoke,6,"[0.5687, 0.3406, 0.6922, 0.4406]",0.01234,Small distant object (0.5%-2% image)
ppe_fire_smoke_v2,dfire_00053,smoke,6,"[0.1859, 0.3469, 0.3469, 0.4547]",0.01735,Small distant object (0.5%-2% image)
ppe_fire_smoke_v2,dfire_00059,fire,5,"[0.4336, 0.4187, 0.5602, 0.4844]",0.00831,Small distant object (0.5%-2% image)
ppe_fire_smoke_v2,dfire_00059,fire,5,"[0.3844, 0.4492, 0.4328, 0.4898]",0.00197,Very small object (<0.5% image)
ppe_fire_smoke_v2,dfire_00059,smoke,6,"[0.3281, 0.3734, 0.4031, 0.4547]",0.00609,Small distant object (0.5%-2% image)
ppe_fire_smoke_v2,dfire_00059,smoke,6,"[0.2594, 0.3727, 0.3281, 0.5195]",0.0101,Small distant object (0.5%-2% image)
ppe_fire_smoke_v2,dfire_00060,fire,5,"[0.3891, 0.4617, 0.6516, 0.6305]",0.0443,Low-contrast particulate / plume
ppe_fire_smoke_v2,dfire_00065,smoke,6,"[0.2875, 0.3852, 0.5281, 0.6414]",0.06166,Low-contrast particulate / plume
ppe_fire_smoke_v2,dfire_00075,fire,5,"[0.2758, 0.3797, 0.5602, 0.6203]",0.06843,Low-contrast particulate / plume
ppe_fire_smoke_v2,dfire_00093,fire,5,"[0.5187, 0.4445, 0.6188, 0.5117]",0.00672,Small distant object (0.5%-2% image)
ppe_fire_smoke_v2,dfire_00093,fire,5,"[0.4867, 0.4859, 0.5227, 0.5234]",0.00135,Very small object (<0.5% image)
ppe_fire_smoke_v2,dfire_00103,fire,5,"[0.6586, 0.5836, 0.6914, 0.6195]",0.00118,Very small object (<0.5% image)
ppe_fire_smoke_v2,dfire_00103,fire,5,"[0.5906, 0.6305, 0.6281, 0.6758]",0.0017,Very small object (<0.5% image)
ppe_fire_smoke_v2,dfire_00103,smoke,6,"[0.3219, 0.307, 0.4922, 0.443]",0.02315,Low-contrast particulate / plume
ppe_fire_smoke_v2,dfire_00103,smoke,6,"[0.6281, 0.3219, 0.6937, 0.4812]",0.01046,Small distant object (0.5%-2% image)
ppe_fire_smoke_v2,dfire_00106,fire,5,"[0.3953, 0.5328, 0.4125, 0.5437]",0.00019,Very small object (<0.5% image)
ppe_fire_smoke_v2,dfire_00106,fire,5,"[0.7266, 0.4156, 0.7344, 0.4281]",0.0001,Very small object (<0.5% image)
ppe_fire_smoke_v2,dfire_00106,fire,5,"[0.368, 0.3688, 0.6961, 0.5125]",0.04717,Low-contrast particulate / plume
ppe_fire_smoke_v2,dfire_00108,fire,5,"[0.4664, 0.5172, 0.5148, 0.5766]",0.00288,Very small object (<0.5% image)
ppe_fire_smoke_v2,dfire_00108,smoke,6,"[0.4789, 0.3664, 0.718, 0.5086]",0.03399,Low-contrast particulate / plume
ppe_fire_smoke_v2,dfire_00116,fire,5,"[0.368, 0.5125, 0.6305, 0.6422]",0.03404,Low-contrast particulate / plume
ppe_fire_smoke_v2,dfire_00116,smoke,6,"[0.5461, 0.3578, 0.7117, 0.4516]",0.01553,Small distant object (0.5%-2% image)
ppe_fire_smoke_v2,dfire_00116,smoke,6,"[0.2859, 0.3586, 0.4672, 0.4664]",0.01954,Small distant object (0.5%-2% image)
ppe_fire_smoke_v2,dfire_00116,smoke,6,"[0.6219, 0.4547, 0.7125, 0.4953]",0.00368,Very small object (<0.5% image)
ppe_fire_smoke_v2,dfire_00116,smoke,6,"[0.4703, 0.3578, 0.5437, 0.3859]",0.00207,Very small object (<0.5% image)
ppe_fire_smoke_v2,dfire_00116,smoke,6,"[0.2859, 0.4688, 0.4297, 0.5]",0.00449,Very small object (<0.5% image)
ppe_fire_smoke_v2,dfire_00122,smoke,6,"[0.3359, 0.4289, 0.5953, 0.5117]",0.02148,Extreme aspect ratio / pose
ppe_fire_smoke_v2,dfire_00124,smoke,6,"[0.4211, 0.3586, 0.543, 0.4836]",0.01523,Small distant object (0.5%-2% image)
ppe_fire_smoke_v2,dfire_00141,smoke,6,"[0.2891, 0.4453, 0.3328, 0.4859]",0.00178,Very small object (<0.5% image)
ppe_fire_smoke_v2,dfire_00142,smoke,6,"[0.5461, 0.3875, 0.657, 0.4937]",0.01179,Small distant object (0.5%-2% image)
ppe_fire_smoke_v2,dfire_00145,smoke,6,"[0.0906, 0.3844, 0.5188, 0.5266]",0.06087,Low-contrast particulate / plume
ppe_fire_smoke_v2,dfire_00156,fire,5,"[0.3047, 0.3047, 0.6609, 0.6531]",0.12413,Low-contrast particulate / plume
ppe_fire_smoke_v2,dfire_00161,smoke,6,"[0.3581, 0.4751, 0.5913, 0.6291]",0.03592,Low-contrast particulate / plume
ppe_fire_smoke_v2,dfire_00161,smoke,6,"[0.3414, 0.3094, 0.5977, 0.4734]",0.04204,Low-contrast particulate / plume
ppe_fire_smoke_v2,dfire_00162,fire,5,"[0.3711, 0.5461, 0.4039, 0.5836]",0.00123,Very small object (<0.5% image)
ppe_fire_smoke_v2,dfire_00162,fire,5,"[0.4172, 0.5477, 0.4406, 0.5852]",0.00088,Very small object (<0.5% image)
ppe_fire_smoke_v2,dfire_00162,fire,5,"[0.3242, 0.5484, 0.3617, 0.5844]",0.00135,Very small object (<0.5% image)
ppe_fire_smoke_v2,dfire_00162,fire,5,"[0.4508, 0.5508, 0.468, 0.5883]",0.00064,Very small object (<0.5% image)
ppe_fire_smoke_v2,dfire_00162,fire,5,"[0.5234, 0.5484, 0.5641, 0.5969]",0.00197,Very small object (<0.5% image)
ppe_fire_smoke_v2,dfire_00162,fire,5,"[0.4844, 0.5531, 0.5172, 0.5953]",0.00138,Very small object (<0.5% image)
ppe_fire_smoke_v2,dfire_00162,fire,5,"[0.4543, 0.3404, 0.5304, 0.4935]",0.01164,Small distant object (0.5%-2% image)
ppe_fire_smoke_v2,dfire_00175,smoke,6,"[0.2656, 0.5133, 0.3625, 0.607]",0.00908,Small distant object (0.5%-2% image)
ppe_fire_smoke_v2,dfire_00175,smoke,6,"[0.5094, 0.5164, 0.6156, 0.607]",0.00963,Small distant object (0.5%-2% image)
ppe_fire_smoke_v2,dfire_00176,smoke,6,"[0.0047, 0.1375, 0.9984, 0.4328]",0.29347,Edge clipped / camera boundary
ppe_fire_smoke_v2,dfire_00194,smoke,6,"[0.0016, 0.6375, 0.0422, 0.8031]",0.00673,Small distant object (0.5%-2% image)
ppe_fire_smoke_v2,dfire_00194,smoke,6,"[0.1375, 0.7211, 0.2359, 0.8695]",0.01461,Small distant object (0.5%-2% image)
ppe_fire_smoke_v2,dfire_00204,smoke,6,"[0.1453, 0.4344, 0.3281, 0.5063]",0.01314,Small distant object (0.5%-2% image)
ppe_fire_smoke_v2,dfire_00211,smoke,6,"[0.4469, 0.5656, 0.5594, 0.6297]",0.00721,Small distant object (0.5%-2% image)
ppe_fire_smoke_v2,dfire_00211,smoke,6,"[0.4641, 0.3688, 0.6172, 0.5]",0.0201,Low-contrast particulate / plume
ppe_fire_smoke_v2,dfire_00211,smoke,6,"[0.6328, 0.3687, 0.7328, 0.3953]",0.00266,Very small object (<0.5% image)
ppe_fire_smoke_v2,dfire_00212,fire,5,"[0.282, 0.4281, 0.3305, 0.4828]",0.00265,Very small object (<0.5% image)
ppe_fire_smoke_v2,dfire_00212,fire,5,"[0.6445, 0.4648, 0.6664, 0.4961]",0.00068,Very small object (<0.5% image)
ppe_fire_smoke_v2,dfire_00212,smoke,6,"[0.3359, 0.3711, 0.7391, 0.4258]",0.02205,Extreme aspect ratio / pose
ppe_fire_smoke_v2,dfire_00212,smoke,6,"[0.4148, 0.4273, 0.4633, 0.4945]",0.00325,Very small object (<0.5% image)
ppe_fire_smoke_v2,dfire_00215,smoke,6,"[0.3359, 0.1266, 0.9984, 0.4328]",0.20289,Edge clipped / camera boundary
ppe_fire_smoke_v2,dfire_00240,fire,5,"[0.4328, 0.4734, 0.4625, 0.5125]",0.00116,Very small object (<0.5% image)
ppe_fire_smoke_v2,dfire_00240,smoke,6,"[0.3789, 0.3586, 0.4555, 0.3945]",0.00275,Very small object (<0.5% image)
ppe_fire_smoke_v2,dfire_00240,smoke,6,"[0.6039, 0.3594, 0.7117, 0.3969]",0.00404,Very small object (<0.5% image)
ppe_fire_smoke_v2,dfire_00240,smoke,6,"[0.6836, 0.3992, 0.7133, 0.4555]",0.00167,Very small object (<0.5% image)
ppe_fire_smoke_v2,dfire_00253,smoke,6,"[0.1875, 0.25, 0.7391, 0.4688]",0.12065,Low-contrast particulate / plume
ppe_fire_smoke_v2,dfire_00261,fire,5,"[0.3336, 0.5172, 0.3586, 0.5422]",0.00063,Very small object (<0.5% image)
ppe_fire_smoke_v2,dfire_00262,smoke,6,"[0.2445, 0.2602, 0.7586, 0.4648]",0.10522,Low-contrast particulate / plume
ppe_fire_smoke_v2,dfire_00264,fire,5,"[0.3448, 0.307, 0.6572, 0.6953]",0.12129,Low-contrast particulate / plume
ppe_fire_smoke_v2,dfire_00266,fire,5,"[0.4438, 0.4148, 0.6375, 0.5836]",0.0327,Low-contrast particulate / plume
ppe_fire_smoke_v2,dfire_00267,fire,5,"[0.4844, 0.5211, 0.5297, 0.5773]",0.00255,Very small object (<0.5% image)
ppe_fire_smoke_v2,dfire_00267,fire,5,"[0.4758, 0.457, 0.4852, 0.4742]",0.00016,Very small object (<0.5% image)
ppe_fire_smoke_v2,dfire_00267,fire,5,"[0.5906, 0.418, 0.6938, 0.5383]",0.01241,Small distant object (0.5%-2% image)
ppe_fire_smoke_v2,dfire_00267,fire,5,"[0.4766, 0.4805, 0.4844, 0.4945]",0.00011,Very small object (<0.5% image)
ppe_fire_smoke_v2,dfire_00267,fire,5,"[0.5266, 0.475, 0.5359, 0.5141]",0.00037,Very small object (<0.5% image)
ppe_fire_smoke_v2,dfire_00267,fire,5,"[0.4445, 0.4781, 0.4555, 0.5141]",0.00039,Very small object (<0.5% image)
ppe_fire_smoke_v2,dfire_00267,fire,5,"[0.3523, 0.4758, 0.4039, 0.5164]",0.00209,Very small object (<0.5% image)
ppe_fire_smoke_v2,dfire_00267,fire,5,"[0.425, 0.4766, 0.4453, 0.5172]",0.00083,Very small object (<0.5% image)
ppe_fire_smoke_v2,dfire_00267,fire,5,"[0.3047, 0.4758, 0.3516, 0.518]",0.00198,Very small object (<0.5% image)
ppe_fire_smoke_v2,dfire_00267,smoke,6,"[0.2727, 0.5219, 0.3508, 0.6172]",0.00745,Small distant object (0.5%-2% image)
ppe_fire_smoke_v2,dfire_00267,smoke,6,"[0.3875, 0.5844, 0.475, 0.6344]",0.00437,Very small object (<0.5% image)
ppe_fire_smoke_v2,dfire_00267,smoke,6,"[0.3937, 0.4141, 0.5094, 0.4359]",0.00253,Very small object (<0.5% image)
ppe_fire_smoke_v2,dfire_00267,smoke,6,"[0.2977, 0.4516, 0.3539, 0.4719]",0.00114,Very small object (<0.5% image)
ppe_fire_smoke_v2,dfire_00267,smoke,6,"[0.2742, 0.4508, 0.2977, 0.5211]",0.00165,Very small object (<0.5% image)
ppe_fire_smoke_v2,dfire_00269,smoke,6,"[0.2898, 0.4969, 0.3695, 0.5797]",0.0066,Small distant object (0.5%-2% image)
ppe_fire_smoke_v2,dfire_00270,smoke,6,"[0.6734, 0.4453, 0.7109, 0.4766]",0.00117,Very small object (<0.5% image)
ppe_fire_smoke_v2,dfire_00279,fire,5,"[0.4188, 0.4984, 0.45, 0.5703]",0.00225,Very small object (<0.5% image)
ppe_fire_smoke_v2,dfire_00279,fire,5,"[0.5023, 0.3758, 0.5336, 0.4148]",0.00122,Very small object (<0.5% image)
ppe_fire_smoke_v2,dfire_00279,fire,5,"[0.3625, 0.5906, 0.3734, 0.6094]",0.00021,Very small object (<0.5% image)
ppe_fire_smoke_v2,dfire_00279,fire,5,"[0.425, 0.6016, 0.4344, 0.6141]",0.00012,Very small object (<0.5% image)
ppe_fire_smoke_v2,dfire_00279,fire,5,"[0.4813, 0.607, 0.4937, 0.618]",0.00014,Very small object (<0.5% image)
ppe_fire_smoke_v2,dfire_00279,fire,5,"[0.4531, 0.6078, 0.4672, 0.6172]",0.00013,Very small object (<0.5% image)
ppe_fire_smoke_v2,dfire_00279,fire,5,"[0.3219, 0.6063, 0.3562, 0.6234]",0.00059,Very small object (<0.5% image)
ppe_fire_smoke_v2,dfire_00279,fire,5,"[0.3719, 0.6141, 0.3781, 0.6219]",5e-05,Very small object (<0.5% image)
ppe_fire_smoke_v2,dfire_00279,fire,5,"[0.3648, 0.3766, 0.4555, 0.4797]",0.00935,Small distant object (0.5%-2% image)
ppe_fire_smoke_v2,dfire_00279,fire,5,"[0.5406, 0.4313, 0.5516, 0.4672]",0.00039,Very small object (<0.5% image)
ppe_fire_smoke_v2,dfire_00279,fire,5,"[0.557, 0.4344, 0.568, 0.4703]",0.00039,Very small object (<0.5% image)
ppe_fire_smoke_v2,dfire_00279,fire,5,"[0.575, 0.4367, 0.5828, 0.4711]",0.00027,Very small object (<0.5% image)
ppe_fire_smoke_v2,dfire_00279,fire,5,"[0.5883, 0.4359, 0.6008, 0.4719]",0.00045,Very small object (<0.5% image)
ppe_fire_smoke_v2,dfire_00279,fire,5,"[0.325, 0.4414, 0.3422, 0.4914]",0.00086,Very small object (<0.5% image)
ppe_fire_smoke_v2,dfire_00279,fire,5,"[0.6727, 0.4813, 0.6836, 0.4969]",0.00017,Very small object (<0.5% image)
ppe_fire_smoke_v2,dfire_00279,fire,5,"[0.4578, 0.3758, 0.4922, 0.4055]",0.00102,Very small object (<0.5% image)
ppe_fire_smoke_v2,dfire_00279,smoke,6,"[0.2539, 0.5266, 0.3305, 0.6]",0.00562,Small distant object (0.5%-2% image)
ppe_fire_smoke_v2,dfire_00279,smoke,6,"[0.5648, 0.3781, 0.643, 0.4312]",0.00415,Very small object (<0.5% image)
ppe_fire_smoke_v2,dfire_00282,smoke,6,"[0.4617, 0.4766, 0.518, 0.5656]",0.00501,Small distant object (0.5%-2% image)
ppe_fire_smoke_v2,dfire_00289,smoke,6,"[0.6109, 0.4547, 0.75, 0.5156]",0.00847,Small distant object (0.5%-2% image)
ppe_fire_smoke_v2,dfire_00301,smoke,6,"[0.7078, 0.55, 0.7859, 0.6094]",0.00464,Very small object (<0.5% image)
ppe_fire_smoke_v2,dfire_00306,fire,5,"[0.5688, 0.4984, 0.6516, 0.5594]",0.00505,Small distant object (0.5%-2% image)
ppe_fire_smoke_v2,dfire_00306,fire,5,"[0.3086, 0.5188, 0.3492, 0.5656]",0.0019,Very small object (<0.5% image)
ppe_fire_smoke_v2,dfire_00306,fire,5,"[0.5156, 0.532, 0.5609, 0.5695]",0.0017,Very small object (<0.5% image)
ppe_fire_smoke_v2,dfire_00306,fire,5,"[0.4297, 0.5367, 0.5031, 0.5836]",0.00344,Very small object (<0.5% image)
ppe_fire_smoke_v2,dfire_00306,fire,5,"[0.3266, 0.5641, 0.4234, 0.5984]",0.00333,Very small object (<0.5% image)
ppe_fire_smoke_v2,dfire_00306,fire,5,"[0.6609, 0.4789, 0.7063, 0.5289]",0.00227,Very small object (<0.5% image)
ppe_fire_smoke_v2,dfire_00306,smoke,6,"[0.3578, 0.5375, 0.3984, 0.5625]",0.00102,Very small object (<0.5% image)
ppe_fire_smoke_v2,dfire_00306,smoke,6,"[0.4211, 0.4687, 0.5383, 0.5266]",0.00677,Small distant object (0.5%-2% image)
ppe_fire_smoke_v2,dfire_00312,fire,5,"[0.3109, 0.4516, 0.6953, 0.6547]",0.07808,Low-contrast particulate / plume
ppe_fire_smoke_v2,dfire_00319,smoke,6,"[0.5203, 0.4406, 0.6141, 0.4969]",0.00527,Small distant object (0.5%-2% image)
ppe_fire_smoke_v2,dfire_00324,fire,5,"[0.4594, 0.5219, 0.475, 0.5359]",0.00022,Very small object (<0.5% image)
ppe_fire_smoke_v2,dfire_00324,fire,5,"[0.4945, 0.525, 0.5039, 0.5391]",0.00013,Very small object (<0.5% image)
ppe_fire_smoke_v2,dfire_00327,smoke,6,"[0.3227, 0.3844, 0.4227, 0.4703]",0.00859,Small distant object (0.5%-2% image)
ppe_fire_smoke_v2,dfire_00329,fire,5,"[0.3758, 0.5352, 0.4195, 0.5633]",0.00123,Very small object (<0.5% image)
ppe_fire_smoke_v2,dfire_00329,smoke,6,"[0.4828, 0.3961, 0.5469, 0.4633]",0.0043,Very small object (<0.5% image)
ppe_fire_smoke_v2,dfire_00329,smoke,6,"[0.4, 0.4227, 0.4531, 0.4883]",0.00349,Very small object (<0.5% image)
ppe_fire_smoke_v2,dfire_00337,smoke,6,"[0.0, 0.2086, 0.5461, 0.4801]",0.14826,Edge clipped / camera boundary
ppe_fire_smoke_v2,dfire_00340,smoke,6,"[0.2992, 0.3508, 0.4555, 0.4617]",0.01733,Small distant object (0.5%-2% image)
ppe_fire_smoke_v2,dfire_00340,smoke,6,"[0.5422, 0.4336, 0.5781, 0.5273]",0.00337,Very small object (<0.5% image)
ppe_fire_smoke_v2,dfire_00342,smoke,6,"[0.5258, 0.357, 0.6008, 0.4195]",0.00469,Very small object (<0.5% image)
ppe_fire_smoke_v2,dfire_00342,smoke,6,"[0.4055, 0.3578, 0.5289, 0.4594]",0.01254,Small distant object (0.5%-2% image)
ppe_fire_smoke_v2,dfire_00347,smoke,6,"[0.3242, 0.3586, 0.4086, 0.4961]",0.0116,Small distant object (0.5%-2% image)
ppe_fire_smoke_v2,dfire_00347,smoke,6,"[0.4117, 0.3648, 0.5148, 0.4961]",0.01354,Small distant object (0.5%-2% image)
ppe_fire_smoke_v2,dfire_00350,fire,5,"[0.5422, 0.3047, 0.6938, 0.6859]",0.05778,Low-contrast particulate / plume
ppe_fire_smoke_v2,dfire_00372,smoke,6,"[0.5266, 0.3687, 0.5875, 0.4188]",0.00305,Very small object (<0.5% image)
ppe_fire_smoke_v2,dfire_00372,smoke,6,"[0.3984, 0.3734, 0.4859, 0.4422]",0.00602,Small distant object (0.5%-2% image)
ppe_fire_smoke_v2,dfire_00375,fire,5,"[0.4219, 0.4227, 0.5109, 0.5133]",0.00807,Small distant object (0.5%-2% image)
ppe_fire_smoke_v2,dfire_00375,fire,5,"[0.7438, 0.5187, 0.7609, 0.5453]",0.00046,Very small object (<0.5% image)
ppe_fire_smoke_v2,dfire_00375,smoke,6,"[0.5305, 0.3852, 0.7086, 0.5305]",0.02588,Low-contrast particulate / plume
ppe_fire_smoke_v2,dfire_00379,fire,5,"[0.3031, 0.4227, 0.5625, 0.5086]",0.02229,Low-contrast particulate / plume
ppe_fire_smoke_v2,dfire_00379,smoke,6,"[0.2883, 0.3555, 0.7117, 0.4211]",0.02779,Extreme aspect ratio / pose
ppe_fire_smoke_v2,dfire_00379,smoke,6,"[0.682, 0.4211, 0.7102, 0.4617]",0.00114,Very small object (<0.5% image)
ppe_fire_smoke_v2,dfire_00402,smoke,6,"[0.2648, 0.375, 0.657, 0.5172]",0.05576,Low-contrast particulate / plume
ppe_fire_smoke_v2,dfire_00403,smoke,6,"[0.2508, 0.257, 0.807, 0.4711]",0.11907,Low-contrast particulate / plume
ppe_fire_smoke_v2,dfire_00405,smoke,6,"[0.2672, 0.5203, 0.7344, 0.6297]",0.0511,Extreme aspect ratio / pose
ppe_fire_smoke_v2,dfire_00406,fire,5,"[0.3106, 0.5888, 0.6491, 0.6502]",0.02076,Extreme aspect ratio / pose
ppe_fire_smoke_v2,ppec_00001,person,0,"[0.0, 0.0, 0.7047, 0.9297]",0.65514,Edge clipped / camera boundary
ppe_fire_smoke_v2,ppec_00003,safety_vest,2,"[0.9055, 0.4219, 0.9992, 0.9984]",0.05405,Edge clipped / camera boundary
ppe_fire_smoke_v2,ppec_00005,person,0,"[0.0398, 0.4523, 0.1102, 0.7102]",0.01813,Small distant object (0.5%-2% image)
ppe_fire_smoke_v2,ppec_00005,person,0,"[0.1219, 0.4562, 0.2141, 0.6984]",0.02233,Partial occlusion / industrial lighting
ppe_fire_smoke_v2,ppec_00005,person,0,"[0.2281, 0.4555, 0.2953, 0.7805]",0.02184,Extreme aspect ratio / pose
ppe_fire_smoke_v2,ppec_00005,person,0,"[0.3109, 0.4633, 0.3906, 0.7289]",0.02117,Extreme aspect ratio / pose
ppe_fire_smoke_v2,ppec_00005,person,0,"[0.4086, 0.4633, 0.4789, 0.7742]",0.02186,Extreme aspect ratio / pose
ppe_fire_smoke_v2,ppec_00005,person,0,"[0.5016, 0.4656, 0.5594, 0.7688]",0.01752,Small distant object (0.5%-2% image)
ppe_fire_smoke_v2,ppec_00005,person,0,"[0.5781, 0.4648, 0.6453, 0.7617]",0.01995,Small distant object (0.5%-2% image)
ppe_fire_smoke_v2,ppec_00005,person,0,"[0.7109, 0.4516, 0.7891, 0.7625]",0.02429,Extreme aspect ratio / pose
ppe_fire_smoke_v2,ppec_00005,person,0,"[0.6398, 0.4484, 0.707, 0.7656]",0.02131,Extreme aspect ratio / pose
ppe_fire_smoke_v2,ppec_00005,person,0,"[0.7938, 0.4602, 0.8812, 0.7477]",0.02516,Extreme aspect ratio / pose
ppe_fire_smoke_v2,ppec_00005,person,0,"[0.8977, 0.4703, 0.9773, 0.7844]",0.02503,Extreme aspect ratio / pose
ppe_fire_smoke_v2,ppec_00005,safety_footwear,4,"[0.4094, 0.7406, 0.4453, 0.7766]",0.00129,Very small object (<0.5% image)
ppe_fire_smoke_v2,ppec_00005,safety_footwear,4,"[0.2594, 0.7445, 0.3031, 0.7805]",0.00157,Very small object (<0.5% image)
ppe_fire_smoke_v2,ppec_00005,safety_footwear,4,"[0.218, 0.7445, 0.2555, 0.782]",0.00141,Very small object (<0.5% image)
ppe_fire_smoke_v2,ppec_00005,safety_footwear,4,"[0.1445, 0.7422, 0.1805, 0.7859]",0.00157,Very small object (<0.5% image)
ppe_fire_smoke_v2,ppec_00005,safety_footwear,4,"[0.0828, 0.7531, 0.1172, 0.7844]",0.00107,Very small object (<0.5% image)
ppe_fire_smoke_v2,ppec_00005,safety_footwear,4,"[0.0273, 0.7531, 0.0664, 0.7891]",0.0014,Very small object (<0.5% image)
ppe_fire_smoke_v2,ppec_00005,safety_footwear,4,"[0.025, 0.8047, 0.0688, 0.8516]",0.00205,Very small object (<0.5% image)
ppe_fire_smoke_v2,ppec_00005,safety_footwear,4,"[0.1484, 0.8102, 0.1797, 0.8492]",0.00122,Very small object (<0.5% image)
ppe_fire_smoke_v2,ppec_00005,safety_footwear,4,"[0.0852, 0.8117, 0.1164, 0.8477]",0.00112,Very small object (<0.5% image)
ppe_fire_smoke_v2,ppec_00005,safety_footwear,4,"[0.1781, 0.8141, 0.2078, 0.8547]",0.00121,Very small object (<0.5% image)
ppe_fire_smoke_v2,ppec_00005,safety_footwear,4,"[0.2219, 0.8086, 0.2641, 0.8508]",0.00178,Very small object (<0.5% image)
ppe_fire_smoke_v2,ppec_00005,safety_footwear,4,"[0.2555, 0.8164, 0.2977, 0.8586]",0.00178,Very small object (<0.5% image)
ppe_fire_smoke_v2,ppec_00005,safety_footwear,4,"[0.3039, 0.8094, 0.3461, 0.8516]",0.00178,Very small object (<0.5% image)
ppe_fire_smoke_v2,ppec_00005,safety_footwear,4,"[0.35, 0.8125, 0.3922, 0.8547]",0.00178,Very small object (<0.5% image)
ppe_fire_smoke_v2,ppec_00005,safety_footwear,4,"[0.3523, 0.7453, 0.3836, 0.7844]",0.00122,Very small object (<0.5% image)
ppe_fire_smoke_v2,ppec_00005,safety_footwear,4,"[0.2992, 0.7461, 0.3461, 0.782]",0.00168,Very small object (<0.5% image)
ppe_fire_smoke_v2,ppec_00005,safety_footwear,4,"[0.4461, 0.7453, 0.4805, 0.7766]",0.00107,Very small object (<0.5% image)
ppe_fire_smoke_v2,ppec_00005,safety_footwear,4,"[0.4875, 0.7414, 0.5266, 0.7727]",0.00122,Very small object (<0.5% image)
ppe_fire_smoke_v2,ppec_00005,safety_footwear,4,"[0.5289, 0.7383, 0.5648, 0.7727]",0.00124,Very small object (<0.5% image)
ppe_fire_smoke_v2,ppec_00005,safety_footwear,4,"[0.5703, 0.7344, 0.6109, 0.7656]",0.00127,Very small object (<0.5% image)
ppe_fire_smoke_v2,ppec_00005,safety_footwear,4,"[0.6109, 0.7391, 0.6391, 0.7656]",0.00075,Very small object (<0.5% image)
ppe_fire_smoke_v2,ppec_00005,safety_footwear,4,"[0.6531, 0.7367, 0.6984, 0.7633]",0.0012,Very small object (<0.5% image)
ppe_fire_smoke_v2,ppec_00005,safety_footwear,4,"[0.7039, 0.7258, 0.7398, 0.7633]",0.00135,Very small object (<0.5% image)
ppe_fire_smoke_v2,ppec_00005,safety_footwear,4,"[0.7469, 0.7242, 0.7953, 0.757]",0.00159,Very small object (<0.5% image)
ppe_fire_smoke_v2,ppec_00005,safety_footwear,4,"[0.793, 0.7234, 0.8336, 0.7578]",0.0014,Very small object (<0.5% image)
ppe_fire_smoke_v2,ppec_00005,safety_footwear,4,"[0.825, 0.7227, 0.875, 0.7586]",0.0018,Very small object (<0.5% image)
ppe_fire_smoke_v2,ppec_00005,safety_footwear,4,"[0.8945, 0.7242, 0.9258, 0.7523]",0.00088,Very small object (<0.5% image)
ppe_fire_smoke_v2,ppec_00005,safety_footwear,4,"[0.9258, 0.7242, 0.957, 0.7633]",0.00122,Very small object (<0.5% image)
ppe_fire_smoke_v2,ppec_00005,safety_footwear,4,"[0.4102, 0.8141, 0.4461, 0.8516]",0.00135,Very small object (<0.5% image)
ppe_fire_smoke_v2,ppec_00005,safety_footwear,4,"[0.4422, 0.8195, 0.4766, 0.8555]",0.00124,Very small object (<0.5% image)
ppe_fire_smoke_v2,ppec_00005,safety_footwear,4,"[0.4891, 0.8242, 0.5266, 0.8586]",0.00129,Very small object (<0.5% image)
ppe_fire_smoke_v2,ppec_00005,safety_footwear,4,"[0.5305, 0.8219, 0.5602, 0.8641]",0.00125,Very small object (<0.5% image)
ppe_fire_smoke_v2,ppec_00005,safety_footwear,4,"[0.5734, 0.8313, 0.6094, 0.8609]",0.00107,Very small object (<0.5% image)
ppe_fire_smoke_v2,ppec_00005,safety_footwear,4,"[0.6086, 0.8312, 0.6398, 0.8656]",0.00107,Very small object (<0.5% image)
ppe_fire_smoke_v2,ppec_00005,safety_footwear,4,"[0.6625, 0.8289, 0.6969, 0.8664]",0.00129,Very small object (<0.5% image)
ppe_fire_smoke_v2,ppec_00005,safety_footwear,4,"[0.707, 0.8367, 0.743, 0.8695]",0.00118,Very small object (<0.5% image)
ppe_fire_smoke_v2,ppec_00005,safety_footwear,4,"[0.7422, 0.8391, 0.7859, 0.8703]",0.00137,Very small object (<0.5% image)
ppe_fire_smoke_v2,ppec_00005,safety_footwear,4,"[0.8, 0.8328, 0.8313, 0.8641]",0.00098,Very small object (<0.5% image)
ppe_fire_smoke_v2,ppec_00005,safety_footwear,4,"[0.832, 0.8383, 0.8773, 0.8664]",0.00127,Very small object (<0.5% image)
ppe_fire_smoke_v2,ppec_00005,safety_footwear,4,"[0.8977, 0.8383, 0.9227, 0.8664]",0.0007,Very small object (<0.5% image)
ppe_fire_smoke_v2,ppec_00005,safety_footwear,4,"[0.9219, 0.8391, 0.9531, 0.8656]",0.00083,Very small object (<0.5% image)
ppe_fire_smoke_v2,ppec_00009,helmet,1,"[0.4516, 0.3047, 0.7578, 0.625]",0.0981,Partial occlusion / industrial lighting
ppe_fire_smoke_v2,ppec_00020,gloves,3,"[0.3281, 0.5391, 0.4109, 0.6219]",0.00686,Small distant object (0.5%-2% image)
ppe_fire_smoke_v2,ppec_00023,person,0,"[0.1703, 0.4031, 0.7672, 0.875]",0.28165,Partial occlusion / industrial lighting
ppe_fire_smoke_v2,ppec_00023,helmet,1,"[0.2234, 0.4781, 0.4422, 0.6828]",0.04478,Partial occlusion / industrial lighting
ppe_fire_smoke_v2,ppec_00024,person,0,"[0.2031, 0.2344, 0.6141, 1.0]",0.31462,Edge clipped / camera boundary
ppe_fire_smoke_v2,ppec_00032,safety_vest,2,"[0.3586, 0.175, 0.6445, 0.4766]",0.08623,Partial occlusion / industrial lighting
ppe_fire_smoke_v2,ppec_00032,safety_vest,2,"[0.2305, 0.4922, 0.3555, 0.8297]",0.04219,Partial occlusion / industrial lighting
ppe_fire_smoke_v2,ppec_00032,safety_vest,2,"[0.0, 0.5117, 0.3563, 0.9977]",0.17312,Edge clipped / camera boundary
ppe_fire_smoke_v2,ppec_00032,safety_vest,2,"[0.3578, 0.4859, 0.5031, 0.7406]",0.03701,Partial occlusion / industrial lighting
ppe_fire_smoke_v2,ppec_00032,safety_vest,2,"[0.582, 0.4781, 0.7477, 0.6016]",0.02044,Partial occlusion / industrial lighting
ppe_fire_smoke_v2,ppec_00032,safety_vest,2,"[0.6727, 0.4781, 0.8508, 0.5656]",0.01559,Small distant object (0.5%-2% image)
ppe_fire_smoke_v2,ppec_00032,safety_vest,2,"[0.6297, 0.7711, 0.7891, 0.9977]",0.03611,Edge clipped / camera boundary
ppe_fire_smoke_v2,ppec_00034,person,0,"[0.4391, 0.0094, 0.7719, 0.9734]",0.32085,Edge clipped / camera boundary
ppe_fire_smoke_v2,ppec_00034,person,0,"[0.2734, 0.1031, 0.4375, 0.5437]",0.07229,Partial occlusion / industrial lighting
ppe_fire_smoke_v2,ppec_00034,helmet,1,"[0.1078, 0.4062, 0.2047, 0.5219]",0.0112,Small distant object (0.5%-2% image)
ppe_fire_smoke_v2,ppec_00040,person,0,"[-0.0, 0.2437, 0.3781, 1.0]",0.28596,Edge clipped / camera boundary
ppe_fire_smoke_v2,ppec_00043,safety_vest,2,"[0.0, 0.2156, 0.2672, 0.6469]",0.11522,Edge clipped / camera boundary
ppe_fire_smoke_v2,ppec_00043,safety_vest,2,"[0.2836, 0.0, 0.6133, 0.5797]",0.19112,Edge clipped / camera boundary
ppe_fire_smoke_v2,ppec_00043,safety_vest,2,"[0.6773, 0.0, 0.9445, 0.6109]",0.16324,Edge clipped / camera boundary
ppe_fire_smoke_v2,ppec_00043,safety_vest,2,"[0.0, 0.6484, 0.4656, 0.9969]",0.16224,Edge clipped / camera boundary
ppe_fire_smoke_v2,ppec_00047,safety_vest,2,"[0.0023, 0.0734, 0.3023, 0.9141]",0.25219,Edge clipped / camera boundary
ppe_fire_smoke_v2,ppec_00047,safety_vest,2,"[0.15, 0.3523, 0.3641, 0.7383]",0.08261,Partial occlusion / industrial lighting
ppe_fire_smoke_v2,ppec_00047,safety_vest,2,"[0.1812, 0.0063, 1.0, 1.0]",0.81363,Edge clipped / camera boundary
ppe_fire_smoke_v2,ppec_00047,safety_vest,2,"[0.9234, 0.382, 1.0, 0.5805]",0.01519,Small distant object (0.5%-2% image)
ppe_fire_smoke_v2,ppec_00054,person,0,"[0.0, 0.1562, 0.4484, 1.0]",0.37837,Edge clipped / camera boundary
ppe_fire_smoke_v2,ppec_00056,person,0,"[0.6656, 0.3602, 0.9906, 0.8148]",0.14777,Edge clipped / camera boundary
ppe_fire_smoke_v2,ppec_00056,helmet,1,"[0.8914, 0.4203, 0.9977, 0.6422]",0.02357,Edge clipped / camera boundary
ppe_fire_smoke_v2,ppec_00057,helmet,1,"[0.0039, 0.2742, 0.2727, 0.5023]",0.06131,Edge clipped / camera boundary
ppe_fire_smoke_v2,ppec_00073,safety_vest,2,"[0.1047, 0.7531, 0.7203, 1.0]",0.15198,Edge clipped / camera boundary
ppe_fire_smoke_v2,ppec_00077,gloves,3,"[0.5297, 0.557, 0.6438, 0.6727]",0.01319,Small distant object (0.5%-2% image)
ppe_fire_smoke_v2,ppec_00077,gloves,3,"[0.6641, 0.7023, 0.7594, 0.818]",0.01102,Small distant object (0.5%-2% image)
ppe_fire_smoke_v2,ppec_00078,gloves,3,"[0.493, 0.4414, 0.5539, 0.5289]",0.00533,Small distant object (0.5%-2% image)
ppe_fire_smoke_v2,ppec_00078,gloves,3,"[0.3297, 0.4945, 0.4828, 0.5805]",0.01316,Small distant object (0.5%-2% image)
ppe_fire_smoke_v2,ppec_00078,safety_footwear,4,"[0.3297, 0.8875, 0.4391, 0.9844]",0.0106,Small distant object (0.5%-2% image)
ppe_fire_smoke_v2,ppec_00078,safety_footwear,4,"[0.4445, 0.9109, 0.5648, 0.9937]",0.00996,Small distant object (0.5%-2% image)
ppe_fire_smoke_v2,ppec_00086,gloves,3,"[0.2273, 0.2414, 0.5086, 0.4227]",0.05098,Partial occlusion / industrial lighting
ppe_fire_smoke_v2,ppec_00086,gloves,3,"[0.1844, 0.5961, 0.4516, 0.8039]",0.05552,Partial occlusion / industrial lighting
ppe_fire_smoke_v2,ppec_00087,person,0,"[0.0, 0.4711, 0.1094, 0.8555]",0.04204,Edge clipped / camera boundary
ppe_fire_smoke_v2,ppec_00087,person,0,"[0.1227, 0.4773, 0.3289, 0.8992]",0.08701,Partial occlusion / industrial lighting
ppe_fire_smoke_v2,ppec_00087,helmet,1,"[0.1523, 0.507, 0.2477, 0.6055]",0.00938,Small distant object (0.5%-2% image)
ppe_fire_smoke_v2,ppec_00099,helmet,1,"[0.8727, 0.868, 0.9461, 0.9508]",0.00608,Small distant object (0.5%-2% image)
ppe_fire_smoke_v2,ppec_00099,safety_vest,2,"[0.6922, 0.6508, 0.8469, 0.968]",0.04907,Partial occlusion / industrial lighting
ppe_fire_smoke_v2,ppec_00102,safety_vest,2,"[0.0227, 0.55, 0.1477, 0.7219]",0.02148,Partial occlusion / industrial lighting
ppe_fire_smoke_v2,ppec_00102,safety_vest,2,"[0.0367, 0.8953, 0.0836, 0.9813]",0.00403,Very small object (<0.5% image)
ppe_fire_smoke_v2,ppec_00104,safety_vest,2,"[0.3219, 0.2945, 0.5344, 0.532]",0.05047,Partial occlusion / industrial lighting
ppe_fire_smoke_v2,ppec_00114,safety_vest,2,"[0.1633, 0.5203, 0.4664, 1.0]",0.14541,Edge clipped / camera boundary
ppe_fire_smoke_v2,ppec_00125,person,0,"[0.2602, 0.1922, 0.4555, 0.65]",0.08942,Partial occlusion / industrial lighting
ppe_fire_smoke_v2,ppec_00125,person,0,"[0.043, 0.1031, 0.3461, 1.0]",0.27187,Edge clipped / camera boundary
ppe_fire_smoke_v2,ppec_00127,safety_vest,2,"[0.1078, 0.6469, 0.3031, 0.9859]",0.06622,Edge clipped / camera boundary
ppe_fire_smoke_v2,ppec_00127,safety_vest,2,"[0.0, 0.668, 0.1953, 0.9977]",0.06439,Edge clipped / camera boundary
ppe_fire_smoke_v2,ppec_00127,safety_vest,2,"[0.3047, 0.5789, 0.3563, 0.6664]",0.00451,Very small object (<0.5% image)
ppe_fire_smoke_v2,ppec_00127,safety_vest,2,"[0.4875, 0.6203, 0.6469, 0.9156]",0.04707,Partial occlusion / industrial lighting
ppe_fire_smoke_v2,ppec_00127,safety_vest,2,"[0.8242, 0.7789, 0.9977, 0.9977]",0.03794,Edge clipped / camera boundary
ppe_fire_smoke_v2,ppec_00128,person,0,"[0.0562, 0.0336, 0.5031, 0.9852]",0.42523,Edge clipped / camera boundary
ppe_fire_smoke_v2,ppec_00138,person,0,"[0.0, 0.1352, 0.5484, 0.8992]",0.41904,Edge clipped / camera boundary
ppe_fire_smoke_v2,ppec_00138,person,0,"[0.218, 0.2656, 0.8789, 0.9937]",0.48124,Edge clipped / camera boundary
ppe_fire_smoke_v2,ppec_00153,person,0,"[0.0117, 0.2469, 0.3852, 0.8437]",0.2229,Edge clipped / camera boundary
ppe_fire_smoke_v2,ppec_00153,helmet,1,"[0.2164, 0.4203, 0.3898, 0.5797]",0.02764,Partial occlusion / industrial lighting
ppe_fire_smoke_v2,ppec_00158,person,0,"[-0.0, 0.2281, 0.5641, 1.0]",0.43539,Edge clipped / camera boundary
ppe_fire_smoke_v2,ppec_00158,helmet,1,"[0.0, 0.2453, 0.2594, 0.4813]",0.0612,Edge clipped / camera boundary
ppe_fire_smoke_v2,ppec_00168,gloves,3,"[0.6133, 0.5883, 0.7867, 0.7383]",0.02602,Partial occlusion / industrial lighting
ppe_fire_smoke_v2,ppec_00168,gloves,3,"[0.2219, 0.6719, 0.6438, 0.875]",0.08569,Partial occlusion / industrial lighting
ppe_fire_smoke_v2,ppec_00169,person,0,"[0.2047, 0.0539, 1.0, 0.9977]",0.75058,Edge clipped / camera boundary
ppe_fire_smoke_v2,ppec_00172,safety_vest,2,"[0.0141, 0.0008, 0.2812, 0.1352]",0.0359,Edge clipped / camera boundary
ppe_fire_smoke_v2,ppec_00172,safety_vest,2,"[0.6328, 0.0305, 1.0, 0.2773]",0.09065,Edge clipped / camera boundary
ppe_fire_smoke_v2,ppec_00172,safety_vest,2,"[0.2492, 0.2203, 0.5711, 1.0]",0.25096,Edge clipped / camera boundary
ppe_fire_smoke_v2,ppec_00172,safety_vest,2,"[0.6367, 0.4086, 0.8148, 0.6742]",0.04731,Partial occlusion / industrial lighting
ppe_fire_smoke_v2,ppec_00179,person,0,"[0.0648, 0.0422, 0.368, 1.0]",0.29034,Edge clipped / camera boundary
ppe_fire_smoke_v2,ppec_00179,person,0,"[0.5797, 0.0688, 0.9328, 1.0]",0.32885,Edge clipped / camera boundary
ppe_fire_smoke_v2,ppec_00179,gloves,3,"[0.5437, 0.6328, 0.6406, 0.6969]",0.00621,Small distant object (0.5%-2% image)
ppe_fire_smoke_v2,ppec_00179,gloves,3,"[0.5867, 0.6984, 0.7039, 0.8094]",0.013,Small distant object (0.5%-2% image)
ppe_fire_smoke_v2,ppec_00186,person,0,"[0.0719, 0.3875, 0.3094, 0.85]",0.10984,Partial occlusion / industrial lighting
ppe_fire_smoke_v2,ppec_00186,person,0,"[0.3055, 0.3555, 0.5523, 0.7727]",0.10299,Partial occlusion / industrial lighting
ppe_fire_smoke_v2,ppec_00186,helmet,1,"[0.35, 0.3781, 0.4391, 0.4531]",0.00668,Small distant object (0.5%-2% image)
ppe_fire_smoke_v2,ppec_00186,helmet,1,"[0.0969, 0.4102, 0.2281, 0.5273]",0.01538,Small distant object (0.5%-2% image)
ppe_fire_smoke_v2,ppec_00192,gloves,3,"[0.0547, 0.7859, 0.4047, 0.9969]",0.07383,Edge clipped / camera boundary
ppe_fire_smoke_v2,ppec_00200,safety_vest,2,"[0.0, 0.4953, 0.0344, 0.9969]",0.01724,Small distant object (0.5%-2% image)
ppe_fire_smoke_v2,ppec_00201,person,0,"[0.7234, 0.325, 1.0, 0.9516]",0.17328,Edge clipped / camera boundary
ppe_fire_smoke_v2,ppec_00201,person,0,"[0.6102, 0.3883, 0.8695, 0.8586]",0.12199,Partial occlusion / industrial lighting
ppe_fire_smoke_v2,ppec_00201,person,0,"[0.4602, 0.3609, 0.732, 0.8766]",0.14019,Partial occlusion / industrial lighting
ppe_fire_smoke_v2,ppec_00201,person,0,"[0.3844, 0.3367, 0.575, 0.7336]",0.07565,Partial occlusion / industrial lighting
ppe_fire_smoke_v2,ppec_00201,person,0,"[0.2336, 0.2695, 0.5055, 0.768]",0.13551,Partial occlusion / industrial lighting
ppe_fire_smoke_v2,ppec_00201,safety_footwear,4,"[0.5375, 0.7594, 0.6094, 0.8312]",0.00517,Small distant object (0.5%-2% image)
ppe_fire_smoke_v2,ppec_00201,safety_footwear,4,"[0.4695, 0.6859, 0.5195, 0.7266]",0.00203,Very small object (<0.5% image)
ppe_fire_smoke_v2,ppec_00201,safety_footwear,4,"[0.407, 0.675, 0.4602, 0.7234]",0.00257,Very small object (<0.5% image)
ppe_fire_smoke_v2,ppec_00201,safety_footwear,4,"[0.6727, 0.7742, 0.7461, 0.8367]",0.00459,Very small object (<0.5% image)
ppe_fire_smoke_v2,ppec_00201,safety_footwear,4,"[0.65, 0.7445, 0.7203, 0.8023]",0.00406,Very small object (<0.5% image)
ppe_fire_smoke_v2,ppec_00201,safety_footwear,4,"[0.3289, 0.6773, 0.3805, 0.7336]",0.0029,Very small object (<0.5% image)
ppe_fire_smoke_v2,ppec_00201,safety_footwear,4,"[0.2914, 0.6633, 0.3445, 0.7211]",0.00307,Very small object (<0.5% image)
ppe_fire_smoke_v2,ppec_00201,safety_footwear,4,"[0.1844, 0.6773, 0.2641, 0.743]",0.00523,Small distant object (0.5%-2% image)
ppe_fire_smoke_v2,ppec_00201,safety_footwear,4,"[0.1398, 0.7047, 0.1961, 0.7719]",0.00378,Very small object (<0.5% image)
ppe_fire_smoke_v2,ppec_00201,safety_footwear,4,"[0.1328, 0.7727, 0.1922, 0.8414]",0.00408,Very small object (<0.5% image)
ppe_fire_smoke_v2,ppec_00201,safety_footwear,4,"[0.1617, 0.8172, 0.2523, 0.8969]",0.00722,Small distant object (0.5%-2% image)
ppe_fire_smoke_v2,ppec_00201,safety_footwear,4,"[0.7477, 0.8586, 0.832, 0.932]",0.0062,Small distant object (0.5%-2% image)
ppe_fire_smoke_v2,ppec_00201,safety_footwear,4,"[0.7336, 0.9148, 0.8383, 0.9898]",0.00785,Small distant object (0.5%-2% image)
ppe_fire_smoke_v2,ppec_00201,safety_footwear,4,"[0.6508, 0.9563, 0.707, 1.0]",0.00246,Very small object (<0.5% image)
ppe_fire_smoke_v2,ppec_00201,safety_footwear,4,"[0.6172, 0.9812, 0.6828, 1.0]",0.00123,Very small object (<0.5% image)
ppe_fire_smoke_v2,ppec_00201,safety_footwear,4,"[0.5211, 0.9062, 0.5945, 0.9703]",0.0047,Very small object (<0.5% image)
ppe_fire_smoke_v2,ppec_00201,safety_footwear,4,"[0.4797, 0.9203, 0.5563, 0.9859]",0.00502,Small distant object (0.5%-2% image)
ppe_fire_smoke_v2,ppec_00201,safety_footwear,4,"[0.3688, 0.932, 0.4219, 0.9773]",0.00241,Very small object (<0.5% image)
ppe_fire_smoke_v2,ppec_00201,safety_footwear,4,"[0.425, 0.9516, 0.4844, 1.0]",0.00288,Very small object (<0.5% image)
ppe_fire_smoke_v2,ppec_00201,safety_footwear,4,"[0.3, 0.893, 0.3516, 0.9461]",0.00274,Very small object (<0.5% image)
ppe_fire_smoke_v2,ppec_00201,safety_footwear,4,"[0.2625, 0.8859, 0.3078, 0.9391]",0.00241,Very small object (<0.5% image)
ppe_fire_smoke_v2,ppec_00201,safety_footwear,4,"[0.625, 0.6844, 0.6781, 0.7266]",0.00224,Very small object (<0.5% image)
ppe_fire_smoke_v2,ppec_00206,helmet,1,"[0.5945, 0.0984, 0.7352, 0.3813]",0.03977,Partial occlusion / industrial lighting
ppe_fire_smoke_v2,ppec_00206,safety_vest,2,"[0.7125, 0.3203, 0.9281, 0.85]",0.11421,Partial occlusion / industrial lighting
ppe_fire_smoke_v2,ppec_00207,person,0,"[0.0266, 0.0797, 1.0, 1.0]",0.89587,Edge clipped / camera boundary
ppe_fire_smoke_v2,ppec_00207,gloves,3,"[0.3391, 0.8406, 0.6734, 1.0]",0.05329,Edge clipped / camera boundary
ppe_fire_smoke_v2,ppec_00221,gloves,3,"[0.72, 0.4489, 0.8888, 0.6679]",0.03698,Partial occlusion / industrial lighting
ppe_fire_smoke_v2,ppec_00222,safety_vest,2,"[0.5359, 0.0266, 0.6687, 0.2766]",0.0332,Partial occlusion / industrial lighting
ppe_fire_smoke_v2,ppec_00222,safety_vest,2,"[0.3992, 0.7859, 0.632, 0.9984]",0.04947,Edge clipped / camera boundary
ppe_fire_smoke_v2,ppec_00222,safety_vest,2,"[0.5742, 0.7547, 0.8758, 0.9984]",0.07351,Edge clipped / camera boundary
ppe_fire_smoke_v2,ppec_00222,safety_vest,2,"[0.7336, 0.7086, 0.9977, 0.9977]",0.07633,Edge clipped / camera boundary
ppe_fire_smoke_v2,ppec_00224,safety_footwear,4,"[0.2219, 0.3289, 0.9563, 0.9086]",0.42571,Partial occlusion / industrial lighting
ppe_fire_smoke_v2,ppec_00231,safety_footwear,4,"[0.5445, 0.5125, 0.8414, 0.9219]",0.12153,Partial occlusion / industrial lighting
ppe_fire_smoke_v2,ppec_00237,safety_vest,2,"[0.0047, 0.1937, 0.3297, 0.5484]",0.11527,Edge clipped / camera boundary
ppe_fire_smoke_v2,ppec_00237,safety_vest,2,"[0.4266, 0.0172, 0.9312, 0.4688]",0.2279,Edge clipped / camera boundary
ppe_fire_smoke_v2,ppec_00237,safety_vest,2,"[0.3305, 0.4414, 0.5961, 0.6445]",0.05396,Partial occlusion / industrial lighting
ppe_fire_smoke_v2,ppec_00237,safety_vest,2,"[0.6016, 0.3758, 0.9484, 0.5773]",0.06992,Partial occlusion / industrial lighting
ppe_fire_smoke_v2,ppec_00238,person,0,"[0.5258, 0.1758, 0.6539, 0.8461]",0.08588,Extreme aspect ratio / pose
ppe_fire_smoke_v2,ppec_00241,safety_vest,2,"[0.5852, 0.0008, 0.9992, 0.9852]",0.40759,Edge clipped / camera boundary
ppe_fire_smoke_v2,ppec_00246,helmet,1,"[0.0211, 0.0922, 0.2242, 0.2875]",0.03967,Partial occlusion / industrial lighting
ppe_fire_smoke_v2,ppec_00246,gloves,3,"[0.2969, 0.6453, 0.4031, 0.7875]",0.01511,Small distant object (0.5%-2% image)
ppe_fire_smoke_v2,ppec_00248,person,0,"[0.3719, 0.0219, 0.7, 0.5219]",0.16406,Partial occlusion / industrial lighting
ppe_fire_smoke_v2,ppec_00248,gloves,3,"[0.5711, 0.3539, 0.6477, 0.4492]",0.0073,Small distant object (0.5%-2% image)
ppe_fire_smoke_v2,ppec_00248,gloves,3,"[0.443, 0.3078, 0.5508, 0.4828]",0.01887,Small distant object (0.5%-2% image)
ppe_fire_smoke_v2,ppec_00251,safety_vest,2,"[0.3914, 0.3773, 0.5883, 0.5805]",0.03999,Partial occlusion / industrial lighting
ppe_fire_smoke_v2,ppec_00254,person,0,"[0.1977, 0.1281, 0.8914, 1.0]",0.60486,Edge clipped / camera boundary
ppe_fire_smoke_v2,ppec_00256,helmet,1,"[0.5344, 0.2563, 0.8125, 0.6656]",0.11386,Partial occlusion / industrial lighting
ppe_fire_smoke_v2,ppec_00257,gloves,3,"[0.1078, 0.5563, 0.1812, 0.6625]",0.0078,Small distant object (0.5%-2% image)
ppe_fire_smoke_v2,ppec_00257,gloves,3,"[0.6727, 0.657, 0.7305, 0.7242]",0.00388,Very small object (<0.5% image)
ppe_fire_smoke_v2,ppec_00257,gloves,3,"[0.8438, 0.657, 0.8969, 0.793]",0.00722,Small distant object (0.5%-2% image)
ppe_fire_smoke_v2,ppec_00271,person,0,"[0.0, 0.0, 0.9234, 1.0]",0.92344,Edge clipped / camera boundary
ppe_fire_smoke_v2,ppec_00271,safety_footwear,4,"[0.3992, 0.8898, 0.5164, 0.9992]",0.01282,Small distant object (0.5%-2% image)
ppe_fire_smoke_v2,ppec_00272,safety_footwear,4,"[0.4398, 0.9016, 0.5273, 0.9812]",0.00697,Small distant object (0.5%-2% image)
ppe_fire_smoke_v2,ppec_00272,safety_footwear,4,"[0.382, 0.9438, 0.4555, 0.9844]",0.00298,Very small object (<0.5% image)
ppe_fire_smoke_v2,ppec_00273,safety_vest,2,"[0.3406, 0.3969, 0.5375, 0.6203]",0.04399,Partial occlusion / industrial lighting
ppe_fire_smoke_v2,ppec_00280,person,0,"[0.5117, 0.0867, 0.6398, 0.4633]",0.04825,Partial occlusion / industrial lighting
ppe_fire_smoke_v2,ppec_00280,person,0,"[0.4156, 0.1539, 0.5172, 0.4117]",0.02618,Partial occlusion / industrial lighting
ppe_fire_smoke_v2,ppec_00280,person,0,"[0.8273, 0.0961, 0.8992, 0.418]",0.02313,Extreme aspect ratio / pose
ppe_fire_smoke_v2,ppec_00288,person,0,"[0.2836, 0.0898, 0.4602, 0.7008]",0.10787,Extreme aspect ratio / pose
ppe_fire_smoke_v2,ppec_00288,person,0,"[0.4086, 0.2188, 0.7508, 0.8016]",0.19943,Partial occlusion / industrial lighting
ppe_fire_smoke_v2,ppec_00288,gloves,3,"[0.2984, 0.55, 0.3797, 0.6828]",0.01079,Small distant object (0.5%-2% image)
ppe_fire_smoke_v2,ppec_00288,gloves,3,"[0.4047, 0.6172, 0.4688, 0.6672]",0.0032,Very small object (<0.5% image)
ppe_fire_smoke_v2,ppec_00288,gloves,3,"[0.6219, 0.6242, 0.7469, 0.7586]",0.0168,Small distant object (0.5%-2% image)
ppe_fire_smoke_v2,ppec_00293,gloves,3,"[0.6195, 0.3805, 0.6789, 0.4508]",0.00417,Very small object (<0.5% image)
ppe_fire_smoke_v2,ppec_00293,gloves,3,"[0.1906, 0.1289, 0.2375, 0.2164]",0.0041,Very small object (<0.5% image)
ppe_fire_smoke_v2,ppec_00293,safety_footwear,4,"[0.7812, 0.8422, 0.8516, 0.8969]",0.00385,Very small object (<0.5% image)
ppe_fire_smoke_v2,ppec_00293,safety_footwear,4,"[0.8867, 0.8477, 0.9477, 0.9008]",0.00324,Very small object (<0.5% image)
ppe_fire_smoke_v2,ppec_00293,safety_footwear,4,"[0.2508, 0.8406, 0.2945, 0.8922]",0.00226,Very small object (<0.5% image)
ppe_fire_smoke_v2,ppec_00302,person,0,"[0.1477, 0.0211, 0.4852, 0.7352]",0.241,Partial occlusion / industrial lighting
ppe_fire_smoke_v2,ppec_00307,person,0,"[0.8008, 0.3117, 0.9977, 0.9617]",0.12797,Edge clipped / camera boundary
ppe_fire_smoke_v2,ppec_00307,helmet,1,"[0.8289, 0.3461, 0.9789, 0.4805]",0.02016,Partial occlusion / industrial lighting
ppe_fire_smoke_v2,ppec_00321,person,0,"[0.3859, 0.0703, 0.7953, 1.0]",0.38059,Edge clipped / camera boundary
ppe_fire_smoke_v2,ppec_00321,helmet,1,"[0.4969, 0.1602, 0.5563, 0.2523]",0.00547,Small distant object (0.5%-2% image)
ppe_fire_smoke_v2,ppec_00322,person,0,"[0.4086, 0.2672, 0.7336, 1.0]",0.23816,Edge clipped / camera boundary
ppe_fire_smoke_v2,ppec_00322,helmet,1,"[0.4586, 0.3484, 0.6086, 0.5734]",0.03375,Partial occlusion / industrial lighting
ppe_fire_smoke_v2,ppec_00330,gloves,3,"[0.516, 0.5163, 0.6361, 0.6868]",0.02047,Partial occlusion / industrial lighting
ppe_fire_smoke_v2,ppec_00331,safety_vest,2,"[0.5148, 0.3023, 0.743, 0.5633]",0.05953,Partial occlusion / industrial lighting
ppe_fire_smoke_v2,ppec_00332,safety_vest,2,"[0.0156, 0.1156, 0.5547, 0.4781]",0.19541,Edge clipped / camera boundary
ppe_fire_smoke_v2,ppec_00332,safety_vest,2,"[0.6828, 0.3461, 0.8781, 0.5508]",0.03998,Partial occlusion / industrial lighting
ppe_fire_smoke_v2,ppec_00332,safety_vest,2,"[0.8164, 0.3969, 0.9914, 0.6187]",0.03883,Edge clipped / camera boundary
ppe_fire_smoke_v2,ppec_00332,safety_vest,2,"[0.043, 0.4586, 0.5258, 0.9602]",0.24216,Partial occlusion / industrial lighting
ppe_fire_smoke_v2,ppec_00334,person,0,"[0.0422, 0.257, 0.8641, 0.9133]",0.53936,Partial occlusion / industrial lighting
ppe_fire_smoke_v2,ppec_00334,gloves,3,"[0.6961, 0.3563, 0.8195, 0.575]",0.027,Partial occlusion / industrial lighting
ppe_fire_smoke_v2,ppec_00344,person,0,"[-0.0, 0.5109, 0.0906, 0.9031]",0.03554,Edge clipped / camera boundary
ppe_fire_smoke_v2,ppec_00345,safety_vest,2,"[0.1219, 0.75, 0.2016, 0.8375]",0.00697,Small distant object (0.5%-2% image)
ppe_fire_smoke_v2,ppec_00345,safety_vest,2,"[0.407, 0.5852, 0.4727, 0.682]",0.00636,Small distant object (0.5%-2% image)
ppe_fire_smoke_v2,ppec_00345,safety_vest,2,"[0.8187, 0.4953, 0.8953, 0.5859]",0.00694,Small distant object (0.5%-2% image)
ppe_fire_smoke_v2,ppec_00354,gloves,3,"[0.1102, 0.3102, 0.2273, 0.5773]",0.03131,Partial occlusion / industrial lighting
ppe_fire_smoke_v2,ppec_00354,gloves,3,"[0.1555, 0.3594, 0.2539, 0.6]",0.02369,Partial occlusion / industrial lighting
ppe_fire_smoke_v2,ppec_00354,gloves,3,"[0.2266, 0.3203, 0.3719, 0.6953]",0.05449,Partial occlusion / industrial lighting
ppe_fire_smoke_v2,ppec_00354,gloves,3,"[0.1836, 0.35, 0.3039, 0.6656]",0.03797,Partial occlusion / industrial lighting
ppe_fire_smoke_v2,ppec_00354,gloves,3,"[0.2492, 0.3477, 0.418, 0.7477]",0.0675,Partial occlusion / industrial lighting
ppe_fire_smoke_v2,ppec_00354,gloves,3,"[0.2953, 0.3805, 0.4828, 0.8289]",0.08408,Partial occlusion / industrial lighting
ppe_fire_smoke_v2,ppec_00354,gloves,3,"[0.3375, 0.3922, 0.5828, 0.9469]",0.13607,Partial occlusion / industrial lighting
ppe_fire_smoke_v2,ppec_00354,gloves,3,"[0.5734, 0.4094, 0.8937, 1.0]",0.18918,Edge clipped / camera boundary
ppe_fire_smoke_v2,ppec_00354,gloves,3,"[0.7625, 0.4609, 1.0, 1.0]",0.12803,Edge clipped / camera boundary
ppe_fire_smoke_v2,ppec_00354,gloves,3,"[0.4289, 0.4187, 0.7023, 1.0]",0.15894,Edge clipped / camera boundary
ppe_fire_smoke_v2,ppec_00354,gloves,3,"[0.0656, 0.5953, 0.1688, 0.6859]",0.00935,Small distant object (0.5%-2% image)
ppe_fire_smoke_v2,ppec_00354,gloves,3,"[0.0672, 0.6586, 0.1828, 0.7492]",0.01048,Small distant object (0.5%-2% image)
ppe_fire_smoke_v2,ppec_00354,gloves,3,"[0.0695, 0.7211, 0.207, 0.8461]",0.01719,Small distant object (0.5%-2% image)
ppe_fire_smoke_v2,ppec_00356,person,0,"[0.0016, 0.0016, 0.5844, 1.0]",0.5819,Edge clipped / camera boundary
ppe_fire_smoke_v2,ppec_00362,safety_vest,2,"[0.2016, 0.3125, 0.35, 0.6687]",0.05288,Partial occlusion / industrial lighting
ppe_fire_smoke_v2,ppec_00362,safety_vest,2,"[0.3039, 0.3773, 0.4461, 0.6836]",0.04355,Partial occlusion / industrial lighting
ppe_fire_smoke_v2,ppec_00363,helmet,1,"[0.5594, 0.1148, 0.8719, 0.6008]",0.15186,Partial occlusion / industrial lighting
ppe_fire_smoke_v2,ppec_00363,gloves,3,"[0.3269, 0.4366, 0.4655, 0.5511]",0.01587,Small distant object (0.5%-2% image)
ppe_fire_smoke_v2,ppec_00363,gloves,3,"[0.2666, 0.8201, 0.4258, 0.9884]",0.0268,Edge clipped / camera boundary
ppe_fire_smoke_v2,ppec_00365,safety_vest,2,"[0.5219, 0.55, 0.7797, 1.0]",0.11602,Edge clipped / camera boundary
ppe_fire_smoke_v2,ppec_00373,person,0,"[0.4328, 0.1469, 0.6109, 1.0]",0.15196,Edge clipped / camera boundary
ppe_fire_smoke_v2,ppec_00373,person,0,"[0.743, 0.1633, 0.957, 0.9461]",0.16757,Extreme aspect ratio / pose
ppe_fire_smoke_v2,ppec_00373,person,0,"[0.6289, 0.0922, 0.7898, 0.7875]",0.1119,Extreme aspect ratio / pose
ppe_fire_smoke_v2,ppec_00373,helmet,1,"[0.7469, 0.1773, 0.8266, 0.2664]",0.0071,Small distant object (0.5%-2% image)
ppe_fire_smoke_v2,ppec_00373,helmet,1,"[0.6563, 0.1414, 0.7219, 0.1992]",0.00379,Very small object (<0.5% image)
ppe_fire_smoke_v2,ppec_00373,helmet,1,"[0.45, 0.1664, 0.5641, 0.3461]",0.0205,Partial occlusion / industrial lighting
ppe_fire_smoke_v2,ppec_00373,gloves,3,"[0.3063, 0.3484, 0.4047, 0.4375]",0.00877,Small distant object (0.5%-2% image)
ppe_fire_smoke_v2,ppec_00373,safety_footwear,4,"[0.8008, 0.818, 0.9352, 0.9523]",0.01806,Small distant object (0.5%-2% image)
ppe_fire_smoke_v2,ppec_00373,safety_footwear,4,"[0.7391, 0.7195, 0.7812, 0.7867]",0.00283,Very small object (<0.5% image)
ppe_fire_smoke_v2,ppec_00374,person,0,"[0.7477, 0.4602, 0.8555, 0.5961]",0.01466,Small distant object (0.5%-2% image)
ppe_fire_smoke_v2,ppec_00374,helmet,1,"[0.3461, 0.3578, 0.443, 0.4578]",0.00969,Small distant object (0.5%-2% image)
ppe_fire_smoke_v2,ppec_00376,safety_vest,2,"[0.5969, 0.3281, 1.0, 1.0]",0.27085,Edge clipped / camera boundary
ppe_fire_smoke_v2,ppec_00383,helmet,1,"[0.5359, 0.1055, 0.7719, 0.7195]",0.14488,Partial occlusion / industrial lighting
ppe_fire_smoke_v2,ppec_00389,person,0,"[0.1938, -0.0, 1.0, 0.9969]",0.80373,Edge clipped / camera boundary
ppe_fire_smoke_v2,ppec_00389,gloves,3,"[0.3109, 0.5852, 0.4766, 0.7914]",0.03416,Partial occlusion / industrial lighting
ppe_fire_smoke_v2,ppec_00391,safety_footwear,4,"[0.5312, 0.7234, 0.5906, 0.7781]",0.00325,Very small object (<0.5% image)
ppe_fire_smoke_v2,ppec_00391,safety_footwear,4,"[0.4719, 0.7133, 0.5156, 0.7883]",0.00328,Very small object (<0.5% image)
ppe_fire_smoke_v2,ppec_00398,safety_vest,2,"[-0.0, 0.4328, 0.1453, 0.9578]",0.07629,Edge clipped / camera boundary
ppe_fire_smoke_v2,ppec_00398,safety_vest,2,"[0.7375, 0.5367, 0.9797, 0.8523]",0.07644,Partial occlusion / industrial lighting
ppe_fire_smoke_v2,ppec_00398,safety_vest,2,"[0.3937, 0.4594, 0.6031, 0.8422]",0.08015,Partial occlusion / industrial lighting
ppe_fire_smoke_v2,ppec_00400,safety_vest,2,"[0.607, 0.3391, 0.9852, 0.9859]",0.2446,Edge clipped / camera boundary
ppe_fire_smoke_v2,ppec_00400,safety_vest,2,"[0.0445, 0.5859, 0.457, 1.0]",0.1708,Edge clipped / camera boundary
ppe_fire_smoke_v2,ppec_00409,person,0,"[0.1188, 0.2953, 0.4531, 1.0]",0.23563,Edge clipped / camera boundary
ppe_fire_smoke_v2,ppec_00409,helmet,1,"[0.1305, 0.2945, 0.4055, 0.6039]",0.08508,Partial occlusion / industrial lighting
ppe_fire_smoke_v2,safup_00002,person,0,"[0.7328, 0.3992, 0.9531, 0.9039]",0.11119,Partial occlusion / industrial lighting
ppe_fire_smoke_v2,safup_00002,person,0,"[0.7, 0.1148, 0.8531, 0.8414]",0.11125,Extreme aspect ratio / pose
ppe_fire_smoke_v2,safup_00002,person,0,"[0.5469, 0.1094, 0.7047, 0.8406]",0.1154,Extreme aspect ratio / pose
ppe_fire_smoke_v2,safup_00002,person,0,"[0.0, 0.1359, 0.2484, 1.0]",0.21467,Edge clipped / camera boundary
ppe_fire_smoke_v2,safup_00002,helmet,1,"[0.0648, 0.1406, 0.1367, 0.2219]",0.00584,Small distant object (0.5%-2% image)
ppe_fire_smoke_v2,safup_00002,helmet,1,"[0.7266, 0.1125, 0.7844, 0.1719]",0.00343,Very small object (<0.5% image)
ppe_fire_smoke_v2,safup_00002,helmet,1,"[0.8, 0.4047, 0.8531, 0.4688]",0.0034,Very small object (<0.5% image)
ppe_fire_smoke_v2,safup_00002,safety_vest,2,"[0.7031, 0.2219, 0.8203, 0.475]",0.02966,Partial occlusion / industrial lighting
ppe_fire_smoke_v2,safup_00002,safety_vest,2,"[0.7922, 0.5203, 0.9156, 0.7469]",0.02797,Partial occlusion / industrial lighting
ppe_fire_smoke_v2,safup_00010,person,0,"[0.0258, 0.1305, 0.6508, 0.9445]",0.50879,Partial occlusion / industrial lighting
ppe_fire_smoke_v2,safup_00010,helmet,1,"[0.2844, 0.1422, 0.3687, 0.2219]",0.00672,Small distant object (0.5%-2% image)
ppe_fire_smoke_v2,safup_00011,person,0,"[0.2508, 0.1523, 0.4961, 0.9336]",0.19165,Extreme aspect ratio / pose
ppe_fire_smoke_v2,safup_00012,helmet,1,"[0.4578, 0.1852, 0.6016, 0.2461]",0.00876,Small distant object (0.5%-2% image)
ppe_fire_smoke_v2,safup_00016,person,0,"[0.6633, 0.0961, 0.868, 0.968]",0.17846,Extreme aspect ratio / pose
ppe_fire_smoke_v2,safup_00016,person,0,"[0.3953, 0.0719, 0.6547, 0.9703]",0.23303,Extreme aspect ratio / pose
ppe_fire_smoke_v2,safup_00016,helmet,1,"[0.7203, 0.1109, 0.8297, 0.2203]",0.01196,Small distant object (0.5%-2% image)
ppe_fire_smoke_v2,safup_00016,safety_vest,2,"[0.4359, 0.2266, 0.5953, 0.5984]",0.05927,Partial occlusion / industrial lighting
ppe_fire_smoke_v2,safup_00016,safety_vest,2,"[0.6766, 0.2422, 0.8672, 0.625]",0.07297,Partial occlusion / industrial lighting
ppe_fire_smoke_v2,safup_00019,helmet,1,"[0.4266, 0.0961, 0.5953, 0.168]",0.01213,Small distant object (0.5%-2% image)
ppe_fire_smoke_v2,safup_00019,safety_vest,2,"[0.4, 0.2328, 0.6469, 0.475]",0.05979,Partial occlusion / industrial lighting
ppe_fire_smoke_v2,safup_00022,safety_vest,2,"[0.0719, 0.0, 0.9063, 1.0]",0.83437,Edge clipped / camera boundary
ppe_fire_smoke_v2,safup_00026,person,0,"[0.0047, 0.0, 1.0, 1.0]",0.99531,Edge clipped / camera boundary
ppe_fire_smoke_v2,safup_00026,helmet,1,"[0.4062, 0.0086, 0.6687, 0.143]",0.03527,Edge clipped / camera boundary
ppe_fire_smoke_v2,safup_00028,safety_vest,2,"[0.4141, 0.1734, 0.7172, 0.4437]",0.08194,Partial occlusion / industrial lighting
ppe_fire_smoke_v2,safup_00039,person,0,"[0.3375, 0.2277, 0.3703, 0.3113]",0.00274,Very small object (<0.5% image)
ppe_fire_smoke_v2,safup_00042,person,0,"[0.5008, 0.4648, 0.6836, 0.7914]",0.0597,Partial occlusion / industrial lighting
ppe_fire_smoke_v2,safup_00042,helmet,1,"[0.5516, 0.4672, 0.6125, 0.4953]",0.00171,Very small object (<0.5% image)
ppe_fire_smoke_v2,safup_00045,helmet,1,"[0.3543, 0.0914, 0.4379, 0.1727]",0.00679,Small distant object (0.5%-2% image)
ppe_fire_smoke_v2,safup_00045,helmet,1,"[0.5148, 0.1684, 0.5742, 0.2254]",0.00339,Very small object (<0.5% image)
ppe_fire_smoke_v2,safup_00045,helmet,1,"[0.6777, 0.0852, 0.777, 0.1664]",0.00806,Small distant object (0.5%-2% image)
ppe_fire_smoke_v2,safup_00045,safety_vest,2,"[0.6383, 0.2336, 0.8086, 0.5461]",0.05322,Partial occlusion / industrial lighting
ppe_fire_smoke_v2,safup_00049,helmet,1,"[0.5578, 0.1281, 0.825, 0.4797]",0.09393,Partial occlusion / industrial lighting
ppe_fire_smoke_v2,safup_00051,person,0,"[0.2484, 0.0922, 0.6406, 1.0]",0.35603,Edge clipped / camera boundary
ppe_fire_smoke_v2,safup_00051,helmet,1,"[0.3938, 0.1156, 0.4859, 0.1969]",0.00749,Small distant object (0.5%-2% image)
ppe_fire_smoke_v2,safup_00052,person,0,"[0.3039, 0.1305, 0.6305, 0.9445]",0.26584,Partial occlusion / industrial lighting
ppe_fire_smoke_v2,safup_00058,person,0,"[0.3375, 0.118, 0.6359, 0.757]",0.19072,Partial occlusion / industrial lighting
ppe_fire_smoke_v2,safup_00058,helmet,1,"[0.3977, 0.1219, 0.5586, 0.1859]",0.01031,Small distant object (0.5%-2% image)
ppe_fire_smoke_v2,safup_00064,person,0,"[0.4043, 0.7738, 0.6973, 0.9996]",0.06615,Edge clipped / camera boundary
ppe_fire_smoke_v2,safup_00064,person,0,"[0.1164, 0.2574, 0.1352, 0.3676]",0.00207,Very small object (<0.5% image)
ppe_fire_smoke_v2,safup_00066,helmet,1,"[0.425, 0.1406, 0.5578, 0.1969]",0.00747,Small distant object (0.5%-2% image)
ppe_fire_smoke_v2,safup_00067,person,0,"[0.2766, 0.2258, 0.6922, 0.8539]",0.26106,Partial occlusion / industrial lighting
ppe_fire_smoke_v2,safup_00067,helmet,1,"[0.275, 0.2305, 0.4781, 0.6086]",0.07681,Partial occlusion / industrial lighting
ppe_fire_smoke_v2,safup_00067,safety_vest,2,"[0.4566, 0.5836, 0.6902, 0.8586]",0.06424,Partial occlusion / industrial lighting
ppe_fire_smoke_v2,safup_00068,person,0,"[0.1086, 0.0, 0.8523, 1.0]",0.74375,Edge clipped / camera boundary
ppe_fire_smoke_v2,safup_00068,helmet,1,"[0.3516, 0.0078, 0.6156, 0.1672]",0.04208,Edge clipped / camera boundary
ppe_fire_smoke_v2,safup_00068,safety_vest,2,"[0.2578, 0.2594, 0.7125, 0.8187]",0.25434,Partial occlusion / industrial lighting
ppe_fire_smoke_v2,safup_00070,person,0,"[0.6645, 0.4844, 0.7199, 0.6734]",0.01049,Small distant object (0.5%-2% image)
ppe_fire_smoke_v2,safup_00074,safety_vest,2,"[0.4586, 0.2469, 0.8039, 0.7375]",0.16942,Partial occlusion / industrial lighting
ppe_fire_smoke_v2,safup_00076,person,0,"[0.5441, 0.1566, 0.5934, 0.2684]",0.0055,Small distant object (0.5%-2% image)
ppe_fire_smoke_v2,safup_00084,helmet,1,"[0.5406, 0.1281, 0.8047, 0.4]",0.07179,Partial occlusion / industrial lighting
ppe_fire_smoke_v2,safup_00084,safety_vest,2,"[0.5437, 0.5359, 0.8672, 1.0]",0.1501,Edge clipped / camera boundary
ppe_fire_smoke_v2,safup_00085,person,0,"[0.1578, 0.1109, 0.8031, 1.0]",0.57372,Edge clipped / camera boundary
ppe_fire_smoke_v2,safup_00089,person,0,"[0.0719, 0.4133, 0.4203, 0.6945]",0.098,Partial occlusion / industrial lighting
ppe_fire_smoke_v2,safup_00089,person,0,"[0.1086, 0.7047, 0.457, 0.9891]",0.09909,Edge clipped / camera boundary
ppe_fire_smoke_v2,safup_00089,person,0,"[0.5656, 0.7094, 0.9344, 0.9875]",0.10256,Edge clipped / camera boundary
ppe_fire_smoke_v2,safup_00089,person,0,"[0.5633, 0.4086, 0.9195, 0.693]",0.10131,Partial occlusion / industrial lighting
ppe_fire_smoke_v2,safup_00089,person,0,"[0.5813, 0.1187, 0.9141, 0.4016]",0.09412,Partial occlusion / industrial lighting
ppe_fire_smoke_v2,safup_00089,safety_vest,2,"[0.6031, 0.5047, 0.8906, 0.6828]",0.05121,Partial occlusion / industrial lighting
ppe_fire_smoke_v2,safup_00089,safety_vest,2,"[0.0844, 0.5109, 0.3875, 0.6891]",0.05399,Partial occlusion / industrial lighting
ppe_fire_smoke_v2,safup_00089,safety_vest,2,"[0.6219, 0.1969, 0.8875, 0.375]",0.04731,Partial occlusion / industrial lighting
ppe_fire_smoke_v2,safup_00091,person,0,"[0.2969, 0.1164, 0.7875, 0.8227]",0.3465,Partial occlusion / industrial lighting
ppe_fire_smoke_v2,safup_00091,helmet,1,"[0.4875, 0.1266, 0.6828, 0.2031]",0.01495,Small distant object (0.5%-2% image)
ppe_fire_smoke_v2,safup_00091,safety_vest,2,"[0.4414, 0.2703, 0.6977, 0.5359]",0.06807,Partial occlusion / industrial lighting
ppe_fire_smoke_v2,safup_00096,helmet,1,"[0.493, 0.1477, 0.6367, 0.207]",0.00854,Small distant object (0.5%-2% image)
ppe_fire_smoke_v2,safup_00098,person,0,"[0.1625, 0.0, 0.9703, 1.0]",0.80781,Edge clipped / camera boundary
ppe_fire_smoke_v2,safup_00098,helmet,1,"[0.3687, 0.0, 0.7078, 0.2766]",0.09377,Edge clipped / camera boundary
ppe_fire_smoke_v2,safup_00098,safety_vest,2,"[0.3531, 0.3422, 0.8188, 1.0]",0.30629,Edge clipped / camera boundary
ppe_fire_smoke_v2,safup_00100,person,0,"[0.3992, 0.182, 0.7836, 0.7742]",0.22762,Partial occlusion / industrial lighting
ppe_fire_smoke_v2,safup_00100,helmet,1,"[0.493, 0.193, 0.6258, 0.2555]",0.0083,Small distant object (0.5%-2% image)
ppe_fire_smoke_v2,safup_00101,person,0,"[0.2875, 0.0359, 0.8141, 0.8016]",0.40315,Partial occlusion / industrial lighting
ppe_fire_smoke_v2,safup_00101,helmet,1,"[0.5023, 0.0414, 0.7117, 0.132]",0.01897,Small distant object (0.5%-2% image)
ppe_fire_smoke_v2,safup_00101,safety_vest,2,"[0.4508, 0.2, 0.7414, 0.4875]",0.08355,Partial occlusion / industrial lighting
ppe_fire_smoke_v2,safup_00110,person,0,"[0.3812, 0.0813, 0.7406, 0.8281]",0.26841,Partial occlusion / industrial lighting
ppe_fire_smoke_v2,safup_00110,helmet,1,"[0.4457, 0.084, 0.6355, 0.2301]",0.02774,Partial occlusion / industrial lighting
ppe_fire_smoke_v2,safup_00110,safety_vest,2,"[0.4305, 0.2328, 0.7086, 0.4938]",0.07257,Partial occlusion / industrial lighting
ppe_fire_smoke_v2,safup_00118,person,0,"[0.1289, 0.1305, 0.5711, 0.9258]",0.35168,Partial occlusion / industrial lighting
ppe_fire_smoke_v2,safup_00118,helmet,1,"[0.3203, 0.1547, 0.3937, 0.2328]",0.00574,Small distant object (0.5%-2% image)
ppe_fire_smoke_v2,safup_00120,person,0,"[0.0422, 0.1273, 0.6438, 0.9367]",0.48689,Partial occlusion / industrial lighting
ppe_fire_smoke_v2,safup_00120,helmet,1,"[0.3141, 0.1594, 0.3844, 0.2281]",0.00483,Very small object (<0.5% image)
ppe_fire_smoke_v2,safup_00121,person,0,"[0.4453, 0.2344, 0.6391, 0.5281]",0.05691,Partial occlusion / industrial lighting
ppe_fire_smoke_v2,safup_00121,helmet,1,"[0.5047, 0.2359, 0.5672, 0.2672]",0.00195,Very small object (<0.5% image)
ppe_fire_smoke_v2,safup_00129,person,0,"[0.3, 0.1016, 0.7047, 1.0]",0.36359,Edge clipped / camera boundary
ppe_fire_smoke_v2,safup_00129,helmet,1,"[0.4656, 0.0977, 0.5531, 0.1727]",0.00656,Small distant object (0.5%-2% image)
ppe_fire_smoke_v2,safup_00132,person,0,"[0.2984, 0.1582, 0.5578, 0.9152]",0.19635,Partial occlusion / industrial lighting
ppe_fire_smoke_v2,safup_00132,helmet,1,"[0.4031, 0.1578, 0.4922, 0.2234]",0.00584,Small distant object (0.5%-2% image)
ppe_fire_smoke_v2,safup_00133,person,0,"[0.468, 0.2391, 0.6164, 0.5188]",0.04152,Partial occlusion / industrial lighting
ppe_fire_smoke_v2,safup_00133,helmet,1,"[0.5133, 0.243, 0.5742, 0.2742]",0.0019,Very small object (<0.5% image)
ppe_fire_smoke_v2,safup_00135,person,0,"[0.3828, 0.0941, 0.8453, 0.9996]",0.41878,Edge clipped / camera boundary
ppe_fire_smoke_v2,safup_00135,helmet,1,"[0.5375, 0.0687, 0.7031, 0.2656]",0.03261,Partial occlusion / industrial lighting
ppe_fire_smoke_v2,safup_00135,safety_vest,2,"[0.4727, 0.4484, 0.8039, 1.0]",0.1827,Edge clipped / camera boundary
ppe_fire_smoke_v2,safup_00136,person,0,"[0.3211, 0.2031, 0.5852, 0.9734]",0.20341,Partial occlusion / industrial lighting
ppe_fire_smoke_v2,safup_00136,safety_vest,2,"[0.3656, 0.4391, 0.5391, 0.5891]",0.02602,Partial occlusion / industrial lighting
ppe_fire_smoke_v2,safup_00147,person,0,"[0.2969, 0.1234, 0.6031, 1.0]",0.26845,Edge clipped / camera boundary
ppe_fire_smoke_v2,safup_00148,person,0,"[0.4344, 0.1336, 0.6828, 0.543]",0.1017,Partial occlusion / industrial lighting
ppe_fire_smoke_v2,safup_00148,helmet,1,"[0.5086, 0.1344, 0.6148, 0.175]",0.00432,Very small object (<0.5% image)
ppe_fire_smoke_v2,safup_00148,safety_vest,2,"[0.4859, 0.2125, 0.6359, 0.3531]",0.02109,Partial occlusion / industrial lighting
ppe_fire_smoke_v2,safup_00157,person,0,"[0.2688, 0.0898, 0.7219, 0.8117]",0.3271,Partial occlusion / industrial lighting
ppe_fire_smoke_v2,safup_00157,safety_vest,2,"[0.35, 0.2391, 0.6359, 0.4969]",0.07372,Partial occlusion / industrial lighting
ppe_fire_smoke_v2,safup_00159,person,0,"[0.0805, 0.15, 0.6648, 0.9313]",0.45654,Partial occlusion / industrial lighting
ppe_fire_smoke_v2,safup_00159,helmet,1,"[0.3203, 0.1578, 0.3953, 0.2266]",0.00516,Small distant object (0.5%-2% image)
ppe_fire_smoke_v2,safup_00159,safety_vest,2,"[0.2984, 0.2953, 0.4547, 0.5266]",0.03613,Partial occlusion / industrial lighting
ppe_fire_smoke_v2,safup_00166,helmet,1,"[0.4219, 0.1836, 0.5281, 0.2305]",0.00498,Very small object (<0.5% image)
ppe_fire_smoke_v2,safup_00166,safety_vest,2,"[0.3891, 0.2719, 0.5781, 0.4266]",0.02925,Partial occlusion / industrial lighting
ppe_fire_smoke_v2,safup_00170,safety_vest,2,"[0.2375, 0.3023, 0.6531, 0.9555]",0.27146,Partial occlusion / industrial lighting
ppe_fire_smoke_v2,safup_00171,person,0,"[0.0, 0.2891, 1.0, 1.0]",0.71094,Edge clipped / camera boundary
ppe_fire_smoke_v2,safup_00173,person,0,"[0.3281, 0.0, 0.8687, 1.0]",0.54063,Edge clipped / camera boundary
ppe_fire_smoke_v2,safup_00173,helmet,1,"[0.5281, 0.0008, 0.7047, 0.0602]",0.01048,Small distant object (0.5%-2% image)
ppe_fire_smoke_v2,safup_00173,safety_vest,2,"[0.4492, 0.2344, 0.7992, 0.65]",0.14547,Partial occlusion / industrial lighting
ppe_fire_smoke_v2,safup_00181,person,0,"[0.3992, 0.5316, 0.7242, 0.9996]",0.15209,Edge clipped / camera boundary
ppe_fire_smoke_v2,safup_00184,safety_vest,2,"[0.0516, 0.0, 0.8969, 1.0]",0.84531,Edge clipped / camera boundary
ppe_fire_smoke_v2,safup_00188,person,0,"[0.2977, 0.1164, 0.7867, 0.8227]",0.3454,Partial occlusion / industrial lighting
ppe_fire_smoke_v2,safup_00188,safety_vest,2,"[0.4414, 0.2703, 0.6977, 0.5359]",0.06807,Partial occlusion / industrial lighting
ppe_fire_smoke_v2,safup_00195,person,0,"[0.568, 0.5594, 0.6008, 0.7687]",0.00687,Small distant object (0.5%-2% image)
ppe_fire_smoke_v2,safup_00195,person,0,"[0.4402, 0.5113, 0.4738, 0.6918]",0.00606,Small distant object (0.5%-2% image)
ppe_fire_smoke_v2,safup_00195,helmet,1,"[0.584, 0.5598, 0.6004, 0.5902]",0.0005,Very small object (<0.5% image)
ppe_fire_smoke_v2,safup_00195,helmet,1,"[0.4504, 0.5133, 0.4637, 0.532]",0.00025,Very small object (<0.5% image)
ppe_fire_smoke_v2,safup_00214,person,0,"[0.6461, 0.1453, 0.9227, 0.9703]",0.22816,Partial occlusion / industrial lighting
ppe_fire_smoke_v2,safup_00214,helmet,1,"[0.7422, 0.1844, 0.8406, 0.2578]",0.00723,Small distant object (0.5%-2% image)
ppe_fire_smoke_v2,safup_00214,helmet,1,"[0.7426, 0.1883, 0.8387, 0.3289]",0.01351,Small distant object (0.5%-2% image)
ppe_fire_smoke_v2,safup_00216,person,0,"[0.1094, 0.0906, 0.7734, 1.0]",0.60388,Edge clipped / camera boundary
ppe_fire_smoke_v2,safup_00216,helmet,1,"[0.3953, 0.1047, 0.4922, 0.2172]",0.0109,Small distant object (0.5%-2% image)
ppe_fire_smoke_v2,safup_00216,helmet,1,"[0.3918, 0.0906, 0.5207, 0.3156]",0.029,Partial occlusion / industrial lighting
ppe_fire_smoke_v2,safup_00223,safety_vest,2,"[0.2891, 0.5188, 0.3578, 0.5891]",0.00483,Very small object (<0.5% image)
ppe_fire_smoke_v2,safup_00229,helmet,1,"[0.2547, 0.1141, 0.625, 0.2797]",0.06133,Partial occlusion / industrial lighting
ppe_fire_smoke_v2,safup_00230,person,0,"[0.2539, 0.0602, 0.6477, 0.7414]",0.26824,Partial occlusion / industrial lighting
ppe_fire_smoke_v2,safup_00232,helmet,1,"[0.4094, 0.1813, 0.4937, 0.2172]",0.00303,Very small object (<0.5% image)
ppe_fire_smoke_v2,safup_00242,person,0,"[0.1148, 0.0953, 0.7555, 1.0]",0.57957,Edge clipped / camera boundary
ppe_fire_smoke_v2,safup_00242,helmet,1,"[0.4, 0.1187, 0.4844, 0.2953]",0.0149,Small distant object (0.5%-2% image)
ppe_fire_smoke_v2,safup_00243,person,0,"[0.3055, 0.1109, 0.7477, 1.0]",0.39313,Edge clipped / camera boundary
ppe_fire_smoke_v2,safup_00243,helmet,1,"[0.4719, 0.1266, 0.5547, 0.2047]",0.00647,Small distant object (0.5%-2% image)
ppe_fire_smoke_v2,safup_00243,safety_vest,2,"[0.4313, 0.2906, 0.5891, 0.6094]",0.0503,Partial occlusion / industrial lighting
ppe_fire_smoke_v2,safup_00244,person,0,"[0.2688, 0.0898, 0.7219, 0.8117]",0.3271,Partial occlusion / industrial lighting
ppe_fire_smoke_v2,safup_00244,helmet,1,"[0.4133, 0.0914, 0.5852, 0.168]",0.01316,Small distant object (0.5%-2% image)
ppe_fire_smoke_v2,safup_00244,safety_vest,2,"[0.35, 0.2391, 0.6359, 0.4969]",0.07372,Partial occlusion / industrial lighting
ppe_fire_smoke_v2,safup_00245,person,0,"[0.2191, 0.1566, 0.3996, 0.9996]",0.15213,Edge clipped / camera boundary
ppe_fire_smoke_v2,safup_00249,helmet,1,"[0.4, 0.3352, 0.7531, 0.4883]",0.05407,Partial occlusion / industrial lighting
ppe_fire_smoke_v2,safup_00250,person,0,"[0.4148, 0.1625, 0.732, 0.9969]",0.26465,Edge clipped / camera boundary
ppe_fire_smoke_v2,safup_00250,safety_vest,2,"[0.4984, 0.2969, 0.6625, 0.6406]",0.0564,Partial occlusion / industrial lighting
ppe_fire_smoke_v2,safup_00252,person,0,"[0.3234, 0.2609, 0.6969, 0.8453]",0.21823,Partial occlusion / industrial lighting
ppe_fire_smoke_v2,safup_00252,helmet,1,"[0.4391, 0.2609, 0.5719, 0.325]",0.00851,Small distant object (0.5%-2% image)
ppe_fire_smoke_v2,safup_00252,helmet,1,"[0.4398, 0.2637, 0.5695, 0.3738]",0.01429,Small distant object (0.5%-2% image)
ppe_fire_smoke_v2,safup_00252,safety_vest,2,"[0.3891, 0.3641, 0.6, 0.5531]",0.03988,Partial occlusion / industrial lighting
ppe_fire_smoke_v2,safup_00255,person,0,"[0.1305, 0.1391, 0.868, 0.9516]",0.59922,Partial occlusion / industrial lighting
ppe_fire_smoke_v2,safup_00255,helmet,1,"[0.1492, 0.4781, 0.4055, 0.7625]",0.07287,Partial occlusion / industrial lighting
ppe_fire_smoke_v2,safup_00258,person,0,"[0.0, 0.0594, 0.175, 0.1625]",0.01805,Small distant object (0.5%-2% image)
ppe_fire_smoke_v2,safup_00258,person,0,"[0.0, 0.1723, 0.175, 0.2746]",0.01791,Small distant object (0.5%-2% image)
ppe_fire_smoke_v2,safup_00258,person,0,"[0.4234, 0.0, 0.6203, 0.1734]",0.03415,Edge clipped / camera boundary
ppe_fire_smoke_v2,safup_00258,person,0,"[0.4246, 0.1754, 0.627, 0.3637]",0.0381,Partial occlusion / industrial lighting
ppe_fire_smoke_v2,safup_00258,person,0,"[0.7098, 0.0, 0.8668, 0.1484]",0.02331,Edge clipped / camera boundary
ppe_fire_smoke_v2,safup_00258,person,0,"[0.7082, 0.1293, 0.8559, 0.3223]",0.02849,Partial occlusion / industrial lighting
ppe_fire_smoke_v2,safup_00258,person,0,"[0.7699, 0.0, 0.9223, 0.1172]",0.01785,Small distant object (0.5%-2% image)
ppe_fire_smoke_v2,safup_00258,person,0,"[0.8953, 0.0055, 1.0, 0.143]",0.01439,Small distant object (0.5%-2% image)
ppe_fire_smoke_v2,safup_00258,person,0,"[0.9062, 0.1797, 1.0, 0.3375]",0.01479,Small distant object (0.5%-2% image)
ppe_fire_smoke_v2,safup_00258,person,0,"[0.5789, 0.243, 0.7727, 0.518]",0.05328,Partial occlusion / industrial lighting
ppe_fire_smoke_v2,safup_00258,person,0,"[0.2156, 0.8484, 0.4875, 1.0]",0.04121,Edge clipped / camera boundary
ppe_fire_smoke_v2,safup_00258,person,0,"[0.2086, 0.6473, 0.4883, 0.8168]",0.04742,Partial occlusion / industrial lighting
ppe_fire_smoke_v2,safup_00258,person,0,"[0.157, 0.3875, 0.3648, 0.6234]",0.04903,Partial occlusion / industrial lighting
ppe_fire_smoke_v2,safup_00258,person,0,"[0.2895, 0.4062, 0.5793, 0.7188]",0.09058,Partial occlusion / industrial lighting
ppe_fire_smoke_v2,safup_00258,person,0,"[0.6883, 0.5926, 0.8867, 0.8449]",0.05007,Partial occlusion / industrial lighting
ppe_fire_smoke_v2,safup_00258,person,0,"[0.6832, 0.8406, 0.8809, 1.0]",0.0315,Edge clipped / camera boundary
ppe_fire_smoke_v2,safup_00258,person,0,"[0.5574, 0.4832, 0.7082, 0.6637]",0.02721,Partial occlusion / industrial lighting
ppe_fire_smoke_v2,safup_00258,person,0,"[0.6469, 0.3559, 0.8687, 0.6613]",0.06778,Partial occlusion / industrial lighting
ppe_fire_smoke_v2,safup_00258,helmet,1,"[0.6156, 0.2457, 0.7547, 0.4074]",0.02249,Partial occlusion / industrial lighting
ppe_fire_smoke_v2,safup_00258,helmet,1,"[0.8941, 0.3348, 0.9996, 0.4418]",0.01129,Small distant object (0.5%-2% image)
ppe_fire_smoke_v2,safup_00258,helmet,1,"[0.6465, 0.3598, 0.8082, 0.4746]",0.01857,Small distant object (0.5%-2% image)
ppe_fire_smoke_v2,safup_00258,helmet,1,"[0.9047, 0.566, 1.0, 0.7246]",0.01512,Small distant object (0.5%-2% image)
ppe_fire_smoke_v2,safup_00258,helmet,1,"[0.2383, 0.6441, 0.368, 0.773]",0.01672,Small distant object (0.5%-2% image)
ppe_fire_smoke_v2,safup_00258,helmet,1,"[0.5168, 0.6559, 0.6973, 0.841]",0.03341,Partial occlusion / industrial lighting
ppe_fire_smoke_v2,safup_00258,helmet,1,"[0.7836, 0.0277, 0.9242, 0.1238]",0.01351,Small distant object (0.5%-2% image)
ppe_fire_smoke_v2,safup_00258,helmet,1,"[0.6176, 0.0, 0.7449, 0.0797]",0.01015,Small distant object (0.5%-2% image)
ppe_fire_smoke_v2,safup_00258,helmet,1,"[0.9203, 0.9438, 1.0, 1.0]",0.00448,Very small object (<0.5% image)
ppe_fire_smoke_v2,safup_00258,helmet,1,"[0.5359, 0.8438, 0.6828, 1.0]",0.02295,Edge clipped / camera boundary
ppe_fire_smoke_v2,safup_00258,helmet,1,"[0.2344, 0.9035, 0.3703, 0.9996]",0.01306,Small distant object (0.5%-2% image)
ppe_fire_smoke_v2,safup_00258,helmet,1,"[0.2254, 0.5559, 0.3652, 0.666]",0.0154,Small distant object (0.5%-2% image)
ppe_fire_smoke_v2,safup_00258,helmet,1,"[0.8234, 0.3297, 1.0, 0.5625]",0.04111,Edge clipped / camera boundary
ppe_fire_smoke_v2,safup_00259,helmet,1,"[0.475, 0.0375, 0.8359, 0.4359]",0.14381,Partial occlusion / industrial lighting
ppe_fire_smoke_v2,safup_00260,person,0,"[0.3898, 0.0859, 0.7508, 0.7719]",0.24758,Partial occlusion / industrial lighting
ppe_fire_smoke_v2,safup_00260,helmet,1,"[0.4594, 0.0937, 0.6437, 0.1625]",0.01268,Small distant object (0.5%-2% image)
ppe_fire_smoke_v2,safup_00260,helmet,1,"[0.4578, 0.0832, 0.6422, 0.2465]",0.0301,Partial occlusion / industrial lighting
ppe_fire_smoke_v2,safup_00260,safety_vest,2,"[0.4391, 0.2266, 0.6922, 0.4703]",0.0617,Partial occlusion / industrial lighting
ppe_fire_smoke_v2,safup_00265,safety_vest,2,"[0.3258, 0.5953, 0.3414, 0.6578]",0.00098,Very small object (<0.5% image)
ppe_fire_smoke_v2,safup_00268,person,0,"[0.8016, 0.0734, 1.0, 0.9672]",0.17735,Edge clipped / camera boundary
ppe_fire_smoke_v2,safup_00268,person,0,"[0.6164, 0.2023, 0.7961, 0.9023]",0.12578,Extreme aspect ratio / pose
ppe_fire_smoke_v2,safup_00268,person,0,"[0.4219, 0.2242, 0.6172, 0.8539]",0.12299,Extreme aspect ratio / pose
ppe_fire_smoke_v2,safup_00268,person,0,"[0.1969, 0.2156, 0.3891, 0.8594]",0.12372,Extreme aspect ratio / pose
ppe_fire_smoke_v2,safup_00268,person,0,"[0.0, 0.2, 0.1484, 0.8906]",0.10251,Edge clipped / camera boundary
ppe_fire_smoke_v2,safup_00277,person,0,"[0.2555, 0.1281, 0.5508, 0.9312]",0.23717,Partial occlusion / industrial lighting
ppe_fire_smoke_v2,safup_00277,helmet,1,"[0.3484, 0.1562, 0.4375, 0.225]",0.00612,Small distant object (0.5%-2% image)
ppe_fire_smoke_v2,safup_00277,helmet,1,"[0.3426, 0.1293, 0.4871, 0.3238]",0.02812,Partial occlusion / industrial lighting
ppe_fire_smoke_v2,safup_00277,safety_vest,2,"[0.3516, 0.3016, 0.4875, 0.5297]",0.03101,Partial occlusion / industrial lighting
ppe_fire_smoke_v2,safup_00278,helmet,1,"[0.4523, 0.1844, 0.5008, 0.2719]",0.00424,Very small object (<0.5% image)
ppe_fire_smoke_v2,safup_00278,helmet,1,"[0.2938, 0.2148, 0.3406, 0.2867]",0.00337,Very small object (<0.5% image)
ppe_fire_smoke_v2,safup_00278,helmet,1,"[0.5156, 0.2289, 0.5531, 0.2914]",0.00234,Very small object (<0.5% image)
ppe_fire_smoke_v2,safup_00278,helmet,1,"[0.3813, 0.2406, 0.4156, 0.2922]",0.00177,Very small object (<0.5% image)
ppe_fire_smoke_v2,safup_00278,helmet,1,"[0.5875, 0.2484, 0.6281, 0.3391]",0.00368,Very small object (<0.5% image)
ppe_fire_smoke_v2,safup_00278,helmet,1,"[0.7531, 0.3625, 0.8125, 0.425]",0.00371,Very small object (<0.5% image)
ppe_fire_smoke_v2,safup_00278,safety_vest,2,"[0.1078, 0.2336, 0.2109, 0.5227]",0.02981,Partial occlusion / industrial lighting
ppe_fire_smoke_v2,safup_00278,safety_vest,2,"[0.5188, 0.3055, 0.5656, 0.493]",0.00879,Small distant object (0.5%-2% image)
ppe_fire_smoke_v2,safup_00278,safety_vest,2,"[0.3656, 0.3063, 0.4281, 0.5]",0.01211,Small distant object (0.5%-2% image)
ppe_fire_smoke_v2,safup_00278,safety_vest,2,"[0.4266, 0.2859, 0.5203, 0.5391]",0.02373,Partial occlusion / industrial lighting
ppe_fire_smoke_v2,safup_00278,safety_vest,2,"[0.5578, 0.3156, 0.6391, 0.55]",0.01904,Small distant object (0.5%-2% image)
ppe_fire_smoke_v2,safup_00278,safety_vest,2,"[0.2687, 0.3211, 0.3625, 0.5852]",0.02476,Partial occlusion / industrial lighting
ppe_fire_smoke_v2,safup_00278,safety_vest,2,"[0.7156, 0.4484, 0.8234, 0.7172]",0.02897,Partial occlusion / industrial lighting
ppe_fire_smoke_v2,safup_00281,safety_vest,2,"[0.2711, 0.3063, 0.693, 0.8219]",0.21753,Partial occlusion / industrial lighting
ppe_fire_smoke_v2,safup_00285,person,0,"[0.4422, 0.1641, 0.7047, 0.9547]",0.20754,Extreme aspect ratio / pose
ppe_fire_smoke_v2,safup_00285,helmet,1,"[0.5766, 0.1867, 0.6656, 0.2898]",0.00918,Small distant object (0.5%-2% image)
ppe_fire_smoke_v2,safup_00285,safety_vest,2,"[0.5055, 0.3289, 0.6742, 0.5758]",0.04166,Partial occlusion / industrial lighting
ppe_fire_smoke_v2,safup_00286,safety_vest,2,"[0.3484, 0.2859, 0.5437, 0.6203]",0.06531,Partial occlusion / industrial lighting
ppe_fire_smoke_v2,safup_00287,safety_vest,2,"[0.5359, 0.2414, 0.8672, 0.6648]",0.14026,Partial occlusion / industrial lighting
ppe_fire_smoke_v2,safup_00290,person,0,"[0.1203, 0.1016, 0.7562, 1.0]",0.57135,Edge clipped / camera boundary
ppe_fire_smoke_v2,safup_00290,helmet,1,"[0.3984, 0.1156, 0.4906, 0.1953]",0.00735,Small distant object (0.5%-2% image)
ppe_fire_smoke_v2,safup_00290,safety_vest,2,"[0.3641, 0.2797, 0.5437, 0.5969]",0.05699,Partial occlusion / industrial lighting
ppe_fire_smoke_v2,safup_00292,helmet,1,"[0.5687, 0.0, 0.8766, 0.1641]",0.0505,Edge clipped / camera boundary
ppe_fire_smoke_v2,safup_00295,helmet,1,"[0.1062, 0.5547, 0.2219, 0.625]",0.00813,Small distant object (0.5%-2% image)
ppe_fire_smoke_v2,safup_00295,safety_vest,2,"[0.0031, 0.6594, 0.1703, 0.8859]",0.03788,Edge clipped / camera boundary
ppe_fire_smoke_v2,safup_00295,safety_vest,2,"[0.2406, 0.6969, 0.4594, 0.8766]",0.03931,Partial occlusion / industrial lighting
ppe_fire_smoke_v2,safup_00295,safety_vest,2,"[0.5367, 0.1984, 0.7742, 0.3344]",0.03229,Partial occlusion / industrial lighting
ppe_fire_smoke_v2,safup_00295,safety_vest,2,"[0.8344, 0.2148, 1.0, 0.3477]",0.022,Edge clipped / camera boundary
ppe_fire_smoke_v2,safup_00298,safety_vest,2,"[0.2109, 0.3062, 0.4219, 0.9062]",0.12656,Partial occlusion / industrial lighting
ppe_fire_smoke_v2,safup_00298,safety_vest,2,"[0.6563, 0.4398, 0.8609, 0.8867]",0.09147,Partial occlusion / industrial lighting
ppe_fire_smoke_v2,safup_00303,person,0,"[0.9262, 0.3707, 0.9395, 0.4277]",0.00076,Very small object (<0.5% image)
ppe_fire_smoke_v2,safup_00309,person,0,"[0.2937, 0.1406, 0.5969, 1.0]",0.2605,Edge clipped / camera boundary
ppe_fire_smoke_v2,safup_00309,helmet,1,"[0.3766, 0.5813, 0.4984, 0.7063]",0.01523,Small distant object (0.5%-2% image)
ppe_fire_smoke_v2,safup_00311,helmet,1,"[0.4586, 0.1234, 0.6133, 0.1953]",0.01112,Small distant object (0.5%-2% image)
ppe_fire_smoke_v2,safup_00314,person,0,"[0.25, 0.0531, 0.65, 1.0]",0.37875,Edge clipped / camera boundary
ppe_fire_smoke_v2,safup_00314,helmet,1,"[0.3242, 0.0648, 0.6398, 0.182]",0.03699,Partial occlusion / industrial lighting
ppe_fire_smoke_v2,safup_00314,safety_vest,2,"[0.2867, 0.2719, 0.6164, 0.5969]",0.10715,Partial occlusion / industrial lighting
ppe_fire_smoke_v2,safup_00316,person,0,"[0.025, 0.0266, 0.8609, 1.0]",0.81373,Edge clipped / camera boundary
ppe_fire_smoke_v2,safup_00336,person,0,"[0.5586, 0.4086, 0.632, 0.7664]",0.02628,Extreme aspect ratio / pose
ppe_fire_smoke_v2,safup_00336,person,0,"[0.8719, 0.3656, 1.0, 1.0]",0.08128,Edge clipped / camera boundary
ppe_fire_smoke_v2,safup_00336,person,0,"[0.6645, 0.3262, 0.7777, 0.8301]",0.05708,Extreme aspect ratio / pose
ppe_fire_smoke_v2,safup_00336,person,0,"[0.293, 0.3602, 0.4086, 0.8898]",0.06125,Extreme aspect ratio / pose
ppe_fire_smoke_v2,safup_00336,person,0,"[0.3953, 0.2609, 0.5719, 1.0]",0.13049,Edge clipped / camera boundary
ppe_fire_smoke_v2,safup_00336,helmet,1,"[0.4367, 0.3914, 0.4586, 0.4305]",0.00085,Very small object (<0.5% image)
ppe_fire_smoke_v2,safup_00336,helmet,1,"[0.575, 0.4109, 0.6031, 0.4531]",0.00119,Very small object (<0.5% image)
ppe_fire_smoke_v2,safup_00336,helmet,1,"[0.3164, 0.3574, 0.368, 0.4582]",0.0052,Small distant object (0.5%-2% image)
ppe_fire_smoke_v2,safup_00336,helmet,1,"[0.6977, 0.3227, 0.743, 0.4195]",0.00439,Very small object (<0.5% image)
ppe_fire_smoke_v2,safup_00336,safety_vest,2,"[0.6781, 0.407, 0.7531, 0.6023]",0.01465,Small distant object (0.5%-2% image)
ppe_fire_smoke_v2,safup_00336,safety_vest,2,"[0.5594, 0.4797, 0.6188, 0.6359]",0.00928,Small distant object (0.5%-2% image)
ppe_fire_smoke_v2,safup_00336,safety_vest,2,"[0.8922, 0.475, 0.9984, 0.7781]",0.03221,Edge clipped / camera boundary
ppe_fire_smoke_v2,safup_00336,safety_vest,2,"[0.3984, 0.4289, 0.5422, 0.8273]",0.05728,Partial occlusion / industrial lighting
ppe_fire_smoke_v2,safup_00338,person,0,"[0.0453, 0.3078, 1.0, 0.7187]",0.39232,Edge clipped / camera boundary
ppe_fire_smoke_v2,safup_00338,helmet,1,"[0.0813, 0.3938, 0.1969, 0.5828]",0.02186,Partial occlusion / industrial lighting
ppe_fire_smoke_v2,safup_00338,helmet,1,"[0.0895, 0.3363, 0.3652, 0.5934]",0.07088,Partial occlusion / industrial lighting
ppe_fire_smoke_v2,safup_00338,safety_vest,2,"[0.2781, 0.3375, 0.6344, 0.5969]",0.0924,Partial occlusion / industrial lighting
ppe_fire_smoke_v2,safup_00348,person,0,"[0.3047, 0.1391, 0.6125, 1.0]",0.26501,Edge clipped / camera boundary
ppe_fire_smoke_v2,safup_00348,safety_vest,2,"[0.3516, 0.2906, 0.5375, 0.6344]",0.06392,Partial occlusion / industrial lighting
ppe_fire_smoke_v2,safup_00358,person,0,"[0.0, 0.0328, 1.0, 1.0]",0.96719,Edge clipped / camera boundary
ppe_fire_smoke_v2,safup_00360,helmet,1,"[0.4219, 0.2523, 0.5469, 0.3148]",0.00781,Small distant object (0.5%-2% image)
ppe_fire_smoke_v2,safup_00369,helmet,1,"[0.4742, 0.3234, 0.5914, 0.375]",0.00604,Small distant object (0.5%-2% image)
ppe_fire_smoke_v2,safup_00371,person,0,"[0.2187, 0.2844, 0.9969, 0.6109]",0.25411,Edge clipped / camera boundary
ppe_fire_smoke_v2,safup_00371,helmet,1,"[0.2391, 0.3938, 0.3219, 0.5297]",0.01126,Small distant object (0.5%-2% image)
ppe_fire_smoke_v2,safup_00371,safety_vest,2,"[0.3656, 0.3828, 0.6375, 0.5891]",0.05607,Partial occlusion / industrial lighting
ppe_fire_smoke_v2,safup_00380,person,0,"[0.4016, 0.1297, 0.6812, 1.0]",0.24342,Edge clipped / camera boundary
ppe_fire_smoke_v2,safup_00380,safety_vest,2,"[0.4547, 0.2797, 0.6094, 0.625]",0.05342,Partial occlusion / industrial lighting
ppe_fire_smoke_v2,safup_00381,person,0,"[0.35, 0.1055, 0.6594, 0.793]",0.2127,Partial occlusion / industrial lighting
ppe_fire_smoke_v2,safup_00381,helmet,1,"[0.3852, 0.1141, 0.5695, 0.1891]",0.01383,Small distant object (0.5%-2% image)
ppe_fire_smoke_v2,safup_00381,safety_vest,2,"[0.3586, 0.2453, 0.6055, 0.4766]",0.05709,Partial occlusion / industrial lighting
ppe_fire_smoke_v2,safup_00385,safety_vest,2,"[0.0703, 0.0, 0.9047, 1.0]",0.83437,Edge clipped / camera boundary
ppe_fire_smoke_v2,safup_00386,helmet,1,"[0.4695, 0.1641, 0.6461, 0.2406]",0.01352,Small distant object (0.5%-2% image)
ppe_fire_smoke_v2,safup_00387,person,0,"[0.7359, 0.1531, 1.0, 0.9563]",0.21208,Edge clipped / camera boundary
ppe_fire_smoke_v2,safup_00387,helmet,1,"[0.8766, 0.1906, 0.9797, 0.2781]",0.00902,Small distant object (0.5%-2% image)
ppe_fire_smoke_v2,safup_00387,safety_vest,2,"[0.8531, 0.3422, 1.0, 0.5656]",0.03282,Edge clipped / camera boundary
ppe_fire_smoke_v2,safup_00390,helmet,1,"[0.3281, 0.1031, 0.5047, 0.1828]",0.01407,Small distant object (0.5%-2% image)
ppe_fire_smoke_v2,safup_00390,safety_vest,2,"[0.275, 0.2578, 0.5813, 0.5094]",0.07704,Partial occlusion / industrial lighting
ppe_fire_smoke_v2,safup_00393,person,0,"[0.3508, 0.2543, 0.4008, 0.4645]",0.01051,Small distant object (0.5%-2% image)
ppe_fire_smoke_v2,safup_00393,person,0,"[0.8063, 0.0727, 0.8766, 0.2758]",0.01428,Small distant object (0.5%-2% image)
ppe_fire_smoke_v2,safup_00395,safety_vest,2,"[0.0023, 0.2813, 0.2477, 0.5359]",0.06248,Edge clipped / camera boundary
ppe_fire_smoke_v2,safup_00396,helmet,1,"[0.3164, 0.1187, 0.4336, 0.1703]",0.00604,Small distant object (0.5%-2% image)
ppe_fire_smoke_v2,safup_00397,person,0,"[0.3094, 0.1359, 0.5922, 1.0]",0.24437,Edge clipped / camera boundary
ppe_fire_smoke_v2,safup_00397,safety_vest,2,"[0.3641, 0.2859, 0.5312, 0.625]",0.05669,Partial occlusion / industrial lighting
ppe_fire_smoke_v2,safup_00407,person,0,"[0.2687, 0.1305, 0.6125, 0.7023]",0.19658,Partial occlusion / industrial lighting
ppe_fire_smoke_v2,safup_00407,helmet,1,"[0.3578, 0.1344, 0.4906, 0.1906]",0.00747,Small distant object (0.5%-2% image)
ppe_fire_smoke_v2,safup_00407,safety_vest,2,"[0.3187, 0.2484, 0.55, 0.45]",0.04661,Partial occlusion / industrial lighting
ppe_fire_smoke_v2,sppe4_00027,helmet,1,"[0.3438, 0.65, 0.5141, 0.9469]",0.05056,Partial occlusion / industrial lighting
ppe_fire_smoke_v2,sppe4_00029,safety_vest,2,"[0.3516, 0.2891, 0.525, 0.6234]",0.05799,Partial occlusion / industrial lighting
ppe_fire_smoke_v2,sppe4_00029,safety_footwear,4,"[0.4172, 0.8766, 0.4703, 0.9859]",0.00581,Small distant object (0.5%-2% image)
ppe_fire_smoke_v2,sppe4_00029,safety_footwear,4,"[0.4719, 0.8875, 0.5313, 0.9938]",0.00631,Small distant object (0.5%-2% image)
ppe_fire_smoke_v2,sppe4_00033,helmet,1,"[0.5008, 0.1734, 0.6133, 0.225]",0.0058,Small distant object (0.5%-2% image)
ppe_fire_smoke_v2,sppe4_00033,safety_footwear,4,"[0.4719, 0.5797, 0.5422, 0.6906]",0.0078,Small distant object (0.5%-2% image)
ppe_fire_smoke_v2,sppe4_00033,safety_footwear,4,"[0.5328, 0.5625, 0.5891, 0.6547]",0.00519,Small distant object (0.5%-2% image)
ppe_fire_smoke_v2,sppe4_00037,safety_vest,2,"[0.0703, 0.0, 0.9047, 1.0]",0.83437,Edge clipped / camera boundary
ppe_fire_smoke_v2,sppe4_00044,gloves,3,"[0.0734, 0.3391, 0.6625, 0.8172]",0.28165,Partial occlusion / industrial lighting
ppe_fire_smoke_v2,sppe4_00044,gloves,3,"[0.4109, 0.1672, 0.9187, 0.6859]",0.26343,Partial occlusion / industrial lighting
ppe_fire_smoke_v2,sppe4_00055,helmet,1,"[0.3094, 0.4172, 0.3813, 0.4734]",0.00404,Very small object (<0.5% image)
ppe_fire_smoke_v2,sppe4_00063,gloves,3,"[0.3445, 0.2703, 0.4102, 0.3937]",0.0081,Small distant object (0.5%-2% image)
ppe_fire_smoke_v2,sppe4_00063,gloves,3,"[0.4422, 0.2844, 0.5156, 0.3844]",0.00734,Small distant object (0.5%-2% image)
ppe_fire_smoke_v2,sppe4_00063,safety_footwear,4,"[0.3937, 0.8688, 0.4516, 0.95]",0.0047,Very small object (<0.5% image)
ppe_fire_smoke_v2,sppe4_00063,safety_footwear,4,"[0.4703, 0.8688, 0.5484, 0.9562]",0.00684,Small distant object (0.5%-2% image)
ppe_fire_smoke_v2,sppe4_00072,helmet,1,"[0.4289, 0.1109, 0.5508, 0.225]",0.0139,Small distant object (0.5%-2% image)
ppe_fire_smoke_v2,sppe4_00072,safety_footwear,4,"[0.4562, 0.9016, 0.5687, 0.9969]",0.01072,Small distant object (0.5%-2% image)
ppe_fire_smoke_v2,sppe4_00072,safety_footwear,4,"[0.4922, 0.8594, 0.5672, 0.9531]",0.00703,Small distant object (0.5%-2% image)
ppe_fire_smoke_v2,sppe4_00079,gloves,3,"[0.3281, 0.2547, 0.6469, 0.7219]",0.14892,Partial occlusion / industrial lighting
ppe_fire_smoke_v2,sppe4_00080,helmet,1,"[0.4656, 0.2984, 0.5609, 0.35]",0.00491,Very small object (<0.5% image)
ppe_fire_smoke_v2,sppe4_00080,safety_footwear,4,"[0.5437, 0.8594, 0.5969, 0.9047]",0.00241,Very small object (<0.5% image)
ppe_fire_smoke_v2,sppe4_00080,safety_footwear,4,"[0.4844, 0.8141, 0.5312, 0.8547]",0.0019,Very small object (<0.5% image)
ppe_fire_smoke_v2,sppe4_00081,safety_footwear,4,"[0.5078, 0.9188, 0.6125, 0.9906]",0.00752,Small distant object (0.5%-2% image)
ppe_fire_smoke_v2,sppe4_00081,safety_footwear,4,"[0.3703, 0.8406, 0.5203, 0.8859]",0.0068,Small distant object (0.5%-2% image)
ppe_fire_smoke_v2,sppe4_00083,gloves,3,"[0.0078, 0.4344, 0.9641, 0.9719]",0.51398,Edge clipped / camera boundary
ppe_fire_smoke_v2,sppe4_00083,gloves,3,"[0.0, 0.1734, 0.5672, 0.4688]",0.1675,Edge clipped / camera boundary
ppe_fire_smoke_v2,sppe4_00092,safety_vest,2,"[0.3523, 0.1844, 0.6555, 0.4625]",0.08431,Partial occlusion / industrial lighting
ppe_fire_smoke_v2,sppe4_00092,safety_footwear,4,"[0.3945, 0.6187, 0.5117, 0.7656]",0.01721,Small distant object (0.5%-2% image)
ppe_fire_smoke_v2,sppe4_00092,safety_footwear,4,"[0.5609, 0.6531, 0.675, 0.8281]",0.01996,Small distant object (0.5%-2% image)
ppe_fire_smoke_v2,sppe4_00097,safety_vest,2,"[0.3867, 0.2734, 0.5492, 0.6078]",0.05434,Partial occlusion / industrial lighting
ppe_fire_smoke_v2,sppe4_00105,helmet,1,"[0.3094, 0.1555, 0.3563, 0.2523]",0.00454,Very small object (<0.5% image)
ppe_fire_smoke_v2,sppe4_00105,helmet,1,"[0.6961, 0.1719, 0.7336, 0.2406]",0.00258,Very small object (<0.5% image)
ppe_fire_smoke_v2,sppe4_00105,helmet,1,"[0.4156, 0.2109, 0.4594, 0.3078]",0.00424,Very small object (<0.5% image)
ppe_fire_smoke_v2,sppe4_00105,helmet,1,"[0.5492, 0.2687, 0.5914, 0.3219]",0.00224,Very small object (<0.5% image)
ppe_fire_smoke_v2,sppe4_00105,helmet,1,"[0.8547, 0.3109, 0.9031, 0.3922]",0.00394,Very small object (<0.5% image)
ppe_fire_smoke_v2,sppe4_00105,helmet,1,"[0.1555, 0.0648, 0.2211, 0.132]",0.00441,Very small object (<0.5% image)
ppe_fire_smoke_v2,sppe4_00105,safety_vest,2,"[0.1203, 0.1984, 0.2297, 0.55]",0.03845,Extreme aspect ratio / pose
ppe_fire_smoke_v2,sppe4_00105,safety_vest,2,"[0.2641, 0.2641, 0.3609, 0.5188]",0.02467,Partial occlusion / industrial lighting
ppe_fire_smoke_v2,sppe4_00105,safety_vest,2,"[0.6547, 0.2773, 0.7516, 0.507]",0.02225,Partial occlusion / industrial lighting
ppe_fire_smoke_v2,sppe4_00105,safety_vest,2,"[0.3883, 0.2992, 0.4742, 0.4992]",0.01719,Small distant object (0.5%-2% image)
ppe_fire_smoke_v2,sppe4_00105,safety_vest,2,"[0.5039, 0.3578, 0.6039, 0.5797]",0.02219,Partial occlusion / industrial lighting
ppe_fire_smoke_v2,sppe4_00105,safety_vest,2,"[0.8187, 0.4125, 0.9109, 0.6813]",0.02478,Partial occlusion / industrial lighting
ppe_fire_smoke_v2,sppe4_00109,helmet,1,"[0.3352, 0.1352, 0.4664, 0.1945]",0.00779,Small distant object (0.5%-2% image)
ppe_fire_smoke_v2,sppe4_00109,safety_footwear,4,"[0.3242, 0.5867, 0.3945, 0.7023]",0.00813,Small distant object (0.5%-2% image)
ppe_fire_smoke_v2,sppe4_00109,safety_footwear,4,"[0.4469, 0.5797, 0.55, 0.6953]",0.01192,Small distant object (0.5%-2% image)
ppe_fire_smoke_v2,sppe4_00112,safety_vest,2,"[0.4328, 0.2766, 0.6016, 0.5922]",0.05326,Partial occlusion / industrial lighting
ppe_fire_smoke_v2,sppe4_00112,safety_footwear,4,"[0.475, 0.8625, 0.5234, 0.9672]",0.00507,Small distant object (0.5%-2% image)
ppe_fire_smoke_v2,sppe4_00112,safety_footwear,4,"[0.5328, 0.8703, 0.5984, 0.9719]",0.00667,Small distant object (0.5%-2% image)
ppe_fire_smoke_v2,sppe4_00117,helmet,1,"[0.3531, 0.0, 0.8891, 0.3531]",0.18925,Edge clipped / camera boundary
ppe_fire_smoke_v2,sppe4_00117,safety_vest,2,"[0.4797, 0.675, 0.8953, 1.0]",0.13508,Edge clipped / camera boundary
ppe_fire_smoke_v2,sppe4_00119,helmet,1,"[0.4711, 0.2297, 0.5648, 0.2656]",0.00337,Very small object (<0.5% image)
ppe_fire_smoke_v2,sppe4_00119,safety_footwear,4,"[0.4719, 0.4938, 0.525, 0.5719]",0.00415,Very small object (<0.5% image)
ppe_fire_smoke_v2,sppe4_00119,safety_footwear,4,"[0.5141, 0.4844, 0.5578, 0.5453]",0.00267,Very small object (<0.5% image)
ppe_fire_smoke_v2,sppe4_00134,helmet,1,"[0.3875, 0.1258, 0.5297, 0.1898]",0.00911,Small distant object (0.5%-2% image)
ppe_fire_smoke_v2,sppe4_00134,gloves,3,"[0.3086, 0.4336, 0.3945, 0.5289]",0.00819,Small distant object (0.5%-2% image)
ppe_fire_smoke_v2,sppe4_00134,gloves,3,"[0.5672, 0.4266, 0.6406, 0.5234]",0.00711,Small distant object (0.5%-2% image)
ppe_fire_smoke_v2,sppe4_00134,safety_footwear,4,"[0.3719, 0.5906, 0.4531, 0.7094]",0.00965,Small distant object (0.5%-2% image)
ppe_fire_smoke_v2,sppe4_00134,safety_footwear,4,"[0.4977, 0.5875, 0.6086, 0.7016]",0.01265,Small distant object (0.5%-2% image)
ppe_fire_smoke_v2,sppe4_00137,helmet,1,"[0.4078, 0.5094, 0.5047, 0.6203]",0.01075,Small distant object (0.5%-2% image)
ppe_fire_smoke_v2,sppe4_00137,safety_vest,2,"[0.3609, 0.2906, 0.5312, 0.6141]",0.05509,Partial occlusion / industrial lighting
ppe_fire_smoke_v2,sppe4_00137,safety_footwear,4,"[0.4188, 0.875, 0.4672, 0.9812]",0.00515,Small distant object (0.5%-2% image)
ppe_fire_smoke_v2,sppe4_00137,safety_footwear,4,"[0.4688, 0.875, 0.5328, 0.9891]",0.00731,Small distant object (0.5%-2% image)
ppe_fire_smoke_v2,sppe4_00139,helmet,1,"[0.525, 0.0203, 0.6828, 0.3391]",0.0503,Partial occlusion / industrial lighting
ppe_fire_smoke_v2,sppe4_00139,safety_vest,2,"[0.4891, 0.1031, 0.7625, 0.45]",0.09485,Partial occlusion / industrial lighting
ppe_fire_smoke_v2,sppe4_00139,safety_footwear,4,"[0.3656, 0.6641, 0.5172, 0.9688]",0.04618,Partial occlusion / industrial lighting
ppe_fire_smoke_v2,sppe4_00139,safety_footwear,4,"[0.7672, 0.6234, 0.9563, 0.9984]",0.0709,Edge clipped / camera boundary
ppe_fire_smoke_v2,sppe4_00140,helmet,1,"[0.4484, 0.1312, 0.5609, 0.1844]",0.00598,Small distant object (0.5%-2% image)
ppe_fire_smoke_v2,sppe4_00140,safety_vest,2,"[0.3938, 0.2109, 0.5531, 0.3703]",0.0254,Partial occlusion / industrial lighting
ppe_fire_smoke_v2,sppe4_00140,safety_footwear,4,"[0.4, 0.4813, 0.4562, 0.5766]",0.00536,Small distant object (0.5%-2% image)
ppe_fire_smoke_v2,sppe4_00140,safety_footwear,4,"[0.4523, 0.4766, 0.5586, 0.5562]",0.00847,Small distant object (0.5%-2% image)
ppe_fire_smoke_v2,sppe4_00149,helmet,1,"[0.5539, 0.2789, 0.6445, 0.3914]",0.0102,Small distant object (0.5%-2% image)
ppe_fire_smoke_v2,sppe4_00150,helmet,1,"[0.4609, 0.1023, 0.6406, 0.1898]",0.01572,Small distant object (0.5%-2% image)
ppe_fire_smoke_v2,sppe4_00150,safety_vest,2,"[0.4125, 0.2516, 0.6844, 0.5172]",0.07222,Partial occlusion / industrial lighting
ppe_fire_smoke_v2,sppe4_00150,gloves,3,"[0.3727, 0.4781, 0.4352, 0.5734]",0.00596,Small distant object (0.5%-2% image)
ppe_fire_smoke_v2,sppe4_00150,safety_footwear,4,"[0.5586, 0.7016, 0.6727, 0.8516]",0.01711,Small distant object (0.5%-2% image)
ppe_fire_smoke_v2,sppe4_00150,safety_footwear,4,"[0.3969, 0.6766, 0.5531, 0.8094]",0.02075,Partial occlusion / industrial lighting
ppe_fire_smoke_v2,sppe4_00152,helmet,1,"[0.3312, 0.1375, 0.4188, 0.2141]",0.0067,Small distant object (0.5%-2% image)
ppe_fire_smoke_v2,sppe4_00152,safety_footwear,4,"[0.3625, 0.8609, 0.4188, 0.9516]",0.0051,Small distant object (0.5%-2% image)
ppe_fire_smoke_v2,sppe4_00152,safety_footwear,4,"[0.4219, 0.8578, 0.4828, 0.9484]",0.00552,Small distant object (0.5%-2% image)
ppe_fire_smoke_v2,sppe4_00155,helmet,1,"[0.3766, 0.0352, 0.6078, 0.132]",0.0224,Partial occlusion / industrial lighting
ppe_fire_smoke_v2,sppe4_00155,safety_vest,2,"[0.4, 0.2094, 0.6922, 0.5109]",0.08811,Partial occlusion / industrial lighting
ppe_fire_smoke_v2,sppe4_00155,safety_footwear,4,"[0.4, 0.6953, 0.5359, 0.8609]",0.02251,Partial occlusion / industrial lighting
ppe_fire_smoke_v2,sppe4_00155,safety_footwear,4,"[0.5531, 0.6719, 0.7281, 0.8219]",0.02625,Partial occlusion / industrial lighting
ppe_fire_smoke_v2,sppe4_00164,safety_vest,2,"[0.3516, 0.1969, 0.6156, 0.6281]",0.11388,Partial occlusion / industrial lighting
ppe_fire_smoke_v2,sppe4_00164,safety_vest,2,"[0.6922, 0.2125, 0.9625, 0.6562]",0.11995,Partial occlusion / industrial lighting
ppe_fire_smoke_v2,sppe4_00164,safety_vest,2,"[0.0742, 0.218, 0.2758, 0.5555]",0.06803,Partial occlusion / industrial lighting
ppe_fire_smoke_v2,sppe4_00164,safety_footwear,4,"[0.2344, 0.7164, 0.3125, 0.8164]",0.00781,Small distant object (0.5%-2% image)
ppe_fire_smoke_v2,sppe4_00167,helmet,1,"[0.4209, 0.1953, 0.498, 0.2695]",0.00573,Small distant object (0.5%-2% image)
ppe_fire_smoke_v2,sppe4_00167,helmet,1,"[0.4, 0.1906, 0.5312, 0.3563]",0.02174,Partial occlusion / industrial lighting
ppe_fire_smoke_v2,sppe4_00167,safety_vest,2,"[0.3812, 0.4125, 0.5672, 0.6188]",0.03835,Partial occlusion / industrial lighting
ppe_fire_smoke_v2,sppe4_00167,gloves,3,"[0.6172, 0.25, 0.6738, 0.3486]",0.00559,Small distant object (0.5%-2% image)
ppe_fire_smoke_v2,sppe4_00167,gloves,3,"[0.2441, 0.2676, 0.3027, 0.3623]",0.00555,Small distant object (0.5%-2% image)
ppe_fire_smoke_v2,sppe4_00167,safety_footwear,4,"[0.3875, 0.8547, 0.4594, 0.9578]",0.00741,Small distant object (0.5%-2% image)
ppe_fire_smoke_v2,sppe4_00167,safety_footwear,4,"[0.4656, 0.8688, 0.5344, 0.9562]",0.00602,Small distant object (0.5%-2% image)
ppe_fire_smoke_v2,sppe4_00174,helmet,1,"[0.5164, 0.0, 0.857, 0.4813]",0.16393,Edge clipped / camera boundary
ppe_fire_smoke_v2,sppe4_00182,safety_vest,2,"[0.3406, 0.4836, 0.7156, 0.9977]",0.19277,Edge clipped / camera boundary
ppe_fire_smoke_v2,sppe4_00183,helmet,1,"[0.1836, 0.5203, 0.3414, 0.5844]",0.01011,Small distant object (0.5%-2% image)
ppe_fire_smoke_v2,sppe4_00183,helmet,1,"[0.1156, 0.0211, 0.3047, 0.093]",0.01359,Small distant object (0.5%-2% image)
ppe_fire_smoke_v2,sppe4_00183,safety_vest,2,"[0.6047, 0.1414, 0.8859, 0.4227]",0.0791,Partial occlusion / industrial lighting
ppe_fire_smoke_v2,sppe4_00183,safety_vest,2,"[0.1281, 0.1422, 0.4156, 0.4531]",0.08939,Partial occlusion / industrial lighting
ppe_fire_smoke_v2,sppe4_00183,safety_vest,2,"[0.593, 0.6328, 0.8836, 0.9109]",0.08083,Partial occlusion / industrial lighting
ppe_fire_smoke_v2,sppe4_00183,safety_vest,2,"[0.0859, 0.6492, 0.3906, 0.9445]",0.08998,Partial occlusion / industrial lighting
ppe_fire_smoke_v2,sppe4_00197,safety_vest,2,"[0.4719, 0.2359, 0.7641, 0.5266]",0.08492,Partial occlusion / industrial lighting
ppe_fire_smoke_v2,sppe4_00197,safety_footwear,4,"[0.5133, 0.725, 0.7445, 0.8688]",0.03324,Partial occlusion / industrial lighting
ppe_fire_smoke_v2,sppe4_00197,safety_footwear,4,"[0.4844, 0.6547, 0.6687, 0.8]",0.02679,Partial occlusion / industrial lighting
ppe_fire_smoke_v2,sppe4_00205,helmet,1,"[0.1898, 0.2414, 0.2633, 0.3086]",0.00493,Very small object (<0.5% image)
ppe_fire_smoke_v2,sppe4_00205,helmet,1,"[0.5445, 0.2469, 0.6117, 0.3]",0.00357,Very small object (<0.5% image)
ppe_fire_smoke_v2,sppe4_00205,helmet,1,"[0.7664, 0.2625, 0.8398, 0.3203]",0.00425,Very small object (<0.5% image)
ppe_fire_smoke_v2,sppe4_00205,helmet,1,"[0.4164, 0.2734, 0.4898, 0.325]",0.00379,Very small object (<0.5% image)
ppe_fire_smoke_v2,sppe4_00205,helmet,1,"[0.3445, 0.2805, 0.407, 0.3336]",0.00332,Very small object (<0.5% image)
ppe_fire_smoke_v2,sppe4_00208,helmet,1,"[0.5641, 0.0703, 0.8203, 0.3766]",0.07848,Partial occlusion / industrial lighting
ppe_fire_smoke_v2,sppe4_00213,safety_vest,2,"[0.3094, 0.5492, 0.3719, 0.5961]",0.00293,Very small object (<0.5% image)
ppe_fire_smoke_v2,sppe4_00213,safety_vest,2,"[0.3148, 0.593, 0.3539, 0.6789]",0.00336,Very small object (<0.5% image)
ppe_fire_smoke_v2,sppe4_00217,helmet,1,"[0.4836, 0.2695, 0.6039, 0.3383]",0.00827,Small distant object (0.5%-2% image)
ppe_fire_smoke_v2,sppe4_00217,safety_vest,2,"[0.4273, 0.3656, 0.6227, 0.5312]",0.03235,Partial occlusion / industrial lighting
ppe_fire_smoke_v2,sppe4_00217,gloves,3,"[0.3695, 0.5273, 0.4258, 0.5852]",0.00325,Very small object (<0.5% image)
ppe_fire_smoke_v2,sppe4_00217,gloves,3,"[0.6477, 0.5289, 0.6883, 0.5883]",0.00241,Very small object (<0.5% image)
ppe_fire_smoke_v2,sppe4_00217,safety_footwear,4,"[0.5141, 0.6578, 0.5891, 0.7703]",0.00844,Small distant object (0.5%-2% image)
ppe_fire_smoke_v2,sppe4_00217,safety_footwear,4,"[0.3805, 0.6547, 0.4773, 0.7359]",0.00787,Small distant object (0.5%-2% image)
ppe_fire_smoke_v2,sppe4_00239,helmet,1,"[0.4469, 0.4125, 0.4906, 0.4797]",0.00294,Very small object (<0.5% image)
ppe_fire_smoke_v2,sppe4_00239,safety_vest,2,"[0.5078, 0.3953, 0.6375, 0.475]",0.01033,Small distant object (0.5%-2% image)
ppe_fire_smoke_v2,sppe4_00239,safety_footwear,4,"[0.7516, 0.45, 0.7812, 0.5172]",0.00199,Very small object (<0.5% image)
ppe_fire_smoke_v2,sppe4_00239,safety_footwear,4,"[0.7469, 0.3828, 0.7797, 0.45]",0.0022,Very small object (<0.5% image)
ppe_fire_smoke_v2,sppe4_00247,helmet,1,"[0.4102, 0.1234, 0.5477, 0.1844]",0.00838,Small distant object (0.5%-2% image)
ppe_fire_smoke_v2,sppe4_00247,gloves,3,"[0.3266, 0.4422, 0.4141, 0.5313]",0.00779,Small distant object (0.5%-2% image)
ppe_fire_smoke_v2,sppe4_00247,gloves,3,"[0.5898, 0.4266, 0.6742, 0.5016]",0.00633,Small distant object (0.5%-2% image)
ppe_fire_smoke_v2,sppe4_00247,safety_footwear,4,"[0.3891, 0.5969, 0.4672, 0.7172]",0.0094,Small distant object (0.5%-2% image)
ppe_fire_smoke_v2,sppe4_00247,safety_footwear,4,"[0.5195, 0.5891, 0.6367, 0.7047]",0.01355,Small distant object (0.5%-2% image)
ppe_fire_smoke_v2,sppe4_00276,helmet,1,"[0.3203, 0.1547, 0.3937, 0.2328]",0.00574,Small distant object (0.5%-2% image)
ppe_fire_smoke_v2,sppe4_00276,gloves,3,"[0.1539, 0.1414, 0.2336, 0.2914]",0.01195,Small distant object (0.5%-2% image)
ppe_fire_smoke_v2,sppe4_00276,gloves,3,"[0.4625, 0.1367, 0.55, 0.2758]",0.01217,Small distant object (0.5%-2% image)
ppe_fire_smoke_v2,sppe4_00276,safety_footwear,4,"[0.3531, 0.8359, 0.3953, 0.9141]",0.0033,Very small object (<0.5% image)
ppe_fire_smoke_v2,sppe4_00276,safety_footwear,4,"[0.4016, 0.8359, 0.4437, 0.9125]",0.00323,Very small object (<0.5% image)
ppe_fire_smoke_v2,sppe4_00283,safety_vest,2,"[0.3578, 0.2719, 0.6547, 0.8609]",0.17488,Partial occlusion / industrial lighting
ppe_fire_smoke_v2,sppe4_00284,safety_vest,2,"[0.3563, 0.2219, 0.6469, 0.5063]",0.08265,Partial occlusion / industrial lighting
ppe_fire_smoke_v2,sppe4_00284,safety_footwear,4,"[0.5219, 0.6672, 0.6859, 0.8156]",0.02435,Partial occlusion / industrial lighting
ppe_fire_smoke_v2,sppe4_00284,safety_footwear,4,"[0.3773, 0.6875, 0.4977, 0.8453]",0.01899,Small distant object (0.5%-2% image)
ppe_fire_smoke_v2,sppe4_00297,helmet,1,"[0.3484, 0.1484, 0.4328, 0.2188]",0.00593,Small distant object (0.5%-2% image)
ppe_fire_smoke_v2,sppe4_00297,gloves,3,"[0.0922, 0.2938, 0.2141, 0.4359]",0.01733,Small distant object (0.5%-2% image)
ppe_fire_smoke_v2,sppe4_00297,gloves,3,"[0.5914, 0.2648, 0.6977, 0.4008]",0.01444,Small distant object (0.5%-2% image)
ppe_fire_smoke_v2,sppe4_00297,safety_footwear,4,"[0.3516, 0.8578, 0.4187, 0.9297]",0.00483,Very small object (<0.5% image)
ppe_fire_smoke_v2,sppe4_00297,safety_footwear,4,"[0.4219, 0.8578, 0.4766, 0.9266]",0.00376,Very small object (<0.5% image)
ppe_fire_smoke_v2,sppe4_00300,safety_vest,2,"[0.6375, 0.3484, 0.8766, 0.8406]",0.11766,Partial occlusion / industrial lighting
ppe_fire_smoke_v2,sppe4_00300,safety_vest,2,"[0.3984, 0.5016, 0.6297, 0.9938]",0.11382,Edge clipped / camera boundary
ppe_fire_smoke_v2,sppe4_00310,helmet,1,"[0.1906, 0.3328, 0.275, 0.5062]",0.01463,Small distant object (0.5%-2% image)
ppe_fire_smoke_v2,sppe4_00310,safety_vest,2,"[0.3359, 0.3078, 0.6203, 0.5]",0.05465,Partial occlusion / industrial lighting
ppe_fire_smoke_v2,sppe4_00310,safety_footwear,4,"[0.8562, 0.3984, 0.9516, 0.5609]",0.01549,Small distant object (0.5%-2% image)
ppe_fire_smoke_v2,sppe4_00310,safety_footwear,4,"[0.8156, 0.2359, 0.8953, 0.3984]",0.01295,Small distant object (0.5%-2% image)
ppe_fire_smoke_v2,sppe4_00318,safety_vest,2,"[0.2477, 0.1648, 0.3992, 0.4711]",0.04642,Partial occlusion / industrial lighting
ppe_fire_smoke_v2,sppe4_00318,safety_vest,2,"[0.3992, 0.2281, 0.5008, 0.4625]",0.0238,Partial occlusion / industrial lighting
ppe_fire_smoke_v2,sppe4_00341,safety_vest,2,"[0.3695, 0.1844, 0.6727, 0.4578]",0.08289,Partial occlusion / industrial lighting
ppe_fire_smoke_v2,sppe4_00341,safety_footwear,4,"[0.4359, 0.6234, 0.5563, 0.7734]",0.01805,Small distant object (0.5%-2% image)
ppe_fire_smoke_v2,sppe4_00341,safety_footwear,4,"[0.5977, 0.6609, 0.7273, 0.8313]",0.02209,Partial occlusion / industrial lighting
ppe_fire_smoke_v2,sppe4_00343,helmet,1,"[0.3992, 0.3961, 0.4227, 0.4305]",0.00081,Very small object (<0.5% image)
ppe_fire_smoke_v2,sppe4_00343,helmet,1,"[0.5859, 0.3953, 0.6109, 0.4359]",0.00102,Very small object (<0.5% image)
ppe_fire_smoke_v2,sppe4_00343,safety_vest,2,"[0.3352, 0.3859, 0.3727, 0.4891]",0.00387,Very small object (<0.5% image)
ppe_fire_smoke_v2,sppe4_00343,safety_vest,2,"[0.5984, 0.4188, 0.6484, 0.4875]",0.00344,Very small object (<0.5% image)
ppe_fire_smoke_v2,sppe4_00343,safety_vest,2,"[0.382, 0.4188, 0.4117, 0.4984]",0.00237,Very small object (<0.5% image)
ppe_fire_smoke_v2,sppe4_00349,helmet,1,"[0.4469, 0.1336, 0.5594, 0.1805]",0.00527,Small distant object (0.5%-2% image)
ppe_fire_smoke_v2,sppe4_00349,safety_vest,2,"[0.3922, 0.2094, 0.5641, 0.3656]",0.02686,Partial occlusion / industrial lighting
ppe_fire_smoke_v2,sppe4_00349,safety_footwear,4,"[0.4547, 0.4734, 0.5641, 0.5609]",0.00957,Small distant object (0.5%-2% image)
ppe_fire_smoke_v2,sppe4_00349,safety_footwear,4,"[0.3828, 0.4719, 0.4422, 0.5547]",0.00492,Very small object (<0.5% image)
ppe_fire_smoke_v2,sppe4_00355,safety_vest,2,"[0.35, 0.2875, 0.5219, 0.6016]",0.05398,Partial occlusion / industrial lighting
ppe_fire_smoke_v2,sppe4_00355,safety_footwear,4,"[0.4188, 0.8766, 0.4656, 0.9781]",0.00476,Very small object (<0.5% image)
ppe_fire_smoke_v2,sppe4_00355,safety_footwear,4,"[0.4641, 0.8859, 0.5297, 0.9906]",0.00687,Small distant object (0.5%-2% image)
ppe_fire_smoke_v2,sppe4_00359,helmet,1,"[0.4703, 0.2336, 0.5547, 0.2664]",0.00277,Very small object (<0.5% image)
ppe_fire_smoke_v2,sppe4_00359,safety_vest,2,"[0.4555, 0.2906, 0.5695, 0.3969]",0.01212,Small distant object (0.5%-2% image)
ppe_fire_smoke_v2,sppe4_00359,gloves,3,"[0.4187, 0.3766, 0.5, 0.4453]",0.00559,Small distant object (0.5%-2% image)
ppe_fire_smoke_v2,sppe4_00359,gloves,3,"[0.5648, 0.3688, 0.6383, 0.4234]",0.00402,Very small object (<0.5% image)
ppe_fire_smoke_v2,sppe4_00359,safety_footwear,4,"[0.4555, 0.4672, 0.5023, 0.525]",0.00271,Very small object (<0.5% image)
ppe_fire_smoke_v2,sppe4_00359,safety_footwear,4,"[0.5187, 0.4734, 0.5844, 0.5359]",0.0041,Very small object (<0.5% image)
ppe_fire_smoke_v2,sppe4_00361,helmet,1,"[0.3031, 0.1469, 0.3859, 0.2344]",0.00725,Small distant object (0.5%-2% image)
ppe_fire_smoke_v2,sppe4_00361,safety_vest,2,"[0.2906, 0.2844, 0.4516, 0.5406]",0.04124,Partial occlusion / industrial lighting
ppe_fire_smoke_v2,sppe4_00361,safety_footwear,4,"[0.3453, 0.8469, 0.3969, 0.9156]",0.00354,Very small object (<0.5% image)
ppe_fire_smoke_v2,sppe4_00361,safety_footwear,4,"[0.3969, 0.8438, 0.4484, 0.9062]",0.00322,Very small object (<0.5% image)
ppe_fire_smoke_v2,sppe4_00367,helmet,1,"[0.1797, 0.0484, 0.2672, 0.1484]",0.00875,Small distant object (0.5%-2% image)
ppe_fire_smoke_v2,sppe4_00367,safety_vest,2,"[0.1422, 0.2266, 0.2859, 0.5797]",0.05076,Partial occlusion / industrial lighting
ppe_fire_smoke_v2,sppe4_00367,safety_footwear,4,"[0.1516, 0.9453, 0.1875, 1.0]",0.00197,Very small object (<0.5% image)
ppe_fire_smoke_v2,sppe4_00367,safety_footwear,4,"[0.2109, 0.8656, 0.2859, 0.9578]",0.00691,Small distant object (0.5%-2% image)
ppe_fire_smoke_v2,sppe4_00367,safety_footwear,4,"[0.4578, 0.9125, 0.525, 1.0]",0.00588,Small distant object (0.5%-2% image)
ppe_fire_smoke_v2,sppe4_00408,safety_vest,2,"[0.3141, 0.3016, 0.8375, 0.8578]",0.29116,Partial occlusion / industrial lighting
ppe_fire_smoke_v1,dfire_00000,fire,5,"[0.4484, 0.5125, 0.4703, 0.5422]",0.00065,Very small object (<0.5% image)
ppe_fire_smoke_v1,dfire_00000,fire,5,"[0.3938, 0.4055, 0.4906, 0.5055]",0.00969,Small distant object (0.5%-2% image)
ppe_fire_smoke_v1,dfire_00000,fire,5,"[0.3516, 0.468, 0.3844, 0.493]",0.00082,Very small object (<0.5% image)
ppe_fire_smoke_v1,dfire_00000,fire,5,"[0.418, 0.507, 0.4367, 0.5383]",0.00059,Very small object (<0.5% image)
ppe_fire_smoke_v1,dfire_00000,smoke,6,"[0.3867, 0.3688, 0.4898, 0.4047]",0.00371,Very small object (<0.5% image)
ppe_fire_smoke_v1,dfire_00000,smoke,6,"[0.2672, 0.3687, 0.3875, 0.4594]",0.0109,Small distant object (0.5%-2% image)
ppe_fire_smoke_v1,dfire_00006,fire,5,"[0.3063, 0.3625, 0.5859, 0.5734]",0.059,Low-contrast particulate / plume
ppe_fire_smoke_v1,dfire_00013,smoke,6,"[0.6094, 0.4312, 0.6609, 0.4953]",0.0033,Very small object (<0.5% image)
ppe_fire_smoke_v1,dfire_00014,smoke,6,"[0.5062, 0.45, 0.6547, 0.5172]",0.00997,Small distant object (0.5%-2% image)
ppe_fire_smoke_v1,dfire_00021,fire,5,"[0.575, 0.3086, 0.5953, 0.343]",0.0007,Very small object (<0.5% image)
ppe_fire_smoke_v1,dfire_00021,fire,5,"[0.3828, 0.55, 0.6953, 0.6953]",0.04541,Low-contrast particulate / plume
ppe_fire_smoke_v1,dfire_00030,smoke,6,"[0.6125, 0.4688, 0.6953, 0.5047]",0.00298,Very small object (<0.5% image)
ppe_fire_smoke_v1,dfire_00031,smoke,6,"[0.7031, 0.4594, 0.8078, 0.6141]",0.01619,Small distant object (0.5%-2% image)
ppe_fire_smoke_v1,dfire_00036,smoke,6,"[0.2078, 0.4437, 0.5, 0.5172]",0.02146,Extreme aspect ratio / pose
ppe_fire_smoke_v1,dfire_00038,fire,5,"[0.3062, 0.4516, 0.5578, 0.6734]",0.05582,Low-contrast particulate / plume
ppe_fire_smoke_v1,dfire_00053,smoke,6,"[0.5687, 0.3406, 0.6922, 0.4406]",0.01234,Small distant object (0.5%-2% image)
ppe_fire_smoke_v1,dfire_00053,smoke,6,"[0.1859, 0.3469, 0.3469, 0.4547]",0.01735,Small distant object (0.5%-2% image)
ppe_fire_smoke_v1,dfire_00059,fire,5,"[0.4031, 0.3727, 0.4609, 0.4273]",0.00316,Very small object (<0.5% image)
ppe_fire_smoke_v1,dfire_00059,fire,5,"[0.4336, 0.4187, 0.5602, 0.4844]",0.00831,Small distant object (0.5%-2% image)
ppe_fire_smoke_v1,dfire_00059,fire,5,"[0.3844, 0.4492, 0.4328, 0.4898]",0.00197,Very small object (<0.5% image)
ppe_fire_smoke_v1,dfire_00059,fire,5,"[0.3352, 0.4578, 0.3664, 0.4859]",0.00088,Very small object (<0.5% image)
ppe_fire_smoke_v1,dfire_00059,smoke,6,"[0.3281, 0.3734, 0.4031, 0.4547]",0.00609,Small distant object (0.5%-2% image)
ppe_fire_smoke_v1,dfire_00059,smoke,6,"[0.2594, 0.3727, 0.3281, 0.5195]",0.0101,Small distant object (0.5%-2% image)
ppe_fire_smoke_v1,dfire_00065,smoke,6,"[0.2875, 0.3852, 0.5281, 0.6414]",0.06166,Low-contrast particulate / plume
ppe_fire_smoke_v1,dfire_00075,fire,5,"[0.2758, 0.3797, 0.5602, 0.6203]",0.06843,Low-contrast particulate / plume
ppe_fire_smoke_v1,dfire_00093,fire,5,"[0.5187, 0.4445, 0.6188, 0.5117]",0.00672,Small distant object (0.5%-2% image)
ppe_fire_smoke_v1,dfire_00093,fire,5,"[0.4867, 0.4859, 0.5227, 0.5234]",0.00135,Very small object (<0.5% image)
ppe_fire_smoke_v1,dfire_00103,fire,5,"[0.3109, 0.5312, 0.3406, 0.575]",0.0013,Very small object (<0.5% image)
ppe_fire_smoke_v1,dfire_00103,fire,5,"[0.3742, 0.45, 0.568, 0.6734]",0.04329,Low-contrast particulate / plume
ppe_fire_smoke_v1,dfire_00103,fire,5,"[0.6586, 0.5836, 0.6914, 0.6195]",0.00118,Very small object (<0.5% image)
ppe_fire_smoke_v1,dfire_00103,fire,5,"[0.5906, 0.6305, 0.6281, 0.6758]",0.0017,Very small object (<0.5% image)
ppe_fire_smoke_v1,dfire_00103,smoke,6,"[0.3219, 0.307, 0.4922, 0.443]",0.02315,Low-contrast particulate / plume
ppe_fire_smoke_v1,dfire_00103,smoke,6,"[0.6281, 0.3219, 0.6937, 0.4812]",0.01046,Small distant object (0.5%-2% image)
ppe_fire_smoke_v1,dfire_00106,fire,5,"[0.3953, 0.5328, 0.4125, 0.5437]",0.00019,Very small object (<0.5% image)
ppe_fire_smoke_v1,dfire_00106,fire,5,"[0.7266, 0.4156, 0.7344, 0.4281]",0.0001,Very small object (<0.5% image)
ppe_fire_smoke_v1,dfire_00106,fire,5,"[0.368, 0.3688, 0.6961, 0.5125]",0.04717,Low-contrast particulate / plume
ppe_fire_smoke_v1,dfire_00108,fire,5,"[0.4664, 0.5172, 0.5148, 0.5766]",0.00288,Very small object (<0.5% image)
ppe_fire_smoke_v1,dfire_00116,smoke,6,"[0.5461, 0.3578, 0.7117, 0.4516]",0.01553,Small distant object (0.5%-2% image)
ppe_fire_smoke_v1,dfire_00116,smoke,6,"[0.2859, 0.3586, 0.4672, 0.4664]",0.01954,Small distant object (0.5%-2% image)
ppe_fire_smoke_v1,dfire_00116,smoke,6,"[0.6219, 0.4547, 0.7125, 0.4953]",0.00368,Very small object (<0.5% image)
ppe_fire_smoke_v1,dfire_00116,smoke,6,"[0.4703, 0.3578, 0.5437, 0.3859]",0.00207,Very small object (<0.5% image)
ppe_fire_smoke_v1,dfire_00116,smoke,6,"[0.2859, 0.4688, 0.4297, 0.5]",0.00449,Very small object (<0.5% image)
ppe_fire_smoke_v1,dfire_00122,smoke,6,"[0.3359, 0.4289, 0.5953, 0.5117]",0.02148,Extreme aspect ratio / pose
ppe_fire_smoke_v1,dfire_00124,smoke,6,"[0.4211, 0.3586, 0.543, 0.4836]",0.01523,Small distant object (0.5%-2% image)
ppe_fire_smoke_v1,dfire_00130,smoke,6,"[0.4945, 0.357, 0.6523, 0.4773]",0.01899,Small distant object (0.5%-2% image)
ppe_fire_smoke_v1,dfire_00141,smoke,6,"[0.2891, 0.4453, 0.3328, 0.4859]",0.00178,Very small object (<0.5% image)
ppe_fire_smoke_v1,dfire_00142,smoke,6,"[0.5461, 0.3875, 0.657, 0.4937]",0.01179,Small distant object (0.5%-2% image)
ppe_fire_smoke_v1,dfire_00143,fire,5,"[0.3062, 0.3063, 0.6953, 0.6937]",0.15076,Low-contrast particulate / plume
ppe_fire_smoke_v1,dfire_00145,smoke,6,"[0.0906, 0.3844, 0.5188, 0.5266]",0.06087,Low-contrast particulate / plume
ppe_fire_smoke_v1,dfire_00154,fire,5,"[0.4938, 0.4203, 0.6813, 0.6938]",0.05127,Low-contrast particulate / plume
ppe_fire_smoke_v1,dfire_00154,fire,5,"[0.3047, 0.4484, 0.4344, 0.6938]",0.03181,Low-contrast particulate / plume
ppe_fire_smoke_v1,dfire_00156,fire,5,"[0.3047, 0.3047, 0.6609, 0.6531]",0.12413,Low-contrast particulate / plume
ppe_fire_smoke_v1,dfire_00161,smoke,6,"[0.3581, 0.4751, 0.5913, 0.6291]",0.03592,Low-contrast particulate / plume
ppe_fire_smoke_v1,dfire_00162,fire,5,"[0.3711, 0.5461, 0.4039, 0.5836]",0.00123,Very small object (<0.5% image)
ppe_fire_smoke_v1,dfire_00162,fire,5,"[0.4172, 0.5477, 0.4406, 0.5852]",0.00088,Very small object (<0.5% image)
ppe_fire_smoke_v1,dfire_00162,fire,5,"[0.3242, 0.5484, 0.3617, 0.5844]",0.00135,Very small object (<0.5% image)
ppe_fire_smoke_v1,dfire_00162,fire,5,"[0.4508, 0.5508, 0.468, 0.5883]",0.00064,Very small object (<0.5% image)
ppe_fire_smoke_v1,dfire_00162,fire,5,"[0.5234, 0.5484, 0.5641, 0.5969]",0.00197,Very small object (<0.5% image)
ppe_fire_smoke_v1,dfire_00162,fire,5,"[0.4844, 0.5531, 0.5172, 0.5953]",0.00138,Very small object (<0.5% image)
ppe_fire_smoke_v1,dfire_00162,fire,5,"[0.4543, 0.3404, 0.5304, 0.4935]",0.01164,Small distant object (0.5%-2% image)
ppe_fire_smoke_v1,dfire_00162,fire,5,"[0.3289, 0.4086, 0.4664, 0.5414]",0.01826,Small distant object (0.5%-2% image)
ppe_fire_smoke_v1,dfire_00175,fire,5,"[0.3625, 0.5648, 0.425, 0.6086]",0.00273,Very small object (<0.5% image)
ppe_fire_smoke_v1,dfire_00175,smoke,6,"[0.2656, 0.5133, 0.3625, 0.607]",0.00908,Small distant object (0.5%-2% image)
ppe_fire_smoke_v1,dfire_00175,smoke,6,"[0.5094, 0.5164, 0.6156, 0.607]",0.00963,Small distant object (0.5%-2% image)
ppe_fire_smoke_v1,dfire_00175,smoke,6,"[0.3391, 0.3766, 0.4875, 0.4797]",0.01531,Small distant object (0.5%-2% image)
ppe_fire_smoke_v1,dfire_00176,smoke,6,"[0.0047, 0.1375, 0.9984, 0.4328]",0.29347,Edge clipped / camera boundary
ppe_fire_smoke_v1,dfire_00193,smoke,6,"[0.2992, 0.3719, 0.6992, 0.5594]",0.075,Low-contrast particulate / plume
ppe_fire_smoke_v1,dfire_00194,smoke,6,"[0.0016, 0.6375, 0.0422, 0.8031]",0.00673,Small distant object (0.5%-2% image)
ppe_fire_smoke_v1,dfire_00194,smoke,6,"[0.1375, 0.7211, 0.2359, 0.8695]",0.01461,Small distant object (0.5%-2% image)
ppe_fire_smoke_v1,dfire_00204,smoke,6,"[0.1453, 0.4344, 0.3281, 0.5063]",0.01314,Small distant object (0.5%-2% image)
ppe_fire_smoke_v1,dfire_00211,smoke,6,"[0.4469, 0.5656, 0.5594, 0.6297]",0.00721,Small distant object (0.5%-2% image)
ppe_fire_smoke_v1,dfire_00211,smoke,6,"[0.4641, 0.3688, 0.6172, 0.5]",0.0201,Low-contrast particulate / plume
ppe_fire_smoke_v1,dfire_00211,smoke,6,"[0.6328, 0.3687, 0.7328, 0.3953]",0.00266,Very small object (<0.5% image)
ppe_fire_smoke_v1,dfire_00212,fire,5,"[0.282, 0.4281, 0.3305, 0.4828]",0.00265,Very small object (<0.5% image)
ppe_fire_smoke_v1,dfire_00212,fire,5,"[0.6445, 0.4648, 0.6664, 0.4961]",0.00068,Very small object (<0.5% image)
ppe_fire_smoke_v1,dfire_00212,fire,5,"[0.3398, 0.4813, 0.3961, 0.5047]",0.00132,Very small object (<0.5% image)
ppe_fire_smoke_v1,dfire_00212,smoke,6,"[0.3359, 0.3711, 0.7391, 0.4258]",0.02205,Extreme aspect ratio / pose
ppe_fire_smoke_v1,dfire_00212,smoke,6,"[0.4148, 0.4273, 0.4633, 0.4945]",0.00325,Very small object (<0.5% image)
ppe_fire_smoke_v1,dfire_00240,fire,5,"[0.4328, 0.4734, 0.4625, 0.5125]",0.00116,Very small object (<0.5% image)
ppe_fire_smoke_v1,dfire_00240,smoke,6,"[0.3789, 0.3586, 0.4555, 0.3945]",0.00275,Very small object (<0.5% image)
ppe_fire_smoke_v1,dfire_00240,smoke,6,"[0.6039, 0.3594, 0.7117, 0.3969]",0.00404,Very small object (<0.5% image)
ppe_fire_smoke_v1,dfire_00240,smoke,6,"[0.6836, 0.3992, 0.7133, 0.4555]",0.00167,Very small object (<0.5% image)
ppe_fire_smoke_v1,dfire_00261,smoke,6,"[0.4289, 0.4195, 0.5695, 0.5133]",0.01318,Small distant object (0.5%-2% image)
ppe_fire_smoke_v1,dfire_00264,fire,5,"[0.3448, 0.307, 0.6572, 0.6953]",0.12129,Low-contrast particulate / plume
ppe_fire_smoke_v1,dfire_00266,fire,5,"[0.4438, 0.4148, 0.6375, 0.5836]",0.0327,Low-contrast particulate / plume
ppe_fire_smoke_v1,dfire_00267,fire,5,"[0.4758, 0.457, 0.4852, 0.4742]",0.00016,Very small object (<0.5% image)
ppe_fire_smoke_v1,dfire_00267,fire,5,"[0.5906, 0.418, 0.6938, 0.5383]",0.01241,Small distant object (0.5%-2% image)
ppe_fire_smoke_v1,dfire_00267,fire,5,"[0.4766, 0.4805, 0.4844, 0.4945]",0.00011,Very small object (<0.5% image)
ppe_fire_smoke_v1,dfire_00267,fire,5,"[0.5266, 0.475, 0.5359, 0.5141]",0.00037,Very small object (<0.5% image)
ppe_fire_smoke_v1,dfire_00267,fire,5,"[0.4445, 0.4781, 0.4555, 0.5141]",0.00039,Very small object (<0.5% image)
ppe_fire_smoke_v1,dfire_00267,fire,5,"[0.3523, 0.4758, 0.4039, 0.5164]",0.00209,Very small object (<0.5% image)
ppe_fire_smoke_v1,dfire_00267,fire,5,"[0.425, 0.4766, 0.4453, 0.5172]",0.00083,Very small object (<0.5% image)
ppe_fire_smoke_v1,dfire_00267,fire,5,"[0.3047, 0.4758, 0.3516, 0.518]",0.00198,Very small object (<0.5% image)
ppe_fire_smoke_v1,dfire_00267,fire,5,"[0.5422, 0.4547, 0.5781, 0.5594]",0.00376,Very small object (<0.5% image)
ppe_fire_smoke_v1,dfire_00267,smoke,6,"[0.2727, 0.5219, 0.3508, 0.6172]",0.00745,Small distant object (0.5%-2% image)
ppe_fire_smoke_v1,dfire_00267,smoke,6,"[0.3875, 0.5844, 0.475, 0.6344]",0.00437,Very small object (<0.5% image)
ppe_fire_smoke_v1,dfire_00267,smoke,6,"[0.3937, 0.4141, 0.5094, 0.4359]",0.00253,Very small object (<0.5% image)
ppe_fire_smoke_v1,dfire_00267,smoke,6,"[0.2977, 0.4516, 0.3539, 0.4719]",0.00114,Very small object (<0.5% image)
ppe_fire_smoke_v1,dfire_00267,smoke,6,"[0.2742, 0.4508, 0.2977, 0.5211]",0.00165,Very small object (<0.5% image)
ppe_fire_smoke_v1,dfire_00269,smoke,6,"[0.2898, 0.4969, 0.3695, 0.5797]",0.0066,Small distant object (0.5%-2% image)
ppe_fire_smoke_v1,dfire_00279,fire,5,"[0.4188, 0.4984, 0.45, 0.5703]",0.00225,Very small object (<0.5% image)
ppe_fire_smoke_v1,dfire_00279,fire,5,"[0.5023, 0.3758, 0.5336, 0.4148]",0.00122,Very small object (<0.5% image)
ppe_fire_smoke_v1,dfire_00279,fire,5,"[0.5172, 0.5141, 0.6656, 0.6156]",0.01508,Small distant object (0.5%-2% image)
ppe_fire_smoke_v1,dfire_00279,fire,5,"[0.3625, 0.5906, 0.3734, 0.6094]",0.00021,Very small object (<0.5% image)
ppe_fire_smoke_v1,dfire_00279,fire,5,"[0.425, 0.6016, 0.4344, 0.6141]",0.00012,Very small object (<0.5% image)
ppe_fire_smoke_v1,dfire_00279,fire,5,"[0.4813, 0.607, 0.4937, 0.618]",0.00014,Very small object (<0.5% image)
ppe_fire_smoke_v1,dfire_00279,fire,5,"[0.4531, 0.6078, 0.4672, 0.6172]",0.00013,Very small object (<0.5% image)
ppe_fire_smoke_v1,dfire_00279,fire,5,"[0.3219, 0.6063, 0.3562, 0.6234]",0.00059,Very small object (<0.5% image)
ppe_fire_smoke_v1,dfire_00279,fire,5,"[0.3719, 0.6141, 0.3781, 0.6219]",5e-05,Very small object (<0.5% image)
ppe_fire_smoke_v1,dfire_00279,fire,5,"[0.3648, 0.3766, 0.4555, 0.4797]",0.00935,Small distant object (0.5%-2% image)
ppe_fire_smoke_v1,dfire_00279,fire,5,"[0.5406, 0.4313, 0.5516, 0.4672]",0.00039,Very small object (<0.5% image)
ppe_fire_smoke_v1,dfire_00279,fire,5,"[0.557, 0.4344, 0.568, 0.4703]",0.00039,Very small object (<0.5% image)
ppe_fire_smoke_v1,dfire_00279,fire,5,"[0.575, 0.4367, 0.5828, 0.4711]",0.00027,Very small object (<0.5% image)
ppe_fire_smoke_v1,dfire_00279,fire,5,"[0.5883, 0.4359, 0.6008, 0.4719]",0.00045,Very small object (<0.5% image)
ppe_fire_smoke_v1,dfire_00279,fire,5,"[0.325, 0.4414, 0.3422, 0.4914]",0.00086,Very small object (<0.5% image)
ppe_fire_smoke_v1,dfire_00279,fire,5,"[0.618, 0.4766, 0.6602, 0.4984]",0.00092,Very small object (<0.5% image)
ppe_fire_smoke_v1,dfire_00279,fire,5,"[0.6727, 0.4813, 0.6836, 0.4969]",0.00017,Very small object (<0.5% image)
ppe_fire_smoke_v1,dfire_00279,fire,5,"[0.7031, 0.4859, 0.7203, 0.5125]",0.00046,Very small object (<0.5% image)
ppe_fire_smoke_v1,dfire_00279,fire,5,"[0.4578, 0.3758, 0.4922, 0.4055]",0.00102,Very small object (<0.5% image)
ppe_fire_smoke_v1,dfire_00279,smoke,6,"[0.2539, 0.5266, 0.3305, 0.6]",0.00562,Small distant object (0.5%-2% image)
ppe_fire_smoke_v1,dfire_00279,smoke,6,"[0.5648, 0.3781, 0.643, 0.4312]",0.00415,Very small object (<0.5% image)
ppe_fire_smoke_v1,dfire_00282,smoke,6,"[0.4617, 0.4766, 0.518, 0.5656]",0.00501,Small distant object (0.5%-2% image)
ppe_fire_smoke_v1,dfire_00289,smoke,6,"[0.6109, 0.4547, 0.75, 0.5156]",0.00847,Small distant object (0.5%-2% image)
ppe_fire_smoke_v1,dfire_00291,fire,5,"[0.3062, 0.3047, 0.6953, 0.6938]",0.15137,Low-contrast particulate / plume
ppe_fire_smoke_v1,dfire_00301,smoke,6,"[0.7078, 0.55, 0.7859, 0.6094]",0.00464,Very small object (<0.5% image)
ppe_fire_smoke_v1,dfire_00306,fire,5,"[0.5688, 0.4984, 0.6516, 0.5594]",0.00505,Small distant object (0.5%-2% image)
ppe_fire_smoke_v1,dfire_00306,fire,5,"[0.3086, 0.5188, 0.3492, 0.5656]",0.0019,Very small object (<0.5% image)
ppe_fire_smoke_v1,dfire_00306,fire,5,"[0.5156, 0.532, 0.5609, 0.5695]",0.0017,Very small object (<0.5% image)
ppe_fire_smoke_v1,dfire_00306,fire,5,"[0.4297, 0.5367, 0.5031, 0.5836]",0.00344,Very small object (<0.5% image)
ppe_fire_smoke_v1,dfire_00306,fire,5,"[0.3266, 0.5641, 0.4234, 0.5984]",0.00333,Very small object (<0.5% image)
ppe_fire_smoke_v1,dfire_00306,fire,5,"[0.6609, 0.4789, 0.7063, 0.5289]",0.00227,Very small object (<0.5% image)
ppe_fire_smoke_v1,dfire_00306,smoke,6,"[0.3578, 0.5375, 0.3984, 0.5625]",0.00102,Very small object (<0.5% image)
ppe_fire_smoke_v1,dfire_00306,smoke,6,"[0.4398, 0.3711, 0.732, 0.4586]",0.02557,Extreme aspect ratio / pose
ppe_fire_smoke_v1,dfire_00306,smoke,6,"[0.4211, 0.4687, 0.5383, 0.5266]",0.00677,Small distant object (0.5%-2% image)
ppe_fire_smoke_v1,dfire_00312,fire,5,"[0.3109, 0.4516, 0.6953, 0.6547]",0.07808,Low-contrast particulate / plume
ppe_fire_smoke_v1,dfire_00324,fire,5,"[0.4594, 0.5219, 0.475, 0.5359]",0.00022,Very small object (<0.5% image)
ppe_fire_smoke_v1,dfire_00324,fire,5,"[0.4945, 0.525, 0.5039, 0.5391]",0.00013,Very small object (<0.5% image)
ppe_fire_smoke_v1,dfire_00324,smoke,6,"[0.4484, 0.3781, 0.6719, 0.5188]",0.03142,Low-contrast particulate / plume
ppe_fire_smoke_v1,dfire_00326,smoke,6,"[0.6922, 0.4219, 0.8547, 0.5109]",0.01447,Small distant object (0.5%-2% image)
ppe_fire_smoke_v1,dfire_00327,smoke,6,"[0.3227, 0.3844, 0.4227, 0.4703]",0.00859,Small distant object (0.5%-2% image)
ppe_fire_smoke_v1,dfire_00329,fire,5,"[0.3758, 0.5352, 0.4195, 0.5633]",0.00123,Very small object (<0.5% image)
ppe_fire_smoke_v1,dfire_00329,fire,5,"[0.4633, 0.4656, 0.5633, 0.5531]",0.00875,Small distant object (0.5%-2% image)
ppe_fire_smoke_v1,dfire_00329,smoke,6,"[0.4828, 0.3961, 0.5469, 0.4633]",0.0043,Very small object (<0.5% image)
ppe_fire_smoke_v1,dfire_00329,smoke,6,"[0.4, 0.4227, 0.4531, 0.4883]",0.00349,Very small object (<0.5% image)
ppe_fire_smoke_v1,dfire_00340,smoke,6,"[0.2992, 0.3508, 0.4555, 0.4617]",0.01733,Small distant object (0.5%-2% image)
ppe_fire_smoke_v1,dfire_00340,smoke,6,"[0.5422, 0.4336, 0.5781, 0.5273]",0.00337,Very small object (<0.5% image)
ppe_fire_smoke_v1,dfire_00342,fire,5,"[0.3617, 0.4789, 0.4695, 0.5617]",0.00893,Small distant object (0.5%-2% image)
ppe_fire_smoke_v1,dfire_00342,smoke,6,"[0.5258, 0.357, 0.6008, 0.4195]",0.00469,Very small object (<0.5% image)
ppe_fire_smoke_v1,dfire_00342,smoke,6,"[0.4055, 0.3578, 0.5289, 0.4594]",0.01254,Small distant object (0.5%-2% image)
ppe_fire_smoke_v1,dfire_00347,smoke,6,"[0.3242, 0.3586, 0.4086, 0.4961]",0.0116,Small distant object (0.5%-2% image)
ppe_fire_smoke_v1,dfire_00347,smoke,6,"[0.5305, 0.357, 0.7117, 0.4992]",0.02577,Low-contrast particulate / plume
ppe_fire_smoke_v1,dfire_00347,smoke,6,"[0.4117, 0.3648, 0.5148, 0.4961]",0.01354,Small distant object (0.5%-2% image)
ppe_fire_smoke_v1,dfire_00350,fire,5,"[0.5422, 0.3047, 0.6938, 0.6859]",0.05778,Low-contrast particulate / plume
ppe_fire_smoke_v1,dfire_00352,fire,5,"[0.3063, 0.4109, 0.6937, 0.6344]",0.08658,Low-contrast particulate / plume
ppe_fire_smoke_v1,dfire_00364,smoke,6,"[0.2658, 0.3719, 0.5259, 0.4902]",0.03079,Low-contrast particulate / plume
ppe_fire_smoke_v1,dfire_00372,smoke,6,"[0.4063, 0.4547, 0.6406, 0.6125]",0.03699,Low-contrast particulate / plume
ppe_fire_smoke_v1,dfire_00372,smoke,6,"[0.5266, 0.3687, 0.5875, 0.4188]",0.00305,Very small object (<0.5% image)
ppe_fire_smoke_v1,dfire_00372,smoke,6,"[0.3984, 0.3734, 0.4859, 0.4422]",0.00602,Small distant object (0.5%-2% image)
ppe_fire_smoke_v1,dfire_00375,fire,5,"[0.4219, 0.4227, 0.5109, 0.5133]",0.00807,Small distant object (0.5%-2% image)
ppe_fire_smoke_v1,dfire_00375,fire,5,"[0.7438, 0.5187, 0.7609, 0.5453]",0.00046,Very small object (<0.5% image)
ppe_fire_smoke_v1,dfire_00375,smoke,6,"[0.5305, 0.3852, 0.7086, 0.5305]",0.02588,Low-contrast particulate / plume
ppe_fire_smoke_v1,dfire_00379,fire,5,"[0.3031, 0.4227, 0.5625, 0.5086]",0.02229,Low-contrast particulate / plume
ppe_fire_smoke_v1,dfire_00379,smoke,6,"[0.2883, 0.3555, 0.7117, 0.4211]",0.02779,Extreme aspect ratio / pose
ppe_fire_smoke_v1,dfire_00379,smoke,6,"[0.682, 0.4211, 0.7102, 0.4617]",0.00114,Very small object (<0.5% image)
ppe_fire_smoke_v1,dfire_00392,smoke,6,"[0.4266, 0.3891, 0.5641, 0.525]",0.01869,Small distant object (0.5%-2% image)
ppe_fire_smoke_v1,dfire_00401,smoke,6,"[0.4711, 0.4039, 0.5664, 0.5258]",0.01162,Small distant object (0.5%-2% image)
ppe_fire_smoke_v1,dfire_00402,smoke,6,"[0.2648, 0.375, 0.657, 0.5172]",0.05576,Low-contrast particulate / plume
ppe_fire_smoke_v1,dfire_00405,smoke,6,"[0.2672, 0.5203, 0.7344, 0.6297]",0.0511,Extreme aspect ratio / pose
ppe_fire_smoke_v1,dfire_00406,fire,5,"[0.3106, 0.5888, 0.6491, 0.6502]",0.02076,Extreme aspect ratio / pose
ppe_fire_smoke_v1,ppec_00001,person,0,"[0.0, 0.0, 0.7047, 0.9297]",0.65514,Edge clipped / camera boundary
ppe_fire_smoke_v1,ppec_00003,safety_vest,2,"[0.0625, 0.3625, 0.2891, 0.9219]",0.12673,Partial occlusion / industrial lighting
ppe_fire_smoke_v1,ppec_00003,safety_vest,2,"[0.9055, 0.4219, 0.9992, 0.9984]",0.05405,Edge clipped / camera boundary
ppe_fire_smoke_v1,ppec_00005,person,0,"[0.0398, 0.4523, 0.1102, 0.7102]",0.01813,Small distant object (0.5%-2% image)
ppe_fire_smoke_v1,ppec_00005,person,0,"[0.1219, 0.4562, 0.2141, 0.6984]",0.02233,Partial occlusion / industrial lighting
ppe_fire_smoke_v1,ppec_00005,person,0,"[0.2281, 0.4555, 0.2953, 0.7805]",0.02184,Extreme aspect ratio / pose
ppe_fire_smoke_v1,ppec_00005,person,0,"[0.3109, 0.4633, 0.3906, 0.7289]",0.02117,Extreme aspect ratio / pose
ppe_fire_smoke_v1,ppec_00005,person,0,"[0.4086, 0.4633, 0.4789, 0.7742]",0.02186,Extreme aspect ratio / pose
ppe_fire_smoke_v1,ppec_00005,person,0,"[0.5016, 0.4656, 0.5594, 0.7688]",0.01752,Small distant object (0.5%-2% image)
ppe_fire_smoke_v1,ppec_00005,person,0,"[0.5781, 0.4648, 0.6453, 0.7617]",0.01995,Small distant object (0.5%-2% image)
ppe_fire_smoke_v1,ppec_00005,person,0,"[0.7109, 0.4516, 0.7891, 0.7625]",0.02429,Extreme aspect ratio / pose
ppe_fire_smoke_v1,ppec_00005,person,0,"[0.6398, 0.4484, 0.707, 0.7656]",0.02131,Extreme aspect ratio / pose
ppe_fire_smoke_v1,ppec_00005,person,0,"[0.7938, 0.4602, 0.8812, 0.7477]",0.02516,Extreme aspect ratio / pose
ppe_fire_smoke_v1,ppec_00005,person,0,"[0.8977, 0.4703, 0.9773, 0.7844]",0.02503,Extreme aspect ratio / pose
ppe_fire_smoke_v1,ppec_00005,safety_footwear,4,"[0.4094, 0.7406, 0.4453, 0.7766]",0.00129,Very small object (<0.5% image)
ppe_fire_smoke_v1,ppec_00005,safety_footwear,4,"[0.2594, 0.7445, 0.3031, 0.7805]",0.00157,Very small object (<0.5% image)
ppe_fire_smoke_v1,ppec_00005,safety_footwear,4,"[0.218, 0.7445, 0.2555, 0.782]",0.00141,Very small object (<0.5% image)
ppe_fire_smoke_v1,ppec_00005,safety_footwear,4,"[0.1445, 0.7422, 0.1805, 0.7859]",0.00157,Very small object (<0.5% image)
ppe_fire_smoke_v1,ppec_00005,safety_footwear,4,"[0.0828, 0.7531, 0.1172, 0.7844]",0.00107,Very small object (<0.5% image)
ppe_fire_smoke_v1,ppec_00005,safety_footwear,4,"[0.0273, 0.7531, 0.0664, 0.7891]",0.0014,Very small object (<0.5% image)
ppe_fire_smoke_v1,ppec_00005,safety_footwear,4,"[0.025, 0.8047, 0.0688, 0.8516]",0.00205,Very small object (<0.5% image)
ppe_fire_smoke_v1,ppec_00005,safety_footwear,4,"[0.1484, 0.8102, 0.1797, 0.8492]",0.00122,Very small object (<0.5% image)
ppe_fire_smoke_v1,ppec_00005,safety_footwear,4,"[0.0852, 0.8117, 0.1164, 0.8477]",0.00112,Very small object (<0.5% image)
ppe_fire_smoke_v1,ppec_00005,safety_footwear,4,"[0.1781, 0.8141, 0.2078, 0.8547]",0.00121,Very small object (<0.5% image)
ppe_fire_smoke_v1,ppec_00005,safety_footwear,4,"[0.2219, 0.8086, 0.2641, 0.8508]",0.00178,Very small object (<0.5% image)
ppe_fire_smoke_v1,ppec_00005,safety_footwear,4,"[0.2555, 0.8164, 0.2977, 0.8586]",0.00178,Very small object (<0.5% image)
ppe_fire_smoke_v1,ppec_00005,safety_footwear,4,"[0.3039, 0.8094, 0.3461, 0.8516]",0.00178,Very small object (<0.5% image)
ppe_fire_smoke_v1,ppec_00005,safety_footwear,4,"[0.35, 0.8125, 0.3922, 0.8547]",0.00178,Very small object (<0.5% image)
ppe_fire_smoke_v1,ppec_00005,safety_footwear,4,"[0.3523, 0.7453, 0.3836, 0.7844]",0.00122,Very small object (<0.5% image)
ppe_fire_smoke_v1,ppec_00005,safety_footwear,4,"[0.2992, 0.7461, 0.3461, 0.782]",0.00168,Very small object (<0.5% image)
ppe_fire_smoke_v1,ppec_00005,safety_footwear,4,"[0.4461, 0.7453, 0.4805, 0.7766]",0.00107,Very small object (<0.5% image)
ppe_fire_smoke_v1,ppec_00005,safety_footwear,4,"[0.4875, 0.7414, 0.5266, 0.7727]",0.00122,Very small object (<0.5% image)
ppe_fire_smoke_v1,ppec_00005,safety_footwear,4,"[0.5289, 0.7383, 0.5648, 0.7727]",0.00124,Very small object (<0.5% image)
ppe_fire_smoke_v1,ppec_00005,safety_footwear,4,"[0.5703, 0.7344, 0.6109, 0.7656]",0.00127,Very small object (<0.5% image)
ppe_fire_smoke_v1,ppec_00005,safety_footwear,4,"[0.6109, 0.7391, 0.6391, 0.7656]",0.00075,Very small object (<0.5% image)
ppe_fire_smoke_v1,ppec_00005,safety_footwear,4,"[0.6531, 0.7367, 0.6984, 0.7633]",0.0012,Very small object (<0.5% image)
ppe_fire_smoke_v1,ppec_00005,safety_footwear,4,"[0.7039, 0.7258, 0.7398, 0.7633]",0.00135,Very small object (<0.5% image)
ppe_fire_smoke_v1,ppec_00005,safety_footwear,4,"[0.7469, 0.7242, 0.7953, 0.757]",0.00159,Very small object (<0.5% image)
ppe_fire_smoke_v1,ppec_00005,safety_footwear,4,"[0.793, 0.7234, 0.8336, 0.7578]",0.0014,Very small object (<0.5% image)
ppe_fire_smoke_v1,ppec_00005,safety_footwear,4,"[0.825, 0.7227, 0.875, 0.7586]",0.0018,Very small object (<0.5% image)
ppe_fire_smoke_v1,ppec_00005,safety_footwear,4,"[0.8945, 0.7242, 0.9258, 0.7523]",0.00088,Very small object (<0.5% image)
ppe_fire_smoke_v1,ppec_00005,safety_footwear,4,"[0.9258, 0.7242, 0.957, 0.7633]",0.00122,Very small object (<0.5% image)
ppe_fire_smoke_v1,ppec_00005,safety_footwear,4,"[0.4102, 0.8141, 0.4461, 0.8516]",0.00135,Very small object (<0.5% image)
ppe_fire_smoke_v1,ppec_00005,safety_footwear,4,"[0.4422, 0.8195, 0.4766, 0.8555]",0.00124,Very small object (<0.5% image)
ppe_fire_smoke_v1,ppec_00005,safety_footwear,4,"[0.4891, 0.8242, 0.5266, 0.8586]",0.00129,Very small object (<0.5% image)
ppe_fire_smoke_v1,ppec_00005,safety_footwear,4,"[0.5305, 0.8219, 0.5602, 0.8641]",0.00125,Very small object (<0.5% image)
ppe_fire_smoke_v1,ppec_00005,safety_footwear,4,"[0.5734, 0.8313, 0.6094, 0.8609]",0.00107,Very small object (<0.5% image)
ppe_fire_smoke_v1,ppec_00005,safety_footwear,4,"[0.6086, 0.8312, 0.6398, 0.8656]",0.00107,Very small object (<0.5% image)
ppe_fire_smoke_v1,ppec_00005,safety_footwear,4,"[0.6625, 0.8289, 0.6969, 0.8664]",0.00129,Very small object (<0.5% image)
ppe_fire_smoke_v1,ppec_00005,safety_footwear,4,"[0.707, 0.8367, 0.743, 0.8695]",0.00118,Very small object (<0.5% image)
ppe_fire_smoke_v1,ppec_00005,safety_footwear,4,"[0.7422, 0.8391, 0.7859, 0.8703]",0.00137,Very small object (<0.5% image)
ppe_fire_smoke_v1,ppec_00005,safety_footwear,4,"[0.8, 0.8328, 0.8313, 0.8641]",0.00098,Very small object (<0.5% image)
ppe_fire_smoke_v1,ppec_00005,safety_footwear,4,"[0.832, 0.8383, 0.8773, 0.8664]",0.00127,Very small object (<0.5% image)
ppe_fire_smoke_v1,ppec_00005,safety_footwear,4,"[0.8977, 0.8383, 0.9227, 0.8664]",0.0007,Very small object (<0.5% image)
ppe_fire_smoke_v1,ppec_00005,safety_footwear,4,"[0.9219, 0.8391, 0.9531, 0.8656]",0.00083,Very small object (<0.5% image)
ppe_fire_smoke_v1,ppec_00007,person,0,"[0.1602, 0.1555, 0.9977, 0.9945]",0.70272,Edge clipped / camera boundary
ppe_fire_smoke_v1,ppec_00009,helmet,1,"[0.4516, 0.3047, 0.7578, 0.625]",0.0981,Partial occlusion / industrial lighting
ppe_fire_smoke_v1,ppec_00017,safety_vest,2,"[0.7047, 0.8008, 0.7391, 0.868]",0.00231,Very small object (<0.5% image)
ppe_fire_smoke_v1,ppec_00020,person,0,"[0.2938, 0.3359, 0.4547, 1.0]",0.10687,Edge clipped / camera boundary
ppe_fire_smoke_v1,ppec_00020,gloves,3,"[0.3281, 0.5391, 0.4109, 0.6219]",0.00686,Small distant object (0.5%-2% image)
ppe_fire_smoke_v1,ppec_00023,person,0,"[0.1703, 0.4031, 0.7672, 0.875]",0.28165,Partial occlusion / industrial lighting
ppe_fire_smoke_v1,ppec_00023,helmet,1,"[0.2234, 0.4781, 0.4422, 0.6828]",0.04478,Partial occlusion / industrial lighting
ppe_fire_smoke_v1,ppec_00024,person,0,"[0.2031, 0.2344, 0.6141, 1.0]",0.31462,Edge clipped / camera boundary
ppe_fire_smoke_v1,ppec_00032,safety_vest,2,"[0.0312, 0.2742, 0.2266, 0.4758]",0.03937,Partial occlusion / industrial lighting
ppe_fire_smoke_v1,ppec_00032,safety_vest,2,"[0.3586, 0.175, 0.6445, 0.4766]",0.08623,Partial occlusion / industrial lighting
ppe_fire_smoke_v1,ppec_00032,safety_vest,2,"[0.2305, 0.4922, 0.3555, 0.8297]",0.04219,Partial occlusion / industrial lighting
ppe_fire_smoke_v1,ppec_00032,safety_vest,2,"[0.0, 0.5117, 0.3563, 0.9977]",0.17312,Edge clipped / camera boundary
ppe_fire_smoke_v1,ppec_00032,safety_vest,2,"[0.3578, 0.4859, 0.5031, 0.7406]",0.03701,Partial occlusion / industrial lighting
ppe_fire_smoke_v1,ppec_00032,safety_vest,2,"[0.582, 0.4781, 0.7477, 0.6016]",0.02044,Partial occlusion / industrial lighting
ppe_fire_smoke_v1,ppec_00032,safety_vest,2,"[0.8914, 0.4781, 0.9977, 0.6281]",0.01594,Small distant object (0.5%-2% image)
ppe_fire_smoke_v1,ppec_00032,safety_vest,2,"[0.6727, 0.4781, 0.8508, 0.5656]",0.01559,Small distant object (0.5%-2% image)
ppe_fire_smoke_v1,ppec_00032,safety_vest,2,"[0.6297, 0.7711, 0.7891, 0.9977]",0.03611,Edge clipped / camera boundary
ppe_fire_smoke_v1,ppec_00034,person,0,"[0.4391, 0.0094, 0.7719, 0.9734]",0.32085,Edge clipped / camera boundary
ppe_fire_smoke_v1,ppec_00034,person,0,"[0.2734, 0.1031, 0.4375, 0.5437]",0.07229,Partial occlusion / industrial lighting
ppe_fire_smoke_v1,ppec_00034,person,0,"[0.7766, 0.0695, 0.9375, 0.5727]",0.08097,Extreme aspect ratio / pose
ppe_fire_smoke_v1,ppec_00034,helmet,1,"[0.4609, 0.0406, 0.6562, 0.2625]",0.04333,Partial occlusion / industrial lighting
ppe_fire_smoke_v1,ppec_00034,helmet,1,"[0.1078, 0.4062, 0.2047, 0.5219]",0.0112,Small distant object (0.5%-2% image)
ppe_fire_smoke_v1,ppec_00034,helmet,1,"[0.0, 0.0891, 0.0281, 0.1422]",0.00149,Very small object (<0.5% image)
ppe_fire_smoke_v1,ppec_00040,person,0,"[-0.0, 0.2437, 0.3781, 1.0]",0.28596,Edge clipped / camera boundary
ppe_fire_smoke_v1,ppec_00040,helmet,1,"[0.0437, 0.2547, 0.1953, 0.4156]",0.02439,Partial occlusion / industrial lighting
ppe_fire_smoke_v1,ppec_00043,safety_vest,2,"[0.0, 0.2156, 0.2672, 0.6469]",0.11522,Edge clipped / camera boundary
ppe_fire_smoke_v1,ppec_00043,safety_vest,2,"[0.2836, 0.0, 0.6133, 0.5797]",0.19112,Edge clipped / camera boundary
ppe_fire_smoke_v1,ppec_00043,safety_vest,2,"[0.6773, 0.0, 0.9445, 0.6109]",0.16324,Edge clipped / camera boundary
ppe_fire_smoke_v1,ppec_00043,safety_vest,2,"[0.0, 0.6484, 0.4656, 0.9969]",0.16224,Edge clipped / camera boundary
ppe_fire_smoke_v1,ppec_00043,safety_vest,2,"[0.6992, 0.8867, 0.8914, 0.9977]",0.02132,Edge clipped / camera boundary
ppe_fire_smoke_v1,ppec_00047,safety_vest,2,"[0.0023, 0.0734, 0.3023, 0.9141]",0.25219,Edge clipped / camera boundary
ppe_fire_smoke_v1,ppec_00047,safety_vest,2,"[0.15, 0.3523, 0.3641, 0.7383]",0.08261,Partial occlusion / industrial lighting
ppe_fire_smoke_v1,ppec_00047,safety_vest,2,"[0.1812, 0.0063, 1.0, 1.0]",0.81363,Edge clipped / camera boundary
ppe_fire_smoke_v1,ppec_00047,safety_vest,2,"[0.9234, 0.382, 1.0, 0.5805]",0.01519,Small distant object (0.5%-2% image)
ppe_fire_smoke_v1,ppec_00048,safety_vest,2,"[0.2844, 0.3437, 0.4562, 0.4953]",0.02605,Partial occlusion / industrial lighting
ppe_fire_smoke_v1,ppec_00054,person,0,"[0.0, 0.1562, 0.4484, 1.0]",0.37837,Edge clipped / camera boundary
ppe_fire_smoke_v1,ppec_00054,person,0,"[0.5586, 0.0641, 0.9977, 0.9078]",0.37046,Edge clipped / camera boundary
ppe_fire_smoke_v1,ppec_00054,helmet,1,"[0.6164, 0.0945, 0.7648, 0.2148]",0.01786,Small distant object (0.5%-2% image)
ppe_fire_smoke_v1,ppec_00054,helmet,1,"[0.0, 0.2125, 0.1719, 0.4016]",0.0325,Edge clipped / camera boundary
ppe_fire_smoke_v1,ppec_00056,person,0,"[0.6656, 0.3602, 0.9906, 0.8148]",0.14777,Edge clipped / camera boundary
ppe_fire_smoke_v1,ppec_00056,helmet,1,"[0.8914, 0.4203, 0.9977, 0.6422]",0.02357,Edge clipped / camera boundary
ppe_fire_smoke_v1,ppec_00057,person,0,"[0.0031, 0.2703, 0.5844, 1.0]",0.42413,Edge clipped / camera boundary
ppe_fire_smoke_v1,ppec_00057,helmet,1,"[0.0039, 0.2742, 0.2727, 0.5023]",0.06131,Edge clipped / camera boundary
ppe_fire_smoke_v1,ppec_00071,safety_vest,2,"[0.2437, 0.0805, 0.3937, 0.382]",0.04523,Partial occlusion / industrial lighting
ppe_fire_smoke_v1,ppec_00073,safety_vest,2,"[0.1047, 0.7531, 0.7203, 1.0]",0.15198,Edge clipped / camera boundary
ppe_fire_smoke_v1,ppec_00077,gloves,3,"[0.5297, 0.557, 0.6438, 0.6727]",0.01319,Small distant object (0.5%-2% image)
ppe_fire_smoke_v1,ppec_00077,gloves,3,"[0.6641, 0.7023, 0.7594, 0.818]",0.01102,Small distant object (0.5%-2% image)
ppe_fire_smoke_v1,ppec_00078,person,0,"[0.2133, 0.2172, 0.6133, 1.0]",0.31312,Edge clipped / camera boundary
ppe_fire_smoke_v1,ppec_00078,gloves,3,"[0.493, 0.4414, 0.5539, 0.5289]",0.00533,Small distant object (0.5%-2% image)
ppe_fire_smoke_v1,ppec_00078,gloves,3,"[0.3297, 0.4945, 0.4828, 0.5805]",0.01316,Small distant object (0.5%-2% image)
ppe_fire_smoke_v1,ppec_00078,safety_footwear,4,"[0.3297, 0.8875, 0.4391, 0.9844]",0.0106,Small distant object (0.5%-2% image)
ppe_fire_smoke_v1,ppec_00078,safety_footwear,4,"[0.4445, 0.9109, 0.5648, 0.9937]",0.00996,Small distant object (0.5%-2% image)
ppe_fire_smoke_v1,ppec_00086,gloves,3,"[0.2273, 0.2414, 0.5086, 0.4227]",0.05098,Partial occlusion / industrial lighting
ppe_fire_smoke_v1,ppec_00086,gloves,3,"[0.1844, 0.5961, 0.4516, 0.8039]",0.05552,Partial occlusion / industrial lighting
ppe_fire_smoke_v1,ppec_00087,person,0,"[0.0, 0.4711, 0.1094, 0.8555]",0.04204,Edge clipped / camera boundary
ppe_fire_smoke_v1,ppec_00087,person,0,"[0.1227, 0.4773, 0.3289, 0.8992]",0.08701,Partial occlusion / industrial lighting
ppe_fire_smoke_v1,ppec_00087,helmet,1,"[0.1523, 0.507, 0.2477, 0.6055]",0.00938,Small distant object (0.5%-2% image)
ppe_fire_smoke_v1,ppec_00087,helmet,1,"[0.0, 0.4977, 0.0672, 0.5883]",0.00609,Small distant object (0.5%-2% image)
ppe_fire_smoke_v1,ppec_00094,person,0,"[0.3352, 0.3203, 0.6789, 1.0]",0.23364,Edge clipped / camera boundary
ppe_fire_smoke_v1,ppec_00095,safety_vest,2,"[0.3578, 0.3805, 0.5609, 0.593]",0.04316,Partial occlusion / industrial lighting
ppe_fire_smoke_v1,ppec_00099,person,0,"[0.6461, 0.4914, 0.8867, 0.9992]",0.12219,Edge clipped / camera boundary
ppe_fire_smoke_v1,ppec_00099,helmet,1,"[0.8789, 0.725, 0.9414, 0.7875]",0.00391,Very small object (<0.5% image)
ppe_fire_smoke_v1,ppec_00099,helmet,1,"[0.8727, 0.868, 0.9461, 0.9508]",0.00608,Small distant object (0.5%-2% image)
ppe_fire_smoke_v1,ppec_00099,helmet,1,"[0.7062, 0.5352, 0.8453, 0.6336]",0.01369,Small distant object (0.5%-2% image)
ppe_fire_smoke_v1,ppec_00099,safety_vest,2,"[0.6922, 0.6508, 0.8469, 0.968]",0.04907,Partial occlusion / industrial lighting
ppe_fire_smoke_v1,ppec_00102,safety_vest,2,"[0.8469, 0.1883, 1.0, 0.5742]",0.0591,Edge clipped / camera boundary
ppe_fire_smoke_v1,ppec_00102,safety_vest,2,"[0.1867, 0.6414, 0.3039, 0.8023]",0.01886,Small distant object (0.5%-2% image)
ppe_fire_smoke_v1,ppec_00102,safety_vest,2,"[0.0227, 0.55, 0.1477, 0.7219]",0.02148,Partial occlusion / industrial lighting
ppe_fire_smoke_v1,ppec_00102,safety_vest,2,"[0.0367, 0.8953, 0.0836, 0.9813]",0.00403,Very small object (<0.5% image)
ppe_fire_smoke_v1,ppec_00104,safety_vest,2,"[0.3219, 0.2945, 0.5344, 0.532]",0.05047,Partial occlusion / industrial lighting
ppe_fire_smoke_v1,ppec_00107,safety_vest,2,"[0.3258, 0.4062, 0.518, 0.6062]",0.03844,Partial occlusion / industrial lighting
ppe_fire_smoke_v1,ppec_00111,person,0,"[0.4547, 0.2359, 0.9125, 1.0]",0.3498,Edge clipped / camera boundary
ppe_fire_smoke_v1,ppec_00111,safety_vest,2,"[0.4797, 0.4953, 0.775, 1.0]",0.14904,Edge clipped / camera boundary
ppe_fire_smoke_v1,ppec_00114,person,0,"[0.1359, 0.1578, 0.6375, 1.0]",0.42241,Edge clipped / camera boundary
ppe_fire_smoke_v1,ppec_00114,safety_vest,2,"[0.1633, 0.5203, 0.4664, 1.0]",0.14541,Edge clipped / camera boundary
ppe_fire_smoke_v1,ppec_00115,person,0,"[0.4805, 0.2922, 0.8227, 1.0]",0.2422,Edge clipped / camera boundary
ppe_fire_smoke_v1,ppec_00123,safety_vest,2,"[0.4344, 0.2937, 0.6359, 0.5328]",0.04819,Partial occlusion / industrial lighting
ppe_fire_smoke_v1,ppec_00125,person,0,"[0.2602, 0.1922, 0.4555, 0.65]",0.08942,Partial occlusion / industrial lighting
ppe_fire_smoke_v1,ppec_00125,person,0,"[0.043, 0.1031, 0.3461, 1.0]",0.27187,Edge clipped / camera boundary
ppe_fire_smoke_v1,ppec_00125,person,0,"[0.3766, 0.3125, 0.7797, 1.0]",0.27715,Edge clipped / camera boundary
ppe_fire_smoke_v1,ppec_00127,safety_vest,2,"[0.3195, 0.0672, 0.4711, 0.3844]",0.04807,Partial occlusion / industrial lighting
ppe_fire_smoke_v1,ppec_00127,safety_vest,2,"[0.0, 0.1203, 0.1422, 0.4234]",0.0431,Edge clipped / camera boundary
ppe_fire_smoke_v1,ppec_00127,safety_vest,2,"[0.1078, 0.6469, 0.3031, 0.9859]",0.06622,Edge clipped / camera boundary
ppe_fire_smoke_v1,ppec_00127,safety_vest,2,"[0.0, 0.668, 0.1953, 0.9977]",0.06439,Edge clipped / camera boundary
ppe_fire_smoke_v1,ppec_00127,safety_vest,2,"[0.3047, 0.5789, 0.3563, 0.6664]",0.00451,Very small object (<0.5% image)
ppe_fire_smoke_v1,ppec_00127,safety_vest,2,"[0.4875, 0.6203, 0.6469, 0.9156]",0.04707,Partial occlusion / industrial lighting
ppe_fire_smoke_v1,ppec_00127,safety_vest,2,"[0.8242, 0.7789, 0.9977, 0.9977]",0.03794,Edge clipped / camera boundary
ppe_fire_smoke_v1,ppec_00128,person,0,"[0.0562, 0.0336, 0.5031, 0.9852]",0.42523,Edge clipped / camera boundary
ppe_fire_smoke_v1,ppec_00128,helmet,1,"[0.2266, 0.0586, 0.4375, 0.3711]",0.06592,Partial occlusion / industrial lighting
ppe_fire_smoke_v1,ppec_00138,person,0,"[0.0, 0.1352, 0.5484, 0.8992]",0.41904,Edge clipped / camera boundary
ppe_fire_smoke_v1,ppec_00138,person,0,"[0.218, 0.2656, 0.8789, 0.9937]",0.48124,Edge clipped / camera boundary
ppe_fire_smoke_v1,ppec_00151,safety_vest,2,"[0.8109, 0.3328, 0.8875, 0.5297]",0.01507,Small distant object (0.5%-2% image)
ppe_fire_smoke_v1,ppec_00151,safety_vest,2,"[0.7453, 0.3289, 0.8375, 0.5242]",0.01801,Small distant object (0.5%-2% image)
ppe_fire_smoke_v1,ppec_00153,person,0,"[0.0117, 0.2469, 0.3852, 0.8437]",0.2229,Edge clipped / camera boundary
ppe_fire_smoke_v1,ppec_00153,helmet,1,"[0.2164, 0.4203, 0.3898, 0.5797]",0.02764,Partial occlusion / industrial lighting
ppe_fire_smoke_v1,ppec_00158,person,0,"[-0.0, 0.2281, 0.5641, 1.0]",0.43539,Edge clipped / camera boundary
ppe_fire_smoke_v1,ppec_00158,helmet,1,"[0.0, 0.2453, 0.2594, 0.4813]",0.0612,Edge clipped / camera boundary
ppe_fire_smoke_v1,ppec_00168,person,0,"[0.0844, 0.0531, 0.7969, 1.0]",0.67465,Edge clipped / camera boundary
ppe_fire_smoke_v1,ppec_00168,gloves,3,"[0.6133, 0.5883, 0.7867, 0.7383]",0.02602,Partial occlusion / industrial lighting
ppe_fire_smoke_v1,ppec_00168,gloves,3,"[0.2219, 0.6719, 0.6438, 0.875]",0.08569,Partial occlusion / industrial lighting
ppe_fire_smoke_v1,ppec_00169,person,0,"[0.2047, 0.0539, 1.0, 0.9977]",0.75058,Edge clipped / camera boundary
ppe_fire_smoke_v1,ppec_00172,safety_vest,2,"[0.0141, 0.0008, 0.2812, 0.1352]",0.0359,Edge clipped / camera boundary
ppe_fire_smoke_v1,ppec_00172,safety_vest,2,"[0.6328, 0.0305, 1.0, 0.2773]",0.09065,Edge clipped / camera boundary
ppe_fire_smoke_v1,ppec_00172,safety_vest,2,"[0.2492, 0.2203, 0.5711, 1.0]",0.25096,Edge clipped / camera boundary
ppe_fire_smoke_v1,ppec_00172,safety_vest,2,"[0.7422, 0.3805, 0.9812, 0.7523]",0.0889,Edge clipped / camera boundary
ppe_fire_smoke_v1,ppec_00172,safety_vest,2,"[0.6367, 0.4086, 0.8148, 0.6742]",0.04731,Partial occlusion / industrial lighting
ppe_fire_smoke_v1,ppec_00179,person,0,"[0.0648, 0.0422, 0.368, 1.0]",0.29034,Edge clipped / camera boundary
ppe_fire_smoke_v1,ppec_00179,person,0,"[0.5797, 0.0688, 0.9328, 1.0]",0.32885,Edge clipped / camera boundary
ppe_fire_smoke_v1,ppec_00179,gloves,3,"[0.5437, 0.6328, 0.6406, 0.6969]",0.00621,Small distant object (0.5%-2% image)
ppe_fire_smoke_v1,ppec_00179,gloves,3,"[0.5867, 0.6984, 0.7039, 0.8094]",0.013,Small distant object (0.5%-2% image)
ppe_fire_smoke_v1,ppec_00186,person,0,"[0.0719, 0.3875, 0.3094, 0.85]",0.10984,Partial occlusion / industrial lighting
ppe_fire_smoke_v1,ppec_00186,person,0,"[0.3055, 0.3555, 0.5523, 0.7727]",0.10299,Partial occlusion / industrial lighting
ppe_fire_smoke_v1,ppec_00186,person,0,"[0.5258, 0.2922, 0.7555, 0.7219]",0.09869,Partial occlusion / industrial lighting
ppe_fire_smoke_v1,ppec_00186,helmet,1,"[0.35, 0.3781, 0.4391, 0.4531]",0.00668,Small distant object (0.5%-2% image)
ppe_fire_smoke_v1,ppec_00186,helmet,1,"[0.0969, 0.4102, 0.2281, 0.5273]",0.01538,Small distant object (0.5%-2% image)
ppe_fire_smoke_v1,ppec_00186,helmet,1,"[0.5578, 0.3227, 0.6453, 0.4133]",0.00793,Small distant object (0.5%-2% image)
ppe_fire_smoke_v1,ppec_00191,helmet,1,"[0.3625, 0.4188, 0.6328, 0.6469]",0.06166,Partial occlusion / industrial lighting
ppe_fire_smoke_v1,ppec_00192,gloves,3,"[0.0547, 0.7859, 0.4047, 0.9969]",0.07383,Edge clipped / camera boundary
ppe_fire_smoke_v1,ppec_00196,safety_vest,2,"[0.6602, 0.4641, 0.6805, 0.5422]",0.00159,Very small object (<0.5% image)
ppe_fire_smoke_v1,ppec_00196,safety_vest,2,"[0.6906, 0.4695, 0.7125, 0.5398]",0.00154,Very small object (<0.5% image)
ppe_fire_smoke_v1,ppec_00200,safety_vest,2,"[0.0, 0.4953, 0.0344, 0.9969]",0.01724,Small distant object (0.5%-2% image)
ppe_fire_smoke_v1,ppec_00200,safety_vest,2,"[0.1688, 0.4219, 0.3, 0.7641]",0.04491,Partial occlusion / industrial lighting
ppe_fire_smoke_v1,ppec_00200,safety_vest,2,"[0.3383, 0.3914, 0.457, 0.5945]",0.02412,Partial occlusion / industrial lighting
ppe_fire_smoke_v1,ppec_00200,safety_vest,2,"[0.5656, 0.5, 0.7516, 0.8672]",0.06827,Partial occlusion / industrial lighting
ppe_fire_smoke_v1,ppec_00201,person,0,"[0.7234, 0.325, 1.0, 0.9516]",0.17328,Edge clipped / camera boundary
ppe_fire_smoke_v1,ppec_00201,person,0,"[0.6102, 0.3883, 0.8695, 0.8586]",0.12199,Partial occlusion / industrial lighting
ppe_fire_smoke_v1,ppec_00201,person,0,"[0.4602, 0.3609, 0.732, 0.8766]",0.14019,Partial occlusion / industrial lighting
ppe_fire_smoke_v1,ppec_00201,person,0,"[0.3844, 0.3367, 0.575, 0.7336]",0.07565,Partial occlusion / industrial lighting
ppe_fire_smoke_v1,ppec_00201,person,0,"[0.2336, 0.2695, 0.5055, 0.768]",0.13551,Partial occlusion / industrial lighting
ppe_fire_smoke_v1,ppec_00201,person,0,"[0.0719, 0.2563, 0.3219, 0.7312]",0.11875,Partial occlusion / industrial lighting
ppe_fire_smoke_v1,ppec_00201,helmet,1,"[0.7133, 0.4039, 0.7977, 0.5023]",0.00831,Small distant object (0.5%-2% image)
ppe_fire_smoke_v1,ppec_00201,helmet,1,"[0.3359, 0.3102, 0.4094, 0.3961]",0.00631,Small distant object (0.5%-2% image)
ppe_fire_smoke_v1,ppec_00201,helmet,1,"[0.1992, 0.2789, 0.293, 0.3836]",0.00981,Small distant object (0.5%-2% image)
ppe_fire_smoke_v1,ppec_00201,helmet,1,"[0.2727, 0.3094, 0.3352, 0.3875]",0.00488,Very small object (<0.5% image)
ppe_fire_smoke_v1,ppec_00201,safety_footwear,4,"[0.5375, 0.7594, 0.6094, 0.8312]",0.00517,Small distant object (0.5%-2% image)
ppe_fire_smoke_v1,ppec_00201,safety_footwear,4,"[0.4695, 0.6859, 0.5195, 0.7266]",0.00203,Very small object (<0.5% image)
ppe_fire_smoke_v1,ppec_00201,safety_footwear,4,"[0.407, 0.675, 0.4602, 0.7234]",0.00257,Very small object (<0.5% image)
ppe_fire_smoke_v1,ppec_00201,safety_footwear,4,"[0.6727, 0.7742, 0.7461, 0.8367]",0.00459,Very small object (<0.5% image)
ppe_fire_smoke_v1,ppec_00201,safety_footwear,4,"[0.65, 0.7445, 0.7203, 0.8023]",0.00406,Very small object (<0.5% image)
ppe_fire_smoke_v1,ppec_00201,safety_footwear,4,"[0.3289, 0.6773, 0.3805, 0.7336]",0.0029,Very small object (<0.5% image)
ppe_fire_smoke_v1,ppec_00201,safety_footwear,4,"[0.2914, 0.6633, 0.3445, 0.7211]",0.00307,Very small object (<0.5% image)
ppe_fire_smoke_v1,ppec_00201,safety_footwear,4,"[0.1844, 0.6773, 0.2641, 0.743]",0.00523,Small distant object (0.5%-2% image)
ppe_fire_smoke_v1,ppec_00201,safety_footwear,4,"[0.1398, 0.7047, 0.1961, 0.7719]",0.00378,Very small object (<0.5% image)
ppe_fire_smoke_v1,ppec_00201,safety_footwear,4,"[0.1328, 0.7727, 0.1922, 0.8414]",0.00408,Very small object (<0.5% image)
ppe_fire_smoke_v1,ppec_00201,safety_footwear,4,"[0.1617, 0.8172, 0.2523, 0.8969]",0.00722,Small distant object (0.5%-2% image)
ppe_fire_smoke_v1,ppec_00201,safety_footwear,4,"[0.7477, 0.8586, 0.832, 0.932]",0.0062,Small distant object (0.5%-2% image)
ppe_fire_smoke_v1,ppec_00201,safety_footwear,4,"[0.7336, 0.9148, 0.8383, 0.9898]",0.00785,Small distant object (0.5%-2% image)
ppe_fire_smoke_v1,ppec_00201,safety_footwear,4,"[0.6508, 0.9563, 0.707, 1.0]",0.00246,Very small object (<0.5% image)
ppe_fire_smoke_v1,ppec_00201,safety_footwear,4,"[0.6172, 0.9812, 0.6828, 1.0]",0.00123,Very small object (<0.5% image)
ppe_fire_smoke_v1,ppec_00201,safety_footwear,4,"[0.5211, 0.9062, 0.5945, 0.9703]",0.0047,Very small object (<0.5% image)
ppe_fire_smoke_v1,ppec_00201,safety_footwear,4,"[0.4797, 0.9203, 0.5563, 0.9859]",0.00502,Small distant object (0.5%-2% image)
ppe_fire_smoke_v1,ppec_00201,safety_footwear,4,"[0.3688, 0.932, 0.4219, 0.9773]",0.00241,Very small object (<0.5% image)
ppe_fire_smoke_v1,ppec_00201,safety_footwear,4,"[0.425, 0.9516, 0.4844, 1.0]",0.00288,Very small object (<0.5% image)
ppe_fire_smoke_v1,ppec_00201,safety_footwear,4,"[0.3, 0.893, 0.3516, 0.9461]",0.00274,Very small object (<0.5% image)
ppe_fire_smoke_v1,ppec_00201,safety_footwear,4,"[0.2625, 0.8859, 0.3078, 0.9391]",0.00241,Very small object (<0.5% image)
ppe_fire_smoke_v1,ppec_00201,safety_footwear,4,"[0.625, 0.6844, 0.6781, 0.7266]",0.00224,Very small object (<0.5% image)
ppe_fire_smoke_v1,ppec_00202,person,0,"[0.3656, 0.1047, 0.8422, 1.0]",0.42667,Edge clipped / camera boundary
ppe_fire_smoke_v1,ppec_00206,helmet,1,"[0.5945, 0.0984, 0.7352, 0.3813]",0.03977,Partial occlusion / industrial lighting
ppe_fire_smoke_v1,ppec_00206,safety_vest,2,"[0.7125, 0.3203, 0.9281, 0.85]",0.11421,Partial occlusion / industrial lighting
ppe_fire_smoke_v1,ppec_00206,gloves,3,"[0.5648, 0.657, 0.7258, 0.8867]",0.03697,Partial occlusion / industrial lighting
ppe_fire_smoke_v1,ppec_00207,person,0,"[0.0266, 0.0797, 1.0, 1.0]",0.89587,Edge clipped / camera boundary
ppe_fire_smoke_v1,ppec_00207,gloves,3,"[0.118, 0.5664, 0.3727, 0.7664]",0.05094,Partial occlusion / industrial lighting
ppe_fire_smoke_v1,ppec_00207,gloves,3,"[0.3391, 0.8406, 0.6734, 1.0]",0.05329,Edge clipped / camera boundary
ppe_fire_smoke_v1,ppec_00209,safety_vest,2,"[0.3156, 0.3414, 0.4875, 0.5258]",0.03169,Partial occlusion / industrial lighting
ppe_fire_smoke_v1,ppec_00210,safety_vest,2,"[0.032, 0.2891, 0.2086, 0.6578]",0.06511,Partial occlusion / industrial lighting
ppe_fire_smoke_v1,ppec_00221,gloves,3,"[0.72, 0.4489, 0.8888, 0.6679]",0.03698,Partial occlusion / industrial lighting
ppe_fire_smoke_v1,ppec_00222,safety_vest,2,"[0.6531, 0.0, 0.8547, 0.3312]",0.06677,Edge clipped / camera boundary
ppe_fire_smoke_v1,ppec_00222,safety_vest,2,"[0.5359, 0.0266, 0.6687, 0.2766]",0.0332,Partial occlusion / industrial lighting
ppe_fire_smoke_v1,ppec_00222,safety_vest,2,"[-0.0, 0.7086, 0.2328, 0.9977]",0.0673,Edge clipped / camera boundary
ppe_fire_smoke_v1,ppec_00222,safety_vest,2,"[0.3992, 0.7859, 0.632, 0.9984]",0.04947,Edge clipped / camera boundary
ppe_fire_smoke_v1,ppec_00222,safety_vest,2,"[0.5742, 0.7547, 0.8758, 0.9984]",0.07351,Edge clipped / camera boundary
ppe_fire_smoke_v1,ppec_00222,safety_vest,2,"[0.7336, 0.7086, 0.9977, 0.9977]",0.07633,Edge clipped / camera boundary
ppe_fire_smoke_v1,ppec_00224,safety_footwear,4,"[0.2219, 0.3289, 0.9563, 0.9086]",0.42571,Partial occlusion / industrial lighting
ppe_fire_smoke_v1,ppec_00225,person,0,"[0.5258, 0.082, 0.7211, 0.9977]",0.17883,Edge clipped / camera boundary
ppe_fire_smoke_v1,ppec_00225,helmet,1,"[0.5531, 0.1133, 0.6875, 0.3148]",0.02708,Partial occlusion / industrial lighting
ppe_fire_smoke_v1,ppec_00231,safety_footwear,4,"[0.5445, 0.5125, 0.8414, 0.9219]",0.12153,Partial occlusion / industrial lighting
ppe_fire_smoke_v1,ppec_00231,safety_footwear,4,"[0.3602, 0.2742, 0.6867, 0.5523]",0.09083,Partial occlusion / industrial lighting
ppe_fire_smoke_v1,ppec_00237,safety_vest,2,"[0.0047, 0.1937, 0.3297, 0.5484]",0.11527,Edge clipped / camera boundary
ppe_fire_smoke_v1,ppec_00237,safety_vest,2,"[0.4266, 0.0172, 0.9312, 0.4688]",0.2279,Edge clipped / camera boundary
ppe_fire_smoke_v1,ppec_00237,safety_vest,2,"[0.3305, 0.4414, 0.5961, 0.6445]",0.05396,Partial occlusion / industrial lighting
ppe_fire_smoke_v1,ppec_00237,safety_vest,2,"[0.6016, 0.3758, 0.9484, 0.5773]",0.06992,Partial occlusion / industrial lighting
ppe_fire_smoke_v1,ppec_00238,person,0,"[0.5258, 0.1758, 0.6539, 0.8461]",0.08588,Extreme aspect ratio / pose
ppe_fire_smoke_v1,ppec_00241,safety_vest,2,"[0.5852, 0.0008, 0.9992, 0.9852]",0.40759,Edge clipped / camera boundary
ppe_fire_smoke_v1,ppec_00246,person,0,"[0.0, 0.0453, 0.4734, 1.0]",0.45199,Edge clipped / camera boundary
ppe_fire_smoke_v1,ppec_00246,helmet,1,"[0.0211, 0.0922, 0.2242, 0.2875]",0.03967,Partial occlusion / industrial lighting
ppe_fire_smoke_v1,ppec_00246,gloves,3,"[0.2969, 0.6453, 0.4031, 0.7875]",0.01511,Small distant object (0.5%-2% image)
ppe_fire_smoke_v1,ppec_00246,gloves,3,"[0.1742, 0.6641, 0.3258, 0.8922]",0.03458,Partial occlusion / industrial lighting
ppe_fire_smoke_v1,ppec_00248,person,0,"[0.3719, 0.0219, 0.7, 0.5219]",0.16406,Partial occlusion / industrial lighting
ppe_fire_smoke_v1,ppec_00248,gloves,3,"[0.5711, 0.3539, 0.6477, 0.4492]",0.0073,Small distant object (0.5%-2% image)
ppe_fire_smoke_v1,ppec_00248,gloves,3,"[0.443, 0.3078, 0.5508, 0.4828]",0.01887,Small distant object (0.5%-2% image)
ppe_fire_smoke_v1,ppec_00251,safety_vest,2,"[0.3914, 0.3773, 0.5883, 0.5805]",0.03999,Partial occlusion / industrial lighting
ppe_fire_smoke_v1,ppec_00254,person,0,"[0.1977, 0.1281, 0.8914, 1.0]",0.60486,Edge clipped / camera boundary
ppe_fire_smoke_v1,ppec_00256,helmet,1,"[0.0344, 0.2234, 0.2687, 0.6156]",0.09192,Partial occlusion / industrial lighting
ppe_fire_smoke_v1,ppec_00256,helmet,1,"[0.5344, 0.2563, 0.8125, 0.6656]",0.11386,Partial occlusion / industrial lighting
ppe_fire_smoke_v1,ppec_00257,person,0,"[0.0703, 0.0109, 0.3766, 0.6969]",0.21007,Edge clipped / camera boundary
ppe_fire_smoke_v1,ppec_00257,person,0,"[0.6164, 0.2984, 0.9211, 0.8703]",0.17424,Partial occlusion / industrial lighting
ppe_fire_smoke_v1,ppec_00257,gloves,3,"[0.1078, 0.5563, 0.1812, 0.6625]",0.0078,Small distant object (0.5%-2% image)
ppe_fire_smoke_v1,ppec_00257,gloves,3,"[0.6727, 0.657, 0.7305, 0.7242]",0.00388,Very small object (<0.5% image)
ppe_fire_smoke_v1,ppec_00257,gloves,3,"[0.8438, 0.657, 0.8969, 0.793]",0.00722,Small distant object (0.5%-2% image)
ppe_fire_smoke_v1,ppec_00271,person,0,"[0.0, 0.0, 0.9234, 1.0]",0.92344,Edge clipped / camera boundary
ppe_fire_smoke_v1,ppec_00271,safety_footwear,4,"[0.257, 0.8859, 0.3883, 1.0]",0.01497,Small distant object (0.5%-2% image)
ppe_fire_smoke_v1,ppec_00271,safety_footwear,4,"[0.3992, 0.8898, 0.5164, 0.9992]",0.01282,Small distant object (0.5%-2% image)
ppe_fire_smoke_v1,ppec_00272,safety_footwear,4,"[0.4398, 0.9016, 0.5273, 0.9812]",0.00697,Small distant object (0.5%-2% image)
ppe_fire_smoke_v1,ppec_00272,safety_footwear,4,"[0.382, 0.9438, 0.4555, 0.9844]",0.00298,Very small object (<0.5% image)
ppe_fire_smoke_v1,ppec_00273,safety_vest,2,"[0.3406, 0.3969, 0.5375, 0.6203]",0.04399,Partial occlusion / industrial lighting
ppe_fire_smoke_v1,ppec_00280,person,0,"[0.5117, 0.0867, 0.6398, 0.4633]",0.04825,Partial occlusion / industrial lighting
ppe_fire_smoke_v1,ppec_00280,person,0,"[0.4156, 0.1539, 0.5172, 0.4117]",0.02618,Partial occlusion / industrial lighting
ppe_fire_smoke_v1,ppec_00280,person,0,"[0.8273, 0.0961, 0.8992, 0.418]",0.02313,Extreme aspect ratio / pose
ppe_fire_smoke_v1,ppec_00288,person,0,"[0.2836, 0.0898, 0.4602, 0.7008]",0.10787,Extreme aspect ratio / pose
ppe_fire_smoke_v1,ppec_00288,person,0,"[0.4086, 0.2188, 0.7508, 0.8016]",0.19943,Partial occlusion / industrial lighting
ppe_fire_smoke_v1,ppec_00288,gloves,3,"[0.2984, 0.55, 0.3797, 0.6828]",0.01079,Small distant object (0.5%-2% image)
ppe_fire_smoke_v1,ppec_00288,gloves,3,"[0.4047, 0.6172, 0.4688, 0.6672]",0.0032,Very small object (<0.5% image)
ppe_fire_smoke_v1,ppec_00288,gloves,3,"[0.6219, 0.6242, 0.7469, 0.7586]",0.0168,Small distant object (0.5%-2% image)
ppe_fire_smoke_v1,ppec_00293,helmet,1,"[0.7359, 0.1492, 0.8188, 0.2633]",0.00945,Small distant object (0.5%-2% image)
ppe_fire_smoke_v1,ppec_00293,gloves,3,"[0.6195, 0.3805, 0.6789, 0.4508]",0.00417,Very small object (<0.5% image)
ppe_fire_smoke_v1,ppec_00293,gloves,3,"[0.1906, 0.1289, 0.2375, 0.2164]",0.0041,Very small object (<0.5% image)
ppe_fire_smoke_v1,ppec_00293,safety_footwear,4,"[0.7812, 0.8422, 0.8516, 0.8969]",0.00385,Very small object (<0.5% image)
ppe_fire_smoke_v1,ppec_00293,safety_footwear,4,"[0.8867, 0.8477, 0.9477, 0.9008]",0.00324,Very small object (<0.5% image)
ppe_fire_smoke_v1,ppec_00293,safety_footwear,4,"[0.2508, 0.8406, 0.2945, 0.8922]",0.00226,Very small object (<0.5% image)
ppe_fire_smoke_v1,ppec_00302,person,0,"[0.1477, 0.0211, 0.4852, 0.7352]",0.241,Partial occlusion / industrial lighting
ppe_fire_smoke_v1,ppec_00302,helmet,1,"[0.2289, 0.0578, 0.382, 0.2078]",0.02297,Partial occlusion / industrial lighting
ppe_fire_smoke_v1,ppec_00304,person,0,"[0.4602, 0.0039, 0.7055, 0.6789]",0.16559,Edge clipped / camera boundary
ppe_fire_smoke_v1,ppec_00307,person,0,"[0.1734, 0.3609, 0.3672, 0.9547]",0.11504,Extreme aspect ratio / pose
ppe_fire_smoke_v1,ppec_00307,person,0,"[0.8008, 0.3117, 0.9977, 0.9617]",0.12797,Edge clipped / camera boundary
ppe_fire_smoke_v1,ppec_00307,helmet,1,"[0.1992, 0.3789, 0.2914, 0.5242]",0.0134,Small distant object (0.5%-2% image)
ppe_fire_smoke_v1,ppec_00307,helmet,1,"[0.8289, 0.3461, 0.9789, 0.4805]",0.02016,Partial occlusion / industrial lighting
ppe_fire_smoke_v1,ppec_00308,person,0,"[0.0398, 0.3031, 0.4648, 0.9984]",0.29551,Edge clipped / camera boundary
ppe_fire_smoke_v1,ppec_00320,person,0,"[0.0984, 0.1125, 0.4469, 1.0]",0.30924,Edge clipped / camera boundary
ppe_fire_smoke_v1,ppec_00321,person,0,"[0.0227, 0.0, 0.5258, 1.0]",0.50313,Edge clipped / camera boundary
ppe_fire_smoke_v1,ppec_00321,person,0,"[0.3859, 0.0703, 0.7953, 1.0]",0.38059,Edge clipped / camera boundary
ppe_fire_smoke_v1,ppec_00321,helmet,1,"[0.4969, 0.1602, 0.5563, 0.2523]",0.00547,Small distant object (0.5%-2% image)
ppe_fire_smoke_v1,ppec_00322,person,0,"[0.2125, 0.2719, 0.5609, 1.0]",0.25371,Edge clipped / camera boundary
ppe_fire_smoke_v1,ppec_00322,person,0,"[0.4086, 0.2672, 0.7336, 1.0]",0.23816,Edge clipped / camera boundary
ppe_fire_smoke_v1,ppec_00322,helmet,1,"[0.3164, 0.2883, 0.5273, 0.5508]",0.05537,Partial occlusion / industrial lighting
ppe_fire_smoke_v1,ppec_00322,helmet,1,"[0.4586, 0.3484, 0.6086, 0.5734]",0.03375,Partial occlusion / industrial lighting
ppe_fire_smoke_v1,ppec_00328,person,0,"[0.0945, 0.0125, 0.5477, 0.9766]",0.43684,Edge clipped / camera boundary
ppe_fire_smoke_v1,ppec_00328,helmet,1,"[0.3258, 0.0516, 0.4648, 0.2313]",0.02499,Partial occlusion / industrial lighting
ppe_fire_smoke_v1,ppec_00330,gloves,3,"[0.516, 0.5163, 0.6361, 0.6868]",0.02047,Partial occlusion / industrial lighting
ppe_fire_smoke_v1,ppec_00330,gloves,3,"[0.3003, 0.6364, 0.4894, 0.8436]",0.03918,Partial occlusion / industrial lighting
ppe_fire_smoke_v1,ppec_00331,safety_vest,2,"[0.5148, 0.3023, 0.743, 0.5633]",0.05953,Partial occlusion / industrial lighting
ppe_fire_smoke_v1,ppec_00332,safety_vest,2,"[0.0156, 0.1156, 0.5547, 0.4781]",0.19541,Edge clipped / camera boundary
ppe_fire_smoke_v1,ppec_00332,safety_vest,2,"[0.0156, 0.0016, 0.3797, 0.4156]",0.15074,Edge clipped / camera boundary
ppe_fire_smoke_v1,ppec_00332,safety_vest,2,"[0.6828, 0.3461, 0.8781, 0.5508]",0.03998,Partial occlusion / industrial lighting
ppe_fire_smoke_v1,ppec_00332,safety_vest,2,"[0.8164, 0.3969, 0.9914, 0.6187]",0.03883,Edge clipped / camera boundary
ppe_fire_smoke_v1,ppec_00332,safety_vest,2,"[0.043, 0.4586, 0.5258, 0.9602]",0.24216,Partial occlusion / industrial lighting
ppe_fire_smoke_v1,ppec_00334,person,0,"[0.0422, 0.257, 0.8641, 0.9133]",0.53936,Partial occlusion / industrial lighting
ppe_fire_smoke_v1,ppec_00334,gloves,3,"[0.6961, 0.3563, 0.8195, 0.575]",0.027,Partial occlusion / industrial lighting
ppe_fire_smoke_v1,ppec_00334,gloves,3,"[0.0867, 0.6719, 0.2602, 0.875]",0.03523,Partial occlusion / industrial lighting
ppe_fire_smoke_v1,ppec_00344,person,0,"[0.3031, 0.4992, 0.4813, 0.9977]",0.08878,Edge clipped / camera boundary
ppe_fire_smoke_v1,ppec_00344,person,0,"[-0.0, 0.5109, 0.0906, 0.9031]",0.03554,Edge clipped / camera boundary
ppe_fire_smoke_v1,ppec_00345,safety_vest,2,"[0.1219, 0.75, 0.2016, 0.8375]",0.00697,Small distant object (0.5%-2% image)
ppe_fire_smoke_v1,ppec_00345,safety_vest,2,"[0.407, 0.5852, 0.4727, 0.682]",0.00636,Small distant object (0.5%-2% image)
ppe_fire_smoke_v1,ppec_00346,person,0,"[0.3172, 0.1922, 0.7703, 1.0]",0.36604,Edge clipped / camera boundary
ppe_fire_smoke_v1,ppec_00353,safety_vest,2,"[0.3398, 0.5195, 0.4617, 0.7492]",0.02799,Partial occlusion / industrial lighting
ppe_fire_smoke_v1,ppec_00354,gloves,3,"[0.1102, 0.3102, 0.2273, 0.5773]",0.03131,Partial occlusion / industrial lighting
ppe_fire_smoke_v1,ppec_00354,gloves,3,"[0.1555, 0.3594, 0.2539, 0.6]",0.02369,Partial occlusion / industrial lighting
ppe_fire_smoke_v1,ppec_00354,gloves,3,"[0.2266, 0.3203, 0.3719, 0.6953]",0.05449,Partial occlusion / industrial lighting
ppe_fire_smoke_v1,ppec_00354,gloves,3,"[0.1836, 0.35, 0.3039, 0.6656]",0.03797,Partial occlusion / industrial lighting
ppe_fire_smoke_v1,ppec_00354,gloves,3,"[0.2492, 0.3477, 0.418, 0.7477]",0.0675,Partial occlusion / industrial lighting
ppe_fire_smoke_v1,ppec_00354,gloves,3,"[0.2953, 0.3805, 0.4828, 0.8289]",0.08408,Partial occlusion / industrial lighting
ppe_fire_smoke_v1,ppec_00354,gloves,3,"[0.3375, 0.3922, 0.5828, 0.9469]",0.13607,Partial occlusion / industrial lighting
ppe_fire_smoke_v1,ppec_00354,gloves,3,"[0.5734, 0.4094, 0.8937, 1.0]",0.18918,Edge clipped / camera boundary
ppe_fire_smoke_v1,ppec_00354,gloves,3,"[0.7625, 0.4609, 1.0, 1.0]",0.12803,Edge clipped / camera boundary
ppe_fire_smoke_v1,ppec_00354,gloves,3,"[0.4289, 0.4187, 0.7023, 1.0]",0.15894,Edge clipped / camera boundary
ppe_fire_smoke_v1,ppec_00354,gloves,3,"[0.0656, 0.5953, 0.1688, 0.6859]",0.00935,Small distant object (0.5%-2% image)
ppe_fire_smoke_v1,ppec_00354,gloves,3,"[0.0672, 0.6586, 0.1828, 0.7492]",0.01048,Small distant object (0.5%-2% image)
ppe_fire_smoke_v1,ppec_00354,gloves,3,"[0.0695, 0.7211, 0.207, 0.8461]",0.01719,Small distant object (0.5%-2% image)
ppe_fire_smoke_v1,ppec_00356,person,0,"[0.0016, 0.0016, 0.5844, 1.0]",0.5819,Edge clipped / camera boundary
ppe_fire_smoke_v1,ppec_00356,helmet,1,"[0.2086, 0.0273, 0.4398, 0.2336]",0.0477,Partial occlusion / industrial lighting
ppe_fire_smoke_v1,ppec_00357,safety_vest,2,"[0.2164, 0.3336, 0.4508, 0.568]",0.05493,Partial occlusion / industrial lighting
ppe_fire_smoke_v1,ppec_00362,safety_vest,2,"[0.1234, 0.3273, 0.2344, 0.6102]",0.03137,Partial occlusion / industrial lighting
ppe_fire_smoke_v1,ppec_00362,safety_vest,2,"[0.2016, 0.3125, 0.35, 0.6687]",0.05288,Partial occlusion / industrial lighting
ppe_fire_smoke_v1,ppec_00362,safety_vest,2,"[0.3039, 0.3773, 0.4461, 0.6836]",0.04355,Partial occlusion / industrial lighting
ppe_fire_smoke_v1,ppec_00363,helmet,1,"[0.5594, 0.1148, 0.8719, 0.6008]",0.15186,Partial occlusion / industrial lighting
ppe_fire_smoke_v1,ppec_00363,gloves,3,"[0.3269, 0.4366, 0.4655, 0.5511]",0.01587,Small distant object (0.5%-2% image)
ppe_fire_smoke_v1,ppec_00363,gloves,3,"[0.2666, 0.8201, 0.4258, 0.9884]",0.0268,Edge clipped / camera boundary
ppe_fire_smoke_v1,ppec_00365,safety_vest,2,"[0.5219, 0.55, 0.7797, 1.0]",0.11602,Edge clipped / camera boundary
ppe_fire_smoke_v1,ppec_00370,person,0,"[0.5984, 0.2859, 0.8562, 0.8422]",0.14341,Partial occlusion / industrial lighting
ppe_fire_smoke_v1,ppec_00373,person,0,"[0.4328, 0.1469, 0.6109, 1.0]",0.15196,Edge clipped / camera boundary
ppe_fire_smoke_v1,ppec_00373,person,0,"[0.743, 0.1633, 0.957, 0.9461]",0.16757,Extreme aspect ratio / pose
ppe_fire_smoke_v1,ppec_00373,person,0,"[0.6289, 0.0922, 0.7898, 0.7875]",0.1119,Extreme aspect ratio / pose
ppe_fire_smoke_v1,ppec_00373,helmet,1,"[0.7469, 0.1773, 0.8266, 0.2664]",0.0071,Small distant object (0.5%-2% image)
ppe_fire_smoke_v1,ppec_00373,helmet,1,"[0.6563, 0.1414, 0.7219, 0.1992]",0.00379,Very small object (<0.5% image)
ppe_fire_smoke_v1,ppec_00373,helmet,1,"[0.45, 0.1664, 0.5641, 0.3461]",0.0205,Partial occlusion / industrial lighting
ppe_fire_smoke_v1,ppec_00373,gloves,3,"[0.3063, 0.3484, 0.4047, 0.4375]",0.00877,Small distant object (0.5%-2% image)
ppe_fire_smoke_v1,ppec_00373,safety_footwear,4,"[0.8008, 0.818, 0.9352, 0.9523]",0.01806,Small distant object (0.5%-2% image)
ppe_fire_smoke_v1,ppec_00373,safety_footwear,4,"[0.7391, 0.7195, 0.7812, 0.7867]",0.00283,Very small object (<0.5% image)
ppe_fire_smoke_v1,ppec_00374,person,0,"[0.1289, 0.2078, 0.4961, 0.9797]",0.28342,Partial occlusion / industrial lighting
ppe_fire_smoke_v1,ppec_00374,person,0,"[0.7477, 0.4602, 0.8555, 0.5961]",0.01466,Small distant object (0.5%-2% image)
ppe_fire_smoke_v1,ppec_00374,helmet,1,"[0.275, 0.2391, 0.4047, 0.4125]",0.02249,Partial occlusion / industrial lighting
ppe_fire_smoke_v1,ppec_00374,helmet,1,"[0.3461, 0.3578, 0.443, 0.4578]",0.00969,Small distant object (0.5%-2% image)
ppe_fire_smoke_v1,ppec_00376,safety_vest,2,"[0.5969, 0.3281, 1.0, 1.0]",0.27085,Edge clipped / camera boundary
ppe_fire_smoke_v1,ppec_00382,safety_vest,2,"[0.0, 0.6648, 0.1625, 0.9992]",0.05434,Edge clipped / camera boundary
ppe_fire_smoke_v1,ppec_00383,helmet,1,"[0.5359, 0.1055, 0.7719, 0.7195]",0.14488,Partial occlusion / industrial lighting
ppe_fire_smoke_v1,ppec_00384,safety_vest,2,"[0.4016, 0.3242, 0.5859, 0.5289]",0.03774,Partial occlusion / industrial lighting
ppe_fire_smoke_v1,ppec_00389,person,0,"[0.1938, -0.0, 1.0, 0.9969]",0.80373,Edge clipped / camera boundary
ppe_fire_smoke_v1,ppec_00389,gloves,3,"[0.3109, 0.5852, 0.4766, 0.7914]",0.03416,Partial occlusion / industrial lighting
ppe_fire_smoke_v1,ppec_00391,safety_footwear,4,"[0.5312, 0.7234, 0.5906, 0.7781]",0.00325,Very small object (<0.5% image)
ppe_fire_smoke_v1,ppec_00391,safety_footwear,4,"[0.4719, 0.7133, 0.5156, 0.7883]",0.00328,Very small object (<0.5% image)
ppe_fire_smoke_v1,ppec_00398,safety_vest,2,"[0.557, 0.0586, 0.8305, 0.4117]",0.09656,Partial occlusion / industrial lighting
ppe_fire_smoke_v1,ppec_00398,safety_vest,2,"[-0.0, 0.4328, 0.1453, 0.9578]",0.07629,Edge clipped / camera boundary
ppe_fire_smoke_v1,ppec_00398,safety_vest,2,"[0.7375, 0.5367, 0.9797, 0.8523]",0.07644,Partial occlusion / industrial lighting
ppe_fire_smoke_v1,ppec_00398,safety_vest,2,"[0.3937, 0.4594, 0.6031, 0.8422]",0.08015,Partial occlusion / industrial lighting
ppe_fire_smoke_v1,ppec_00399,safety_vest,2,"[0.4203, 0.3688, 0.6, 0.5422]",0.03116,Partial occlusion / industrial lighting
ppe_fire_smoke_v1,ppec_00400,person,0,"[0.4187, 0.0109, 1.0, 1.0]",0.57489,Edge clipped / camera boundary
ppe_fire_smoke_v1,ppec_00400,person,0,"[0.0, 0.2, 0.6141, 1.0]",0.49125,Edge clipped / camera boundary
ppe_fire_smoke_v1,ppec_00400,helmet,1,"[0.0414, 0.2375, 0.318, 0.4875]",0.06914,Partial occlusion / industrial lighting
ppe_fire_smoke_v1,ppec_00400,safety_vest,2,"[0.607, 0.3391, 0.9852, 0.9859]",0.2446,Edge clipped / camera boundary
ppe_fire_smoke_v1,ppec_00400,safety_vest,2,"[0.0445, 0.5859, 0.457, 1.0]",0.1708,Edge clipped / camera boundary
ppe_fire_smoke_v1,ppec_00404,safety_vest,2,"[0.4359, 0.3477, 0.6016, 0.5305]",0.03028,Partial occlusion / industrial lighting
ppe_fire_smoke_v1,ppec_00409,person,0,"[0.1188, 0.2953, 0.4531, 1.0]",0.23563,Edge clipped / camera boundary
ppe_fire_smoke_v1,ppec_00409,person,0,"[0.4391, 0.3969, 0.7359, 1.0]",0.17905,Edge clipped / camera boundary
ppe_fire_smoke_v1,ppec_00409,person,0,"[0.7117, 0.4031, 0.9789, 1.0]",0.15948,Edge clipped / camera boundary
ppe_fire_smoke_v1,ppec_00409,helmet,1,"[0.1305, 0.2945, 0.4055, 0.6039]",0.08508,Partial occlusion / industrial lighting
ppe_fire_smoke_v1,ppec_00409,helmet,1,"[0.457, 0.4227, 0.607, 0.5836]",0.02414,Partial occlusion / industrial lighting
ppe_fire_smoke_v1,ppec_00409,helmet,1,"[0.7539, 0.475, 0.8711, 0.6016]",0.01483,Small distant object (0.5%-2% image)
ppe_fire_smoke_v1,safup_00002,person,0,"[0.7328, 0.3992, 0.9531, 0.9039]",0.11119,Partial occlusion / industrial lighting
ppe_fire_smoke_v1,safup_00002,person,0,"[0.7, 0.1148, 0.8531, 0.8414]",0.11125,Extreme aspect ratio / pose
ppe_fire_smoke_v1,safup_00002,person,0,"[0.5469, 0.1094, 0.7047, 0.8406]",0.1154,Extreme aspect ratio / pose
ppe_fire_smoke_v1,safup_00002,person,0,"[0.0, 0.1359, 0.2484, 1.0]",0.21467,Edge clipped / camera boundary
ppe_fire_smoke_v1,safup_00002,helmet,1,"[0.0648, 0.1406, 0.1367, 0.2219]",0.00584,Small distant object (0.5%-2% image)
ppe_fire_smoke_v1,safup_00002,helmet,1,"[0.6156, 0.1109, 0.6703, 0.1719]",0.00333,Very small object (<0.5% image)
ppe_fire_smoke_v1,safup_00002,helmet,1,"[0.7266, 0.1125, 0.7844, 0.1719]",0.00343,Very small object (<0.5% image)
ppe_fire_smoke_v1,safup_00002,helmet,1,"[0.8, 0.4047, 0.8531, 0.4688]",0.0034,Very small object (<0.5% image)
ppe_fire_smoke_v1,safup_00002,safety_vest,2,"[0.0203, 0.2766, 0.1734, 0.6016]",0.04977,Partial occlusion / industrial lighting
ppe_fire_smoke_v1,safup_00002,safety_vest,2,"[0.5688, 0.2359, 0.6844, 0.4953]",0.02999,Partial occlusion / industrial lighting
ppe_fire_smoke_v1,safup_00002,safety_vest,2,"[0.7031, 0.2219, 0.8203, 0.475]",0.02966,Partial occlusion / industrial lighting
ppe_fire_smoke_v1,safup_00010,person,0,"[0.0258, 0.1305, 0.6508, 0.9445]",0.50879,Partial occlusion / industrial lighting
ppe_fire_smoke_v1,safup_00010,helmet,1,"[0.2844, 0.1422, 0.3687, 0.2219]",0.00672,Small distant object (0.5%-2% image)
ppe_fire_smoke_v1,safup_00010,safety_vest,2,"[0.275, 0.2797, 0.4297, 0.5313]",0.03891,Partial occlusion / industrial lighting
ppe_fire_smoke_v1,safup_00011,person,0,"[0.2508, 0.1523, 0.4961, 0.9336]",0.19165,Extreme aspect ratio / pose
ppe_fire_smoke_v1,safup_00011,safety_vest,2,"[0.2937, 0.2969, 0.4156, 0.5469]",0.03047,Partial occlusion / industrial lighting
ppe_fire_smoke_v1,safup_00012,person,0,"[0.3719, 0.1844, 0.7281, 0.7719]",0.2093,Partial occlusion / industrial lighting
ppe_fire_smoke_v1,safup_00012,helmet,1,"[0.4578, 0.1852, 0.6016, 0.2461]",0.00876,Small distant object (0.5%-2% image)
ppe_fire_smoke_v1,safup_00016,person,0,"[0.6633, 0.0961, 0.868, 0.968]",0.17846,Extreme aspect ratio / pose
ppe_fire_smoke_v1,safup_00016,person,0,"[0.3953, 0.0719, 0.6547, 0.9703]",0.23303,Extreme aspect ratio / pose
ppe_fire_smoke_v1,safup_00016,helmet,1,"[0.4703, 0.1031, 0.5922, 0.2016]",0.012,Small distant object (0.5%-2% image)
ppe_fire_smoke_v1,safup_00016,helmet,1,"[0.7203, 0.1109, 0.8297, 0.2203]",0.01196,Small distant object (0.5%-2% image)
ppe_fire_smoke_v1,safup_00016,safety_vest,2,"[0.4359, 0.2266, 0.5953, 0.5984]",0.05927,Partial occlusion / industrial lighting
ppe_fire_smoke_v1,safup_00016,safety_vest,2,"[0.6766, 0.2422, 0.8672, 0.625]",0.07297,Partial occlusion / industrial lighting
ppe_fire_smoke_v1,safup_00018,person,0,"[0.0, 0.0688, 0.4125, 0.9109]",0.3474,Edge clipped / camera boundary
ppe_fire_smoke_v1,safup_00018,person,0,"[0.5875, 0.0762, 1.0, 0.8863]",0.33419,Edge clipped / camera boundary
ppe_fire_smoke_v1,safup_00018,safety_vest,2,"[0.0164, 0.3176, 0.3117, 0.7824]",0.13727,Edge clipped / camera boundary
ppe_fire_smoke_v1,safup_00018,safety_vest,2,"[0.6391, 0.3207, 0.9984, 0.8168]",0.17828,Edge clipped / camera boundary
ppe_fire_smoke_v1,safup_00019,person,0,"[0.3516, 0.0852, 0.7188, 0.7727]",0.25244,Partial occlusion / industrial lighting
ppe_fire_smoke_v1,safup_00019,helmet,1,"[0.4266, 0.0961, 0.5953, 0.168]",0.01213,Small distant object (0.5%-2% image)
ppe_fire_smoke_v1,safup_00019,safety_vest,2,"[0.4, 0.2328, 0.6469, 0.475]",0.05979,Partial occlusion / industrial lighting
ppe_fire_smoke_v1,safup_00022,safety_vest,2,"[0.0719, 0.0, 0.9063, 1.0]",0.83437,Edge clipped / camera boundary
ppe_fire_smoke_v1,safup_00026,person,0,"[0.0047, 0.0, 1.0, 1.0]",0.99531,Edge clipped / camera boundary
ppe_fire_smoke_v1,safup_00026,helmet,1,"[0.4062, 0.0086, 0.6687, 0.143]",0.03527,Edge clipped / camera boundary
ppe_fire_smoke_v1,safup_00028,person,0,"[0.3445, 0.0258, 0.843, 0.7664]",0.36916,Partial occlusion / industrial lighting
ppe_fire_smoke_v1,safup_00028,safety_vest,2,"[0.4141, 0.1734, 0.7172, 0.4437]",0.08194,Partial occlusion / industrial lighting
ppe_fire_smoke_v1,safup_00035,person,0,"[0.323, 0.1477, 0.6051, 0.8711]",0.20403,Partial occlusion / industrial lighting
ppe_fire_smoke_v1,safup_00039,person,0,"[0.3375, 0.2277, 0.3703, 0.3113]",0.00274,Very small object (<0.5% image)
ppe_fire_smoke_v1,safup_00042,person,0,"[0.5008, 0.4648, 0.6836, 0.7914]",0.0597,Partial occlusion / industrial lighting
ppe_fire_smoke_v1,safup_00042,helmet,1,"[0.5516, 0.4672, 0.6125, 0.4953]",0.00171,Very small object (<0.5% image)
ppe_fire_smoke_v1,safup_00042,safety_vest,2,"[0.5344, 0.5203, 0.6125, 0.6297]",0.00854,Small distant object (0.5%-2% image)
ppe_fire_smoke_v1,safup_00045,helmet,1,"[0.3543, 0.0914, 0.4379, 0.1727]",0.00679,Small distant object (0.5%-2% image)
ppe_fire_smoke_v1,safup_00045,helmet,1,"[0.5148, 0.1684, 0.5742, 0.2254]",0.00339,Very small object (<0.5% image)
ppe_fire_smoke_v1,safup_00045,helmet,1,"[0.6777, 0.0852, 0.777, 0.1664]",0.00806,Small distant object (0.5%-2% image)
ppe_fire_smoke_v1,safup_00045,safety_vest,2,"[0.6383, 0.2336, 0.8086, 0.5461]",0.05322,Partial occlusion / industrial lighting
ppe_fire_smoke_v1,safup_00046,person,0,"[0.609, 0.0852, 0.7957, 0.8586]",0.14442,Extreme aspect ratio / pose
ppe_fire_smoke_v1,safup_00046,helmet,1,"[0.6988, 0.0914, 0.7605, 0.2039]",0.00694,Small distant object (0.5%-2% image)
ppe_fire_smoke_v1,safup_00049,helmet,1,"[0.5578, 0.1281, 0.825, 0.4797]",0.09393,Partial occlusion / industrial lighting
ppe_fire_smoke_v1,safup_00051,person,0,"[0.2484, 0.0922, 0.6406, 1.0]",0.35603,Edge clipped / camera boundary
ppe_fire_smoke_v1,safup_00051,helmet,1,"[0.3938, 0.1156, 0.4859, 0.1969]",0.00749,Small distant object (0.5%-2% image)
ppe_fire_smoke_v1,safup_00051,safety_vest,2,"[0.3656, 0.2844, 0.5422, 0.6016]",0.056,Partial occlusion / industrial lighting
ppe_fire_smoke_v1,safup_00052,person,0,"[0.3039, 0.1305, 0.6305, 0.9445]",0.26584,Partial occlusion / industrial lighting
ppe_fire_smoke_v1,safup_00052,safety_vest,2,"[0.3875, 0.3109, 0.5984, 0.5734]",0.05537,Partial occlusion / industrial lighting
ppe_fire_smoke_v1,safup_00058,person,0,"[0.3375, 0.118, 0.6359, 0.757]",0.19072,Partial occlusion / industrial lighting
ppe_fire_smoke_v1,safup_00058,helmet,1,"[0.3613, 0.0887, 0.6215, 0.2832]",0.05061,Partial occlusion / industrial lighting
ppe_fire_smoke_v1,safup_00058,safety_vest,2,"[0.3523, 0.2516, 0.5977, 0.4641]",0.05213,Partial occlusion / industrial lighting
ppe_fire_smoke_v1,safup_00064,person,0,"[0.4043, 0.7738, 0.6973, 0.9996]",0.06615,Edge clipped / camera boundary
ppe_fire_smoke_v1,safup_00064,person,0,"[0.1164, 0.2574, 0.1352, 0.3676]",0.00207,Very small object (<0.5% image)
ppe_fire_smoke_v1,safup_00066,person,0,"[0.3258, 0.1398, 0.6523, 0.7055]",0.18471,Partial occlusion / industrial lighting
ppe_fire_smoke_v1,safup_00066,helmet,1,"[0.425, 0.1406, 0.5578, 0.1969]",0.00747,Small distant object (0.5%-2% image)
ppe_fire_smoke_v1,safup_00067,person,0,"[0.2766, 0.2258, 0.6922, 0.8539]",0.26106,Partial occlusion / industrial lighting
ppe_fire_smoke_v1,safup_00067,helmet,1,"[0.275, 0.2305, 0.4781, 0.6086]",0.07681,Partial occlusion / industrial lighting
ppe_fire_smoke_v1,safup_00067,safety_vest,2,"[0.4566, 0.5836, 0.6902, 0.8586]",0.06424,Partial occlusion / industrial lighting
ppe_fire_smoke_v1,safup_00068,person,0,"[0.1086, 0.0, 0.8523, 1.0]",0.74375,Edge clipped / camera boundary
ppe_fire_smoke_v1,safup_00068,helmet,1,"[0.3516, 0.0078, 0.6156, 0.1672]",0.04208,Edge clipped / camera boundary
ppe_fire_smoke_v1,safup_00068,safety_vest,2,"[0.2578, 0.2594, 0.7125, 0.8187]",0.25434,Partial occlusion / industrial lighting
ppe_fire_smoke_v1,safup_00070,person,0,"[0.6645, 0.4844, 0.7199, 0.6734]",0.01049,Small distant object (0.5%-2% image)
ppe_fire_smoke_v1,safup_00074,safety_vest,2,"[0.4586, 0.2469, 0.8039, 0.7375]",0.16942,Partial occlusion / industrial lighting
ppe_fire_smoke_v1,safup_00076,person,0,"[0.5441, 0.1566, 0.5934, 0.2684]",0.0055,Small distant object (0.5%-2% image)
ppe_fire_smoke_v1,safup_00084,helmet,1,"[0.5406, 0.1281, 0.8047, 0.4]",0.07179,Partial occlusion / industrial lighting
ppe_fire_smoke_v1,safup_00084,safety_vest,2,"[0.5437, 0.5359, 0.8672, 1.0]",0.1501,Edge clipped / camera boundary
ppe_fire_smoke_v1,safup_00085,person,0,"[0.1578, 0.1109, 0.8031, 1.0]",0.57372,Edge clipped / camera boundary
ppe_fire_smoke_v1,safup_00085,safety_vest,2,"[0.4031, 0.2781, 0.5703, 0.5984]",0.05355,Partial occlusion / industrial lighting
ppe_fire_smoke_v1,safup_00088,person,0,"[0.2031, 0.0844, 0.7406, 1.0]",0.49215,Edge clipped / camera boundary
ppe_fire_smoke_v1,safup_00089,person,0,"[0.1047, 0.1172, 0.4344, 0.3969]",0.09221,Partial occlusion / industrial lighting
ppe_fire_smoke_v1,safup_00089,person,0,"[0.0719, 0.4133, 0.4203, 0.6945]",0.098,Partial occlusion / industrial lighting
ppe_fire_smoke_v1,safup_00089,person,0,"[0.1086, 0.7047, 0.457, 0.9891]",0.09909,Edge clipped / camera boundary
ppe_fire_smoke_v1,safup_00089,person,0,"[0.5656, 0.7094, 0.9344, 0.9875]",0.10256,Edge clipped / camera boundary
ppe_fire_smoke_v1,safup_00089,person,0,"[0.5633, 0.4086, 0.9195, 0.693]",0.10131,Partial occlusion / industrial lighting
ppe_fire_smoke_v1,safup_00089,person,0,"[0.5813, 0.1187, 0.9141, 0.4016]",0.09412,Partial occlusion / industrial lighting
ppe_fire_smoke_v1,safup_00089,safety_vest,2,"[0.6031, 0.5047, 0.8906, 0.6828]",0.05121,Partial occlusion / industrial lighting
ppe_fire_smoke_v1,safup_00089,safety_vest,2,"[0.1359, 0.7828, 0.4094, 0.9484]",0.04529,Partial occlusion / industrial lighting
ppe_fire_smoke_v1,safup_00089,safety_vest,2,"[0.6219, 0.1969, 0.8875, 0.375]",0.04731,Partial occlusion / industrial lighting
ppe_fire_smoke_v1,safup_00089,safety_vest,2,"[0.1281, 0.2063, 0.4094, 0.3859]",0.05054,Partial occlusion / industrial lighting
ppe_fire_smoke_v1,safup_00091,person,0,"[0.2969, 0.1164, 0.7875, 0.8227]",0.3465,Partial occlusion / industrial lighting
ppe_fire_smoke_v1,safup_00091,helmet,1,"[0.4875, 0.1266, 0.6828, 0.2031]",0.01495,Small distant object (0.5%-2% image)
ppe_fire_smoke_v1,safup_00091,safety_vest,2,"[0.4414, 0.2703, 0.6977, 0.5359]",0.06807,Partial occlusion / industrial lighting
ppe_fire_smoke_v1,safup_00096,person,0,"[0.3945, 0.1383, 0.768, 0.7555]",0.23048,Partial occlusion / industrial lighting
ppe_fire_smoke_v1,safup_00098,person,0,"[0.1625, 0.0, 0.9703, 1.0]",0.80781,Edge clipped / camera boundary
ppe_fire_smoke_v1,safup_00098,helmet,1,"[0.3687, 0.0, 0.7078, 0.2766]",0.09377,Edge clipped / camera boundary
ppe_fire_smoke_v1,safup_00098,safety_vest,2,"[0.3531, 0.3422, 0.8188, 1.0]",0.30629,Edge clipped / camera boundary
ppe_fire_smoke_v1,safup_00100,person,0,"[0.3992, 0.182, 0.7836, 0.7742]",0.22762,Partial occlusion / industrial lighting
ppe_fire_smoke_v1,safup_00101,person,0,"[0.2875, 0.0359, 0.8141, 0.8016]",0.40315,Partial occlusion / industrial lighting
ppe_fire_smoke_v1,safup_00101,helmet,1,"[0.5023, 0.0414, 0.7117, 0.132]",0.01897,Small distant object (0.5%-2% image)
ppe_fire_smoke_v1,safup_00101,safety_vest,2,"[0.4508, 0.2, 0.7414, 0.4875]",0.08355,Partial occlusion / industrial lighting
ppe_fire_smoke_v1,safup_00110,person,0,"[0.3812, 0.0813, 0.7406, 0.8281]",0.26841,Partial occlusion / industrial lighting
ppe_fire_smoke_v1,safup_00110,helmet,1,"[0.4457, 0.084, 0.6355, 0.2301]",0.02774,Partial occlusion / industrial lighting
ppe_fire_smoke_v1,safup_00118,person,0,"[0.1289, 0.1305, 0.5711, 0.9258]",0.35168,Partial occlusion / industrial lighting
ppe_fire_smoke_v1,safup_00118,helmet,1,"[0.3203, 0.1547, 0.3937, 0.2328]",0.00574,Small distant object (0.5%-2% image)
ppe_fire_smoke_v1,safup_00118,safety_vest,2,"[0.3047, 0.3047, 0.4531, 0.5234]",0.03247,Partial occlusion / industrial lighting
ppe_fire_smoke_v1,safup_00120,person,0,"[0.0422, 0.1273, 0.6438, 0.9367]",0.48689,Partial occlusion / industrial lighting
ppe_fire_smoke_v1,safup_00120,helmet,1,"[0.3141, 0.1594, 0.3844, 0.2281]",0.00483,Very small object (<0.5% image)
ppe_fire_smoke_v1,safup_00120,safety_vest,2,"[0.2938, 0.2969, 0.4484, 0.5219]",0.0348,Partial occlusion / industrial lighting
ppe_fire_smoke_v1,safup_00121,person,0,"[0.4453, 0.2344, 0.6391, 0.5281]",0.05691,Partial occlusion / industrial lighting
ppe_fire_smoke_v1,safup_00121,helmet,1,"[0.5047, 0.2359, 0.5672, 0.2672]",0.00195,Very small object (<0.5% image)
ppe_fire_smoke_v1,safup_00121,safety_vest,2,"[0.4805, 0.2906, 0.5945, 0.3891]",0.01123,Small distant object (0.5%-2% image)
ppe_fire_smoke_v1,safup_00129,person,0,"[0.3, 0.1016, 0.7047, 1.0]",0.36359,Edge clipped / camera boundary
ppe_fire_smoke_v1,safup_00129,helmet,1,"[0.4656, 0.0977, 0.5531, 0.1727]",0.00656,Small distant object (0.5%-2% image)
ppe_fire_smoke_v1,safup_00129,safety_vest,2,"[0.4289, 0.2758, 0.6148, 0.5492]",0.05084,Partial occlusion / industrial lighting
ppe_fire_smoke_v1,safup_00132,person,0,"[0.2984, 0.1582, 0.5578, 0.9152]",0.19635,Partial occlusion / industrial lighting
ppe_fire_smoke_v1,safup_00132,helmet,1,"[0.4031, 0.1578, 0.4922, 0.2234]",0.00584,Small distant object (0.5%-2% image)
ppe_fire_smoke_v1,safup_00132,safety_vest,2,"[0.3793, 0.3008, 0.5082, 0.5164]",0.0278,Partial occlusion / industrial lighting
ppe_fire_smoke_v1,safup_00133,person,0,"[0.468, 0.2391, 0.6164, 0.5188]",0.04152,Partial occlusion / industrial lighting
ppe_fire_smoke_v1,safup_00133,helmet,1,"[0.5133, 0.243, 0.5742, 0.2742]",0.0019,Very small object (<0.5% image)
ppe_fire_smoke_v1,safup_00133,safety_vest,2,"[0.4859, 0.2953, 0.5953, 0.3875]",0.01008,Small distant object (0.5%-2% image)
ppe_fire_smoke_v1,safup_00135,person,0,"[0.3828, 0.0941, 0.8453, 0.9996]",0.41878,Edge clipped / camera boundary
ppe_fire_smoke_v1,safup_00135,helmet,1,"[0.5375, 0.0687, 0.7031, 0.2656]",0.03261,Partial occlusion / industrial lighting
ppe_fire_smoke_v1,safup_00135,safety_vest,2,"[0.4727, 0.4484, 0.8039, 1.0]",0.1827,Edge clipped / camera boundary
ppe_fire_smoke_v1,safup_00136,person,0,"[0.3211, 0.2031, 0.5852, 0.9734]",0.20341,Partial occlusion / industrial lighting
ppe_fire_smoke_v1,safup_00136,safety_vest,2,"[0.3656, 0.4391, 0.5391, 0.5891]",0.02602,Partial occlusion / industrial lighting
ppe_fire_smoke_v1,safup_00147,person,0,"[0.2969, 0.1234, 0.6031, 1.0]",0.26845,Edge clipped / camera boundary
ppe_fire_smoke_v1,safup_00147,safety_vest,2,"[0.3547, 0.2906, 0.5359, 0.6219]",0.06004,Partial occlusion / industrial lighting
ppe_fire_smoke_v1,safup_00148,person,0,"[0.4344, 0.1336, 0.6828, 0.543]",0.1017,Partial occlusion / industrial lighting
ppe_fire_smoke_v1,safup_00148,helmet,1,"[0.5086, 0.1344, 0.6148, 0.175]",0.00432,Very small object (<0.5% image)
ppe_fire_smoke_v1,safup_00148,helmet,1,"[0.5047, 0.1098, 0.6187, 0.2215]",0.01274,Small distant object (0.5%-2% image)
ppe_fire_smoke_v1,safup_00157,person,0,"[0.2688, 0.0898, 0.7219, 0.8117]",0.3271,Partial occlusion / industrial lighting
ppe_fire_smoke_v1,safup_00157,helmet,1,"[0.4133, 0.0914, 0.5852, 0.168]",0.01316,Small distant object (0.5%-2% image)
ppe_fire_smoke_v1,safup_00157,safety_vest,2,"[0.35, 0.2391, 0.6359, 0.4969]",0.07372,Partial occlusion / industrial lighting
ppe_fire_smoke_v1,safup_00159,person,0,"[0.0805, 0.15, 0.6648, 0.9313]",0.45654,Partial occlusion / industrial lighting
ppe_fire_smoke_v1,safup_00159,helmet,1,"[0.3203, 0.1578, 0.3953, 0.2266]",0.00516,Small distant object (0.5%-2% image)
ppe_fire_smoke_v1,safup_00159,safety_vest,2,"[0.2984, 0.2953, 0.4547, 0.5266]",0.03613,Partial occlusion / industrial lighting
ppe_fire_smoke_v1,safup_00166,person,0,"[0.3438, 0.1852, 0.6234, 0.6398]",0.12717,Partial occlusion / industrial lighting
ppe_fire_smoke_v1,safup_00166,helmet,1,"[0.4219, 0.1836, 0.5281, 0.2305]",0.00498,Very small object (<0.5% image)
ppe_fire_smoke_v1,safup_00170,person,0,"[0.1984, 0.0, 0.7, 1.0]",0.50156,Edge clipped / camera boundary
ppe_fire_smoke_v1,safup_00170,safety_vest,2,"[0.2375, 0.3023, 0.6531, 0.9555]",0.27146,Partial occlusion / industrial lighting
ppe_fire_smoke_v1,safup_00171,person,0,"[0.0, 0.2891, 1.0, 1.0]",0.71094,Edge clipped / camera boundary
ppe_fire_smoke_v1,safup_00173,person,0,"[0.3281, 0.0, 0.8687, 1.0]",0.54063,Edge clipped / camera boundary
ppe_fire_smoke_v1,safup_00173,helmet,1,"[0.5281, 0.0008, 0.7047, 0.0602]",0.01048,Small distant object (0.5%-2% image)
ppe_fire_smoke_v1,safup_00173,safety_vest,2,"[0.4492, 0.2344, 0.7992, 0.65]",0.14547,Partial occlusion / industrial lighting
ppe_fire_smoke_v1,safup_00180,person,0,"[0.2688, 0.0898, 0.7219, 0.8117]",0.3271,Partial occlusion / industrial lighting
ppe_fire_smoke_v1,safup_00180,safety_vest,2,"[0.35, 0.2391, 0.6359, 0.4969]",0.07372,Partial occlusion / industrial lighting
ppe_fire_smoke_v1,safup_00181,person,0,"[0.3992, 0.5316, 0.7242, 0.9996]",0.15209,Edge clipped / camera boundary
ppe_fire_smoke_v1,safup_00184,safety_vest,2,"[0.0516, 0.0, 0.8969, 1.0]",0.84531,Edge clipped / camera boundary
ppe_fire_smoke_v1,safup_00188,person,0,"[0.2977, 0.1164, 0.7867, 0.8227]",0.3454,Partial occlusion / industrial lighting
ppe_fire_smoke_v1,safup_00188,safety_vest,2,"[0.4414, 0.2703, 0.6977, 0.5359]",0.06807,Partial occlusion / industrial lighting
ppe_fire_smoke_v1,safup_00195,person,0,"[0.568, 0.5594, 0.6008, 0.7687]",0.00687,Small distant object (0.5%-2% image)
ppe_fire_smoke_v1,safup_00195,person,0,"[0.4402, 0.5113, 0.4738, 0.6918]",0.00606,Small distant object (0.5%-2% image)
ppe_fire_smoke_v1,safup_00195,helmet,1,"[0.584, 0.5598, 0.6004, 0.5902]",0.0005,Very small object (<0.5% image)
ppe_fire_smoke_v1,safup_00195,helmet,1,"[0.4504, 0.5133, 0.4637, 0.532]",0.00025,Very small object (<0.5% image)
ppe_fire_smoke_v1,safup_00214,person,0,"[0.6461, 0.1453, 0.9227, 0.9703]",0.22816,Partial occlusion / industrial lighting
ppe_fire_smoke_v1,safup_00214,helmet,1,"[0.7422, 0.1844, 0.8406, 0.2578]",0.00723,Small distant object (0.5%-2% image)
ppe_fire_smoke_v1,safup_00214,helmet,1,"[0.7426, 0.1883, 0.8387, 0.3289]",0.01351,Small distant object (0.5%-2% image)
ppe_fire_smoke_v1,safup_00214,safety_vest,2,"[0.7109, 0.3391, 0.8797, 0.5687]",0.03876,Partial occlusion / industrial lighting
ppe_fire_smoke_v1,safup_00216,person,0,"[0.1094, 0.0906, 0.7734, 1.0]",0.60388,Edge clipped / camera boundary
ppe_fire_smoke_v1,safup_00216,helmet,1,"[0.3953, 0.1047, 0.4922, 0.2172]",0.0109,Small distant object (0.5%-2% image)
ppe_fire_smoke_v1,safup_00216,helmet,1,"[0.3918, 0.0906, 0.5207, 0.3156]",0.029,Partial occlusion / industrial lighting
ppe_fire_smoke_v1,safup_00216,safety_vest,2,"[0.3547, 0.275, 0.5578, 0.5422]",0.05427,Partial occlusion / industrial lighting
ppe_fire_smoke_v1,safup_00223,safety_vest,2,"[0.2891, 0.5188, 0.3578, 0.5891]",0.00483,Very small object (<0.5% image)
ppe_fire_smoke_v1,safup_00223,safety_vest,2,"[0.3023, 0.5852, 0.3445, 0.6711]",0.00363,Very small object (<0.5% image)
ppe_fire_smoke_v1,safup_00227,person,0,"[0.357, 0.1133, 0.693, 0.8883]",0.26035,Partial occlusion / industrial lighting
ppe_fire_smoke_v1,safup_00228,safety_vest,2,"[0.3258, 0.4484, 0.4523, 0.7375]",0.03658,Partial occlusion / industrial lighting
ppe_fire_smoke_v1,safup_00229,person,0,"[0.125, 0.1047, 0.6625, 0.9672]",0.46359,Partial occlusion / industrial lighting
ppe_fire_smoke_v1,safup_00229,helmet,1,"[0.2547, 0.1141, 0.625, 0.2797]",0.06133,Partial occlusion / industrial lighting
ppe_fire_smoke_v1,safup_00230,person,0,"[0.2539, 0.0602, 0.6477, 0.7414]",0.26824,Partial occlusion / industrial lighting
ppe_fire_smoke_v1,safup_00230,helmet,1,"[0.3594, 0.0609, 0.5266, 0.1547]",0.01567,Small distant object (0.5%-2% image)
ppe_fire_smoke_v1,safup_00232,person,0,"[0.3172, 0.1727, 0.575, 0.5789]",0.10474,Partial occlusion / industrial lighting
ppe_fire_smoke_v1,safup_00232,helmet,1,"[0.4094, 0.1813, 0.4937, 0.2172]",0.00303,Very small object (<0.5% image)
ppe_fire_smoke_v1,safup_00234,person,0,"[0.2875, 0.0891, 0.7156, 0.8016]",0.30504,Partial occlusion / industrial lighting
ppe_fire_smoke_v1,safup_00234,helmet,1,"[0.3801, 0.0437, 0.609, 0.2687]",0.0515,Partial occlusion / industrial lighting
ppe_fire_smoke_v1,safup_00234,safety_vest,2,"[0.3641, 0.2391, 0.6422, 0.4969]",0.0717,Partial occlusion / industrial lighting
ppe_fire_smoke_v1,safup_00242,person,0,"[0.1148, 0.0953, 0.7555, 1.0]",0.57957,Edge clipped / camera boundary
ppe_fire_smoke_v1,safup_00242,helmet,1,"[0.4, 0.1187, 0.4844, 0.2953]",0.0149,Small distant object (0.5%-2% image)
ppe_fire_smoke_v1,safup_00242,safety_vest,2,"[0.3641, 0.2828, 0.5406, 0.5969]",0.05545,Partial occlusion / industrial lighting
ppe_fire_smoke_v1,safup_00243,person,0,"[0.3055, 0.1109, 0.7477, 1.0]",0.39313,Edge clipped / camera boundary
ppe_fire_smoke_v1,safup_00243,helmet,1,"[0.4719, 0.1266, 0.5547, 0.2047]",0.00647,Small distant object (0.5%-2% image)
ppe_fire_smoke_v1,safup_00243,safety_vest,2,"[0.4313, 0.2906, 0.5891, 0.6094]",0.0503,Partial occlusion / industrial lighting
ppe_fire_smoke_v1,safup_00244,person,0,"[0.2688, 0.0898, 0.7219, 0.8117]",0.3271,Partial occlusion / industrial lighting
ppe_fire_smoke_v1,safup_00244,helmet,1,"[0.4133, 0.0914, 0.5852, 0.168]",0.01316,Small distant object (0.5%-2% image)
ppe_fire_smoke_v1,safup_00244,helmet,1,"[0.3922, 0.0664, 0.5969, 0.2789]",0.0435,Partial occlusion / industrial lighting
ppe_fire_smoke_v1,safup_00244,safety_vest,2,"[0.35, 0.2391, 0.6359, 0.4969]",0.07372,Partial occlusion / industrial lighting
ppe_fire_smoke_v1,safup_00245,person,0,"[0.2191, 0.1566, 0.3996, 0.9996]",0.15213,Edge clipped / camera boundary
ppe_fire_smoke_v1,safup_00245,helmet,1,"[0.2434, 0.1586, 0.3613, 0.2742]",0.01364,Small distant object (0.5%-2% image)
ppe_fire_smoke_v1,safup_00245,safety_vest,2,"[0.2164, 0.3352, 0.382, 0.8305]",0.08204,Partial occlusion / industrial lighting
ppe_fire_smoke_v1,safup_00249,helmet,1,"[0.4, 0.3352, 0.7531, 0.4883]",0.05407,Partial occlusion / industrial lighting
ppe_fire_smoke_v1,safup_00250,person,0,"[0.4148, 0.1625, 0.732, 0.9969]",0.26465,Edge clipped / camera boundary
ppe_fire_smoke_v1,safup_00250,safety_vest,2,"[0.4984, 0.2969, 0.6625, 0.6406]",0.0564,Partial occlusion / industrial lighting
ppe_fire_smoke_v1,safup_00252,person,0,"[0.3234, 0.2609, 0.6969, 0.8453]",0.21823,Partial occlusion / industrial lighting
ppe_fire_smoke_v1,safup_00252,helmet,1,"[0.4391, 0.2609, 0.5719, 0.325]",0.00851,Small distant object (0.5%-2% image)
ppe_fire_smoke_v1,safup_00252,helmet,1,"[0.4398, 0.2637, 0.5695, 0.3738]",0.01429,Small distant object (0.5%-2% image)
ppe_fire_smoke_v1,safup_00255,person,0,"[0.1305, 0.1391, 0.868, 0.9516]",0.59922,Partial occlusion / industrial lighting
ppe_fire_smoke_v1,safup_00255,helmet,1,"[0.1492, 0.4781, 0.4055, 0.7625]",0.07287,Partial occlusion / industrial lighting
ppe_fire_smoke_v1,safup_00258,person,0,"[0.0, 0.0594, 0.175, 0.1625]",0.01805,Small distant object (0.5%-2% image)
ppe_fire_smoke_v1,safup_00258,person,0,"[0.0, 0.1723, 0.175, 0.2746]",0.01791,Small distant object (0.5%-2% image)
ppe_fire_smoke_v1,safup_00258,person,0,"[0.4234, 0.0, 0.6203, 0.1734]",0.03415,Edge clipped / camera boundary
ppe_fire_smoke_v1,safup_00258,person,0,"[0.4246, 0.1754, 0.627, 0.3637]",0.0381,Partial occlusion / industrial lighting
ppe_fire_smoke_v1,safup_00258,person,0,"[0.7098, 0.0, 0.8668, 0.1484]",0.02331,Edge clipped / camera boundary
ppe_fire_smoke_v1,safup_00258,person,0,"[0.7082, 0.1293, 0.8559, 0.3223]",0.02849,Partial occlusion / industrial lighting
ppe_fire_smoke_v1,safup_00258,person,0,"[0.7699, 0.0, 0.9223, 0.1172]",0.01785,Small distant object (0.5%-2% image)
ppe_fire_smoke_v1,safup_00258,person,0,"[0.8953, 0.0055, 1.0, 0.143]",0.01439,Small distant object (0.5%-2% image)
ppe_fire_smoke_v1,safup_00258,person,0,"[0.9062, 0.1797, 1.0, 0.3375]",0.01479,Small distant object (0.5%-2% image)
ppe_fire_smoke_v1,safup_00258,person,0,"[0.5789, 0.243, 0.7727, 0.518]",0.05328,Partial occlusion / industrial lighting
ppe_fire_smoke_v1,safup_00258,person,0,"[0.2156, 0.8484, 0.4875, 1.0]",0.04121,Edge clipped / camera boundary
ppe_fire_smoke_v1,safup_00258,person,0,"[0.2086, 0.6473, 0.4883, 0.8168]",0.04742,Partial occlusion / industrial lighting
ppe_fire_smoke_v1,safup_00258,person,0,"[0.157, 0.3875, 0.3648, 0.6234]",0.04903,Partial occlusion / industrial lighting
ppe_fire_smoke_v1,safup_00258,person,0,"[0.2895, 0.4062, 0.5793, 0.7188]",0.09058,Partial occlusion / industrial lighting
ppe_fire_smoke_v1,safup_00258,person,0,"[0.6883, 0.5926, 0.8867, 0.8449]",0.05007,Partial occlusion / industrial lighting
ppe_fire_smoke_v1,safup_00258,person,0,"[0.6832, 0.8406, 0.8809, 1.0]",0.0315,Edge clipped / camera boundary
ppe_fire_smoke_v1,safup_00258,person,0,"[0.5574, 0.4832, 0.7082, 0.6637]",0.02721,Partial occlusion / industrial lighting
ppe_fire_smoke_v1,safup_00258,person,0,"[0.6469, 0.3559, 0.8687, 0.6613]",0.06778,Partial occlusion / industrial lighting
ppe_fire_smoke_v1,safup_00258,helmet,1,"[0.7855, 0.2051, 0.9223, 0.3152]",0.01506,Small distant object (0.5%-2% image)
ppe_fire_smoke_v1,safup_00258,helmet,1,"[0.6156, 0.2457, 0.7547, 0.4074]",0.02249,Partial occlusion / industrial lighting
ppe_fire_smoke_v1,safup_00258,helmet,1,"[0.8941, 0.3348, 0.9996, 0.4418]",0.01129,Small distant object (0.5%-2% image)
ppe_fire_smoke_v1,safup_00258,helmet,1,"[0.6465, 0.3598, 0.8082, 0.4746]",0.01857,Small distant object (0.5%-2% image)
ppe_fire_smoke_v1,safup_00258,helmet,1,"[0.1535, 0.352, 0.3293, 0.523]",0.03008,Partial occlusion / industrial lighting
ppe_fire_smoke_v1,safup_00258,helmet,1,"[0.5551, 0.4871, 0.709, 0.6629]",0.02705,Partial occlusion / industrial lighting
ppe_fire_smoke_v1,safup_00258,helmet,1,"[0.9047, 0.566, 1.0, 0.7246]",0.01512,Small distant object (0.5%-2% image)
ppe_fire_smoke_v1,safup_00258,helmet,1,"[0.2383, 0.6441, 0.368, 0.773]",0.01672,Small distant object (0.5%-2% image)
ppe_fire_smoke_v1,safup_00258,helmet,1,"[0.5168, 0.6559, 0.6973, 0.841]",0.03341,Partial occlusion / industrial lighting
ppe_fire_smoke_v1,safup_00258,helmet,1,"[0.7836, 0.0277, 0.9242, 0.1238]",0.01351,Small distant object (0.5%-2% image)
ppe_fire_smoke_v1,safup_00258,helmet,1,"[0.6176, 0.0, 0.7449, 0.0797]",0.01015,Small distant object (0.5%-2% image)
ppe_fire_smoke_v1,safup_00258,helmet,1,"[0.9203, 0.9438, 1.0, 1.0]",0.00448,Very small object (<0.5% image)
ppe_fire_smoke_v1,safup_00258,helmet,1,"[0.5359, 0.8438, 0.6828, 1.0]",0.02295,Edge clipped / camera boundary
ppe_fire_smoke_v1,safup_00258,helmet,1,"[0.2344, 0.9035, 0.3703, 0.9996]",0.01306,Small distant object (0.5%-2% image)
ppe_fire_smoke_v1,safup_00258,helmet,1,"[0.2254, 0.5559, 0.3652, 0.666]",0.0154,Small distant object (0.5%-2% image)
ppe_fire_smoke_v1,safup_00258,helmet,1,"[0.7531, 0.2031, 0.9203, 0.4391]",0.03945,Partial occlusion / industrial lighting
ppe_fire_smoke_v1,safup_00258,helmet,1,"[0.8234, 0.3297, 1.0, 0.5625]",0.04111,Edge clipped / camera boundary
ppe_fire_smoke_v1,safup_00259,helmet,1,"[0.475, 0.0375, 0.8359, 0.4359]",0.14381,Partial occlusion / industrial lighting
ppe_fire_smoke_v1,safup_00260,person,0,"[0.3898, 0.0859, 0.7508, 0.7719]",0.24758,Partial occlusion / industrial lighting
ppe_fire_smoke_v1,safup_00260,helmet,1,"[0.4594, 0.0937, 0.6437, 0.1625]",0.01268,Small distant object (0.5%-2% image)
ppe_fire_smoke_v1,safup_00260,helmet,1,"[0.4578, 0.0832, 0.6422, 0.2465]",0.0301,Partial occlusion / industrial lighting
ppe_fire_smoke_v1,safup_00265,safety_vest,2,"[0.3258, 0.5953, 0.3414, 0.6578]",0.00098,Very small object (<0.5% image)
ppe_fire_smoke_v1,safup_00268,person,0,"[0.8016, 0.0734, 1.0, 0.9672]",0.17735,Edge clipped / camera boundary
ppe_fire_smoke_v1,safup_00268,person,0,"[0.6164, 0.2023, 0.7961, 0.9023]",0.12578,Extreme aspect ratio / pose
ppe_fire_smoke_v1,safup_00268,person,0,"[0.4219, 0.2242, 0.6172, 0.8539]",0.12299,Extreme aspect ratio / pose
ppe_fire_smoke_v1,safup_00268,person,0,"[0.1969, 0.2156, 0.3891, 0.8594]",0.12372,Extreme aspect ratio / pose
ppe_fire_smoke_v1,safup_00268,person,0,"[0.0, 0.2, 0.1484, 0.8906]",0.10251,Edge clipped / camera boundary
ppe_fire_smoke_v1,safup_00268,safety_vest,2,"[0.0, 0.2984, 0.1609, 0.6203]",0.0518,Edge clipped / camera boundary
ppe_fire_smoke_v1,safup_00268,safety_vest,2,"[0.2313, 0.3, 0.3937, 0.6172]",0.05154,Partial occlusion / industrial lighting
ppe_fire_smoke_v1,safup_00268,safety_vest,2,"[0.4281, 0.3234, 0.6031, 0.6047]",0.04922,Partial occlusion / industrial lighting
ppe_fire_smoke_v1,safup_00268,safety_vest,2,"[0.6281, 0.3016, 0.7875, 0.6031]",0.04806,Partial occlusion / industrial lighting
ppe_fire_smoke_v1,safup_00277,person,0,"[0.2555, 0.1281, 0.5508, 0.9312]",0.23717,Partial occlusion / industrial lighting
ppe_fire_smoke_v1,safup_00277,helmet,1,"[0.3484, 0.1562, 0.4375, 0.225]",0.00612,Small distant object (0.5%-2% image)
ppe_fire_smoke_v1,safup_00277,helmet,1,"[0.3426, 0.1293, 0.4871, 0.3238]",0.02812,Partial occlusion / industrial lighting
ppe_fire_smoke_v1,safup_00277,safety_vest,2,"[0.3516, 0.3016, 0.4875, 0.5297]",0.03101,Partial occlusion / industrial lighting
ppe_fire_smoke_v1,safup_00278,helmet,1,"[0.4523, 0.1844, 0.5008, 0.2719]",0.00424,Very small object (<0.5% image)
ppe_fire_smoke_v1,safup_00278,helmet,1,"[0.5156, 0.2289, 0.5531, 0.2914]",0.00234,Very small object (<0.5% image)
ppe_fire_smoke_v1,safup_00278,helmet,1,"[0.3813, 0.2406, 0.4156, 0.2922]",0.00177,Very small object (<0.5% image)
ppe_fire_smoke_v1,safup_00278,helmet,1,"[0.5875, 0.2484, 0.6281, 0.3391]",0.00368,Very small object (<0.5% image)
ppe_fire_smoke_v1,safup_00278,helmet,1,"[0.7531, 0.3625, 0.8125, 0.425]",0.00371,Very small object (<0.5% image)
ppe_fire_smoke_v1,safup_00278,safety_vest,2,"[0.5188, 0.3055, 0.5656, 0.493]",0.00879,Small distant object (0.5%-2% image)
ppe_fire_smoke_v1,safup_00278,safety_vest,2,"[0.3656, 0.3063, 0.4281, 0.5]",0.01211,Small distant object (0.5%-2% image)
ppe_fire_smoke_v1,safup_00278,safety_vest,2,"[0.4266, 0.2859, 0.5203, 0.5391]",0.02373,Partial occlusion / industrial lighting
ppe_fire_smoke_v1,safup_00278,safety_vest,2,"[0.5578, 0.3156, 0.6391, 0.55]",0.01904,Small distant object (0.5%-2% image)
ppe_fire_smoke_v1,safup_00278,safety_vest,2,"[0.2687, 0.3211, 0.3625, 0.5852]",0.02476,Partial occlusion / industrial lighting
ppe_fire_smoke_v1,safup_00278,safety_vest,2,"[0.7156, 0.4484, 0.8234, 0.7172]",0.02897,Partial occlusion / industrial lighting
ppe_fire_smoke_v1,safup_00281,safety_vest,2,"[0.2711, 0.3063, 0.693, 0.8219]",0.21753,Partial occlusion / industrial lighting
ppe_fire_smoke_v1,safup_00285,person,0,"[0.4422, 0.1641, 0.7047, 0.9547]",0.20754,Extreme aspect ratio / pose
ppe_fire_smoke_v1,safup_00285,helmet,1,"[0.5766, 0.1867, 0.6656, 0.2898]",0.00918,Small distant object (0.5%-2% image)
ppe_fire_smoke_v1,safup_00285,safety_vest,2,"[0.5055, 0.3289, 0.6742, 0.5758]",0.04166,Partial occlusion / industrial lighting
ppe_fire_smoke_v1,safup_00286,safety_vest,2,"[0.3484, 0.2859, 0.5437, 0.6203]",0.06531,Partial occlusion / industrial lighting
ppe_fire_smoke_v1,safup_00287,helmet,1,"[0.6551, 0.0766, 0.8184, 0.1641]",0.01429,Small distant object (0.5%-2% image)
ppe_fire_smoke_v1,safup_00287,safety_vest,2,"[0.5359, 0.2414, 0.8672, 0.6648]",0.14026,Partial occlusion / industrial lighting
ppe_fire_smoke_v1,safup_00290,person,0,"[0.1203, 0.1016, 0.7562, 1.0]",0.57135,Edge clipped / camera boundary
ppe_fire_smoke_v1,safup_00290,helmet,1,"[0.3984, 0.1156, 0.4906, 0.1953]",0.00735,Small distant object (0.5%-2% image)
ppe_fire_smoke_v1,safup_00290,safety_vest,2,"[0.3641, 0.2797, 0.5437, 0.5969]",0.05699,Partial occlusion / industrial lighting
ppe_fire_smoke_v1,safup_00292,helmet,1,"[0.5687, 0.0, 0.8766, 0.1641]",0.0505,Edge clipped / camera boundary
ppe_fire_smoke_v1,safup_00295,helmet,1,"[0.5938, 0.0781, 0.7375, 0.1594]",0.01168,Small distant object (0.5%-2% image)
ppe_fire_smoke_v1,safup_00295,helmet,1,"[0.1062, 0.5547, 0.2219, 0.625]",0.00813,Small distant object (0.5%-2% image)
ppe_fire_smoke_v1,safup_00295,helmet,1,"[0.8492, 0.0773, 0.9961, 0.1617]",0.01239,Small distant object (0.5%-2% image)
ppe_fire_smoke_v1,safup_00295,safety_vest,2,"[0.0031, 0.6594, 0.1703, 0.8859]",0.03788,Edge clipped / camera boundary
ppe_fire_smoke_v1,safup_00295,safety_vest,2,"[0.2406, 0.6969, 0.4594, 0.8766]",0.03931,Partial occlusion / industrial lighting
ppe_fire_smoke_v1,safup_00295,safety_vest,2,"[0.5367, 0.1984, 0.7742, 0.3344]",0.03229,Partial occlusion / industrial lighting
ppe_fire_smoke_v1,safup_00295,safety_vest,2,"[0.8344, 0.2148, 1.0, 0.3477]",0.022,Edge clipped / camera boundary
ppe_fire_smoke_v1,safup_00296,person,0,"[0.1266, 0.4656, 0.7797, 1.0]",0.34901,Edge clipped / camera boundary
ppe_fire_smoke_v1,safup_00298,safety_vest,2,"[0.4219, 0.2937, 0.5859, 0.825]",0.08716,Extreme aspect ratio / pose
ppe_fire_smoke_v1,safup_00298,safety_vest,2,"[0.2109, 0.3062, 0.4219, 0.9062]",0.12656,Partial occlusion / industrial lighting
ppe_fire_smoke_v1,safup_00298,safety_vest,2,"[0.6563, 0.4398, 0.8609, 0.8867]",0.09147,Partial occlusion / industrial lighting
ppe_fire_smoke_v1,safup_00303,person,0,"[0.9262, 0.3707, 0.9395, 0.4277]",0.00076,Very small object (<0.5% image)
ppe_fire_smoke_v1,safup_00309,person,0,"[0.2937, 0.1406, 0.5969, 1.0]",0.2605,Edge clipped / camera boundary
ppe_fire_smoke_v1,safup_00309,helmet,1,"[0.3766, 0.5813, 0.4984, 0.7063]",0.01523,Small distant object (0.5%-2% image)
ppe_fire_smoke_v1,safup_00309,safety_vest,2,"[0.3547, 0.2844, 0.5266, 0.6031]",0.05479,Partial occlusion / industrial lighting
ppe_fire_smoke_v1,safup_00311,person,0,"[0.3828, 0.118, 0.7266, 0.7508]",0.21753,Partial occlusion / industrial lighting
ppe_fire_smoke_v1,safup_00311,helmet,1,"[0.4586, 0.1234, 0.6133, 0.1953]",0.01112,Small distant object (0.5%-2% image)
ppe_fire_smoke_v1,safup_00314,person,0,"[0.25, 0.0531, 0.65, 1.0]",0.37875,Edge clipped / camera boundary
ppe_fire_smoke_v1,safup_00314,helmet,1,"[0.3242, 0.0648, 0.6398, 0.182]",0.03699,Partial occlusion / industrial lighting
ppe_fire_smoke_v1,safup_00314,safety_vest,2,"[0.2867, 0.2719, 0.6164, 0.5969]",0.10715,Partial occlusion / industrial lighting
ppe_fire_smoke_v1,safup_00316,person,0,"[0.025, 0.0266, 0.8609, 1.0]",0.81373,Edge clipped / camera boundary
ppe_fire_smoke_v1,safup_00316,helmet,1,"[0.457, 0.0453, 0.7508, 0.325]",0.08216,Partial occlusion / industrial lighting
ppe_fire_smoke_v1,safup_00317,person,0,"[0.2852, 0.1195, 0.7555, 0.8414]",0.33951,Partial occlusion / industrial lighting
ppe_fire_smoke_v1,safup_00317,helmet,1,"[0.4937, 0.1242, 0.6875, 0.2023]",0.01514,Small distant object (0.5%-2% image)
ppe_fire_smoke_v1,safup_00317,safety_vest,2,"[0.4555, 0.2688, 0.7023, 0.5312]",0.0648,Partial occlusion / industrial lighting
ppe_fire_smoke_v1,safup_00323,safety_vest,2,"[0.5629, 0.4043, 0.6699, 0.5223]",0.01263,Small distant object (0.5%-2% image)
ppe_fire_smoke_v1,safup_00323,safety_vest,2,"[0.2148, 0.3973, 0.4977, 0.6715]",0.07755,Partial occlusion / industrial lighting
ppe_fire_smoke_v1,safup_00336,person,0,"[0.5586, 0.4086, 0.632, 0.7664]",0.02628,Extreme aspect ratio / pose
ppe_fire_smoke_v1,safup_00336,person,0,"[0.8719, 0.3656, 1.0, 1.0]",0.08128,Edge clipped / camera boundary
ppe_fire_smoke_v1,safup_00336,person,0,"[0.6645, 0.3262, 0.7777, 0.8301]",0.05708,Extreme aspect ratio / pose
ppe_fire_smoke_v1,safup_00336,person,0,"[0.293, 0.3602, 0.4086, 0.8898]",0.06125,Extreme aspect ratio / pose
ppe_fire_smoke_v1,safup_00336,person,0,"[0.3953, 0.2609, 0.5719, 1.0]",0.13049,Edge clipped / camera boundary
ppe_fire_smoke_v1,safup_00336,helmet,1,"[0.4367, 0.3914, 0.4586, 0.4305]",0.00085,Very small object (<0.5% image)
ppe_fire_smoke_v1,safup_00336,helmet,1,"[0.575, 0.4109, 0.6031, 0.4531]",0.00119,Very small object (<0.5% image)
ppe_fire_smoke_v1,safup_00336,helmet,1,"[0.4414, 0.2637, 0.5336, 0.4066]",0.01318,Small distant object (0.5%-2% image)
ppe_fire_smoke_v1,safup_00336,helmet,1,"[0.6977, 0.3227, 0.743, 0.4195]",0.00439,Very small object (<0.5% image)
ppe_fire_smoke_v1,safup_00336,helmet,1,"[0.9258, 0.3637, 0.9883, 0.4723]",0.00679,Small distant object (0.5%-2% image)
ppe_fire_smoke_v1,safup_00336,safety_vest,2,"[0.6781, 0.407, 0.7531, 0.6023]",0.01465,Small distant object (0.5%-2% image)
ppe_fire_smoke_v1,safup_00336,safety_vest,2,"[0.3063, 0.4406, 0.3859, 0.6672]",0.01805,Small distant object (0.5%-2% image)
ppe_fire_smoke_v1,safup_00336,safety_vest,2,"[0.5594, 0.4797, 0.6188, 0.6359]",0.00928,Small distant object (0.5%-2% image)
ppe_fire_smoke_v1,safup_00336,safety_vest,2,"[0.8922, 0.475, 0.9984, 0.7781]",0.03221,Edge clipped / camera boundary
ppe_fire_smoke_v1,safup_00336,safety_vest,2,"[0.3984, 0.4289, 0.5422, 0.8273]",0.05728,Partial occlusion / industrial lighting
ppe_fire_smoke_v1,safup_00338,person,0,"[0.0453, 0.3078, 1.0, 0.7187]",0.39232,Edge clipped / camera boundary
ppe_fire_smoke_v1,safup_00338,helmet,1,"[0.0813, 0.3938, 0.1969, 0.5828]",0.02186,Partial occlusion / industrial lighting
ppe_fire_smoke_v1,safup_00338,helmet,1,"[0.0895, 0.3363, 0.3652, 0.5934]",0.07088,Partial occlusion / industrial lighting
ppe_fire_smoke_v1,safup_00338,safety_vest,2,"[0.2781, 0.3375, 0.6344, 0.5969]",0.0924,Partial occlusion / industrial lighting
ppe_fire_smoke_v1,safup_00348,person,0,"[0.3047, 0.1391, 0.6125, 1.0]",0.26501,Edge clipped / camera boundary
ppe_fire_smoke_v1,safup_00348,safety_vest,2,"[0.3516, 0.2906, 0.5375, 0.6344]",0.06392,Partial occlusion / industrial lighting
ppe_fire_smoke_v1,safup_00358,person,0,"[0.0, 0.0328, 1.0, 1.0]",0.96719,Edge clipped / camera boundary
ppe_fire_smoke_v1,safup_00360,person,0,"[0.3117, 0.2539, 0.6727, 0.8195]",0.20415,Partial occlusion / industrial lighting
ppe_fire_smoke_v1,safup_00360,helmet,1,"[0.4219, 0.2523, 0.5469, 0.3148]",0.00781,Small distant object (0.5%-2% image)
ppe_fire_smoke_v1,safup_00369,person,0,"[0.4195, 0.3297, 0.6711, 0.825]",0.1246,Partial occlusion / industrial lighting
ppe_fire_smoke_v1,safup_00369,helmet,1,"[0.4742, 0.3234, 0.5914, 0.375]",0.00604,Small distant object (0.5%-2% image)
ppe_fire_smoke_v1,safup_00369,helmet,1,"[0.4637, 0.2949, 0.5941, 0.4488]",0.02008,Partial occlusion / industrial lighting
ppe_fire_smoke_v1,safup_00371,person,0,"[0.2187, 0.2844, 0.9969, 0.6109]",0.25411,Edge clipped / camera boundary
ppe_fire_smoke_v1,safup_00371,helmet,1,"[0.2391, 0.3938, 0.3219, 0.5297]",0.01126,Small distant object (0.5%-2% image)
ppe_fire_smoke_v1,safup_00371,safety_vest,2,"[0.3656, 0.3828, 0.6375, 0.5891]",0.05607,Partial occlusion / industrial lighting
ppe_fire_smoke_v1,safup_00380,person,0,"[0.4016, 0.1297, 0.6812, 1.0]",0.24342,Edge clipped / camera boundary
ppe_fire_smoke_v1,safup_00380,safety_vest,2,"[0.4547, 0.2797, 0.6094, 0.625]",0.05342,Partial occlusion / industrial lighting
ppe_fire_smoke_v1,safup_00381,person,0,"[0.35, 0.1055, 0.6594, 0.793]",0.2127,Partial occlusion / industrial lighting
ppe_fire_smoke_v1,safup_00381,helmet,1,"[0.3852, 0.1141, 0.5695, 0.1891]",0.01383,Small distant object (0.5%-2% image)
ppe_fire_smoke_v1,safup_00381,helmet,1,"[0.384, 0.0984, 0.6207, 0.2625]",0.03884,Partial occlusion / industrial lighting
ppe_fire_smoke_v1,safup_00381,safety_vest,2,"[0.3586, 0.2453, 0.6055, 0.4766]",0.05709,Partial occlusion / industrial lighting
ppe_fire_smoke_v1,safup_00385,safety_vest,2,"[0.0703, 0.0, 0.9047, 1.0]",0.83437,Edge clipped / camera boundary
ppe_fire_smoke_v1,safup_00386,person,0,"[0.3367, 0.1578, 0.8508, 0.9484]",0.40643,Partial occlusion / industrial lighting
ppe_fire_smoke_v1,safup_00386,safety_vest,2,"[0.4195, 0.3063, 0.6867, 0.5563]",0.0668,Partial occlusion / industrial lighting
ppe_fire_smoke_v1,safup_00387,person,0,"[0.7359, 0.1531, 1.0, 0.9563]",0.21208,Edge clipped / camera boundary
ppe_fire_smoke_v1,safup_00387,helmet,1,"[0.8766, 0.1906, 0.9797, 0.2781]",0.00902,Small distant object (0.5%-2% image)
ppe_fire_smoke_v1,safup_00387,helmet,1,"[0.8559, 0.1855, 0.9941, 0.3395]",0.02128,Edge clipped / camera boundary
ppe_fire_smoke_v1,safup_00387,safety_vest,2,"[0.8531, 0.3422, 1.0, 0.5656]",0.03282,Edge clipped / camera boundary
ppe_fire_smoke_v1,safup_00390,person,0,"[0.2047, 0.1016, 0.6375, 0.85]",0.32393,Partial occlusion / industrial lighting
ppe_fire_smoke_v1,safup_00390,safety_vest,2,"[0.275, 0.2578, 0.5813, 0.5094]",0.07704,Partial occlusion / industrial lighting
ppe_fire_smoke_v1,safup_00393,person,0,"[0.3508, 0.2543, 0.4008, 0.4645]",0.01051,Small distant object (0.5%-2% image)
ppe_fire_smoke_v1,safup_00393,person,0,"[0.8063, 0.0727, 0.8766, 0.2758]",0.01428,Small distant object (0.5%-2% image)
ppe_fire_smoke_v1,safup_00395,safety_vest,2,"[0.0023, 0.2813, 0.2477, 0.5359]",0.06248,Edge clipped / camera boundary
ppe_fire_smoke_v1,safup_00396,person,0,"[0.25, 0.118, 0.5781, 0.618]",0.16406,Partial occlusion / industrial lighting
ppe_fire_smoke_v1,safup_00396,helmet,1,"[0.3164, 0.1187, 0.4336, 0.1703]",0.00604,Small distant object (0.5%-2% image)
ppe_fire_smoke_v1,safup_00397,person,0,"[0.3094, 0.1359, 0.5922, 1.0]",0.24437,Edge clipped / camera boundary
ppe_fire_smoke_v1,safup_00397,safety_vest,2,"[0.3641, 0.2859, 0.5312, 0.625]",0.05669,Partial occlusion / industrial lighting
ppe_fire_smoke_v1,safup_00407,person,0,"[0.2687, 0.1305, 0.6125, 0.7023]",0.19658,Partial occlusion / industrial lighting
ppe_fire_smoke_v1,safup_00407,helmet,1,"[0.3578, 0.1344, 0.4906, 0.1906]",0.00747,Small distant object (0.5%-2% image)
ppe_fire_smoke_v1,sppe4_00025,helmet,1,"[0.2195, 0.0453, 0.3883, 0.2188]",0.02927,Partial occlusion / industrial lighting
ppe_fire_smoke_v1,sppe4_00025,helmet,1,"[0.4039, 0.1523, 0.5508, 0.3289]",0.02593,Partial occlusion / industrial lighting
ppe_fire_smoke_v1,sppe4_00025,helmet,1,"[0.6586, 0.025, 0.8133, 0.2]",0.02707,Partial occlusion / industrial lighting
ppe_fire_smoke_v1,sppe4_00025,safety_vest,2,"[0.093, 0.3352, 0.3727, 0.9992]",0.18573,Edge clipped / camera boundary
ppe_fire_smoke_v1,sppe4_00025,safety_vest,2,"[0.3656, 0.4367, 0.6641, 0.9992]",0.16787,Edge clipped / camera boundary
ppe_fire_smoke_v1,sppe4_00025,safety_vest,2,"[0.6688, 0.3359, 0.9234, 1.0]",0.16913,Edge clipped / camera boundary
ppe_fire_smoke_v1,sppe4_00027,helmet,1,"[0.3438, 0.65, 0.5141, 0.9469]",0.05056,Partial occlusion / industrial lighting
ppe_fire_smoke_v1,sppe4_00027,helmet,1,"[0.3953, 0.15, 0.5047, 0.2562]",0.01162,Small distant object (0.5%-2% image)
ppe_fire_smoke_v1,sppe4_00027,safety_vest,2,"[0.4367, 0.4227, 0.7836, 0.9961]",0.19891,Edge clipped / camera boundary
ppe_fire_smoke_v1,sppe4_00029,safety_vest,2,"[0.3516, 0.2891, 0.525, 0.6234]",0.05799,Partial occlusion / industrial lighting
ppe_fire_smoke_v1,sppe4_00029,safety_footwear,4,"[0.4172, 0.8766, 0.4703, 0.9859]",0.00581,Small distant object (0.5%-2% image)
ppe_fire_smoke_v1,sppe4_00029,safety_footwear,4,"[0.4719, 0.8875, 0.5313, 0.9938]",0.00631,Small distant object (0.5%-2% image)
ppe_fire_smoke_v1,sppe4_00033,helmet,1,"[0.5008, 0.1734, 0.6133, 0.225]",0.0058,Small distant object (0.5%-2% image)
ppe_fire_smoke_v1,sppe4_00033,safety_footwear,4,"[0.4719, 0.5797, 0.5422, 0.6906]",0.0078,Small distant object (0.5%-2% image)
ppe_fire_smoke_v1,sppe4_00033,safety_footwear,4,"[0.5328, 0.5625, 0.5891, 0.6547]",0.00519,Small distant object (0.5%-2% image)
ppe_fire_smoke_v1,sppe4_00037,safety_vest,2,"[0.0703, 0.0, 0.9047, 1.0]",0.83437,Edge clipped / camera boundary
ppe_fire_smoke_v1,sppe4_00044,gloves,3,"[0.0734, 0.3391, 0.6625, 0.8172]",0.28165,Partial occlusion / industrial lighting
ppe_fire_smoke_v1,sppe4_00044,gloves,3,"[0.4109, 0.1672, 0.9187, 0.6859]",0.26343,Partial occlusion / industrial lighting
ppe_fire_smoke_v1,sppe4_00055,helmet,1,"[0.3094, 0.4172, 0.3813, 0.4734]",0.00404,Very small object (<0.5% image)
ppe_fire_smoke_v1,sppe4_00055,safety_vest,2,"[0.075, 0.4953, 0.2, 0.8297]",0.0418,Partial occlusion / industrial lighting
ppe_fire_smoke_v1,sppe4_00055,safety_vest,2,"[0.2719, 0.5336, 0.3969, 0.8273]",0.03672,Partial occlusion / industrial lighting
ppe_fire_smoke_v1,sppe4_00055,safety_vest,2,"[0.6687, 0.4812, 0.9359, 1.0]",0.1386,Edge clipped / camera boundary
ppe_fire_smoke_v1,sppe4_00062,helmet,1,"[0.4766, 0.5844, 0.5344, 0.6156]",0.00181,Very small object (<0.5% image)
ppe_fire_smoke_v1,sppe4_00062,helmet,1,"[0.4141, 0.5898, 0.4672, 0.6258]",0.00191,Very small object (<0.5% image)
ppe_fire_smoke_v1,sppe4_00062,helmet,1,"[0.282, 0.6008, 0.3305, 0.6336]",0.00159,Very small object (<0.5% image)
ppe_fire_smoke_v1,sppe4_00063,safety_vest,2,"[0.3516, 0.4453, 0.5125, 0.5938]",0.02389,Partial occlusion / industrial lighting
ppe_fire_smoke_v1,sppe4_00063,gloves,3,"[0.3445, 0.2703, 0.4102, 0.3937]",0.0081,Small distant object (0.5%-2% image)
ppe_fire_smoke_v1,sppe4_00063,gloves,3,"[0.4422, 0.2844, 0.5156, 0.3844]",0.00734,Small distant object (0.5%-2% image)
ppe_fire_smoke_v1,sppe4_00063,safety_footwear,4,"[0.3937, 0.8688, 0.4516, 0.95]",0.0047,Very small object (<0.5% image)
ppe_fire_smoke_v1,sppe4_00063,safety_footwear,4,"[0.4703, 0.8688, 0.5484, 0.9562]",0.00684,Small distant object (0.5%-2% image)
ppe_fire_smoke_v1,sppe4_00072,helmet,1,"[0.4289, 0.1109, 0.5508, 0.225]",0.0139,Small distant object (0.5%-2% image)
ppe_fire_smoke_v1,sppe4_00072,safety_vest,2,"[0.4203, 0.2719, 0.5969, 0.5719]",0.05297,Partial occlusion / industrial lighting
ppe_fire_smoke_v1,sppe4_00072,safety_footwear,4,"[0.4562, 0.9016, 0.5687, 0.9969]",0.01072,Small distant object (0.5%-2% image)
ppe_fire_smoke_v1,sppe4_00072,safety_footwear,4,"[0.4922, 0.8594, 0.5672, 0.9531]",0.00703,Small distant object (0.5%-2% image)
ppe_fire_smoke_v1,sppe4_00079,gloves,3,"[0.3281, 0.2547, 0.6469, 0.7219]",0.14892,Partial occlusion / industrial lighting
ppe_fire_smoke_v1,sppe4_00080,helmet,1,"[0.4656, 0.2984, 0.5609, 0.35]",0.00491,Very small object (<0.5% image)
ppe_fire_smoke_v1,sppe4_00080,safety_footwear,4,"[0.5437, 0.8594, 0.5969, 0.9047]",0.00241,Very small object (<0.5% image)
ppe_fire_smoke_v1,sppe4_00080,safety_footwear,4,"[0.4844, 0.8141, 0.5312, 0.8547]",0.0019,Very small object (<0.5% image)
ppe_fire_smoke_v1,sppe4_00081,safety_vest,2,"[0.2891, 0.2156, 0.6172, 0.55]",0.10972,Partial occlusion / industrial lighting
ppe_fire_smoke_v1,sppe4_00081,safety_footwear,4,"[0.5078, 0.9188, 0.6125, 0.9906]",0.00752,Small distant object (0.5%-2% image)
ppe_fire_smoke_v1,sppe4_00081,safety_footwear,4,"[0.3703, 0.8406, 0.5203, 0.8859]",0.0068,Small distant object (0.5%-2% image)
ppe_fire_smoke_v1,sppe4_00083,gloves,3,"[0.0078, 0.4344, 0.9641, 0.9719]",0.51398,Edge clipped / camera boundary
ppe_fire_smoke_v1,sppe4_00083,gloves,3,"[0.0, 0.1734, 0.5672, 0.4688]",0.1675,Edge clipped / camera boundary
ppe_fire_smoke_v1,sppe4_00092,safety_vest,2,"[0.3523, 0.1844, 0.6555, 0.4625]",0.08431,Partial occlusion / industrial lighting
ppe_fire_smoke_v1,sppe4_00092,safety_footwear,4,"[0.3945, 0.6187, 0.5117, 0.7656]",0.01721,Small distant object (0.5%-2% image)
ppe_fire_smoke_v1,sppe4_00092,safety_footwear,4,"[0.5609, 0.6531, 0.675, 0.8281]",0.01996,Small distant object (0.5%-2% image)
ppe_fire_smoke_v1,sppe4_00097,helmet,1,"[0.4234, 0.1727, 0.5062, 0.2711]",0.00815,Small distant object (0.5%-2% image)
ppe_fire_smoke_v1,sppe4_00097,safety_vest,2,"[0.3867, 0.2734, 0.5492, 0.6078]",0.05434,Partial occlusion / industrial lighting
ppe_fire_smoke_v1,sppe4_00105,helmet,1,"[0.3094, 0.1555, 0.3563, 0.2523]",0.00454,Very small object (<0.5% image)
ppe_fire_smoke_v1,sppe4_00105,helmet,1,"[0.6961, 0.1719, 0.7336, 0.2406]",0.00258,Very small object (<0.5% image)
ppe_fire_smoke_v1,sppe4_00105,helmet,1,"[0.4156, 0.2109, 0.4594, 0.3078]",0.00424,Very small object (<0.5% image)
ppe_fire_smoke_v1,sppe4_00105,helmet,1,"[0.5492, 0.2687, 0.5914, 0.3219]",0.00224,Very small object (<0.5% image)
ppe_fire_smoke_v1,sppe4_00105,helmet,1,"[0.8547, 0.3109, 0.9031, 0.3922]",0.00394,Very small object (<0.5% image)
ppe_fire_smoke_v1,sppe4_00105,helmet,1,"[0.1555, 0.0648, 0.2211, 0.132]",0.00441,Very small object (<0.5% image)
ppe_fire_smoke_v1,sppe4_00105,safety_vest,2,"[0.1203, 0.1984, 0.2297, 0.55]",0.03845,Extreme aspect ratio / pose
ppe_fire_smoke_v1,sppe4_00105,safety_vest,2,"[0.2641, 0.2641, 0.3609, 0.5188]",0.02467,Partial occlusion / industrial lighting
ppe_fire_smoke_v1,sppe4_00105,safety_vest,2,"[0.6547, 0.2773, 0.7516, 0.507]",0.02225,Partial occlusion / industrial lighting
ppe_fire_smoke_v1,sppe4_00105,safety_vest,2,"[0.3883, 0.2992, 0.4742, 0.4992]",0.01719,Small distant object (0.5%-2% image)
ppe_fire_smoke_v1,sppe4_00105,safety_vest,2,"[0.5039, 0.3578, 0.6039, 0.5797]",0.02219,Partial occlusion / industrial lighting
ppe_fire_smoke_v1,sppe4_00105,safety_vest,2,"[0.8187, 0.4125, 0.9109, 0.6813]",0.02478,Partial occlusion / industrial lighting
ppe_fire_smoke_v1,sppe4_00109,safety_footwear,4,"[0.3242, 0.5867, 0.3945, 0.7023]",0.00813,Small distant object (0.5%-2% image)
ppe_fire_smoke_v1,sppe4_00109,safety_footwear,4,"[0.4469, 0.5797, 0.55, 0.6953]",0.01192,Small distant object (0.5%-2% image)
ppe_fire_smoke_v1,sppe4_00112,safety_vest,2,"[0.4328, 0.2766, 0.6016, 0.5922]",0.05326,Partial occlusion / industrial lighting
ppe_fire_smoke_v1,sppe4_00112,safety_footwear,4,"[0.475, 0.8625, 0.5234, 0.9672]",0.00507,Small distant object (0.5%-2% image)
ppe_fire_smoke_v1,sppe4_00112,safety_footwear,4,"[0.5328, 0.8703, 0.5984, 0.9719]",0.00667,Small distant object (0.5%-2% image)
ppe_fire_smoke_v1,sppe4_00117,helmet,1,"[0.3531, 0.0, 0.8891, 0.3531]",0.18925,Edge clipped / camera boundary
ppe_fire_smoke_v1,sppe4_00117,safety_vest,2,"[0.4797, 0.675, 0.8953, 1.0]",0.13508,Edge clipped / camera boundary
ppe_fire_smoke_v1,sppe4_00119,helmet,1,"[0.4711, 0.2297, 0.5648, 0.2656]",0.00337,Very small object (<0.5% image)
ppe_fire_smoke_v1,sppe4_00119,safety_vest,2,"[0.4555, 0.2938, 0.5805, 0.4078]",0.01426,Small distant object (0.5%-2% image)
ppe_fire_smoke_v1,sppe4_00119,safety_footwear,4,"[0.4719, 0.4938, 0.525, 0.5719]",0.00415,Very small object (<0.5% image)
ppe_fire_smoke_v1,sppe4_00119,safety_footwear,4,"[0.5141, 0.4844, 0.5578, 0.5453]",0.00267,Very small object (<0.5% image)
ppe_fire_smoke_v1,sppe4_00134,helmet,1,"[0.3875, 0.1258, 0.5297, 0.1898]",0.00911,Small distant object (0.5%-2% image)
ppe_fire_smoke_v1,sppe4_00134,gloves,3,"[0.3086, 0.4336, 0.3945, 0.5289]",0.00819,Small distant object (0.5%-2% image)
ppe_fire_smoke_v1,sppe4_00134,gloves,3,"[0.5672, 0.4266, 0.6406, 0.5234]",0.00711,Small distant object (0.5%-2% image)
ppe_fire_smoke_v1,sppe4_00134,safety_footwear,4,"[0.3719, 0.5906, 0.4531, 0.7094]",0.00965,Small distant object (0.5%-2% image)
ppe_fire_smoke_v1,sppe4_00134,safety_footwear,4,"[0.4977, 0.5875, 0.6086, 0.7016]",0.01265,Small distant object (0.5%-2% image)
ppe_fire_smoke_v1,sppe4_00137,helmet,1,"[0.4078, 0.5094, 0.5047, 0.6203]",0.01075,Small distant object (0.5%-2% image)
ppe_fire_smoke_v1,sppe4_00137,safety_vest,2,"[0.3609, 0.2906, 0.5312, 0.6141]",0.05509,Partial occlusion / industrial lighting
ppe_fire_smoke_v1,sppe4_00137,safety_footwear,4,"[0.4188, 0.875, 0.4672, 0.9812]",0.00515,Small distant object (0.5%-2% image)
ppe_fire_smoke_v1,sppe4_00137,safety_footwear,4,"[0.4688, 0.875, 0.5328, 0.9891]",0.00731,Small distant object (0.5%-2% image)
ppe_fire_smoke_v1,sppe4_00139,helmet,1,"[0.525, 0.0203, 0.6828, 0.3391]",0.0503,Partial occlusion / industrial lighting
ppe_fire_smoke_v1,sppe4_00139,safety_vest,2,"[0.4891, 0.1031, 0.7625, 0.45]",0.09485,Partial occlusion / industrial lighting
ppe_fire_smoke_v1,sppe4_00139,safety_footwear,4,"[0.3656, 0.6641, 0.5172, 0.9688]",0.04618,Partial occlusion / industrial lighting
ppe_fire_smoke_v1,sppe4_00139,safety_footwear,4,"[0.7672, 0.6234, 0.9563, 0.9984]",0.0709,Edge clipped / camera boundary
ppe_fire_smoke_v1,sppe4_00140,helmet,1,"[0.4484, 0.1312, 0.5609, 0.1844]",0.00598,Small distant object (0.5%-2% image)
ppe_fire_smoke_v1,sppe4_00140,safety_vest,2,"[0.3938, 0.2109, 0.5531, 0.3703]",0.0254,Partial occlusion / industrial lighting
ppe_fire_smoke_v1,sppe4_00140,safety_footwear,4,"[0.4, 0.4813, 0.4562, 0.5766]",0.00536,Small distant object (0.5%-2% image)
ppe_fire_smoke_v1,sppe4_00140,safety_footwear,4,"[0.4523, 0.4766, 0.5586, 0.5562]",0.00847,Small distant object (0.5%-2% image)
ppe_fire_smoke_v1,sppe4_00149,helmet,1,"[0.2945, 0.2242, 0.3836, 0.3164]",0.00821,Small distant object (0.5%-2% image)
ppe_fire_smoke_v1,sppe4_00149,helmet,1,"[0.5539, 0.2789, 0.6445, 0.3914]",0.0102,Small distant object (0.5%-2% image)
ppe_fire_smoke_v1,sppe4_00149,safety_vest,2,"[0.2539, 0.3258, 0.4023, 0.6555]",0.04894,Partial occlusion / industrial lighting
ppe_fire_smoke_v1,sppe4_00149,safety_vest,2,"[0.4828, 0.4109, 0.6703, 0.7375]",0.06123,Partial occlusion / industrial lighting
ppe_fire_smoke_v1,sppe4_00150,helmet,1,"[0.4609, 0.1023, 0.6406, 0.1898]",0.01572,Small distant object (0.5%-2% image)
ppe_fire_smoke_v1,sppe4_00150,gloves,3,"[0.3727, 0.4781, 0.4352, 0.5734]",0.00596,Small distant object (0.5%-2% image)
ppe_fire_smoke_v1,sppe4_00150,safety_footwear,4,"[0.5586, 0.7016, 0.6727, 0.8516]",0.01711,Small distant object (0.5%-2% image)
ppe_fire_smoke_v1,sppe4_00150,safety_footwear,4,"[0.3969, 0.6766, 0.5531, 0.8094]",0.02075,Partial occlusion / industrial lighting
ppe_fire_smoke_v1,sppe4_00152,helmet,1,"[0.3312, 0.1375, 0.4188, 0.2141]",0.0067,Small distant object (0.5%-2% image)
ppe_fire_smoke_v1,sppe4_00152,safety_vest,2,"[0.3141, 0.2906, 0.475, 0.5344]",0.03923,Partial occlusion / industrial lighting
ppe_fire_smoke_v1,sppe4_00152,safety_footwear,4,"[0.3625, 0.8609, 0.4188, 0.9516]",0.0051,Small distant object (0.5%-2% image)
ppe_fire_smoke_v1,sppe4_00152,safety_footwear,4,"[0.4219, 0.8578, 0.4828, 0.9484]",0.00552,Small distant object (0.5%-2% image)
ppe_fire_smoke_v1,sppe4_00155,safety_vest,2,"[0.4, 0.2094, 0.6922, 0.5109]",0.08811,Partial occlusion / industrial lighting
ppe_fire_smoke_v1,sppe4_00155,safety_footwear,4,"[0.4, 0.6953, 0.5359, 0.8609]",0.02251,Partial occlusion / industrial lighting
ppe_fire_smoke_v1,sppe4_00155,safety_footwear,4,"[0.5531, 0.6719, 0.7281, 0.8219]",0.02625,Partial occlusion / industrial lighting
ppe_fire_smoke_v1,sppe4_00164,safety_vest,2,"[0.6922, 0.2125, 0.9625, 0.6562]",0.11995,Partial occlusion / industrial lighting
ppe_fire_smoke_v1,sppe4_00164,safety_vest,2,"[0.0742, 0.218, 0.2758, 0.5555]",0.06803,Partial occlusion / industrial lighting
ppe_fire_smoke_v1,sppe4_00164,safety_footwear,4,"[0.2344, 0.7164, 0.3125, 0.8164]",0.00781,Small distant object (0.5%-2% image)
ppe_fire_smoke_v1,sppe4_00167,helmet,1,"[0.4209, 0.1953, 0.498, 0.2695]",0.00573,Small distant object (0.5%-2% image)
ppe_fire_smoke_v1,sppe4_00167,helmet,1,"[0.4, 0.1906, 0.5312, 0.3563]",0.02174,Partial occlusion / industrial lighting
ppe_fire_smoke_v1,sppe4_00167,safety_vest,2,"[0.3812, 0.4125, 0.5672, 0.6188]",0.03835,Partial occlusion / industrial lighting
ppe_fire_smoke_v1,sppe4_00167,gloves,3,"[0.6172, 0.25, 0.6738, 0.3486]",0.00559,Small distant object (0.5%-2% image)
ppe_fire_smoke_v1,sppe4_00167,gloves,3,"[0.2441, 0.2676, 0.3027, 0.3623]",0.00555,Small distant object (0.5%-2% image)
ppe_fire_smoke_v1,sppe4_00167,safety_footwear,4,"[0.3875, 0.8547, 0.4594, 0.9578]",0.00741,Small distant object (0.5%-2% image)
ppe_fire_smoke_v1,sppe4_00167,safety_footwear,4,"[0.4656, 0.8688, 0.5344, 0.9562]",0.00602,Small distant object (0.5%-2% image)
ppe_fire_smoke_v1,sppe4_00174,helmet,1,"[0.5164, 0.0, 0.857, 0.4813]",0.16393,Edge clipped / camera boundary
ppe_fire_smoke_v1,sppe4_00182,safety_vest,2,"[0.3406, 0.4836, 0.7156, 0.9977]",0.19277,Edge clipped / camera boundary
ppe_fire_smoke_v1,sppe4_00183,helmet,1,"[0.1836, 0.5203, 0.3414, 0.5844]",0.01011,Small distant object (0.5%-2% image)
ppe_fire_smoke_v1,sppe4_00183,helmet,1,"[0.6422, 0.5188, 0.8031, 0.6016]",0.01333,Small distant object (0.5%-2% image)
ppe_fire_smoke_v1,sppe4_00183,helmet,1,"[0.693, 0.0156, 0.8539, 0.0813]",0.01056,Small distant object (0.5%-2% image)
ppe_fire_smoke_v1,sppe4_00183,helmet,1,"[0.1156, 0.0211, 0.3047, 0.093]",0.01359,Small distant object (0.5%-2% image)
ppe_fire_smoke_v1,sppe4_00183,safety_vest,2,"[0.6047, 0.1414, 0.8859, 0.4227]",0.0791,Partial occlusion / industrial lighting
ppe_fire_smoke_v1,sppe4_00183,safety_vest,2,"[0.1281, 0.1422, 0.4156, 0.4531]",0.08939,Partial occlusion / industrial lighting
ppe_fire_smoke_v1,sppe4_00183,safety_vest,2,"[0.593, 0.6328, 0.8836, 0.9109]",0.08083,Partial occlusion / industrial lighting
ppe_fire_smoke_v1,sppe4_00183,safety_vest,2,"[0.0859, 0.6492, 0.3906, 0.9445]",0.08998,Partial occlusion / industrial lighting
ppe_fire_smoke_v1,sppe4_00197,helmet,1,"[0.5, 0.0812, 0.7109, 0.1625]",0.01714,Small distant object (0.5%-2% image)
ppe_fire_smoke_v1,sppe4_00197,safety_vest,2,"[0.4719, 0.2359, 0.7641, 0.5266]",0.08492,Partial occlusion / industrial lighting
ppe_fire_smoke_v1,sppe4_00197,safety_footwear,4,"[0.5133, 0.725, 0.7445, 0.8688]",0.03324,Partial occlusion / industrial lighting
ppe_fire_smoke_v1,sppe4_00197,safety_footwear,4,"[0.4844, 0.6547, 0.6687, 0.8]",0.02679,Partial occlusion / industrial lighting
ppe_fire_smoke_v1,sppe4_00205,helmet,1,"[0.1898, 0.2414, 0.2633, 0.3086]",0.00493,Very small object (<0.5% image)
ppe_fire_smoke_v1,sppe4_00205,helmet,1,"[0.5445, 0.2469, 0.6117, 0.3]",0.00357,Very small object (<0.5% image)
ppe_fire_smoke_v1,sppe4_00205,helmet,1,"[0.7664, 0.2625, 0.8398, 0.3203]",0.00425,Very small object (<0.5% image)
ppe_fire_smoke_v1,sppe4_00205,helmet,1,"[0.4164, 0.2734, 0.4898, 0.325]",0.00379,Very small object (<0.5% image)
ppe_fire_smoke_v1,sppe4_00205,helmet,1,"[0.3445, 0.2805, 0.407, 0.3336]",0.00332,Very small object (<0.5% image)
ppe_fire_smoke_v1,sppe4_00205,safety_vest,2,"[0.5367, 0.3625, 0.6555, 0.5891]",0.0269,Partial occlusion / industrial lighting
ppe_fire_smoke_v1,sppe4_00205,safety_vest,2,"[0.4062, 0.3883, 0.5266, 0.5914]",0.02444,Partial occlusion / industrial lighting
ppe_fire_smoke_v1,sppe4_00205,safety_vest,2,"[0.2984, 0.3773, 0.3938, 0.607]",0.02189,Partial occlusion / industrial lighting
ppe_fire_smoke_v1,sppe4_00205,safety_vest,2,"[0.7477, 0.3953, 0.8617, 0.6328]",0.02709,Partial occlusion / industrial lighting
ppe_fire_smoke_v1,sppe4_00205,safety_vest,2,"[0.1305, 0.3703, 0.2695, 0.6625]",0.04063,Partial occlusion / industrial lighting
ppe_fire_smoke_v1,sppe4_00208,helmet,1,"[0.1547, 0.0, 0.4266, 0.15]",0.04078,Edge clipped / camera boundary
ppe_fire_smoke_v1,sppe4_00208,helmet,1,"[0.5641, 0.0703, 0.8203, 0.3766]",0.07848,Partial occlusion / industrial lighting
ppe_fire_smoke_v1,sppe4_00208,safety_vest,2,"[0.0312, 0.3297, 0.4828, 1.0]",0.30269,Edge clipped / camera boundary
ppe_fire_smoke_v1,sppe4_00208,safety_vest,2,"[0.532, 0.5539, 0.8961, 0.9992]",0.16212,Edge clipped / camera boundary
ppe_fire_smoke_v1,sppe4_00213,safety_vest,2,"[0.3094, 0.5492, 0.3719, 0.5961]",0.00293,Very small object (<0.5% image)
ppe_fire_smoke_v1,sppe4_00213,safety_vest,2,"[0.3148, 0.593, 0.3539, 0.6789]",0.00336,Very small object (<0.5% image)
ppe_fire_smoke_v1,sppe4_00217,helmet,1,"[0.4836, 0.2695, 0.6039, 0.3383]",0.00827,Small distant object (0.5%-2% image)
ppe_fire_smoke_v1,sppe4_00217,gloves,3,"[0.3695, 0.5273, 0.4258, 0.5852]",0.00325,Very small object (<0.5% image)
ppe_fire_smoke_v1,sppe4_00217,gloves,3,"[0.6477, 0.5289, 0.6883, 0.5883]",0.00241,Very small object (<0.5% image)
ppe_fire_smoke_v1,sppe4_00217,safety_footwear,4,"[0.5141, 0.6578, 0.5891, 0.7703]",0.00844,Small distant object (0.5%-2% image)
ppe_fire_smoke_v1,sppe4_00217,safety_footwear,4,"[0.3805, 0.6547, 0.4773, 0.7359]",0.00787,Small distant object (0.5%-2% image)
ppe_fire_smoke_v1,sppe4_00218,helmet,1,"[0.3961, 0.0641, 0.6023, 0.2812]",0.04479,Partial occlusion / industrial lighting
ppe_fire_smoke_v1,sppe4_00218,safety_vest,2,"[0.3039, 0.4133, 0.693, 0.9992]",0.22797,Edge clipped / camera boundary
ppe_fire_smoke_v1,sppe4_00239,helmet,1,"[0.4469, 0.4125, 0.4906, 0.4797]",0.00294,Very small object (<0.5% image)
ppe_fire_smoke_v1,sppe4_00239,safety_vest,2,"[0.5078, 0.3953, 0.6375, 0.475]",0.01033,Small distant object (0.5%-2% image)
ppe_fire_smoke_v1,sppe4_00239,safety_footwear,4,"[0.7516, 0.45, 0.7812, 0.5172]",0.00199,Very small object (<0.5% image)
ppe_fire_smoke_v1,sppe4_00239,safety_footwear,4,"[0.7469, 0.3828, 0.7797, 0.45]",0.0022,Very small object (<0.5% image)
ppe_fire_smoke_v1,sppe4_00247,helmet,1,"[0.4102, 0.1234, 0.5477, 0.1844]",0.00838,Small distant object (0.5%-2% image)
ppe_fire_smoke_v1,sppe4_00247,gloves,3,"[0.3266, 0.4422, 0.4141, 0.5313]",0.00779,Small distant object (0.5%-2% image)
ppe_fire_smoke_v1,sppe4_00247,gloves,3,"[0.5898, 0.4266, 0.6742, 0.5016]",0.00633,Small distant object (0.5%-2% image)
ppe_fire_smoke_v1,sppe4_00247,safety_footwear,4,"[0.3891, 0.5969, 0.4672, 0.7172]",0.0094,Small distant object (0.5%-2% image)
ppe_fire_smoke_v1,sppe4_00247,safety_footwear,4,"[0.5195, 0.5891, 0.6367, 0.7047]",0.01355,Small distant object (0.5%-2% image)
ppe_fire_smoke_v1,sppe4_00275,safety_vest,2,"[0.468, 0.2398, 0.5758, 0.4664]",0.02443,Partial occlusion / industrial lighting
ppe_fire_smoke_v1,sppe4_00276,helmet,1,"[0.3203, 0.1547, 0.3937, 0.2328]",0.00574,Small distant object (0.5%-2% image)
ppe_fire_smoke_v1,sppe4_00276,safety_vest,2,"[0.3047, 0.3047, 0.4531, 0.5234]",0.03247,Partial occlusion / industrial lighting
ppe_fire_smoke_v1,sppe4_00276,gloves,3,"[0.1539, 0.1414, 0.2336, 0.2914]",0.01195,Small distant object (0.5%-2% image)
ppe_fire_smoke_v1,sppe4_00276,gloves,3,"[0.4625, 0.1367, 0.55, 0.2758]",0.01217,Small distant object (0.5%-2% image)
ppe_fire_smoke_v1,sppe4_00276,safety_footwear,4,"[0.3531, 0.8359, 0.3953, 0.9141]",0.0033,Very small object (<0.5% image)
ppe_fire_smoke_v1,sppe4_00276,safety_footwear,4,"[0.4016, 0.8359, 0.4437, 0.9125]",0.00323,Very small object (<0.5% image)
ppe_fire_smoke_v1,sppe4_00283,safety_vest,2,"[0.3578, 0.2719, 0.6547, 0.8609]",0.17488,Partial occlusion / industrial lighting
ppe_fire_smoke_v1,sppe4_00284,safety_vest,2,"[0.3563, 0.2219, 0.6469, 0.5063]",0.08265,Partial occlusion / industrial lighting
ppe_fire_smoke_v1,sppe4_00284,safety_footwear,4,"[0.5219, 0.6672, 0.6859, 0.8156]",0.02435,Partial occlusion / industrial lighting
ppe_fire_smoke_v1,sppe4_00284,safety_footwear,4,"[0.3773, 0.6875, 0.4977, 0.8453]",0.01899,Small distant object (0.5%-2% image)
ppe_fire_smoke_v1,sppe4_00297,helmet,1,"[0.3484, 0.1484, 0.4328, 0.2188]",0.00593,Small distant object (0.5%-2% image)
ppe_fire_smoke_v1,sppe4_00297,safety_vest,2,"[0.3281, 0.2922, 0.4891, 0.5141]",0.03571,Partial occlusion / industrial lighting
ppe_fire_smoke_v1,sppe4_00297,gloves,3,"[0.0922, 0.2938, 0.2141, 0.4359]",0.01733,Small distant object (0.5%-2% image)
ppe_fire_smoke_v1,sppe4_00297,gloves,3,"[0.5914, 0.2648, 0.6977, 0.4008]",0.01444,Small distant object (0.5%-2% image)
ppe_fire_smoke_v1,sppe4_00297,safety_footwear,4,"[0.3516, 0.8578, 0.4187, 0.9297]",0.00483,Very small object (<0.5% image)
ppe_fire_smoke_v1,sppe4_00297,safety_footwear,4,"[0.4219, 0.8578, 0.4766, 0.9266]",0.00376,Very small object (<0.5% image)
ppe_fire_smoke_v1,sppe4_00300,helmet,1,"[0.4156, 0.282, 0.5719, 0.457]",0.02734,Partial occlusion / industrial lighting
ppe_fire_smoke_v1,sppe4_00300,helmet,1,"[0.6461, 0.1133, 0.8117, 0.2914]",0.0295,Partial occlusion / industrial lighting
ppe_fire_smoke_v1,sppe4_00300,safety_vest,2,"[0.6375, 0.3484, 0.8766, 0.8406]",0.11766,Partial occlusion / industrial lighting
ppe_fire_smoke_v1,sppe4_00300,safety_vest,2,"[0.3984, 0.5016, 0.6297, 0.9938]",0.11382,Edge clipped / camera boundary
ppe_fire_smoke_v1,sppe4_00310,helmet,1,"[0.1906, 0.3328, 0.275, 0.5062]",0.01463,Small distant object (0.5%-2% image)
ppe_fire_smoke_v1,sppe4_00310,safety_vest,2,"[0.3359, 0.3078, 0.6203, 0.5]",0.05465,Partial occlusion / industrial lighting
ppe_fire_smoke_v1,sppe4_00310,safety_footwear,4,"[0.8562, 0.3984, 0.9516, 0.5609]",0.01549,Small distant object (0.5%-2% image)
ppe_fire_smoke_v1,sppe4_00310,safety_footwear,4,"[0.8156, 0.2359, 0.8953, 0.3984]",0.01295,Small distant object (0.5%-2% image)
ppe_fire_smoke_v1,sppe4_00318,safety_vest,2,"[0.5125, 0.2836, 0.6406, 0.507]",0.02863,Partial occlusion / industrial lighting
ppe_fire_smoke_v1,sppe4_00318,safety_vest,2,"[0.2477, 0.1648, 0.3992, 0.4711]",0.04642,Partial occlusion / industrial lighting
ppe_fire_smoke_v1,sppe4_00318,safety_vest,2,"[0.6844, 0.3477, 0.7906, 0.6055]",0.02739,Partial occlusion / industrial lighting
ppe_fire_smoke_v1,sppe4_00318,safety_vest,2,"[0.3992, 0.2281, 0.5008, 0.4625]",0.0238,Partial occlusion / industrial lighting
ppe_fire_smoke_v1,sppe4_00341,safety_vest,2,"[0.3695, 0.1844, 0.6727, 0.4578]",0.08289,Partial occlusion / industrial lighting
ppe_fire_smoke_v1,sppe4_00341,safety_footwear,4,"[0.4359, 0.6234, 0.5563, 0.7734]",0.01805,Small distant object (0.5%-2% image)
ppe_fire_smoke_v1,sppe4_00341,safety_footwear,4,"[0.5977, 0.6609, 0.7273, 0.8313]",0.02209,Partial occlusion / industrial lighting
ppe_fire_smoke_v1,sppe4_00343,helmet,1,"[0.7055, 0.15, 0.7961, 0.2687]",0.01076,Small distant object (0.5%-2% image)
ppe_fire_smoke_v1,sppe4_00343,helmet,1,"[0.3656, 0.3609, 0.4, 0.4094]",0.00167,Very small object (<0.5% image)
ppe_fire_smoke_v1,sppe4_00343,helmet,1,"[0.3992, 0.3961, 0.4227, 0.4305]",0.00081,Very small object (<0.5% image)
ppe_fire_smoke_v1,sppe4_00343,helmet,1,"[0.5859, 0.3953, 0.6109, 0.4359]",0.00102,Very small object (<0.5% image)
ppe_fire_smoke_v1,sppe4_00343,safety_vest,2,"[0.7531, 0.2352, 0.9641, 0.4398]",0.04318,Partial occlusion / industrial lighting
ppe_fire_smoke_v1,sppe4_00343,safety_vest,2,"[0.3352, 0.3859, 0.3727, 0.4891]",0.00387,Very small object (<0.5% image)
ppe_fire_smoke_v1,sppe4_00343,safety_vest,2,"[0.5984, 0.4188, 0.6484, 0.4875]",0.00344,Very small object (<0.5% image)
ppe_fire_smoke_v1,sppe4_00343,safety_vest,2,"[0.382, 0.4188, 0.4117, 0.4984]",0.00237,Very small object (<0.5% image)
ppe_fire_smoke_v1,sppe4_00349,helmet,1,"[0.4469, 0.1336, 0.5594, 0.1805]",0.00527,Small distant object (0.5%-2% image)
ppe_fire_smoke_v1,sppe4_00349,safety_footwear,4,"[0.4547, 0.4734, 0.5641, 0.5609]",0.00957,Small distant object (0.5%-2% image)
ppe_fire_smoke_v1,sppe4_00349,safety_footwear,4,"[0.3828, 0.4719, 0.4422, 0.5547]",0.00492,Very small object (<0.5% image)
ppe_fire_smoke_v1,sppe4_00351,helmet,1,"[0.3047, 0.0664, 0.5594, 0.3055]",0.06089,Partial occlusion / industrial lighting
ppe_fire_smoke_v1,sppe4_00351,safety_vest,2,"[0.2344, 0.3219, 0.5969, 0.9062]",0.21184,Partial occlusion / industrial lighting
ppe_fire_smoke_v1,sppe4_00355,safety_vest,2,"[0.35, 0.2875, 0.5219, 0.6016]",0.05398,Partial occlusion / industrial lighting
ppe_fire_smoke_v1,sppe4_00355,safety_footwear,4,"[0.4188, 0.8766, 0.4656, 0.9781]",0.00476,Very small object (<0.5% image)
ppe_fire_smoke_v1,sppe4_00355,safety_footwear,4,"[0.4641, 0.8859, 0.5297, 0.9906]",0.00687,Small distant object (0.5%-2% image)
ppe_fire_smoke_v1,sppe4_00359,helmet,1,"[0.4703, 0.2336, 0.5547, 0.2664]",0.00277,Very small object (<0.5% image)
ppe_fire_smoke_v1,sppe4_00359,safety_vest,2,"[0.4555, 0.2906, 0.5695, 0.3969]",0.01212,Small distant object (0.5%-2% image)
ppe_fire_smoke_v1,sppe4_00359,gloves,3,"[0.4187, 0.3766, 0.5, 0.4453]",0.00559,Small distant object (0.5%-2% image)
ppe_fire_smoke_v1,sppe4_00359,gloves,3,"[0.5648, 0.3688, 0.6383, 0.4234]",0.00402,Very small object (<0.5% image)
ppe_fire_smoke_v1,sppe4_00359,safety_footwear,4,"[0.4555, 0.4672, 0.5023, 0.525]",0.00271,Very small object (<0.5% image)
ppe_fire_smoke_v1,sppe4_00359,safety_footwear,4,"[0.5187, 0.4734, 0.5844, 0.5359]",0.0041,Very small object (<0.5% image)
ppe_fire_smoke_v1,sppe4_00361,helmet,1,"[0.3031, 0.1469, 0.3859, 0.2344]",0.00725,Small distant object (0.5%-2% image)
ppe_fire_smoke_v1,sppe4_00361,safety_vest,2,"[0.2906, 0.2844, 0.4516, 0.5406]",0.04124,Partial occlusion / industrial lighting
ppe_fire_smoke_v1,sppe4_00361,safety_footwear,4,"[0.3453, 0.8469, 0.3969, 0.9156]",0.00354,Very small object (<0.5% image)
ppe_fire_smoke_v1,sppe4_00361,safety_footwear,4,"[0.3969, 0.8438, 0.4484, 0.9062]",0.00322,Very small object (<0.5% image)
ppe_fire_smoke_v1,sppe4_00367,helmet,1,"[0.1797, 0.0484, 0.2672, 0.1484]",0.00875,Small distant object (0.5%-2% image)
ppe_fire_smoke_v1,sppe4_00367,safety_vest,2,"[0.1422, 0.2266, 0.2859, 0.5797]",0.05076,Partial occlusion / industrial lighting
ppe_fire_smoke_v1,sppe4_00367,safety_footwear,4,"[0.1516, 0.9453, 0.1875, 1.0]",0.00197,Very small object (<0.5% image)
ppe_fire_smoke_v1,sppe4_00367,safety_footwear,4,"[0.2109, 0.8656, 0.2859, 0.9578]",0.00691,Small distant object (0.5%-2% image)
ppe_fire_smoke_v1,sppe4_00367,safety_footwear,4,"[0.4578, 0.9125, 0.525, 1.0]",0.00588,Small distant object (0.5%-2% image)
ppe_fire_smoke_v1,sppe4_00388,helmet,1,"[0.4195, 0.3484, 0.5227, 0.4891]",0.0145,Small distant object (0.5%-2% image)
ppe_fire_smoke_v1,sppe4_00388,helmet,1,"[0.6195, 0.3781, 0.7023, 0.4922]",0.00945,Small distant object (0.5%-2% image)
ppe_fire_smoke_v1,sppe4_00388,helmet,1,"[0.7937, 0.082, 0.8766, 0.2055]",0.01022,Small distant object (0.5%-2% image)
ppe_fire_smoke_v1,sppe4_00408,safety_vest,2,"[0.3141, 0.3016, 0.8375, 0.8578]",0.29116,Partial occlusion / industrial lighting
construction_ppe_v1,dfire_00000,fire,5,"[0.4484, 0.5125, 0.4703, 0.5422]",0.00065,Very small object (<0.5% image)
construction_ppe_v1,dfire_00000,fire,5,"[0.6328, 0.4414, 0.6719, 0.4648]",0.00092,Very small object (<0.5% image)
construction_ppe_v1,dfire_00000,fire,5,"[0.3938, 0.4055, 0.4906, 0.5055]",0.00969,Small distant object (0.5%-2% image)
construction_ppe_v1,dfire_00000,fire,5,"[0.3516, 0.468, 0.3844, 0.493]",0.00082,Very small object (<0.5% image)
construction_ppe_v1,dfire_00000,fire,5,"[0.418, 0.507, 0.4367, 0.5383]",0.00059,Very small object (<0.5% image)
construction_ppe_v1,dfire_00000,smoke,6,"[0.3867, 0.3688, 0.4898, 0.4047]",0.00371,Very small object (<0.5% image)
construction_ppe_v1,dfire_00000,smoke,6,"[0.2672, 0.3687, 0.3875, 0.4594]",0.0109,Small distant object (0.5%-2% image)
construction_ppe_v1,dfire_00006,fire,5,"[0.3063, 0.3625, 0.5859, 0.5734]",0.059,Low-contrast particulate / plume
construction_ppe_v1,dfire_00013,smoke,6,"[0.6094, 0.4312, 0.6609, 0.4953]",0.0033,Very small object (<0.5% image)
construction_ppe_v1,dfire_00014,smoke,6,"[0.5062, 0.45, 0.6547, 0.5172]",0.00997,Small distant object (0.5%-2% image)
construction_ppe_v1,dfire_00021,fire,5,"[0.575, 0.3086, 0.5953, 0.343]",0.0007,Very small object (<0.5% image)
construction_ppe_v1,dfire_00021,fire,5,"[0.3828, 0.55, 0.6953, 0.6953]",0.04541,Low-contrast particulate / plume
construction_ppe_v1,dfire_00030,smoke,6,"[0.6125, 0.4688, 0.6953, 0.5047]",0.00298,Very small object (<0.5% image)
construction_ppe_v1,dfire_00031,smoke,6,"[0.7031, 0.4594, 0.8078, 0.6141]",0.01619,Small distant object (0.5%-2% image)
construction_ppe_v1,dfire_00036,smoke,6,"[0.2078, 0.4437, 0.5, 0.5172]",0.02146,Extreme aspect ratio / pose
construction_ppe_v1,dfire_00038,fire,5,"[0.3062, 0.4516, 0.5578, 0.6734]",0.05582,Low-contrast particulate / plume
construction_ppe_v1,dfire_00050,smoke,6,"[0.8641, 0.4578, 0.9703, 0.5687]",0.01179,Small distant object (0.5%-2% image)
construction_ppe_v1,dfire_00053,smoke,6,"[0.5687, 0.3406, 0.6922, 0.4406]",0.01234,Small distant object (0.5%-2% image)
construction_ppe_v1,dfire_00053,smoke,6,"[0.1859, 0.3469, 0.3469, 0.4547]",0.01735,Small distant object (0.5%-2% image)
construction_ppe_v1,dfire_00059,fire,5,"[0.4031, 0.3727, 0.4609, 0.4273]",0.00316,Very small object (<0.5% image)
construction_ppe_v1,dfire_00059,fire,5,"[0.4336, 0.4187, 0.5602, 0.4844]",0.00831,Small distant object (0.5%-2% image)
construction_ppe_v1,dfire_00059,fire,5,"[0.3844, 0.4492, 0.4328, 0.4898]",0.00197,Very small object (<0.5% image)
construction_ppe_v1,dfire_00059,fire,5,"[0.3352, 0.4578, 0.3664, 0.4859]",0.00088,Very small object (<0.5% image)
construction_ppe_v1,dfire_00059,smoke,6,"[0.3281, 0.3734, 0.4031, 0.4547]",0.00609,Small distant object (0.5%-2% image)
construction_ppe_v1,dfire_00059,smoke,6,"[0.2594, 0.3727, 0.3281, 0.5195]",0.0101,Small distant object (0.5%-2% image)
construction_ppe_v1,dfire_00060,fire,5,"[0.3891, 0.4617, 0.6516, 0.6305]",0.0443,Low-contrast particulate / plume
construction_ppe_v1,dfire_00065,smoke,6,"[0.2875, 0.3852, 0.5281, 0.6414]",0.06166,Low-contrast particulate / plume
construction_ppe_v1,dfire_00075,fire,5,"[0.2758, 0.3797, 0.5602, 0.6203]",0.06843,Low-contrast particulate / plume
construction_ppe_v1,dfire_00090,smoke,6,"[0.2664, 0.3695, 0.7164, 0.5789]",0.09422,Low-contrast particulate / plume
construction_ppe_v1,dfire_00093,fire,5,"[0.5187, 0.4445, 0.6188, 0.5117]",0.00672,Small distant object (0.5%-2% image)
construction_ppe_v1,dfire_00093,fire,5,"[0.4867, 0.4859, 0.5227, 0.5234]",0.00135,Very small object (<0.5% image)
construction_ppe_v1,dfire_00103,fire,5,"[0.3109, 0.5312, 0.3406, 0.575]",0.0013,Very small object (<0.5% image)
construction_ppe_v1,dfire_00103,fire,5,"[0.3742, 0.45, 0.568, 0.6734]",0.04329,Low-contrast particulate / plume
construction_ppe_v1,dfire_00103,fire,5,"[0.6586, 0.5836, 0.6914, 0.6195]",0.00118,Very small object (<0.5% image)
construction_ppe_v1,dfire_00103,fire,5,"[0.5906, 0.6305, 0.6281, 0.6758]",0.0017,Very small object (<0.5% image)
construction_ppe_v1,dfire_00103,smoke,6,"[0.3219, 0.307, 0.4922, 0.443]",0.02315,Low-contrast particulate / plume
construction_ppe_v1,dfire_00103,smoke,6,"[0.6281, 0.3219, 0.6937, 0.4812]",0.01046,Small distant object (0.5%-2% image)
construction_ppe_v1,dfire_00106,fire,5,"[0.3953, 0.5328, 0.4125, 0.5437]",0.00019,Very small object (<0.5% image)
construction_ppe_v1,dfire_00106,fire,5,"[0.7266, 0.4156, 0.7344, 0.4281]",0.0001,Very small object (<0.5% image)
construction_ppe_v1,dfire_00106,fire,5,"[0.368, 0.3688, 0.6961, 0.5125]",0.04717,Low-contrast particulate / plume
construction_ppe_v1,dfire_00106,fire,5,"[0.268, 0.4398, 0.3602, 0.4961]",0.00519,Small distant object (0.5%-2% image)
construction_ppe_v1,dfire_00108,fire,5,"[0.6672, 0.5109, 0.7094, 0.5625]",0.00218,Very small object (<0.5% image)
construction_ppe_v1,dfire_00108,fire,5,"[0.4664, 0.5172, 0.5148, 0.5766]",0.00288,Very small object (<0.5% image)
construction_ppe_v1,dfire_00108,smoke,6,"[0.4789, 0.3664, 0.718, 0.5086]",0.03399,Low-contrast particulate / plume
construction_ppe_v1,dfire_00116,fire,5,"[0.368, 0.5125, 0.6305, 0.6422]",0.03404,Low-contrast particulate / plume
construction_ppe_v1,dfire_00116,smoke,6,"[0.5461, 0.3578, 0.7117, 0.4516]",0.01553,Small distant object (0.5%-2% image)
construction_ppe_v1,dfire_00116,smoke,6,"[0.2859, 0.3586, 0.4672, 0.4664]",0.01954,Small distant object (0.5%-2% image)
construction_ppe_v1,dfire_00116,smoke,6,"[0.6219, 0.4547, 0.7125, 0.4953]",0.00368,Very small object (<0.5% image)
construction_ppe_v1,dfire_00116,smoke,6,"[0.4703, 0.3578, 0.5437, 0.3859]",0.00207,Very small object (<0.5% image)
construction_ppe_v1,dfire_00116,smoke,6,"[0.2859, 0.4688, 0.4297, 0.5]",0.00449,Very small object (<0.5% image)
construction_ppe_v1,dfire_00122,smoke,6,"[0.5938, 0.3898, 0.7406, 0.5117]",0.0179,Small distant object (0.5%-2% image)
construction_ppe_v1,dfire_00122,smoke,6,"[0.3359, 0.4289, 0.5953, 0.5117]",0.02148,Extreme aspect ratio / pose
construction_ppe_v1,dfire_00124,smoke,6,"[0.4211, 0.3586, 0.543, 0.4836]",0.01523,Small distant object (0.5%-2% image)
construction_ppe_v1,dfire_00130,smoke,6,"[0.4945, 0.357, 0.6523, 0.4773]",0.01899,Small distant object (0.5%-2% image)
construction_ppe_v1,dfire_00141,smoke,6,"[0.2891, 0.4453, 0.3328, 0.4859]",0.00178,Very small object (<0.5% image)
construction_ppe_v1,dfire_00142,smoke,6,"[0.5461, 0.3875, 0.657, 0.4937]",0.01179,Small distant object (0.5%-2% image)
construction_ppe_v1,dfire_00143,fire,5,"[0.3062, 0.3063, 0.6953, 0.6937]",0.15076,Low-contrast particulate / plume
construction_ppe_v1,dfire_00144,smoke,6,"[0.3047, 0.3828, 0.6594, 0.5578]",0.06207,Low-contrast particulate / plume
construction_ppe_v1,dfire_00145,smoke,6,"[0.0906, 0.3844, 0.5188, 0.5266]",0.06087,Low-contrast particulate / plume
construction_ppe_v1,dfire_00154,fire,5,"[0.4938, 0.4203, 0.6813, 0.6938]",0.05127,Low-contrast particulate / plume
construction_ppe_v1,dfire_00154,fire,5,"[0.3047, 0.4484, 0.4344, 0.6938]",0.03181,Low-contrast particulate / plume
construction_ppe_v1,dfire_00156,fire,5,"[0.3047, 0.3047, 0.6609, 0.6531]",0.12413,Low-contrast particulate / plume
construction_ppe_v1,dfire_00161,smoke,6,"[0.3581, 0.4751, 0.5913, 0.6291]",0.03592,Low-contrast particulate / plume
construction_ppe_v1,dfire_00161,smoke,6,"[0.3414, 0.3094, 0.5977, 0.4734]",0.04204,Low-contrast particulate / plume
construction_ppe_v1,dfire_00162,fire,5,"[0.3711, 0.5461, 0.4039, 0.5836]",0.00123,Very small object (<0.5% image)
construction_ppe_v1,dfire_00162,fire,5,"[0.4172, 0.5477, 0.4406, 0.5852]",0.00088,Very small object (<0.5% image)
construction_ppe_v1,dfire_00162,fire,5,"[0.3242, 0.5484, 0.3617, 0.5844]",0.00135,Very small object (<0.5% image)
construction_ppe_v1,dfire_00162,fire,5,"[0.4508, 0.5508, 0.468, 0.5883]",0.00064,Very small object (<0.5% image)
construction_ppe_v1,dfire_00162,fire,5,"[0.5234, 0.5484, 0.5641, 0.5969]",0.00197,Very small object (<0.5% image)
construction_ppe_v1,dfire_00162,fire,5,"[0.4844, 0.5531, 0.5172, 0.5953]",0.00138,Very small object (<0.5% image)
construction_ppe_v1,dfire_00162,fire,5,"[0.4543, 0.3404, 0.5304, 0.4935]",0.01164,Small distant object (0.5%-2% image)
construction_ppe_v1,dfire_00162,fire,5,"[0.3289, 0.4086, 0.4664, 0.5414]",0.01826,Small distant object (0.5%-2% image)
construction_ppe_v1,dfire_00163,smoke,6,"[0.3047, 0.3445, 0.6094, 0.5539]",0.06379,Low-contrast particulate / plume
construction_ppe_v1,dfire_00175,fire,5,"[0.3625, 0.5648, 0.425, 0.6086]",0.00273,Very small object (<0.5% image)
construction_ppe_v1,dfire_00175,smoke,6,"[0.2656, 0.5133, 0.3625, 0.607]",0.00908,Small distant object (0.5%-2% image)
construction_ppe_v1,dfire_00175,smoke,6,"[0.5094, 0.5164, 0.6156, 0.607]",0.00963,Small distant object (0.5%-2% image)
construction_ppe_v1,dfire_00175,smoke,6,"[0.3391, 0.3766, 0.4875, 0.4797]",0.01531,Small distant object (0.5%-2% image)
construction_ppe_v1,dfire_00176,smoke,6,"[0.0047, 0.1375, 0.9984, 0.4328]",0.29347,Edge clipped / camera boundary
construction_ppe_v1,dfire_00185,smoke,6,"[0.2853, 0.3575, 0.6978, 0.58]",0.0918,Low-contrast particulate / plume
construction_ppe_v1,dfire_00187,smoke,6,"[0.1672, 0.375, 0.5219, 0.525]",0.0532,Low-contrast particulate / plume
construction_ppe_v1,dfire_00190,smoke,6,"[0.775, 0.4219, 0.9953, 0.5266]",0.02306,Edge clipped / camera boundary
construction_ppe_v1,dfire_00193,smoke,6,"[0.2992, 0.3719, 0.6992, 0.5594]",0.075,Low-contrast particulate / plume
construction_ppe_v1,dfire_00194,smoke,6,"[0.0016, 0.6375, 0.0422, 0.8031]",0.00673,Small distant object (0.5%-2% image)
construction_ppe_v1,dfire_00194,smoke,6,"[0.1375, 0.7211, 0.2359, 0.8695]",0.01461,Small distant object (0.5%-2% image)
construction_ppe_v1,dfire_00199,smoke,6,"[0.4907, 0.2949, 1.0, 0.5273]",0.11837,Edge clipped / camera boundary
construction_ppe_v1,dfire_00204,smoke,6,"[0.1453, 0.4344, 0.3281, 0.5063]",0.01314,Small distant object (0.5%-2% image)
construction_ppe_v1,dfire_00211,smoke,6,"[0.4469, 0.5656, 0.5594, 0.6297]",0.00721,Small distant object (0.5%-2% image)
construction_ppe_v1,dfire_00211,smoke,6,"[0.4641, 0.3688, 0.6172, 0.5]",0.0201,Low-contrast particulate / plume
construction_ppe_v1,dfire_00211,smoke,6,"[0.6328, 0.3687, 0.7328, 0.3953]",0.00266,Very small object (<0.5% image)
construction_ppe_v1,dfire_00212,fire,5,"[0.282, 0.4281, 0.3305, 0.4828]",0.00265,Very small object (<0.5% image)
construction_ppe_v1,dfire_00212,fire,5,"[0.6766, 0.4547, 0.6984, 0.4875]",0.00072,Very small object (<0.5% image)
construction_ppe_v1,dfire_00212,fire,5,"[0.4727, 0.4633, 0.5023, 0.4945]",0.00093,Very small object (<0.5% image)
construction_ppe_v1,dfire_00212,fire,5,"[0.6445, 0.4648, 0.6664, 0.4961]",0.00068,Very small object (<0.5% image)
construction_ppe_v1,dfire_00212,fire,5,"[0.3398, 0.4813, 0.3961, 0.5047]",0.00132,Very small object (<0.5% image)
construction_ppe_v1,dfire_00212,smoke,6,"[0.3359, 0.3711, 0.7391, 0.4258]",0.02205,Extreme aspect ratio / pose
construction_ppe_v1,dfire_00212,smoke,6,"[0.4148, 0.4273, 0.4633, 0.4945]",0.00325,Very small object (<0.5% image)
construction_ppe_v1,dfire_00215,smoke,6,"[0.3359, 0.1266, 0.9984, 0.4328]",0.20289,Edge clipped / camera boundary
construction_ppe_v1,dfire_00226,smoke,6,"[-0.0, 0.3542, 0.521, 0.5363]",0.09492,Edge clipped / camera boundary
construction_ppe_v1,dfire_00235,smoke,6,"[0.1797, 0.3766, 0.5172, 0.5219]",0.04904,Low-contrast particulate / plume
construction_ppe_v1,dfire_00240,fire,5,"[0.4328, 0.4734, 0.4625, 0.5125]",0.00116,Very small object (<0.5% image)
construction_ppe_v1,dfire_00240,smoke,6,"[0.3789, 0.3586, 0.4555, 0.3945]",0.00275,Very small object (<0.5% image)
construction_ppe_v1,dfire_00240,smoke,6,"[0.6039, 0.3594, 0.7117, 0.3969]",0.00404,Very small object (<0.5% image)
construction_ppe_v1,dfire_00240,smoke,6,"[0.6836, 0.3992, 0.7133, 0.4555]",0.00167,Very small object (<0.5% image)
construction_ppe_v1,dfire_00253,smoke,6,"[0.1875, 0.25, 0.7391, 0.4688]",0.12065,Low-contrast particulate / plume
construction_ppe_v1,dfire_00261,fire,5,"[0.3336, 0.5172, 0.3586, 0.5422]",0.00063,Very small object (<0.5% image)
construction_ppe_v1,dfire_00261,smoke,6,"[0.4289, 0.4195, 0.5695, 0.5133]",0.01318,Small distant object (0.5%-2% image)
construction_ppe_v1,dfire_00262,smoke,6,"[0.2445, 0.2602, 0.7586, 0.4648]",0.10522,Low-contrast particulate / plume
construction_ppe_v1,dfire_00264,fire,5,"[0.3448, 0.307, 0.6572, 0.6953]",0.12129,Low-contrast particulate / plume
construction_ppe_v1,dfire_00266,fire,5,"[0.4438, 0.4148, 0.6375, 0.5836]",0.0327,Low-contrast particulate / plume
construction_ppe_v1,dfire_00267,fire,5,"[0.4844, 0.5211, 0.5297, 0.5773]",0.00255,Very small object (<0.5% image)
construction_ppe_v1,dfire_00267,fire,5,"[0.4758, 0.457, 0.4852, 0.4742]",0.00016,Very small object (<0.5% image)
construction_ppe_v1,dfire_00267,fire,5,"[0.5906, 0.418, 0.6938, 0.5383]",0.01241,Small distant object (0.5%-2% image)
construction_ppe_v1,dfire_00267,fire,5,"[0.4766, 0.4805, 0.4844, 0.4945]",0.00011,Very small object (<0.5% image)
construction_ppe_v1,dfire_00267,fire,5,"[0.5266, 0.475, 0.5359, 0.5141]",0.00037,Very small object (<0.5% image)
construction_ppe_v1,dfire_00267,fire,5,"[0.4445, 0.4781, 0.4555, 0.5141]",0.00039,Very small object (<0.5% image)
construction_ppe_v1,dfire_00267,fire,5,"[0.3523, 0.4758, 0.4039, 0.5164]",0.00209,Very small object (<0.5% image)
construction_ppe_v1,dfire_00267,fire,5,"[0.425, 0.4766, 0.4453, 0.5172]",0.00083,Very small object (<0.5% image)
construction_ppe_v1,dfire_00267,fire,5,"[0.3047, 0.4758, 0.3516, 0.518]",0.00198,Very small object (<0.5% image)
construction_ppe_v1,dfire_00267,fire,5,"[0.5422, 0.4547, 0.5781, 0.5594]",0.00376,Very small object (<0.5% image)
construction_ppe_v1,dfire_00267,smoke,6,"[0.2727, 0.5219, 0.3508, 0.6172]",0.00745,Small distant object (0.5%-2% image)
construction_ppe_v1,dfire_00267,smoke,6,"[0.3984, 0.3664, 0.6813, 0.4117]",0.01281,Small distant object (0.5%-2% image)
construction_ppe_v1,dfire_00267,smoke,6,"[0.3875, 0.5844, 0.475, 0.6344]",0.00437,Very small object (<0.5% image)
construction_ppe_v1,dfire_00267,smoke,6,"[0.2742, 0.3664, 0.3914, 0.4523]",0.01007,Small distant object (0.5%-2% image)
construction_ppe_v1,dfire_00267,smoke,6,"[0.3937, 0.4141, 0.5094, 0.4359]",0.00253,Very small object (<0.5% image)
construction_ppe_v1,dfire_00267,smoke,6,"[0.2977, 0.4516, 0.3539, 0.4719]",0.00114,Very small object (<0.5% image)
construction_ppe_v1,dfire_00267,smoke,6,"[0.2742, 0.4508, 0.2977, 0.5211]",0.00165,Very small object (<0.5% image)
construction_ppe_v1,dfire_00269,smoke,6,"[0.2898, 0.4969, 0.3695, 0.5797]",0.0066,Small distant object (0.5%-2% image)
construction_ppe_v1,dfire_00270,smoke,6,"[0.6734, 0.4453, 0.7109, 0.4766]",0.00117,Very small object (<0.5% image)
construction_ppe_v1,dfire_00274,smoke,6,"[0.3453, 0.4375, 0.6484, 0.6219]",0.05589,Low-contrast particulate / plume
construction_ppe_v1,dfire_00279,fire,5,"[0.4188, 0.4984, 0.45, 0.5703]",0.00225,Very small object (<0.5% image)
construction_ppe_v1,dfire_00279,fire,5,"[0.5023, 0.3758, 0.5336, 0.4148]",0.00122,Very small object (<0.5% image)
construction_ppe_v1,dfire_00279,fire,5,"[0.5172, 0.5141, 0.6656, 0.6156]",0.01508,Small distant object (0.5%-2% image)
construction_ppe_v1,dfire_00279,fire,5,"[0.3625, 0.5906, 0.3734, 0.6094]",0.00021,Very small object (<0.5% image)
construction_ppe_v1,dfire_00279,fire,5,"[0.425, 0.6016, 0.4344, 0.6141]",0.00012,Very small object (<0.5% image)
construction_ppe_v1,dfire_00279,fire,5,"[0.4813, 0.607, 0.4937, 0.618]",0.00014,Very small object (<0.5% image)
construction_ppe_v1,dfire_00279,fire,5,"[0.4531, 0.6078, 0.4672, 0.6172]",0.00013,Very small object (<0.5% image)
construction_ppe_v1,dfire_00279,fire,5,"[0.3219, 0.6063, 0.3562, 0.6234]",0.00059,Very small object (<0.5% image)
construction_ppe_v1,dfire_00279,fire,5,"[0.3719, 0.6141, 0.3781, 0.6219]",5e-05,Very small object (<0.5% image)
construction_ppe_v1,dfire_00279,fire,5,"[0.3648, 0.3766, 0.4555, 0.4797]",0.00935,Small distant object (0.5%-2% image)
construction_ppe_v1,dfire_00279,fire,5,"[0.5406, 0.4313, 0.5516, 0.4672]",0.00039,Very small object (<0.5% image)
construction_ppe_v1,dfire_00279,fire,5,"[0.557, 0.4344, 0.568, 0.4703]",0.00039,Very small object (<0.5% image)
construction_ppe_v1,dfire_00279,fire,5,"[0.575, 0.4367, 0.5828, 0.4711]",0.00027,Very small object (<0.5% image)
construction_ppe_v1,dfire_00279,fire,5,"[0.5883, 0.4359, 0.6008, 0.4719]",0.00045,Very small object (<0.5% image)
construction_ppe_v1,dfire_00279,fire,5,"[0.325, 0.4414, 0.3422, 0.4914]",0.00086,Very small object (<0.5% image)
construction_ppe_v1,dfire_00279,fire,5,"[0.618, 0.4766, 0.6602, 0.4984]",0.00092,Very small object (<0.5% image)
construction_ppe_v1,dfire_00279,fire,5,"[0.6727, 0.4813, 0.6836, 0.4969]",0.00017,Very small object (<0.5% image)
construction_ppe_v1,dfire_00279,fire,5,"[0.7031, 0.4859, 0.7203, 0.5125]",0.00046,Very small object (<0.5% image)
construction_ppe_v1,dfire_00279,fire,5,"[0.4578, 0.3758, 0.4922, 0.4055]",0.00102,Very small object (<0.5% image)
construction_ppe_v1,dfire_00279,smoke,6,"[0.2539, 0.5266, 0.3305, 0.6]",0.00562,Small distant object (0.5%-2% image)
construction_ppe_v1,dfire_00279,smoke,6,"[0.5648, 0.3781, 0.643, 0.4312]",0.00415,Very small object (<0.5% image)
construction_ppe_v1,dfire_00282,smoke,6,"[0.4617, 0.4766, 0.518, 0.5656]",0.00501,Small distant object (0.5%-2% image)
construction_ppe_v1,dfire_00289,smoke,6,"[0.6109, 0.4547, 0.75, 0.5156]",0.00847,Small distant object (0.5%-2% image)
construction_ppe_v1,dfire_00291,fire,5,"[0.3062, 0.3047, 0.6953, 0.6938]",0.15137,Low-contrast particulate / plume
construction_ppe_v1,dfire_00299,smoke,6,"[0.3641, 0.357, 0.5516, 0.5492]",0.03604,Low-contrast particulate / plume
construction_ppe_v1,dfire_00301,smoke,6,"[0.7078, 0.55, 0.7859, 0.6094]",0.00464,Very small object (<0.5% image)
construction_ppe_v1,dfire_00306,fire,5,"[0.5688, 0.4984, 0.6516, 0.5594]",0.00505,Small distant object (0.5%-2% image)
construction_ppe_v1,dfire_00306,fire,5,"[0.3086, 0.5188, 0.3492, 0.5656]",0.0019,Very small object (<0.5% image)
construction_ppe_v1,dfire_00306,fire,5,"[0.5156, 0.532, 0.5609, 0.5695]",0.0017,Very small object (<0.5% image)
construction_ppe_v1,dfire_00306,fire,5,"[0.4297, 0.5367, 0.5031, 0.5836]",0.00344,Very small object (<0.5% image)
construction_ppe_v1,dfire_00306,fire,5,"[0.3266, 0.5641, 0.4234, 0.5984]",0.00333,Very small object (<0.5% image)
construction_ppe_v1,dfire_00306,fire,5,"[0.6609, 0.4789, 0.7063, 0.5289]",0.00227,Very small object (<0.5% image)
construction_ppe_v1,dfire_00306,smoke,6,"[0.3578, 0.5375, 0.3984, 0.5625]",0.00102,Very small object (<0.5% image)
construction_ppe_v1,dfire_00306,smoke,6,"[0.4398, 0.3711, 0.732, 0.4586]",0.02557,Extreme aspect ratio / pose
construction_ppe_v1,dfire_00306,smoke,6,"[0.4211, 0.4687, 0.5383, 0.5266]",0.00677,Small distant object (0.5%-2% image)
construction_ppe_v1,dfire_00312,fire,5,"[0.3109, 0.4516, 0.6953, 0.6547]",0.07808,Low-contrast particulate / plume
construction_ppe_v1,dfire_00312,smoke,6,"[0.3063, 0.3102, 0.6734, 0.4414]",0.04819,Low-contrast particulate / plume
construction_ppe_v1,dfire_00319,smoke,6,"[0.5203, 0.4406, 0.6141, 0.4969]",0.00527,Small distant object (0.5%-2% image)
construction_ppe_v1,dfire_00324,fire,5,"[0.4594, 0.5219, 0.475, 0.5359]",0.00022,Very small object (<0.5% image)
construction_ppe_v1,dfire_00324,fire,5,"[0.4945, 0.525, 0.5039, 0.5391]",0.00013,Very small object (<0.5% image)
construction_ppe_v1,dfire_00324,smoke,6,"[0.4484, 0.3781, 0.6719, 0.5188]",0.03142,Low-contrast particulate / plume
construction_ppe_v1,dfire_00326,smoke,6,"[0.6922, 0.4219, 0.8547, 0.5109]",0.01447,Small distant object (0.5%-2% image)
construction_ppe_v1,dfire_00327,smoke,6,"[0.5828, 0.5297, 0.7266, 0.5922]",0.00898,Small distant object (0.5%-2% image)
construction_ppe_v1,dfire_00327,smoke,6,"[0.3227, 0.3844, 0.4227, 0.4703]",0.00859,Small distant object (0.5%-2% image)
construction_ppe_v1,dfire_00329,fire,5,"[0.3758, 0.5352, 0.4195, 0.5633]",0.00123,Very small object (<0.5% image)
construction_ppe_v1,dfire_00329,fire,5,"[0.4633, 0.4656, 0.5633, 0.5531]",0.00875,Small distant object (0.5%-2% image)
construction_ppe_v1,dfire_00329,smoke,6,"[0.4828, 0.3961, 0.5469, 0.4633]",0.0043,Very small object (<0.5% image)
construction_ppe_v1,dfire_00329,smoke,6,"[0.4, 0.4227, 0.4531, 0.4883]",0.00349,Very small object (<0.5% image)
construction_ppe_v1,dfire_00337,smoke,6,"[0.0, 0.2086, 0.5461, 0.4801]",0.14826,Edge clipped / camera boundary
construction_ppe_v1,dfire_00340,smoke,6,"[0.2992, 0.3508, 0.4555, 0.4617]",0.01733,Small distant object (0.5%-2% image)
construction_ppe_v1,dfire_00340,smoke,6,"[0.5422, 0.4336, 0.5781, 0.5273]",0.00337,Very small object (<0.5% image)
construction_ppe_v1,dfire_00342,fire,5,"[0.3617, 0.4789, 0.4695, 0.5617]",0.00893,Small distant object (0.5%-2% image)
construction_ppe_v1,dfire_00342,smoke,6,"[0.5258, 0.357, 0.6008, 0.4195]",0.00469,Very small object (<0.5% image)
construction_ppe_v1,dfire_00342,smoke,6,"[0.4055, 0.3578, 0.5289, 0.4594]",0.01254,Small distant object (0.5%-2% image)
construction_ppe_v1,dfire_00347,smoke,6,"[0.3242, 0.3586, 0.4086, 0.4961]",0.0116,Small distant object (0.5%-2% image)
construction_ppe_v1,dfire_00347,smoke,6,"[0.5305, 0.357, 0.7117, 0.4992]",0.02577,Low-contrast particulate / plume
construction_ppe_v1,dfire_00347,smoke,6,"[0.4117, 0.3648, 0.5148, 0.4961]",0.01354,Small distant object (0.5%-2% image)
construction_ppe_v1,dfire_00350,fire,5,"[0.5422, 0.3047, 0.6938, 0.6859]",0.05778,Low-contrast particulate / plume
construction_ppe_v1,dfire_00350,fire,5,"[0.3063, 0.3516, 0.4625, 0.6937]",0.05347,Low-contrast particulate / plume
construction_ppe_v1,dfire_00352,fire,5,"[0.3063, 0.4109, 0.6937, 0.6344]",0.08658,Low-contrast particulate / plume
construction_ppe_v1,dfire_00364,smoke,6,"[0.2658, 0.3719, 0.5259, 0.4902]",0.03079,Low-contrast particulate / plume
construction_ppe_v1,dfire_00372,smoke,6,"[0.4063, 0.4547, 0.6406, 0.6125]",0.03699,Low-contrast particulate / plume
construction_ppe_v1,dfire_00372,smoke,6,"[0.5266, 0.3687, 0.5875, 0.4188]",0.00305,Very small object (<0.5% image)
construction_ppe_v1,dfire_00372,smoke,6,"[0.3984, 0.3734, 0.4859, 0.4422]",0.00602,Small distant object (0.5%-2% image)
construction_ppe_v1,dfire_00375,fire,5,"[0.4219, 0.4227, 0.5109, 0.5133]",0.00807,Small distant object (0.5%-2% image)
construction_ppe_v1,dfire_00375,fire,5,"[0.7438, 0.5187, 0.7609, 0.5453]",0.00046,Very small object (<0.5% image)
construction_ppe_v1,dfire_00375,smoke,6,"[0.5305, 0.3852, 0.7086, 0.5305]",0.02588,Low-contrast particulate / plume
construction_ppe_v1,dfire_00379,fire,5,"[0.3031, 0.4227, 0.5625, 0.5086]",0.02229,Low-contrast particulate / plume
construction_ppe_v1,dfire_00379,smoke,6,"[0.2883, 0.3555, 0.7117, 0.4211]",0.02779,Extreme aspect ratio / pose
construction_ppe_v1,dfire_00379,smoke,6,"[0.682, 0.4211, 0.7102, 0.4617]",0.00114,Very small object (<0.5% image)
construction_ppe_v1,dfire_00392,smoke,6,"[0.4266, 0.3891, 0.5641, 0.525]",0.01869,Small distant object (0.5%-2% image)
construction_ppe_v1,dfire_00401,smoke,6,"[0.4711, 0.4039, 0.5664, 0.5258]",0.01162,Small distant object (0.5%-2% image)
construction_ppe_v1,dfire_00402,smoke,6,"[0.2648, 0.375, 0.657, 0.5172]",0.05576,Low-contrast particulate / plume
construction_ppe_v1,dfire_00403,smoke,6,"[0.2508, 0.257, 0.807, 0.4711]",0.11907,Low-contrast particulate / plume
construction_ppe_v1,dfire_00405,smoke,6,"[0.2672, 0.5203, 0.7344, 0.6297]",0.0511,Extreme aspect ratio / pose
construction_ppe_v1,dfire_00406,fire,5,"[0.3106, 0.5888, 0.6491, 0.6502]",0.02076,Extreme aspect ratio / pose
construction_ppe_v1,ppec_00001,person,0,"[0.0, 0.0, 0.7047, 0.9297]",0.65514,Edge clipped / camera boundary
construction_ppe_v1,ppec_00003,safety_vest,2,"[0.9055, 0.4219, 0.9992, 0.9984]",0.05405,Edge clipped / camera boundary
construction_ppe_v1,ppec_00005,person,0,"[0.0398, 0.4523, 0.1102, 0.7102]",0.01813,Small distant object (0.5%-2% image)
construction_ppe_v1,ppec_00005,person,0,"[0.2281, 0.4555, 0.2953, 0.7805]",0.02184,Extreme aspect ratio / pose
construction_ppe_v1,ppec_00005,person,0,"[0.5016, 0.4656, 0.5594, 0.7688]",0.01752,Small distant object (0.5%-2% image)
construction_ppe_v1,ppec_00005,person,0,"[0.7109, 0.4516, 0.7891, 0.7625]",0.02429,Extreme aspect ratio / pose
construction_ppe_v1,ppec_00005,safety_footwear,4,"[0.4094, 0.7406, 0.4453, 0.7766]",0.00129,Very small object (<0.5% image)
construction_ppe_v1,ppec_00005,safety_footwear,4,"[0.2594, 0.7445, 0.3031, 0.7805]",0.00157,Very small object (<0.5% image)
construction_ppe_v1,ppec_00005,safety_footwear,4,"[0.218, 0.7445, 0.2555, 0.782]",0.00141,Very small object (<0.5% image)
construction_ppe_v1,ppec_00005,safety_footwear,4,"[0.0273, 0.7531, 0.0664, 0.7891]",0.0014,Very small object (<0.5% image)
construction_ppe_v1,ppec_00005,safety_footwear,4,"[0.025, 0.8047, 0.0688, 0.8516]",0.00205,Very small object (<0.5% image)
construction_ppe_v1,ppec_00005,safety_footwear,4,"[0.1484, 0.8102, 0.1797, 0.8492]",0.00122,Very small object (<0.5% image)
construction_ppe_v1,ppec_00005,safety_footwear,4,"[0.0852, 0.8117, 0.1164, 0.8477]",0.00112,Very small object (<0.5% image)
construction_ppe_v1,ppec_00005,safety_footwear,4,"[0.1781, 0.8141, 0.2078, 0.8547]",0.00121,Very small object (<0.5% image)
construction_ppe_v1,ppec_00005,safety_footwear,4,"[0.2219, 0.8086, 0.2641, 0.8508]",0.00178,Very small object (<0.5% image)
construction_ppe_v1,ppec_00005,safety_footwear,4,"[0.2555, 0.8164, 0.2977, 0.8586]",0.00178,Very small object (<0.5% image)
construction_ppe_v1,ppec_00005,safety_footwear,4,"[0.3039, 0.8094, 0.3461, 0.8516]",0.00178,Very small object (<0.5% image)
construction_ppe_v1,ppec_00005,safety_footwear,4,"[0.35, 0.8125, 0.3922, 0.8547]",0.00178,Very small object (<0.5% image)
construction_ppe_v1,ppec_00005,safety_footwear,4,"[0.6109, 0.7391, 0.6391, 0.7656]",0.00075,Very small object (<0.5% image)
construction_ppe_v1,ppec_00005,safety_footwear,4,"[0.6531, 0.7367, 0.6984, 0.7633]",0.0012,Very small object (<0.5% image)
construction_ppe_v1,ppec_00005,safety_footwear,4,"[0.8945, 0.7242, 0.9258, 0.7523]",0.00088,Very small object (<0.5% image)
construction_ppe_v1,ppec_00005,safety_footwear,4,"[0.9258, 0.7242, 0.957, 0.7633]",0.00122,Very small object (<0.5% image)
construction_ppe_v1,ppec_00005,safety_footwear,4,"[0.4102, 0.8141, 0.4461, 0.8516]",0.00135,Very small object (<0.5% image)
construction_ppe_v1,ppec_00005,safety_footwear,4,"[0.4422, 0.8195, 0.4766, 0.8555]",0.00124,Very small object (<0.5% image)
construction_ppe_v1,ppec_00005,safety_footwear,4,"[0.4891, 0.8242, 0.5266, 0.8586]",0.00129,Very small object (<0.5% image)
construction_ppe_v1,ppec_00005,safety_footwear,4,"[0.5305, 0.8219, 0.5602, 0.8641]",0.00125,Very small object (<0.5% image)
construction_ppe_v1,ppec_00005,safety_footwear,4,"[0.5734, 0.8313, 0.6094, 0.8609]",0.00107,Very small object (<0.5% image)
construction_ppe_v1,ppec_00005,safety_footwear,4,"[0.6086, 0.8312, 0.6398, 0.8656]",0.00107,Very small object (<0.5% image)
construction_ppe_v1,ppec_00005,safety_footwear,4,"[0.6625, 0.8289, 0.6969, 0.8664]",0.00129,Very small object (<0.5% image)
construction_ppe_v1,ppec_00005,safety_footwear,4,"[0.707, 0.8367, 0.743, 0.8695]",0.00118,Very small object (<0.5% image)
construction_ppe_v1,ppec_00005,safety_footwear,4,"[0.7422, 0.8391, 0.7859, 0.8703]",0.00137,Very small object (<0.5% image)
construction_ppe_v1,ppec_00005,safety_footwear,4,"[0.8, 0.8328, 0.8313, 0.8641]",0.00098,Very small object (<0.5% image)
construction_ppe_v1,ppec_00005,safety_footwear,4,"[0.832, 0.8383, 0.8773, 0.8664]",0.00127,Very small object (<0.5% image)
construction_ppe_v1,ppec_00005,safety_footwear,4,"[0.8977, 0.8383, 0.9227, 0.8664]",0.0007,Very small object (<0.5% image)
construction_ppe_v1,ppec_00005,safety_footwear,4,"[0.9219, 0.8391, 0.9531, 0.8656]",0.00083,Very small object (<0.5% image)
construction_ppe_v1,ppec_00007,person,0,"[0.1602, 0.1555, 0.9977, 0.9945]",0.70272,Edge clipped / camera boundary
construction_ppe_v1,ppec_00009,helmet,1,"[0.4516, 0.3047, 0.7578, 0.625]",0.0981,Partial occlusion / industrial lighting
construction_ppe_v1,ppec_00017,safety_vest,2,"[0.7047, 0.8008, 0.7391, 0.868]",0.00231,Very small object (<0.5% image)
construction_ppe_v1,ppec_00020,person,0,"[0.2938, 0.3359, 0.4547, 1.0]",0.10687,Edge clipped / camera boundary
construction_ppe_v1,ppec_00020,gloves,3,"[0.3281, 0.5391, 0.4109, 0.6219]",0.00686,Small distant object (0.5%-2% image)
construction_ppe_v1,ppec_00024,person,0,"[0.2031, 0.2344, 0.6141, 1.0]",0.31462,Edge clipped / camera boundary
construction_ppe_v1,ppec_00032,safety_vest,2,"[0.0312, 0.2742, 0.2266, 0.4758]",0.03937,Partial occlusion / industrial lighting
construction_ppe_v1,ppec_00032,safety_vest,2,"[0.3586, 0.175, 0.6445, 0.4766]",0.08623,Partial occlusion / industrial lighting
construction_ppe_v1,ppec_00032,safety_vest,2,"[0.2305, 0.4922, 0.3555, 0.8297]",0.04219,Partial occlusion / industrial lighting
construction_ppe_v1,ppec_00032,safety_vest,2,"[0.0, 0.5117, 0.3563, 0.9977]",0.17312,Edge clipped / camera boundary
construction_ppe_v1,ppec_00032,safety_vest,2,"[0.582, 0.4781, 0.7477, 0.6016]",0.02044,Partial occlusion / industrial lighting
construction_ppe_v1,ppec_00032,safety_vest,2,"[0.8914, 0.4781, 0.9977, 0.6281]",0.01594,Small distant object (0.5%-2% image)
construction_ppe_v1,ppec_00032,safety_vest,2,"[0.6727, 0.4781, 0.8508, 0.5656]",0.01559,Small distant object (0.5%-2% image)
construction_ppe_v1,ppec_00034,person,0,"[0.2734, 0.1031, 0.4375, 0.5437]",0.07229,Partial occlusion / industrial lighting
construction_ppe_v1,ppec_00034,person,0,"[0.7766, 0.0695, 0.9375, 0.5727]",0.08097,Extreme aspect ratio / pose
construction_ppe_v1,ppec_00034,helmet,1,"[0.0, 0.0891, 0.0281, 0.1422]",0.00149,Very small object (<0.5% image)
construction_ppe_v1,ppec_00040,helmet,1,"[0.0437, 0.2547, 0.1953, 0.4156]",0.02439,Partial occlusion / industrial lighting
construction_ppe_v1,ppec_00043,safety_vest,2,"[0.2836, 0.0, 0.6133, 0.5797]",0.19112,Edge clipped / camera boundary
construction_ppe_v1,ppec_00043,safety_vest,2,"[0.6773, 0.0, 0.9445, 0.6109]",0.16324,Edge clipped / camera boundary
construction_ppe_v1,ppec_00043,safety_vest,2,"[0.0, 0.6484, 0.4656, 0.9969]",0.16224,Edge clipped / camera boundary
construction_ppe_v1,ppec_00047,safety_vest,2,"[0.0023, 0.0734, 0.3023, 0.9141]",0.25219,Edge clipped / camera boundary
construction_ppe_v1,ppec_00047,safety_vest,2,"[0.15, 0.3523, 0.3641, 0.7383]",0.08261,Partial occlusion / industrial lighting
construction_ppe_v1,ppec_00047,safety_vest,2,"[0.1812, 0.0063, 1.0, 1.0]",0.81363,Edge clipped / camera boundary
construction_ppe_v1,ppec_00047,safety_vest,2,"[0.9234, 0.382, 1.0, 0.5805]",0.01519,Small distant object (0.5%-2% image)
construction_ppe_v1,ppec_00054,person,0,"[0.5586, 0.0641, 0.9977, 0.9078]",0.37046,Edge clipped / camera boundary
construction_ppe_v1,ppec_00071,safety_vest,2,"[0.3672, 0.3359, 0.4391, 0.4078]",0.00517,Small distant object (0.5%-2% image)
construction_ppe_v1,ppec_00073,safety_vest,2,"[0.1047, 0.7531, 0.7203, 1.0]",0.15198,Edge clipped / camera boundary
construction_ppe_v1,ppec_00077,gloves,3,"[0.5297, 0.557, 0.6438, 0.6727]",0.01319,Small distant object (0.5%-2% image)
construction_ppe_v1,ppec_00077,gloves,3,"[0.6641, 0.7023, 0.7594, 0.818]",0.01102,Small distant object (0.5%-2% image)
construction_ppe_v1,ppec_00078,gloves,3,"[0.493, 0.4414, 0.5539, 0.5289]",0.00533,Small distant object (0.5%-2% image)
construction_ppe_v1,ppec_00078,gloves,3,"[0.3297, 0.4945, 0.4828, 0.5805]",0.01316,Small distant object (0.5%-2% image)
construction_ppe_v1,ppec_00078,safety_footwear,4,"[0.3297, 0.8875, 0.4391, 0.9844]",0.0106,Small distant object (0.5%-2% image)
construction_ppe_v1,ppec_00078,safety_footwear,4,"[0.4445, 0.9109, 0.5648, 0.9937]",0.00996,Small distant object (0.5%-2% image)
construction_ppe_v1,ppec_00086,gloves,3,"[0.2273, 0.2414, 0.5086, 0.4227]",0.05098,Partial occlusion / industrial lighting
construction_ppe_v1,ppec_00086,gloves,3,"[0.1844, 0.5961, 0.4516, 0.8039]",0.05552,Partial occlusion / industrial lighting
construction_ppe_v1,ppec_00087,helmet,1,"[0.1523, 0.507, 0.2477, 0.6055]",0.00938,Small distant object (0.5%-2% image)
construction_ppe_v1,ppec_00087,helmet,1,"[0.0, 0.4977, 0.0672, 0.5883]",0.00609,Small distant object (0.5%-2% image)
construction_ppe_v1,ppec_00099,helmet,1,"[0.8789, 0.725, 0.9414, 0.7875]",0.00391,Very small object (<0.5% image)
construction_ppe_v1,ppec_00099,helmet,1,"[0.8727, 0.868, 0.9461, 0.9508]",0.00608,Small distant object (0.5%-2% image)
construction_ppe_v1,ppec_00099,helmet,1,"[0.7062, 0.5352, 0.8453, 0.6336]",0.01369,Small distant object (0.5%-2% image)
construction_ppe_v1,ppec_00099,safety_vest,2,"[0.6922, 0.6508, 0.8469, 0.968]",0.04907,Partial occlusion / industrial lighting
construction_ppe_v1,ppec_00102,safety_vest,2,"[0.8469, 0.1883, 1.0, 0.5742]",0.0591,Edge clipped / camera boundary
construction_ppe_v1,ppec_00102,safety_vest,2,"[0.1867, 0.6414, 0.3039, 0.8023]",0.01886,Small distant object (0.5%-2% image)
construction_ppe_v1,ppec_00102,safety_vest,2,"[0.0227, 0.55, 0.1477, 0.7219]",0.02148,Partial occlusion / industrial lighting
construction_ppe_v1,ppec_00102,safety_vest,2,"[0.0367, 0.8953, 0.0836, 0.9813]",0.00403,Very small object (<0.5% image)
construction_ppe_v1,ppec_00104,safety_vest,2,"[0.3219, 0.2945, 0.5344, 0.532]",0.05047,Partial occlusion / industrial lighting
construction_ppe_v1,ppec_00111,safety_vest,2,"[0.4797, 0.4953, 0.775, 1.0]",0.14904,Edge clipped / camera boundary
construction_ppe_v1,ppec_00114,person,0,"[0.1359, 0.1578, 0.6375, 1.0]",0.42241,Edge clipped / camera boundary
construction_ppe_v1,ppec_00114,safety_vest,2,"[0.1633, 0.5203, 0.4664, 1.0]",0.14541,Edge clipped / camera boundary
construction_ppe_v1,ppec_00125,person,0,"[0.2602, 0.1922, 0.4555, 0.65]",0.08942,Partial occlusion / industrial lighting
construction_ppe_v1,ppec_00127,safety_vest,2,"[0.0, 0.668, 0.1953, 0.9977]",0.06439,Edge clipped / camera boundary
construction_ppe_v1,ppec_00127,safety_vest,2,"[0.3047, 0.5789, 0.3563, 0.6664]",0.00451,Very small object (<0.5% image)
construction_ppe_v1,ppec_00127,safety_vest,2,"[0.4875, 0.6203, 0.6469, 0.9156]",0.04707,Partial occlusion / industrial lighting
construction_ppe_v1,ppec_00127,safety_vest,2,"[0.8242, 0.7789, 0.9977, 0.9977]",0.03794,Edge clipped / camera boundary
construction_ppe_v1,ppec_00128,helmet,1,"[0.2266, 0.0586, 0.4375, 0.3711]",0.06592,Partial occlusion / industrial lighting
construction_ppe_v1,ppec_00138,person,0,"[0.0, 0.1352, 0.5484, 0.8992]",0.41904,Edge clipped / camera boundary
construction_ppe_v1,ppec_00138,person,0,"[0.218, 0.2656, 0.8789, 0.9937]",0.48124,Edge clipped / camera boundary
construction_ppe_v1,ppec_00151,safety_vest,2,"[0.8109, 0.3328, 0.8875, 0.5297]",0.01507,Small distant object (0.5%-2% image)
construction_ppe_v1,ppec_00151,safety_vest,2,"[0.7453, 0.3289, 0.8375, 0.5242]",0.01801,Small distant object (0.5%-2% image)
construction_ppe_v1,ppec_00153,person,0,"[0.0117, 0.2469, 0.3852, 0.8437]",0.2229,Edge clipped / camera boundary
construction_ppe_v1,ppec_00153,helmet,1,"[0.2164, 0.4203, 0.3898, 0.5797]",0.02764,Partial occlusion / industrial lighting
construction_ppe_v1,ppec_00158,person,0,"[-0.0, 0.2281, 0.5641, 1.0]",0.43539,Edge clipped / camera boundary
construction_ppe_v1,ppec_00168,person,0,"[0.0844, 0.0531, 0.7969, 1.0]",0.67465,Edge clipped / camera boundary
construction_ppe_v1,ppec_00168,gloves,3,"[0.6133, 0.5883, 0.7867, 0.7383]",0.02602,Partial occlusion / industrial lighting
construction_ppe_v1,ppec_00168,gloves,3,"[0.2219, 0.6719, 0.6438, 0.875]",0.08569,Partial occlusion / industrial lighting
construction_ppe_v1,ppec_00169,person,0,"[0.2047, 0.0539, 1.0, 0.9977]",0.75058,Edge clipped / camera boundary
construction_ppe_v1,ppec_00172,safety_vest,2,"[0.0141, 0.0008, 0.2812, 0.1352]",0.0359,Edge clipped / camera boundary
construction_ppe_v1,ppec_00172,safety_vest,2,"[0.6328, 0.0305, 1.0, 0.2773]",0.09065,Edge clipped / camera boundary
construction_ppe_v1,ppec_00172,safety_vest,2,"[0.2492, 0.2203, 0.5711, 1.0]",0.25096,Edge clipped / camera boundary
construction_ppe_v1,ppec_00179,person,0,"[0.5797, 0.0688, 0.9328, 1.0]",0.32885,Edge clipped / camera boundary
construction_ppe_v1,ppec_00179,gloves,3,"[0.5437, 0.6328, 0.6406, 0.6969]",0.00621,Small distant object (0.5%-2% image)
construction_ppe_v1,ppec_00179,gloves,3,"[0.5867, 0.6984, 0.7039, 0.8094]",0.013,Small distant object (0.5%-2% image)
construction_ppe_v1,ppec_00186,helmet,1,"[0.35, 0.3781, 0.4391, 0.4531]",0.00668,Small distant object (0.5%-2% image)
construction_ppe_v1,ppec_00186,helmet,1,"[0.0969, 0.4102, 0.2281, 0.5273]",0.01538,Small distant object (0.5%-2% image)
construction_ppe_v1,ppec_00186,helmet,1,"[0.5578, 0.3227, 0.6453, 0.4133]",0.00793,Small distant object (0.5%-2% image)
construction_ppe_v1,ppec_00192,gloves,3,"[0.0547, 0.7859, 0.4047, 0.9969]",0.07383,Edge clipped / camera boundary
construction_ppe_v1,ppec_00196,safety_vest,2,"[0.6602, 0.4641, 0.6805, 0.5422]",0.00159,Very small object (<0.5% image)
construction_ppe_v1,ppec_00196,safety_vest,2,"[0.6906, 0.4695, 0.7125, 0.5398]",0.00154,Very small object (<0.5% image)
construction_ppe_v1,ppec_00200,safety_vest,2,"[0.0, 0.4953, 0.0344, 0.9969]",0.01724,Small distant object (0.5%-2% image)
construction_ppe_v1,ppec_00200,safety_vest,2,"[0.3383, 0.3914, 0.457, 0.5945]",0.02412,Partial occlusion / industrial lighting
construction_ppe_v1,ppec_00201,person,0,"[0.6102, 0.3883, 0.8695, 0.8586]",0.12199,Partial occlusion / industrial lighting
construction_ppe_v1,ppec_00201,person,0,"[0.3844, 0.3367, 0.575, 0.7336]",0.07565,Partial occlusion / industrial lighting
construction_ppe_v1,ppec_00201,person,0,"[0.0719, 0.2563, 0.3219, 0.7312]",0.11875,Partial occlusion / industrial lighting
construction_ppe_v1,ppec_00201,helmet,1,"[0.8445, 0.3672, 0.9742, 0.5062]",0.01803,Small distant object (0.5%-2% image)
construction_ppe_v1,ppec_00201,helmet,1,"[0.7133, 0.4039, 0.7977, 0.5023]",0.00831,Small distant object (0.5%-2% image)
construction_ppe_v1,ppec_00201,helmet,1,"[0.2727, 0.3094, 0.3352, 0.3875]",0.00488,Very small object (<0.5% image)
construction_ppe_v1,ppec_00201,safety_footwear,4,"[0.5375, 0.7594, 0.6094, 0.8312]",0.00517,Small distant object (0.5%-2% image)
construction_ppe_v1,ppec_00201,safety_footwear,4,"[0.4695, 0.6859, 0.5195, 0.7266]",0.00203,Very small object (<0.5% image)
construction_ppe_v1,ppec_00201,safety_footwear,4,"[0.407, 0.675, 0.4602, 0.7234]",0.00257,Very small object (<0.5% image)
construction_ppe_v1,ppec_00201,safety_footwear,4,"[0.6727, 0.7742, 0.7461, 0.8367]",0.00459,Very small object (<0.5% image)
construction_ppe_v1,ppec_00201,safety_footwear,4,"[0.65, 0.7445, 0.7203, 0.8023]",0.00406,Very small object (<0.5% image)
construction_ppe_v1,ppec_00201,safety_footwear,4,"[0.3289, 0.6773, 0.3805, 0.7336]",0.0029,Very small object (<0.5% image)
construction_ppe_v1,ppec_00201,safety_footwear,4,"[0.2914, 0.6633, 0.3445, 0.7211]",0.00307,Very small object (<0.5% image)
construction_ppe_v1,ppec_00201,safety_footwear,4,"[0.1844, 0.6773, 0.2641, 0.743]",0.00523,Small distant object (0.5%-2% image)
construction_ppe_v1,ppec_00201,safety_footwear,4,"[0.1398, 0.7047, 0.1961, 0.7719]",0.00378,Very small object (<0.5% image)
construction_ppe_v1,ppec_00201,safety_footwear,4,"[0.1328, 0.7727, 0.1922, 0.8414]",0.00408,Very small object (<0.5% image)
construction_ppe_v1,ppec_00201,safety_footwear,4,"[0.1617, 0.8172, 0.2523, 0.8969]",0.00722,Small distant object (0.5%-2% image)
construction_ppe_v1,ppec_00201,safety_footwear,4,"[0.7477, 0.8586, 0.832, 0.932]",0.0062,Small distant object (0.5%-2% image)
construction_ppe_v1,ppec_00201,safety_footwear,4,"[0.7336, 0.9148, 0.8383, 0.9898]",0.00785,Small distant object (0.5%-2% image)
construction_ppe_v1,ppec_00201,safety_footwear,4,"[0.6508, 0.9563, 0.707, 1.0]",0.00246,Very small object (<0.5% image)
construction_ppe_v1,ppec_00201,safety_footwear,4,"[0.6172, 0.9812, 0.6828, 1.0]",0.00123,Very small object (<0.5% image)
construction_ppe_v1,ppec_00201,safety_footwear,4,"[0.5211, 0.9062, 0.5945, 0.9703]",0.0047,Very small object (<0.5% image)
construction_ppe_v1,ppec_00201,safety_footwear,4,"[0.4797, 0.9203, 0.5563, 0.9859]",0.00502,Small distant object (0.5%-2% image)
construction_ppe_v1,ppec_00201,safety_footwear,4,"[0.3688, 0.932, 0.4219, 0.9773]",0.00241,Very small object (<0.5% image)
construction_ppe_v1,ppec_00201,safety_footwear,4,"[0.425, 0.9516, 0.4844, 1.0]",0.00288,Very small object (<0.5% image)
construction_ppe_v1,ppec_00201,safety_footwear,4,"[0.3, 0.893, 0.3516, 0.9461]",0.00274,Very small object (<0.5% image)
construction_ppe_v1,ppec_00201,safety_footwear,4,"[0.2625, 0.8859, 0.3078, 0.9391]",0.00241,Very small object (<0.5% image)
construction_ppe_v1,ppec_00201,safety_footwear,4,"[0.625, 0.6844, 0.6781, 0.7266]",0.00224,Very small object (<0.5% image)
construction_ppe_v1,ppec_00206,helmet,1,"[0.5945, 0.0984, 0.7352, 0.3813]",0.03977,Partial occlusion / industrial lighting
construction_ppe_v1,ppec_00206,safety_vest,2,"[0.7125, 0.3203, 0.9281, 0.85]",0.11421,Partial occlusion / industrial lighting
construction_ppe_v1,ppec_00206,gloves,3,"[0.5648, 0.657, 0.7258, 0.8867]",0.03697,Partial occlusion / industrial lighting
construction_ppe_v1,ppec_00207,person,0,"[0.0266, 0.0797, 1.0, 1.0]",0.89587,Edge clipped / camera boundary
construction_ppe_v1,ppec_00207,gloves,3,"[0.118, 0.5664, 0.3727, 0.7664]",0.05094,Partial occlusion / industrial lighting
construction_ppe_v1,ppec_00207,gloves,3,"[0.3391, 0.8406, 0.6734, 1.0]",0.05329,Edge clipped / camera boundary
construction_ppe_v1,ppec_00221,gloves,3,"[0.72, 0.4489, 0.8888, 0.6679]",0.03698,Partial occlusion / industrial lighting
construction_ppe_v1,ppec_00222,safety_vest,2,"[-0.0, 0.7086, 0.2328, 0.9977]",0.0673,Edge clipped / camera boundary
construction_ppe_v1,ppec_00222,safety_vest,2,"[0.3992, 0.7859, 0.632, 0.9984]",0.04947,Edge clipped / camera boundary
construction_ppe_v1,ppec_00222,safety_vest,2,"[0.5742, 0.7547, 0.8758, 0.9984]",0.07351,Edge clipped / camera boundary
construction_ppe_v1,ppec_00224,safety_footwear,4,"[0.2219, 0.3289, 0.9563, 0.9086]",0.42571,Partial occlusion / industrial lighting
construction_ppe_v1,ppec_00225,person,0,"[0.5258, 0.082, 0.7211, 0.9977]",0.17883,Edge clipped / camera boundary
construction_ppe_v1,ppec_00231,safety_footwear,4,"[0.5445, 0.5125, 0.8414, 0.9219]",0.12153,Partial occlusion / industrial lighting
construction_ppe_v1,ppec_00231,safety_footwear,4,"[0.3602, 0.2742, 0.6867, 0.5523]",0.09083,Partial occlusion / industrial lighting
construction_ppe_v1,ppec_00237,safety_vest,2,"[0.0047, 0.1937, 0.3297, 0.5484]",0.11527,Edge clipped / camera boundary
construction_ppe_v1,ppec_00237,safety_vest,2,"[0.4266, 0.0172, 0.9312, 0.4688]",0.2279,Edge clipped / camera boundary
construction_ppe_v1,ppec_00237,safety_vest,2,"[0.3305, 0.4414, 0.5961, 0.6445]",0.05396,Partial occlusion / industrial lighting
construction_ppe_v1,ppec_00237,safety_vest,2,"[0.6016, 0.3758, 0.9484, 0.5773]",0.06992,Partial occlusion / industrial lighting
construction_ppe_v1,ppec_00238,person,0,"[0.5258, 0.1758, 0.6539, 0.8461]",0.08588,Extreme aspect ratio / pose
construction_ppe_v1,ppec_00238,helmet,1,"[0.5531, 0.1633, 0.6156, 0.2883]",0.00781,Small distant object (0.5%-2% image)
construction_ppe_v1,ppec_00241,safety_vest,2,"[0.5852, 0.0008, 0.9992, 0.9852]",0.40759,Edge clipped / camera boundary
construction_ppe_v1,ppec_00246,gloves,3,"[0.2969, 0.6453, 0.4031, 0.7875]",0.01511,Small distant object (0.5%-2% image)
construction_ppe_v1,ppec_00246,gloves,3,"[0.1742, 0.6641, 0.3258, 0.8922]",0.03458,Partial occlusion / industrial lighting
construction_ppe_v1,ppec_00248,person,0,"[0.3719, 0.0219, 0.7, 0.5219]",0.16406,Partial occlusion / industrial lighting
construction_ppe_v1,ppec_00248,gloves,3,"[0.5711, 0.3539, 0.6477, 0.4492]",0.0073,Small distant object (0.5%-2% image)
construction_ppe_v1,ppec_00248,gloves,3,"[0.443, 0.3078, 0.5508, 0.4828]",0.01887,Small distant object (0.5%-2% image)
construction_ppe_v1,ppec_00254,person,0,"[0.1977, 0.1281, 0.8914, 1.0]",0.60486,Edge clipped / camera boundary
construction_ppe_v1,ppec_00256,helmet,1,"[0.0344, 0.2234, 0.2687, 0.6156]",0.09192,Partial occlusion / industrial lighting
construction_ppe_v1,ppec_00256,helmet,1,"[0.5344, 0.2563, 0.8125, 0.6656]",0.11386,Partial occlusion / industrial lighting
construction_ppe_v1,ppec_00257,person,0,"[0.6164, 0.2984, 0.9211, 0.8703]",0.17424,Partial occlusion / industrial lighting
construction_ppe_v1,ppec_00257,gloves,3,"[0.1078, 0.5563, 0.1812, 0.6625]",0.0078,Small distant object (0.5%-2% image)
construction_ppe_v1,ppec_00257,gloves,3,"[0.6727, 0.657, 0.7305, 0.7242]",0.00388,Very small object (<0.5% image)
construction_ppe_v1,ppec_00257,gloves,3,"[0.8438, 0.657, 0.8969, 0.793]",0.00722,Small distant object (0.5%-2% image)
construction_ppe_v1,ppec_00271,person,0,"[0.0, 0.0, 0.9234, 1.0]",0.92344,Edge clipped / camera boundary
construction_ppe_v1,ppec_00271,safety_footwear,4,"[0.257, 0.8859, 0.3883, 1.0]",0.01497,Small distant object (0.5%-2% image)
construction_ppe_v1,ppec_00271,safety_footwear,4,"[0.3992, 0.8898, 0.5164, 0.9992]",0.01282,Small distant object (0.5%-2% image)
construction_ppe_v1,ppec_00272,safety_footwear,4,"[0.4398, 0.9016, 0.5273, 0.9812]",0.00697,Small distant object (0.5%-2% image)
construction_ppe_v1,ppec_00272,safety_footwear,4,"[0.382, 0.9438, 0.4555, 0.9844]",0.00298,Very small object (<0.5% image)
construction_ppe_v1,ppec_00280,person,0,"[0.8273, 0.0961, 0.8992, 0.418]",0.02313,Extreme aspect ratio / pose
construction_ppe_v1,ppec_00288,person,0,"[0.2836, 0.0898, 0.4602, 0.7008]",0.10787,Extreme aspect ratio / pose
construction_ppe_v1,ppec_00288,gloves,3,"[0.2984, 0.55, 0.3797, 0.6828]",0.01079,Small distant object (0.5%-2% image)
construction_ppe_v1,ppec_00288,gloves,3,"[0.4047, 0.6172, 0.4688, 0.6672]",0.0032,Very small object (<0.5% image)
construction_ppe_v1,ppec_00288,gloves,3,"[0.6219, 0.6242, 0.7469, 0.7586]",0.0168,Small distant object (0.5%-2% image)
construction_ppe_v1,ppec_00293,helmet,1,"[0.7359, 0.1492, 0.8188, 0.2633]",0.00945,Small distant object (0.5%-2% image)
construction_ppe_v1,ppec_00293,gloves,3,"[0.6195, 0.3805, 0.6789, 0.4508]",0.00417,Very small object (<0.5% image)
construction_ppe_v1,ppec_00293,gloves,3,"[0.1906, 0.1289, 0.2375, 0.2164]",0.0041,Very small object (<0.5% image)
construction_ppe_v1,ppec_00293,safety_footwear,4,"[0.7812, 0.8422, 0.8516, 0.8969]",0.00385,Very small object (<0.5% image)
construction_ppe_v1,ppec_00293,safety_footwear,4,"[0.8867, 0.8477, 0.9477, 0.9008]",0.00324,Very small object (<0.5% image)
construction_ppe_v1,ppec_00293,safety_footwear,4,"[0.2508, 0.8406, 0.2945, 0.8922]",0.00226,Very small object (<0.5% image)
construction_ppe_v1,ppec_00302,helmet,1,"[0.2289, 0.0578, 0.382, 0.2078]",0.02297,Partial occlusion / industrial lighting
construction_ppe_v1,ppec_00307,helmet,1,"[0.1992, 0.3789, 0.2914, 0.5242]",0.0134,Small distant object (0.5%-2% image)
construction_ppe_v1,ppec_00307,helmet,1,"[0.8289, 0.3461, 0.9789, 0.4805]",0.02016,Partial occlusion / industrial lighting
construction_ppe_v1,ppec_00321,person,0,"[0.0227, 0.0, 0.5258, 1.0]",0.50313,Edge clipped / camera boundary
construction_ppe_v1,ppec_00321,person,0,"[0.3859, 0.0703, 0.7953, 1.0]",0.38059,Edge clipped / camera boundary
construction_ppe_v1,ppec_00321,helmet,1,"[0.4969, 0.1602, 0.5563, 0.2523]",0.00547,Small distant object (0.5%-2% image)
construction_ppe_v1,ppec_00322,person,0,"[0.4086, 0.2672, 0.7336, 1.0]",0.23816,Edge clipped / camera boundary
construction_ppe_v1,ppec_00322,helmet,1,"[0.4586, 0.3484, 0.6086, 0.5734]",0.03375,Partial occlusion / industrial lighting
construction_ppe_v1,ppec_00330,gloves,3,"[0.516, 0.5163, 0.6361, 0.6868]",0.02047,Partial occlusion / industrial lighting
construction_ppe_v1,ppec_00330,gloves,3,"[0.3003, 0.6364, 0.4894, 0.8436]",0.03918,Partial occlusion / industrial lighting
construction_ppe_v1,ppec_00331,safety_vest,2,"[0.5148, 0.3023, 0.743, 0.5633]",0.05953,Partial occlusion / industrial lighting
construction_ppe_v1,ppec_00332,safety_vest,2,"[0.0156, 0.1156, 0.5547, 0.4781]",0.19541,Edge clipped / camera boundary
construction_ppe_v1,ppec_00332,safety_vest,2,"[0.0156, 0.0016, 0.3797, 0.4156]",0.15074,Edge clipped / camera boundary
construction_ppe_v1,ppec_00332,safety_vest,2,"[0.6828, 0.3461, 0.8781, 0.5508]",0.03998,Partial occlusion / industrial lighting
construction_ppe_v1,ppec_00332,safety_vest,2,"[0.8164, 0.3969, 0.9914, 0.6187]",0.03883,Edge clipped / camera boundary
construction_ppe_v1,ppec_00332,safety_vest,2,"[0.043, 0.4586, 0.5258, 0.9602]",0.24216,Partial occlusion / industrial lighting
construction_ppe_v1,ppec_00334,person,0,"[0.0422, 0.257, 0.8641, 0.9133]",0.53936,Partial occlusion / industrial lighting
construction_ppe_v1,ppec_00334,gloves,3,"[0.6961, 0.3563, 0.8195, 0.575]",0.027,Partial occlusion / industrial lighting
construction_ppe_v1,ppec_00334,gloves,3,"[0.0867, 0.6719, 0.2602, 0.875]",0.03523,Partial occlusion / industrial lighting
construction_ppe_v1,ppec_00344,person,0,"[0.3031, 0.4992, 0.4813, 0.9977]",0.08878,Edge clipped / camera boundary
construction_ppe_v1,ppec_00344,helmet,1,"[0.3297, 0.5148, 0.4062, 0.632]",0.00897,Small distant object (0.5%-2% image)
construction_ppe_v1,ppec_00345,safety_vest,2,"[0.5328, 0.3523, 0.5875, 0.4461]",0.00513,Small distant object (0.5%-2% image)
construction_ppe_v1,ppec_00345,safety_vest,2,"[0.3102, 0.2227, 0.3648, 0.3164]",0.00513,Small distant object (0.5%-2% image)
construction_ppe_v1,ppec_00345,safety_vest,2,"[0.1219, 0.75, 0.2016, 0.8375]",0.00697,Small distant object (0.5%-2% image)
construction_ppe_v1,ppec_00345,safety_vest,2,"[0.457, 0.6852, 0.518, 0.8133]",0.00781,Small distant object (0.5%-2% image)
construction_ppe_v1,ppec_00345,safety_vest,2,"[0.407, 0.5852, 0.4727, 0.682]",0.00636,Small distant object (0.5%-2% image)
construction_ppe_v1,ppec_00354,gloves,3,"[0.1102, 0.3102, 0.2273, 0.5773]",0.03131,Partial occlusion / industrial lighting
construction_ppe_v1,ppec_00354,gloves,3,"[0.1555, 0.3594, 0.2539, 0.6]",0.02369,Partial occlusion / industrial lighting
construction_ppe_v1,ppec_00354,gloves,3,"[0.2266, 0.3203, 0.3719, 0.6953]",0.05449,Partial occlusion / industrial lighting
construction_ppe_v1,ppec_00354,gloves,3,"[0.1836, 0.35, 0.3039, 0.6656]",0.03797,Partial occlusion / industrial lighting
construction_ppe_v1,ppec_00354,gloves,3,"[0.2492, 0.3477, 0.418, 0.7477]",0.0675,Partial occlusion / industrial lighting
construction_ppe_v1,ppec_00354,gloves,3,"[0.2953, 0.3805, 0.4828, 0.8289]",0.08408,Partial occlusion / industrial lighting
construction_ppe_v1,ppec_00354,gloves,3,"[0.3375, 0.3922, 0.5828, 0.9469]",0.13607,Partial occlusion / industrial lighting
construction_ppe_v1,ppec_00354,gloves,3,"[0.5734, 0.4094, 0.8937, 1.0]",0.18918,Edge clipped / camera boundary
construction_ppe_v1,ppec_00354,gloves,3,"[0.7625, 0.4609, 1.0, 1.0]",0.12803,Edge clipped / camera boundary
construction_ppe_v1,ppec_00354,gloves,3,"[0.4289, 0.4187, 0.7023, 1.0]",0.15894,Edge clipped / camera boundary
construction_ppe_v1,ppec_00354,gloves,3,"[0.0656, 0.5953, 0.1688, 0.6859]",0.00935,Small distant object (0.5%-2% image)
construction_ppe_v1,ppec_00354,gloves,3,"[0.0672, 0.6586, 0.1828, 0.7492]",0.01048,Small distant object (0.5%-2% image)
construction_ppe_v1,ppec_00354,gloves,3,"[0.0695, 0.7211, 0.207, 0.8461]",0.01719,Small distant object (0.5%-2% image)
construction_ppe_v1,ppec_00356,helmet,1,"[0.2086, 0.0273, 0.4398, 0.2336]",0.0477,Partial occlusion / industrial lighting
construction_ppe_v1,ppec_00357,safety_vest,2,"[0.2164, 0.3336, 0.4508, 0.568]",0.05493,Partial occlusion / industrial lighting
construction_ppe_v1,ppec_00362,safety_vest,2,"[0.1234, 0.3273, 0.2344, 0.6102]",0.03137,Partial occlusion / industrial lighting
construction_ppe_v1,ppec_00362,safety_vest,2,"[0.2016, 0.3125, 0.35, 0.6687]",0.05288,Partial occlusion / industrial lighting
construction_ppe_v1,ppec_00362,safety_vest,2,"[0.3039, 0.3773, 0.4461, 0.6836]",0.04355,Partial occlusion / industrial lighting
construction_ppe_v1,ppec_00363,helmet,1,"[0.5594, 0.1148, 0.8719, 0.6008]",0.15186,Partial occlusion / industrial lighting
construction_ppe_v1,ppec_00363,gloves,3,"[0.3269, 0.4366, 0.4655, 0.5511]",0.01587,Small distant object (0.5%-2% image)
construction_ppe_v1,ppec_00363,gloves,3,"[0.2666, 0.8201, 0.4258, 0.9884]",0.0268,Edge clipped / camera boundary
construction_ppe_v1,ppec_00365,safety_vest,2,"[0.5219, 0.55, 0.7797, 1.0]",0.11602,Edge clipped / camera boundary
construction_ppe_v1,ppec_00370,helmet,1,"[0.7016, 0.3336, 0.8078, 0.4523]",0.01262,Small distant object (0.5%-2% image)
construction_ppe_v1,ppec_00373,person,0,"[0.4328, 0.1469, 0.6109, 1.0]",0.15196,Edge clipped / camera boundary
construction_ppe_v1,ppec_00373,person,0,"[0.743, 0.1633, 0.957, 0.9461]",0.16757,Extreme aspect ratio / pose
construction_ppe_v1,ppec_00373,person,0,"[0.6289, 0.0922, 0.7898, 0.7875]",0.1119,Extreme aspect ratio / pose
construction_ppe_v1,ppec_00373,helmet,1,"[0.7469, 0.1773, 0.8266, 0.2664]",0.0071,Small distant object (0.5%-2% image)
construction_ppe_v1,ppec_00373,helmet,1,"[0.6563, 0.1414, 0.7219, 0.1992]",0.00379,Very small object (<0.5% image)
construction_ppe_v1,ppec_00373,helmet,1,"[0.45, 0.1664, 0.5641, 0.3461]",0.0205,Partial occlusion / industrial lighting
construction_ppe_v1,ppec_00373,gloves,3,"[0.3063, 0.3484, 0.4047, 0.4375]",0.00877,Small distant object (0.5%-2% image)
construction_ppe_v1,ppec_00373,safety_footwear,4,"[0.8008, 0.818, 0.9352, 0.9523]",0.01806,Small distant object (0.5%-2% image)
construction_ppe_v1,ppec_00373,safety_footwear,4,"[0.7391, 0.7195, 0.7812, 0.7867]",0.00283,Very small object (<0.5% image)
construction_ppe_v1,ppec_00374,person,0,"[0.7477, 0.4602, 0.8555, 0.5961]",0.01466,Small distant object (0.5%-2% image)
construction_ppe_v1,ppec_00374,helmet,1,"[0.3461, 0.3578, 0.443, 0.4578]",0.00969,Small distant object (0.5%-2% image)
construction_ppe_v1,ppec_00376,safety_vest,2,"[0.5969, 0.3281, 1.0, 1.0]",0.27085,Edge clipped / camera boundary
construction_ppe_v1,ppec_00383,helmet,1,"[0.5359, 0.1055, 0.7719, 0.7195]",0.14488,Partial occlusion / industrial lighting
construction_ppe_v1,ppec_00389,person,0,"[0.1938, -0.0, 1.0, 0.9969]",0.80373,Edge clipped / camera boundary
construction_ppe_v1,ppec_00389,gloves,3,"[0.3109, 0.5852, 0.4766, 0.7914]",0.03416,Partial occlusion / industrial lighting
construction_ppe_v1,ppec_00391,safety_footwear,4,"[0.5312, 0.7234, 0.5906, 0.7781]",0.00325,Very small object (<0.5% image)
construction_ppe_v1,ppec_00391,safety_footwear,4,"[0.4719, 0.7133, 0.5156, 0.7883]",0.00328,Very small object (<0.5% image)
construction_ppe_v1,ppec_00398,safety_vest,2,"[-0.0, 0.4328, 0.1453, 0.9578]",0.07629,Edge clipped / camera boundary
construction_ppe_v1,ppec_00398,safety_vest,2,"[0.7375, 0.5367, 0.9797, 0.8523]",0.07644,Partial occlusion / industrial lighting
construction_ppe_v1,ppec_00398,safety_vest,2,"[0.3937, 0.4594, 0.6031, 0.8422]",0.08015,Partial occlusion / industrial lighting
construction_ppe_v1,ppec_00400,safety_vest,2,"[0.607, 0.3391, 0.9852, 0.9859]",0.2446,Edge clipped / camera boundary
construction_ppe_v1,ppec_00400,safety_vest,2,"[0.0445, 0.5859, 0.457, 1.0]",0.1708,Edge clipped / camera boundary
construction_ppe_v1,safup_00002,person,0,"[0.7, 0.1148, 0.8531, 0.8414]",0.11125,Extreme aspect ratio / pose
construction_ppe_v1,safup_00002,person,0,"[0.5469, 0.1094, 0.7047, 0.8406]",0.1154,Extreme aspect ratio / pose
construction_ppe_v1,safup_00002,helmet,1,"[0.8, 0.4047, 0.8531, 0.4688]",0.0034,Very small object (<0.5% image)
construction_ppe_v1,safup_00002,safety_vest,2,"[0.7031, 0.2219, 0.8203, 0.475]",0.02966,Partial occlusion / industrial lighting
construction_ppe_v1,safup_00002,safety_vest,2,"[0.7922, 0.5203, 0.9156, 0.7469]",0.02797,Partial occlusion / industrial lighting
construction_ppe_v1,safup_00010,person,0,"[0.0258, 0.1305, 0.6508, 0.9445]",0.50879,Partial occlusion / industrial lighting
construction_ppe_v1,safup_00011,safety_vest,2,"[0.2937, 0.2969, 0.4156, 0.5469]",0.03047,Partial occlusion / industrial lighting
construction_ppe_v1,safup_00012,helmet,1,"[0.4535, 0.1805, 0.609, 0.3023]",0.01895,Small distant object (0.5%-2% image)
construction_ppe_v1,safup_00016,safety_vest,2,"[0.4359, 0.2266, 0.5953, 0.5984]",0.05927,Partial occlusion / industrial lighting
construction_ppe_v1,safup_00016,safety_vest,2,"[0.6766, 0.2422, 0.8672, 0.625]",0.07297,Partial occlusion / industrial lighting
construction_ppe_v1,safup_00018,safety_vest,2,"[0.0164, 0.3176, 0.3117, 0.7824]",0.13727,Edge clipped / camera boundary
construction_ppe_v1,safup_00018,safety_vest,2,"[0.6391, 0.3207, 0.9984, 0.8168]",0.17828,Edge clipped / camera boundary
construction_ppe_v1,safup_00022,safety_vest,2,"[0.0719, 0.0, 0.9063, 1.0]",0.83437,Edge clipped / camera boundary
construction_ppe_v1,safup_00026,person,0,"[0.0047, 0.0, 1.0, 1.0]",0.99531,Edge clipped / camera boundary
construction_ppe_v1,safup_00039,person,0,"[0.3375, 0.2277, 0.3703, 0.3113]",0.00274,Very small object (<0.5% image)
construction_ppe_v1,safup_00045,helmet,1,"[0.5148, 0.1684, 0.5742, 0.2254]",0.00339,Very small object (<0.5% image)
construction_ppe_v1,safup_00045,safety_vest,2,"[0.6383, 0.2336, 0.8086, 0.5461]",0.05322,Partial occlusion / industrial lighting
construction_ppe_v1,safup_00046,person,0,"[0.609, 0.0852, 0.7957, 0.8586]",0.14442,Extreme aspect ratio / pose
construction_ppe_v1,safup_00049,helmet,1,"[0.5578, 0.1281, 0.825, 0.4797]",0.09393,Partial occlusion / industrial lighting
construction_ppe_v1,safup_00058,helmet,1,"[0.3613, 0.0887, 0.6215, 0.2832]",0.05061,Partial occlusion / industrial lighting
construction_ppe_v1,safup_00064,person,0,"[0.4043, 0.7738, 0.6973, 0.9996]",0.06615,Edge clipped / camera boundary
construction_ppe_v1,safup_00064,person,0,"[0.1164, 0.2574, 0.1352, 0.3676]",0.00207,Very small object (<0.5% image)
construction_ppe_v1,safup_00067,person,0,"[0.2766, 0.2258, 0.6922, 0.8539]",0.26106,Partial occlusion / industrial lighting
construction_ppe_v1,safup_00067,helmet,1,"[0.275, 0.2305, 0.4781, 0.6086]",0.07681,Partial occlusion / industrial lighting
construction_ppe_v1,safup_00067,safety_vest,2,"[0.4566, 0.5836, 0.6902, 0.8586]",0.06424,Partial occlusion / industrial lighting
construction_ppe_v1,safup_00068,person,0,"[0.1086, 0.0, 0.8523, 1.0]",0.74375,Edge clipped / camera boundary
construction_ppe_v1,safup_00068,safety_vest,2,"[0.2578, 0.2594, 0.7125, 0.8187]",0.25434,Partial occlusion / industrial lighting
construction_ppe_v1,safup_00070,person,0,"[0.6645, 0.4844, 0.7199, 0.6734]",0.01049,Small distant object (0.5%-2% image)
construction_ppe_v1,safup_00074,safety_vest,2,"[0.4586, 0.2469, 0.8039, 0.7375]",0.16942,Partial occlusion / industrial lighting
construction_ppe_v1,safup_00076,person,0,"[0.5441, 0.1566, 0.5934, 0.2684]",0.0055,Small distant object (0.5%-2% image)
construction_ppe_v1,safup_00084,safety_vest,2,"[0.5437, 0.5359, 0.8672, 1.0]",0.1501,Edge clipped / camera boundary
construction_ppe_v1,safup_00085,person,0,"[0.1578, 0.1109, 0.8031, 1.0]",0.57372,Edge clipped / camera boundary
construction_ppe_v1,safup_00089,safety_vest,2,"[0.6031, 0.5047, 0.8906, 0.6828]",0.05121,Partial occlusion / industrial lighting
construction_ppe_v1,safup_00098,person,0,"[0.1625, 0.0, 0.9703, 1.0]",0.80781,Edge clipped / camera boundary
construction_ppe_v1,safup_00098,safety_vest,2,"[0.3531, 0.3422, 0.8188, 1.0]",0.30629,Edge clipped / camera boundary
construction_ppe_v1,safup_00110,helmet,1,"[0.4457, 0.084, 0.6355, 0.2301]",0.02774,Partial occlusion / industrial lighting
construction_ppe_v1,safup_00133,helmet,1,"[0.5102, 0.2473, 0.5773, 0.2902]",0.00289,Very small object (<0.5% image)
construction_ppe_v1,safup_00135,safety_vest,2,"[0.4727, 0.4484, 0.8039, 1.0]",0.1827,Edge clipped / camera boundary
construction_ppe_v1,safup_00148,helmet,1,"[0.5047, 0.1098, 0.6187, 0.2215]",0.01274,Small distant object (0.5%-2% image)
construction_ppe_v1,safup_00170,safety_vest,2,"[0.2375, 0.3023, 0.6531, 0.9555]",0.27146,Partial occlusion / industrial lighting
construction_ppe_v1,safup_00171,person,0,"[0.0, 0.2891, 1.0, 1.0]",0.71094,Edge clipped / camera boundary
construction_ppe_v1,safup_00173,helmet,1,"[0.5281, 0.0008, 0.7047, 0.0602]",0.01048,Small distant object (0.5%-2% image)
construction_ppe_v1,safup_00173,safety_vest,2,"[0.4492, 0.2344, 0.7992, 0.65]",0.14547,Partial occlusion / industrial lighting
construction_ppe_v1,safup_00184,safety_vest,2,"[0.0516, 0.0, 0.8969, 1.0]",0.84531,Edge clipped / camera boundary
construction_ppe_v1,safup_00195,person,0,"[0.568, 0.5594, 0.6008, 0.7687]",0.00687,Small distant object (0.5%-2% image)
construction_ppe_v1,safup_00195,person,0,"[0.4402, 0.5113, 0.4738, 0.6918]",0.00606,Small distant object (0.5%-2% image)
construction_ppe_v1,safup_00195,helmet,1,"[0.584, 0.5598, 0.6004, 0.5902]",0.0005,Very small object (<0.5% image)
construction_ppe_v1,safup_00195,helmet,1,"[0.4504, 0.5133, 0.4637, 0.532]",0.00025,Very small object (<0.5% image)
construction_ppe_v1,safup_00214,helmet,1,"[0.7426, 0.1883, 0.8387, 0.3289]",0.01351,Small distant object (0.5%-2% image)
construction_ppe_v1,safup_00214,safety_vest,2,"[0.7109, 0.3391, 0.8797, 0.5687]",0.03876,Partial occlusion / industrial lighting
construction_ppe_v1,safup_00216,person,0,"[0.1094, 0.0906, 0.7734, 1.0]",0.60388,Edge clipped / camera boundary
construction_ppe_v1,safup_00216,helmet,1,"[0.3918, 0.0906, 0.5207, 0.3156]",0.029,Partial occlusion / industrial lighting
construction_ppe_v1,safup_00223,safety_vest,2,"[0.2891, 0.5188, 0.3578, 0.5891]",0.00483,Very small object (<0.5% image)
construction_ppe_v1,safup_00223,safety_vest,2,"[0.3023, 0.5852, 0.3445, 0.6711]",0.00363,Very small object (<0.5% image)
construction_ppe_v1,safup_00229,person,0,"[0.125, 0.1047, 0.6625, 0.9672]",0.46359,Partial occlusion / industrial lighting
construction_ppe_v1,safup_00234,helmet,1,"[0.3801, 0.0437, 0.609, 0.2687]",0.0515,Partial occlusion / industrial lighting
construction_ppe_v1,safup_00242,person,0,"[0.1148, 0.0953, 0.7555, 1.0]",0.57957,Edge clipped / camera boundary
construction_ppe_v1,safup_00242,helmet,1,"[0.4, 0.1187, 0.4844, 0.2953]",0.0149,Small distant object (0.5%-2% image)
construction_ppe_v1,safup_00244,helmet,1,"[0.3922, 0.0664, 0.5969, 0.2789]",0.0435,Partial occlusion / industrial lighting
construction_ppe_v1,safup_00245,person,0,"[0.2191, 0.1566, 0.3996, 0.9996]",0.15213,Edge clipped / camera boundary
construction_ppe_v1,safup_00245,safety_vest,2,"[0.2164, 0.3352, 0.382, 0.8305]",0.08204,Partial occlusion / industrial lighting
construction_ppe_v1,safup_00252,helmet,1,"[0.4398, 0.2637, 0.5695, 0.3738]",0.01429,Small distant object (0.5%-2% image)
construction_ppe_v1,safup_00255,person,0,"[0.1305, 0.1391, 0.868, 0.9516]",0.59922,Partial occlusion / industrial lighting
construction_ppe_v1,safup_00255,helmet,1,"[0.1492, 0.4781, 0.4055, 0.7625]",0.07287,Partial occlusion / industrial lighting
construction_ppe_v1,safup_00258,person,0,"[0.0, 0.0594, 0.175, 0.1625]",0.01805,Small distant object (0.5%-2% image)
construction_ppe_v1,safup_00258,person,0,"[0.0, 0.1723, 0.175, 0.2746]",0.01791,Small distant object (0.5%-2% image)
construction_ppe_v1,safup_00258,person,0,"[0.4234, 0.0, 0.6203, 0.1734]",0.03415,Edge clipped / camera boundary
construction_ppe_v1,safup_00258,person,0,"[0.4246, 0.1754, 0.627, 0.3637]",0.0381,Partial occlusion / industrial lighting
construction_ppe_v1,safup_00258,person,0,"[0.7098, 0.0, 0.8668, 0.1484]",0.02331,Edge clipped / camera boundary
construction_ppe_v1,safup_00258,person,0,"[0.7082, 0.1293, 0.8559, 0.3223]",0.02849,Partial occlusion / industrial lighting
construction_ppe_v1,safup_00258,person,0,"[0.7699, 0.0, 0.9223, 0.1172]",0.01785,Small distant object (0.5%-2% image)
construction_ppe_v1,safup_00258,person,0,"[0.8953, 0.0055, 1.0, 0.143]",0.01439,Small distant object (0.5%-2% image)
construction_ppe_v1,safup_00258,person,0,"[0.9062, 0.1797, 1.0, 0.3375]",0.01479,Small distant object (0.5%-2% image)
construction_ppe_v1,safup_00258,person,0,"[0.5789, 0.243, 0.7727, 0.518]",0.05328,Partial occlusion / industrial lighting
construction_ppe_v1,safup_00258,person,0,"[0.2086, 0.6473, 0.4883, 0.8168]",0.04742,Partial occlusion / industrial lighting
construction_ppe_v1,safup_00258,person,0,"[0.157, 0.3875, 0.3648, 0.6234]",0.04903,Partial occlusion / industrial lighting
construction_ppe_v1,safup_00258,person,0,"[0.2895, 0.4062, 0.5793, 0.7188]",0.09058,Partial occlusion / industrial lighting
construction_ppe_v1,safup_00258,person,0,"[0.6883, 0.5926, 0.8867, 0.8449]",0.05007,Partial occlusion / industrial lighting
construction_ppe_v1,safup_00258,person,0,"[0.6832, 0.8406, 0.8809, 1.0]",0.0315,Edge clipped / camera boundary
construction_ppe_v1,safup_00258,person,0,"[0.5574, 0.4832, 0.7082, 0.6637]",0.02721,Partial occlusion / industrial lighting
construction_ppe_v1,safup_00258,person,0,"[0.6469, 0.3559, 0.8687, 0.6613]",0.06778,Partial occlusion / industrial lighting
construction_ppe_v1,safup_00258,helmet,1,"[0.2383, 0.6441, 0.368, 0.773]",0.01672,Small distant object (0.5%-2% image)
construction_ppe_v1,safup_00258,helmet,1,"[0.5168, 0.6559, 0.6973, 0.841]",0.03341,Partial occlusion / industrial lighting
construction_ppe_v1,safup_00258,helmet,1,"[0.6176, 0.0, 0.7449, 0.0797]",0.01015,Small distant object (0.5%-2% image)
construction_ppe_v1,safup_00258,helmet,1,"[0.9203, 0.9438, 1.0, 1.0]",0.00448,Very small object (<0.5% image)
construction_ppe_v1,safup_00258,helmet,1,"[0.2344, 0.9035, 0.3703, 0.9996]",0.01306,Small distant object (0.5%-2% image)
construction_ppe_v1,safup_00258,helmet,1,"[0.2254, 0.5559, 0.3652, 0.666]",0.0154,Small distant object (0.5%-2% image)
construction_ppe_v1,safup_00258,helmet,1,"[0.7531, 0.2031, 0.9203, 0.4391]",0.03945,Partial occlusion / industrial lighting
construction_ppe_v1,safup_00258,helmet,1,"[0.8234, 0.3297, 1.0, 0.5625]",0.04111,Edge clipped / camera boundary
construction_ppe_v1,safup_00259,helmet,1,"[0.475, 0.0375, 0.8359, 0.4359]",0.14381,Partial occlusion / industrial lighting
construction_ppe_v1,safup_00260,helmet,1,"[0.4578, 0.0832, 0.6422, 0.2465]",0.0301,Partial occlusion / industrial lighting
construction_ppe_v1,safup_00265,safety_vest,2,"[0.3375, 0.5797, 0.3688, 0.6578]",0.00244,Very small object (<0.5% image)
construction_ppe_v1,safup_00265,safety_vest,2,"[0.3258, 0.5953, 0.3414, 0.6578]",0.00098,Very small object (<0.5% image)
construction_ppe_v1,safup_00268,person,0,"[0.6164, 0.2023, 0.7961, 0.9023]",0.12578,Extreme aspect ratio / pose
construction_ppe_v1,safup_00268,helmet,1,"[0.4562, 0.2312, 0.5563, 0.3219]",0.00906,Small distant object (0.5%-2% image)
construction_ppe_v1,safup_00268,helmet,1,"[0.6516, 0.1984, 0.7516, 0.3]",0.01016,Small distant object (0.5%-2% image)
construction_ppe_v1,safup_00277,helmet,1,"[0.3426, 0.1293, 0.4871, 0.3238]",0.02812,Partial occlusion / industrial lighting
construction_ppe_v1,safup_00277,safety_vest,2,"[0.3516, 0.3016, 0.4875, 0.5297]",0.03101,Partial occlusion / industrial lighting
construction_ppe_v1,safup_00278,helmet,1,"[0.5875, 0.2484, 0.6281, 0.3391]",0.00368,Very small object (<0.5% image)
construction_ppe_v1,safup_00278,safety_vest,2,"[0.5188, 0.3055, 0.5656, 0.493]",0.00879,Small distant object (0.5%-2% image)
construction_ppe_v1,safup_00278,safety_vest,2,"[0.5578, 0.3156, 0.6391, 0.55]",0.01904,Small distant object (0.5%-2% image)
construction_ppe_v1,safup_00281,safety_vest,2,"[0.2711, 0.3063, 0.693, 0.8219]",0.21753,Partial occlusion / industrial lighting
construction_ppe_v1,safup_00285,person,0,"[0.4422, 0.1641, 0.7047, 0.9547]",0.20754,Extreme aspect ratio / pose
construction_ppe_v1,safup_00285,safety_vest,2,"[0.5055, 0.3289, 0.6742, 0.5758]",0.04166,Partial occlusion / industrial lighting
construction_ppe_v1,safup_00287,safety_vest,2,"[0.5359, 0.2414, 0.8672, 0.6648]",0.14026,Partial occlusion / industrial lighting
construction_ppe_v1,safup_00290,person,0,"[0.1203, 0.1016, 0.7562, 1.0]",0.57135,Edge clipped / camera boundary
construction_ppe_v1,safup_00292,helmet,1,"[0.5687, 0.0, 0.8766, 0.1641]",0.0505,Edge clipped / camera boundary
construction_ppe_v1,safup_00295,safety_vest,2,"[0.0031, 0.6594, 0.1703, 0.8859]",0.03788,Edge clipped / camera boundary
construction_ppe_v1,safup_00295,safety_vest,2,"[0.2406, 0.6969, 0.4594, 0.8766]",0.03931,Partial occlusion / industrial lighting
construction_ppe_v1,safup_00295,safety_vest,2,"[0.5367, 0.1984, 0.7742, 0.3344]",0.03229,Partial occlusion / industrial lighting
construction_ppe_v1,safup_00295,safety_vest,2,"[0.8344, 0.2148, 1.0, 0.3477]",0.022,Edge clipped / camera boundary
construction_ppe_v1,safup_00298,safety_vest,2,"[0.2109, 0.3062, 0.4219, 0.9062]",0.12656,Partial occlusion / industrial lighting
construction_ppe_v1,safup_00298,safety_vest,2,"[0.6563, 0.4398, 0.8609, 0.8867]",0.09147,Partial occlusion / industrial lighting
construction_ppe_v1,safup_00303,person,0,"[0.9262, 0.3707, 0.9395, 0.4277]",0.00076,Very small object (<0.5% image)
construction_ppe_v1,safup_00309,helmet,1,"[0.3766, 0.5813, 0.4984, 0.7063]",0.01523,Small distant object (0.5%-2% image)
construction_ppe_v1,safup_00314,safety_vest,2,"[0.2867, 0.2719, 0.6164, 0.5969]",0.10715,Partial occlusion / industrial lighting
construction_ppe_v1,safup_00316,person,0,"[0.025, 0.0266, 0.8609, 1.0]",0.81373,Edge clipped / camera boundary
construction_ppe_v1,safup_00336,person,0,"[0.5586, 0.4086, 0.632, 0.7664]",0.02628,Extreme aspect ratio / pose
construction_ppe_v1,safup_00336,person,0,"[0.293, 0.3602, 0.4086, 0.8898]",0.06125,Extreme aspect ratio / pose
construction_ppe_v1,safup_00336,person,0,"[0.3953, 0.2609, 0.5719, 1.0]",0.13049,Edge clipped / camera boundary
construction_ppe_v1,safup_00336,helmet,1,"[0.4367, 0.3914, 0.4586, 0.4305]",0.00085,Very small object (<0.5% image)
construction_ppe_v1,safup_00336,helmet,1,"[0.575, 0.4109, 0.6031, 0.4531]",0.00119,Very small object (<0.5% image)
construction_ppe_v1,safup_00336,helmet,1,"[0.4414, 0.2637, 0.5336, 0.4066]",0.01318,Small distant object (0.5%-2% image)
construction_ppe_v1,safup_00336,safety_vest,2,"[0.5594, 0.4797, 0.6188, 0.6359]",0.00928,Small distant object (0.5%-2% image)
construction_ppe_v1,safup_00338,person,0,"[0.0453, 0.3078, 1.0, 0.7187]",0.39232,Edge clipped / camera boundary
construction_ppe_v1,safup_00338,helmet,1,"[0.0813, 0.3938, 0.1969, 0.5828]",0.02186,Partial occlusion / industrial lighting
construction_ppe_v1,safup_00338,helmet,1,"[0.0895, 0.3363, 0.3652, 0.5934]",0.07088,Partial occlusion / industrial lighting
construction_ppe_v1,safup_00338,safety_vest,2,"[0.2781, 0.3375, 0.6344, 0.5969]",0.0924,Partial occlusion / industrial lighting
construction_ppe_v1,safup_00348,safety_vest,2,"[0.3516, 0.2906, 0.5375, 0.6344]",0.06392,Partial occlusion / industrial lighting
construction_ppe_v1,safup_00358,person,0,"[0.0, 0.0328, 1.0, 1.0]",0.96719,Edge clipped / camera boundary
construction_ppe_v1,safup_00369,helmet,1,"[0.4637, 0.2949, 0.5941, 0.4488]",0.02008,Partial occlusion / industrial lighting
construction_ppe_v1,safup_00371,person,0,"[0.2187, 0.2844, 0.9969, 0.6109]",0.25411,Edge clipped / camera boundary
construction_ppe_v1,safup_00371,helmet,1,"[0.2391, 0.3938, 0.3219, 0.5297]",0.01126,Small distant object (0.5%-2% image)
construction_ppe_v1,safup_00381,helmet,1,"[0.384, 0.0984, 0.6207, 0.2625]",0.03884,Partial occlusion / industrial lighting
construction_ppe_v1,safup_00385,safety_vest,2,"[0.0703, 0.0, 0.9047, 1.0]",0.83437,Edge clipped / camera boundary
construction_ppe_v1,safup_00386,helmet,1,"[0.4871, 0.1703, 0.652, 0.2969]",0.02086,Partial occlusion / industrial lighting
construction_ppe_v1,safup_00387,helmet,1,"[0.8559, 0.1855, 0.9941, 0.3395]",0.02128,Edge clipped / camera boundary
construction_ppe_v1,safup_00393,person,0,"[0.8063, 0.0727, 0.8766, 0.2758]",0.01428,Small distant object (0.5%-2% image)
construction_ppe_v1,sppe4_00025,safety_vest,2,"[0.093, 0.3352, 0.3727, 0.9992]",0.18573,Edge clipped / camera boundary
construction_ppe_v1,sppe4_00025,safety_vest,2,"[0.3656, 0.4367, 0.6641, 0.9992]",0.16787,Edge clipped / camera boundary
construction_ppe_v1,sppe4_00025,safety_vest,2,"[0.6688, 0.3359, 0.9234, 1.0]",0.16913,Edge clipped / camera boundary
construction_ppe_v1,sppe4_00027,helmet,1,"[0.3438, 0.65, 0.5141, 0.9469]",0.05056,Partial occlusion / industrial lighting
construction_ppe_v1,sppe4_00027,safety_vest,2,"[0.4367, 0.4227, 0.7836, 0.9961]",0.19891,Edge clipped / camera boundary
construction_ppe_v1,sppe4_00029,safety_footwear,4,"[0.4172, 0.8766, 0.4703, 0.9859]",0.00581,Small distant object (0.5%-2% image)
construction_ppe_v1,sppe4_00029,safety_footwear,4,"[0.4719, 0.8875, 0.5313, 0.9938]",0.00631,Small distant object (0.5%-2% image)
construction_ppe_v1,sppe4_00033,safety_footwear,4,"[0.4719, 0.5797, 0.5422, 0.6906]",0.0078,Small distant object (0.5%-2% image)
construction_ppe_v1,sppe4_00037,safety_vest,2,"[0.0703, 0.0, 0.9047, 1.0]",0.83437,Edge clipped / camera boundary
construction_ppe_v1,sppe4_00044,gloves,3,"[0.0734, 0.3391, 0.6625, 0.8172]",0.28165,Partial occlusion / industrial lighting
construction_ppe_v1,sppe4_00044,gloves,3,"[0.4109, 0.1672, 0.9187, 0.6859]",0.26343,Partial occlusion / industrial lighting
construction_ppe_v1,sppe4_00055,helmet,1,"[0.3094, 0.4172, 0.3813, 0.4734]",0.00404,Very small object (<0.5% image)
construction_ppe_v1,sppe4_00062,helmet,1,"[0.4766, 0.5844, 0.5344, 0.6156]",0.00181,Very small object (<0.5% image)
construction_ppe_v1,sppe4_00062,helmet,1,"[0.4141, 0.5898, 0.4672, 0.6258]",0.00191,Very small object (<0.5% image)
construction_ppe_v1,sppe4_00062,helmet,1,"[0.282, 0.6008, 0.3305, 0.6336]",0.00159,Very small object (<0.5% image)
construction_ppe_v1,sppe4_00063,gloves,3,"[0.3445, 0.2703, 0.4102, 0.3937]",0.0081,Small distant object (0.5%-2% image)
construction_ppe_v1,sppe4_00063,gloves,3,"[0.4422, 0.2844, 0.5156, 0.3844]",0.00734,Small distant object (0.5%-2% image)
construction_ppe_v1,sppe4_00072,safety_footwear,4,"[0.4562, 0.9016, 0.5687, 0.9969]",0.01072,Small distant object (0.5%-2% image)
construction_ppe_v1,sppe4_00072,safety_footwear,4,"[0.4922, 0.8594, 0.5672, 0.9531]",0.00703,Small distant object (0.5%-2% image)
construction_ppe_v1,sppe4_00079,gloves,3,"[0.3281, 0.2547, 0.6469, 0.7219]",0.14892,Partial occlusion / industrial lighting
construction_ppe_v1,sppe4_00080,safety_footwear,4,"[0.5437, 0.8594, 0.5969, 0.9047]",0.00241,Very small object (<0.5% image)
construction_ppe_v1,sppe4_00080,safety_footwear,4,"[0.4844, 0.8141, 0.5312, 0.8547]",0.0019,Very small object (<0.5% image)
construction_ppe_v1,sppe4_00081,safety_footwear,4,"[0.5078, 0.9188, 0.6125, 0.9906]",0.00752,Small distant object (0.5%-2% image)
construction_ppe_v1,sppe4_00081,safety_footwear,4,"[0.3703, 0.8406, 0.5203, 0.8859]",0.0068,Small distant object (0.5%-2% image)
construction_ppe_v1,sppe4_00083,gloves,3,"[0.0078, 0.4344, 0.9641, 0.9719]",0.51398,Edge clipped / camera boundary
construction_ppe_v1,sppe4_00083,gloves,3,"[0.0, 0.1734, 0.5672, 0.4688]",0.1675,Edge clipped / camera boundary
construction_ppe_v1,sppe4_00097,safety_vest,2,"[0.3867, 0.2734, 0.5492, 0.6078]",0.05434,Partial occlusion / industrial lighting
construction_ppe_v1,sppe4_00105,safety_vest,2,"[0.1203, 0.1984, 0.2297, 0.55]",0.03845,Extreme aspect ratio / pose
construction_ppe_v1,sppe4_00112,safety_vest,2,"[0.4328, 0.2766, 0.6016, 0.5922]",0.05326,Partial occlusion / industrial lighting
construction_ppe_v1,sppe4_00112,safety_footwear,4,"[0.475, 0.8625, 0.5234, 0.9672]",0.00507,Small distant object (0.5%-2% image)
construction_ppe_v1,sppe4_00112,safety_footwear,4,"[0.5328, 0.8703, 0.5984, 0.9719]",0.00667,Small distant object (0.5%-2% image)
construction_ppe_v1,sppe4_00117,helmet,1,"[0.3531, 0.0, 0.8891, 0.3531]",0.18925,Edge clipped / camera boundary
construction_ppe_v1,sppe4_00117,safety_vest,2,"[0.4797, 0.675, 0.8953, 1.0]",0.13508,Edge clipped / camera boundary
construction_ppe_v1,sppe4_00119,safety_footwear,4,"[0.4719, 0.4938, 0.525, 0.5719]",0.00415,Very small object (<0.5% image)
construction_ppe_v1,sppe4_00137,helmet,1,"[0.4078, 0.5094, 0.5047, 0.6203]",0.01075,Small distant object (0.5%-2% image)
construction_ppe_v1,sppe4_00137,safety_footwear,4,"[0.4188, 0.875, 0.4672, 0.9812]",0.00515,Small distant object (0.5%-2% image)
construction_ppe_v1,sppe4_00137,safety_footwear,4,"[0.4688, 0.875, 0.5328, 0.9891]",0.00731,Small distant object (0.5%-2% image)
construction_ppe_v1,sppe4_00139,helmet,1,"[0.525, 0.0203, 0.6828, 0.3391]",0.0503,Partial occlusion / industrial lighting
construction_ppe_v1,sppe4_00139,safety_vest,2,"[0.4891, 0.1031, 0.7625, 0.45]",0.09485,Partial occlusion / industrial lighting
construction_ppe_v1,sppe4_00139,safety_footwear,4,"[0.3656, 0.6641, 0.5172, 0.9688]",0.04618,Partial occlusion / industrial lighting
construction_ppe_v1,sppe4_00139,safety_footwear,4,"[0.7672, 0.6234, 0.9563, 0.9984]",0.0709,Edge clipped / camera boundary
construction_ppe_v1,sppe4_00149,helmet,1,"[0.2945, 0.2242, 0.3836, 0.3164]",0.00821,Small distant object (0.5%-2% image)
construction_ppe_v1,sppe4_00150,safety_footwear,4,"[0.5586, 0.7016, 0.6727, 0.8516]",0.01711,Small distant object (0.5%-2% image)
construction_ppe_v1,sppe4_00150,safety_footwear,4,"[0.3969, 0.6766, 0.5531, 0.8094]",0.02075,Partial occlusion / industrial lighting
construction_ppe_v1,sppe4_00152,safety_footwear,4,"[0.3625, 0.8609, 0.4188, 0.9516]",0.0051,Small distant object (0.5%-2% image)
construction_ppe_v1,sppe4_00152,safety_footwear,4,"[0.4219, 0.8578, 0.4828, 0.9484]",0.00552,Small distant object (0.5%-2% image)
construction_ppe_v1,sppe4_00164,safety_vest,2,"[0.3516, 0.1969, 0.6156, 0.6281]",0.11388,Partial occlusion / industrial lighting
construction_ppe_v1,sppe4_00164,safety_vest,2,"[0.6922, 0.2125, 0.9625, 0.6562]",0.11995,Partial occlusion / industrial lighting
construction_ppe_v1,sppe4_00164,safety_vest,2,"[0.0742, 0.218, 0.2758, 0.5555]",0.06803,Partial occlusion / industrial lighting
construction_ppe_v1,sppe4_00164,safety_footwear,4,"[0.2344, 0.7164, 0.3125, 0.8164]",0.00781,Small distant object (0.5%-2% image)
construction_ppe_v1,sppe4_00167,helmet,1,"[0.4, 0.1906, 0.5312, 0.3563]",0.02174,Partial occlusion / industrial lighting
construction_ppe_v1,sppe4_00167,gloves,3,"[0.6172, 0.25, 0.6738, 0.3486]",0.00559,Small distant object (0.5%-2% image)
construction_ppe_v1,sppe4_00167,gloves,3,"[0.2441, 0.2676, 0.3027, 0.3623]",0.00555,Small distant object (0.5%-2% image)
construction_ppe_v1,sppe4_00174,helmet,1,"[0.5164, 0.0, 0.857, 0.4813]",0.16393,Edge clipped / camera boundary
construction_ppe_v1,sppe4_00182,safety_vest,2,"[0.3406, 0.4836, 0.7156, 0.9977]",0.19277,Edge clipped / camera boundary
construction_ppe_v1,sppe4_00183,safety_vest,2,"[0.6047, 0.1414, 0.8859, 0.4227]",0.0791,Partial occlusion / industrial lighting
construction_ppe_v1,sppe4_00197,safety_footwear,4,"[0.5133, 0.725, 0.7445, 0.8688]",0.03324,Partial occlusion / industrial lighting
construction_ppe_v1,sppe4_00197,safety_footwear,4,"[0.4844, 0.6547, 0.6687, 0.8]",0.02679,Partial occlusion / industrial lighting
construction_ppe_v1,sppe4_00205,safety_vest,2,"[0.7477, 0.3953, 0.8617, 0.6328]",0.02709,Partial occlusion / industrial lighting
construction_ppe_v1,sppe4_00208,helmet,1,"[0.1547, 0.0, 0.4266, 0.15]",0.04078,Edge clipped / camera boundary
construction_ppe_v1,sppe4_00208,safety_vest,2,"[0.0312, 0.3297, 0.4828, 1.0]",0.30269,Edge clipped / camera boundary
construction_ppe_v1,sppe4_00213,safety_vest,2,"[0.3094, 0.5492, 0.3719, 0.5961]",0.00293,Very small object (<0.5% image)
construction_ppe_v1,sppe4_00213,safety_vest,2,"[0.3148, 0.593, 0.3539, 0.6789]",0.00336,Very small object (<0.5% image)
construction_ppe_v1,sppe4_00217,gloves,3,"[0.3695, 0.5273, 0.4258, 0.5852]",0.00325,Very small object (<0.5% image)
construction_ppe_v1,sppe4_00217,gloves,3,"[0.6477, 0.5289, 0.6883, 0.5883]",0.00241,Very small object (<0.5% image)
construction_ppe_v1,sppe4_00217,safety_footwear,4,"[0.5141, 0.6578, 0.5891, 0.7703]",0.00844,Small distant object (0.5%-2% image)
construction_ppe_v1,sppe4_00218,safety_vest,2,"[0.3039, 0.4133, 0.693, 0.9992]",0.22797,Edge clipped / camera boundary
construction_ppe_v1,sppe4_00239,helmet,1,"[0.4469, 0.4125, 0.4906, 0.4797]",0.00294,Very small object (<0.5% image)
construction_ppe_v1,sppe4_00239,safety_footwear,4,"[0.7516, 0.45, 0.7812, 0.5172]",0.00199,Very small object (<0.5% image)
construction_ppe_v1,sppe4_00239,safety_footwear,4,"[0.7469, 0.3828, 0.7797, 0.45]",0.0022,Very small object (<0.5% image)
construction_ppe_v1,sppe4_00276,gloves,3,"[0.1539, 0.1414, 0.2336, 0.2914]",0.01195,Small distant object (0.5%-2% image)
construction_ppe_v1,sppe4_00276,gloves,3,"[0.4625, 0.1367, 0.55, 0.2758]",0.01217,Small distant object (0.5%-2% image)
construction_ppe_v1,sppe4_00276,safety_footwear,4,"[0.3531, 0.8359, 0.3953, 0.9141]",0.0033,Very small object (<0.5% image)
construction_ppe_v1,sppe4_00276,safety_footwear,4,"[0.4016, 0.8359, 0.4437, 0.9125]",0.00323,Very small object (<0.5% image)
construction_ppe_v1,sppe4_00283,safety_vest,2,"[0.3578, 0.2719, 0.6547, 0.8609]",0.17488,Partial occlusion / industrial lighting
construction_ppe_v1,sppe4_00297,gloves,3,"[0.0922, 0.2938, 0.2141, 0.4359]",0.01733,Small distant object (0.5%-2% image)
construction_ppe_v1,sppe4_00297,gloves,3,"[0.5914, 0.2648, 0.6977, 0.4008]",0.01444,Small distant object (0.5%-2% image)
construction_ppe_v1,sppe4_00297,safety_footwear,4,"[0.3516, 0.8578, 0.4187, 0.9297]",0.00483,Very small object (<0.5% image)
construction_ppe_v1,sppe4_00297,safety_footwear,4,"[0.4219, 0.8578, 0.4766, 0.9266]",0.00376,Very small object (<0.5% image)
construction_ppe_v1,sppe4_00300,safety_vest,2,"[0.6375, 0.3484, 0.8766, 0.8406]",0.11766,Partial occlusion / industrial lighting
construction_ppe_v1,sppe4_00300,safety_vest,2,"[0.3984, 0.5016, 0.6297, 0.9938]",0.11382,Edge clipped / camera boundary
construction_ppe_v1,sppe4_00310,helmet,1,"[0.1906, 0.3328, 0.275, 0.5062]",0.01463,Small distant object (0.5%-2% image)
construction_ppe_v1,sppe4_00310,safety_vest,2,"[0.3359, 0.3078, 0.6203, 0.5]",0.05465,Partial occlusion / industrial lighting
construction_ppe_v1,sppe4_00310,safety_footwear,4,"[0.8562, 0.3984, 0.9516, 0.5609]",0.01549,Small distant object (0.5%-2% image)
construction_ppe_v1,sppe4_00310,safety_footwear,4,"[0.8156, 0.2359, 0.8953, 0.3984]",0.01295,Small distant object (0.5%-2% image)
construction_ppe_v1,sppe4_00318,safety_vest,2,"[0.6844, 0.3477, 0.7906, 0.6055]",0.02739,Partial occlusion / industrial lighting
construction_ppe_v1,sppe4_00343,helmet,1,"[0.3656, 0.3609, 0.4, 0.4094]",0.00167,Very small object (<0.5% image)
construction_ppe_v1,sppe4_00343,helmet,1,"[0.3992, 0.3961, 0.4227, 0.4305]",0.00081,Very small object (<0.5% image)
construction_ppe_v1,sppe4_00343,helmet,1,"[0.5859, 0.3953, 0.6109, 0.4359]",0.00102,Very small object (<0.5% image)
construction_ppe_v1,sppe4_00343,safety_vest,2,"[0.3352, 0.3859, 0.3727, 0.4891]",0.00387,Very small object (<0.5% image)
construction_ppe_v1,sppe4_00343,safety_vest,2,"[0.5984, 0.4188, 0.6484, 0.4875]",0.00344,Very small object (<0.5% image)
construction_ppe_v1,sppe4_00343,safety_vest,2,"[0.382, 0.4188, 0.4117, 0.4984]",0.00237,Very small object (<0.5% image)
construction_ppe_v1,sppe4_00351,safety_vest,2,"[0.2344, 0.3219, 0.5969, 0.9062]",0.21184,Partial occlusion / industrial lighting
construction_ppe_v1,sppe4_00355,safety_vest,2,"[0.35, 0.2875, 0.5219, 0.6016]",0.05398,Partial occlusion / industrial lighting
construction_ppe_v1,sppe4_00355,safety_footwear,4,"[0.4188, 0.8766, 0.4656, 0.9781]",0.00476,Very small object (<0.5% image)
construction_ppe_v1,sppe4_00355,safety_footwear,4,"[0.4641, 0.8859, 0.5297, 0.9906]",0.00687,Small distant object (0.5%-2% image)
construction_ppe_v1,sppe4_00359,gloves,3,"[0.4187, 0.3766, 0.5, 0.4453]",0.00559,Small distant object (0.5%-2% image)
construction_ppe_v1,sppe4_00359,gloves,3,"[0.5648, 0.3688, 0.6383, 0.4234]",0.00402,Very small object (<0.5% image)
construction_ppe_v1,sppe4_00361,safety_footwear,4,"[0.3453, 0.8469, 0.3969, 0.9156]",0.00354,Very small object (<0.5% image)
construction_ppe_v1,sppe4_00361,safety_footwear,4,"[0.3969, 0.8438, 0.4484, 0.9062]",0.00322,Very small object (<0.5% image)
construction_ppe_v1,sppe4_00367,safety_footwear,4,"[0.1516, 0.9453, 0.1875, 1.0]",0.00197,Very small object (<0.5% image)
construction_ppe_v1,sppe4_00367,safety_footwear,4,"[0.4578, 0.9125, 0.525, 1.0]",0.00588,Small distant object (0.5%-2% image)
construction_ppe_v1,sppe4_00408,safety_vest,2,"[0.3141, 0.3016, 0.8375, 0.8578]",0.29116,Partial occlusion / industrial lighting
fire_smoke_candidate_v2,dfire_00000,fire,5,"[0.4484, 0.5125, 0.4703, 0.5422]",0.00065,Very small object (<0.5% image)
fire_smoke_candidate_v2,dfire_00000,fire,5,"[0.6328, 0.4414, 0.6719, 0.4648]",0.00092,Very small object (<0.5% image)
fire_smoke_candidate_v2,dfire_00000,fire,5,"[0.3938, 0.4055, 0.4906, 0.5055]",0.00969,Small distant object (0.5%-2% image)
fire_smoke_candidate_v2,dfire_00000,fire,5,"[0.3516, 0.468, 0.3844, 0.493]",0.00082,Very small object (<0.5% image)
fire_smoke_candidate_v2,dfire_00000,fire,5,"[0.418, 0.507, 0.4367, 0.5383]",0.00059,Very small object (<0.5% image)
fire_smoke_candidate_v2,dfire_00000,smoke,6,"[0.3867, 0.3688, 0.4898, 0.4047]",0.00371,Very small object (<0.5% image)
fire_smoke_candidate_v2,dfire_00006,fire,5,"[0.3063, 0.3625, 0.5859, 0.5734]",0.059,Low-contrast particulate / plume
fire_smoke_candidate_v2,dfire_00013,smoke,6,"[0.6094, 0.4312, 0.6609, 0.4953]",0.0033,Very small object (<0.5% image)
fire_smoke_candidate_v2,dfire_00014,smoke,6,"[0.5062, 0.45, 0.6547, 0.5172]",0.00997,Small distant object (0.5%-2% image)
fire_smoke_candidate_v2,dfire_00021,fire,5,"[0.575, 0.3086, 0.5953, 0.343]",0.0007,Very small object (<0.5% image)
fire_smoke_candidate_v2,dfire_00021,fire,5,"[0.3828, 0.55, 0.6953, 0.6953]",0.04541,Low-contrast particulate / plume
fire_smoke_candidate_v2,dfire_00038,fire,5,"[0.3062, 0.4516, 0.5578, 0.6734]",0.05582,Low-contrast particulate / plume
fire_smoke_candidate_v2,dfire_00059,fire,5,"[0.4031, 0.3727, 0.4609, 0.4273]",0.00316,Very small object (<0.5% image)
fire_smoke_candidate_v2,dfire_00059,fire,5,"[0.4336, 0.4187, 0.5602, 0.4844]",0.00831,Small distant object (0.5%-2% image)
fire_smoke_candidate_v2,dfire_00059,fire,5,"[0.3844, 0.4492, 0.4328, 0.4898]",0.00197,Very small object (<0.5% image)
fire_smoke_candidate_v2,dfire_00059,fire,5,"[0.3352, 0.4578, 0.3664, 0.4859]",0.00088,Very small object (<0.5% image)
fire_smoke_candidate_v2,dfire_00059,smoke,6,"[0.3281, 0.3734, 0.4031, 0.4547]",0.00609,Small distant object (0.5%-2% image)
fire_smoke_candidate_v2,dfire_00059,smoke,6,"[0.2594, 0.3727, 0.3281, 0.5195]",0.0101,Small distant object (0.5%-2% image)
fire_smoke_candidate_v2,dfire_00060,fire,5,"[0.3891, 0.4617, 0.6516, 0.6305]",0.0443,Low-contrast particulate / plume
fire_smoke_candidate_v2,dfire_00075,fire,5,"[0.2758, 0.3797, 0.5602, 0.6203]",0.06843,Low-contrast particulate / plume
fire_smoke_candidate_v2,dfire_00093,fire,5,"[0.5187, 0.4445, 0.6188, 0.5117]",0.00672,Small distant object (0.5%-2% image)
fire_smoke_candidate_v2,dfire_00093,fire,5,"[0.4867, 0.4859, 0.5227, 0.5234]",0.00135,Very small object (<0.5% image)
fire_smoke_candidate_v2,dfire_00103,fire,5,"[0.3109, 0.5312, 0.3406, 0.575]",0.0013,Very small object (<0.5% image)
fire_smoke_candidate_v2,dfire_00103,fire,5,"[0.3742, 0.45, 0.568, 0.6734]",0.04329,Low-contrast particulate / plume
fire_smoke_candidate_v2,dfire_00103,fire,5,"[0.6586, 0.5836, 0.6914, 0.6195]",0.00118,Very small object (<0.5% image)
fire_smoke_candidate_v2,dfire_00103,fire,5,"[0.5906, 0.6305, 0.6281, 0.6758]",0.0017,Very small object (<0.5% image)
fire_smoke_candidate_v2,dfire_00103,smoke,6,"[0.3219, 0.307, 0.4922, 0.443]",0.02315,Low-contrast particulate / plume
fire_smoke_candidate_v2,dfire_00103,smoke,6,"[0.6281, 0.3219, 0.6937, 0.4812]",0.01046,Small distant object (0.5%-2% image)
fire_smoke_candidate_v2,dfire_00106,fire,5,"[0.3953, 0.5328, 0.4125, 0.5437]",0.00019,Very small object (<0.5% image)
fire_smoke_candidate_v2,dfire_00106,fire,5,"[0.7266, 0.4156, 0.7344, 0.4281]",0.0001,Very small object (<0.5% image)
fire_smoke_candidate_v2,dfire_00106,fire,5,"[0.368, 0.3688, 0.6961, 0.5125]",0.04717,Low-contrast particulate / plume
fire_smoke_candidate_v2,dfire_00106,fire,5,"[0.268, 0.4398, 0.3602, 0.4961]",0.00519,Small distant object (0.5%-2% image)
fire_smoke_candidate_v2,dfire_00108,fire,5,"[0.6672, 0.5109, 0.7094, 0.5625]",0.00218,Very small object (<0.5% image)
fire_smoke_candidate_v2,dfire_00108,fire,5,"[0.4664, 0.5172, 0.5148, 0.5766]",0.00288,Very small object (<0.5% image)
fire_smoke_candidate_v2,dfire_00116,fire,5,"[0.368, 0.5125, 0.6305, 0.6422]",0.03404,Low-contrast particulate / plume
fire_smoke_candidate_v2,dfire_00116,smoke,6,"[0.6219, 0.4547, 0.7125, 0.4953]",0.00368,Very small object (<0.5% image)
fire_smoke_candidate_v2,dfire_00116,smoke,6,"[0.4703, 0.3578, 0.5437, 0.3859]",0.00207,Very small object (<0.5% image)
fire_smoke_candidate_v2,dfire_00116,smoke,6,"[0.2859, 0.4688, 0.4297, 0.5]",0.00449,Very small object (<0.5% image)
fire_smoke_candidate_v2,dfire_00122,smoke,6,"[0.3359, 0.4289, 0.5953, 0.5117]",0.02148,Extreme aspect ratio / pose
fire_smoke_candidate_v2,dfire_00124,smoke,6,"[0.4211, 0.3586, 0.543, 0.4836]",0.01523,Small distant object (0.5%-2% image)
fire_smoke_candidate_v2,dfire_00130,smoke,6,"[0.4945, 0.357, 0.6523, 0.4773]",0.01899,Small distant object (0.5%-2% image)
fire_smoke_candidate_v2,dfire_00141,smoke,6,"[0.2891, 0.4453, 0.3328, 0.4859]",0.00178,Very small object (<0.5% image)
fire_smoke_candidate_v2,dfire_00142,smoke,6,"[0.5461, 0.3875, 0.657, 0.4937]",0.01179,Small distant object (0.5%-2% image)
fire_smoke_candidate_v2,dfire_00143,fire,5,"[0.3062, 0.3063, 0.6953, 0.6937]",0.15076,Low-contrast particulate / plume
fire_smoke_candidate_v2,dfire_00154,fire,5,"[0.4938, 0.4203, 0.6813, 0.6938]",0.05127,Low-contrast particulate / plume
fire_smoke_candidate_v2,dfire_00154,fire,5,"[0.3047, 0.4484, 0.4344, 0.6938]",0.03181,Low-contrast particulate / plume
fire_smoke_candidate_v2,dfire_00156,fire,5,"[0.3047, 0.3047, 0.6609, 0.6531]",0.12413,Low-contrast particulate / plume
fire_smoke_candidate_v2,dfire_00162,fire,5,"[0.3711, 0.5461, 0.4039, 0.5836]",0.00123,Very small object (<0.5% image)
fire_smoke_candidate_v2,dfire_00162,fire,5,"[0.4172, 0.5477, 0.4406, 0.5852]",0.00088,Very small object (<0.5% image)
fire_smoke_candidate_v2,dfire_00162,fire,5,"[0.3242, 0.5484, 0.3617, 0.5844]",0.00135,Very small object (<0.5% image)
fire_smoke_candidate_v2,dfire_00162,fire,5,"[0.4508, 0.5508, 0.468, 0.5883]",0.00064,Very small object (<0.5% image)
fire_smoke_candidate_v2,dfire_00162,fire,5,"[0.5234, 0.5484, 0.5641, 0.5969]",0.00197,Very small object (<0.5% image)
fire_smoke_candidate_v2,dfire_00162,fire,5,"[0.4844, 0.5531, 0.5172, 0.5953]",0.00138,Very small object (<0.5% image)
fire_smoke_candidate_v2,dfire_00162,fire,5,"[0.4543, 0.3404, 0.5304, 0.4935]",0.01164,Small distant object (0.5%-2% image)
fire_smoke_candidate_v2,dfire_00162,fire,5,"[0.3289, 0.4086, 0.4664, 0.5414]",0.01826,Small distant object (0.5%-2% image)
fire_smoke_candidate_v2,dfire_00175,fire,5,"[0.3625, 0.5648, 0.425, 0.6086]",0.00273,Very small object (<0.5% image)
fire_smoke_candidate_v2,dfire_00175,smoke,6,"[0.2656, 0.5133, 0.3625, 0.607]",0.00908,Small distant object (0.5%-2% image)
fire_smoke_candidate_v2,dfire_00175,smoke,6,"[0.5094, 0.5164, 0.6156, 0.607]",0.00963,Small distant object (0.5%-2% image)
fire_smoke_candidate_v2,dfire_00176,smoke,6,"[0.0047, 0.1375, 0.9984, 0.4328]",0.29347,Edge clipped / camera boundary
fire_smoke_candidate_v2,dfire_00194,smoke,6,"[0.0016, 0.6375, 0.0422, 0.8031]",0.00673,Small distant object (0.5%-2% image)
fire_smoke_candidate_v2,dfire_00194,smoke,6,"[0.1375, 0.7211, 0.2359, 0.8695]",0.01461,Small distant object (0.5%-2% image)
fire_smoke_candidate_v2,dfire_00204,smoke,6,"[0.1453, 0.4344, 0.3281, 0.5063]",0.01314,Small distant object (0.5%-2% image)
fire_smoke_candidate_v2,dfire_00211,smoke,6,"[0.4469, 0.5656, 0.5594, 0.6297]",0.00721,Small distant object (0.5%-2% image)
fire_smoke_candidate_v2,dfire_00211,smoke,6,"[0.4641, 0.3688, 0.6172, 0.5]",0.0201,Low-contrast particulate / plume
fire_smoke_candidate_v2,dfire_00211,smoke,6,"[0.6328, 0.3687, 0.7328, 0.3953]",0.00266,Very small object (<0.5% image)
fire_smoke_candidate_v2,dfire_00212,fire,5,"[0.282, 0.4281, 0.3305, 0.4828]",0.00265,Very small object (<0.5% image)
fire_smoke_candidate_v2,dfire_00212,fire,5,"[0.6766, 0.4547, 0.6984, 0.4875]",0.00072,Very small object (<0.5% image)
fire_smoke_candidate_v2,dfire_00212,fire,5,"[0.4727, 0.4633, 0.5023, 0.4945]",0.00093,Very small object (<0.5% image)
fire_smoke_candidate_v2,dfire_00212,fire,5,"[0.6445, 0.4648, 0.6664, 0.4961]",0.00068,Very small object (<0.5% image)
fire_smoke_candidate_v2,dfire_00212,fire,5,"[0.3398, 0.4813, 0.3961, 0.5047]",0.00132,Very small object (<0.5% image)
fire_smoke_candidate_v2,dfire_00212,smoke,6,"[0.3359, 0.3711, 0.7391, 0.4258]",0.02205,Extreme aspect ratio / pose
fire_smoke_candidate_v2,dfire_00212,smoke,6,"[0.4148, 0.4273, 0.4633, 0.4945]",0.00325,Very small object (<0.5% image)
fire_smoke_candidate_v2,dfire_00215,smoke,6,"[0.3359, 0.1266, 0.9984, 0.4328]",0.20289,Edge clipped / camera boundary
fire_smoke_candidate_v2,dfire_00240,fire,5,"[0.4328, 0.4734, 0.4625, 0.5125]",0.00116,Very small object (<0.5% image)
fire_smoke_candidate_v2,dfire_00240,smoke,6,"[0.3789, 0.3586, 0.4555, 0.3945]",0.00275,Very small object (<0.5% image)
fire_smoke_candidate_v2,dfire_00240,smoke,6,"[0.6039, 0.3594, 0.7117, 0.3969]",0.00404,Very small object (<0.5% image)
fire_smoke_candidate_v2,dfire_00240,smoke,6,"[0.6836, 0.3992, 0.7133, 0.4555]",0.00167,Very small object (<0.5% image)
fire_smoke_candidate_v2,dfire_00261,fire,5,"[0.3336, 0.5172, 0.3586, 0.5422]",0.00063,Very small object (<0.5% image)
fire_smoke_candidate_v2,dfire_00261,smoke,6,"[0.4289, 0.4195, 0.5695, 0.5133]",0.01318,Small distant object (0.5%-2% image)
fire_smoke_candidate_v2,dfire_00264,fire,5,"[0.3448, 0.307, 0.6572, 0.6953]",0.12129,Low-contrast particulate / plume
fire_smoke_candidate_v2,dfire_00266,fire,5,"[0.4438, 0.4148, 0.6375, 0.5836]",0.0327,Low-contrast particulate / plume
fire_smoke_candidate_v2,dfire_00267,fire,5,"[0.4844, 0.5211, 0.5297, 0.5773]",0.00255,Very small object (<0.5% image)
fire_smoke_candidate_v2,dfire_00267,fire,5,"[0.4758, 0.457, 0.4852, 0.4742]",0.00016,Very small object (<0.5% image)
fire_smoke_candidate_v2,dfire_00267,fire,5,"[0.5906, 0.418, 0.6938, 0.5383]",0.01241,Small distant object (0.5%-2% image)
fire_smoke_candidate_v2,dfire_00267,fire,5,"[0.4766, 0.4805, 0.4844, 0.4945]",0.00011,Very small object (<0.5% image)
fire_smoke_candidate_v2,dfire_00267,fire,5,"[0.5266, 0.475, 0.5359, 0.5141]",0.00037,Very small object (<0.5% image)
fire_smoke_candidate_v2,dfire_00267,fire,5,"[0.4445, 0.4781, 0.4555, 0.5141]",0.00039,Very small object (<0.5% image)
fire_smoke_candidate_v2,dfire_00267,fire,5,"[0.3523, 0.4758, 0.4039, 0.5164]",0.00209,Very small object (<0.5% image)
fire_smoke_candidate_v2,dfire_00267,fire,5,"[0.425, 0.4766, 0.4453, 0.5172]",0.00083,Very small object (<0.5% image)
fire_smoke_candidate_v2,dfire_00267,fire,5,"[0.3047, 0.4758, 0.3516, 0.518]",0.00198,Very small object (<0.5% image)
fire_smoke_candidate_v2,dfire_00267,fire,5,"[0.5422, 0.4547, 0.5781, 0.5594]",0.00376,Very small object (<0.5% image)
fire_smoke_candidate_v2,dfire_00267,smoke,6,"[0.2727, 0.5219, 0.3508, 0.6172]",0.00745,Small distant object (0.5%-2% image)
fire_smoke_candidate_v2,dfire_00267,smoke,6,"[0.3875, 0.5844, 0.475, 0.6344]",0.00437,Very small object (<0.5% image)
fire_smoke_candidate_v2,dfire_00267,smoke,6,"[0.2742, 0.3664, 0.3914, 0.4523]",0.01007,Small distant object (0.5%-2% image)
fire_smoke_candidate_v2,dfire_00267,smoke,6,"[0.3937, 0.4141, 0.5094, 0.4359]",0.00253,Very small object (<0.5% image)
fire_smoke_candidate_v2,dfire_00267,smoke,6,"[0.2977, 0.4516, 0.3539, 0.4719]",0.00114,Very small object (<0.5% image)
fire_smoke_candidate_v2,dfire_00267,smoke,6,"[0.2742, 0.4508, 0.2977, 0.5211]",0.00165,Very small object (<0.5% image)
fire_smoke_candidate_v2,dfire_00270,smoke,6,"[0.6734, 0.4453, 0.7109, 0.4766]",0.00117,Very small object (<0.5% image)
fire_smoke_candidate_v2,dfire_00279,fire,5,"[0.4188, 0.4984, 0.45, 0.5703]",0.00225,Very small object (<0.5% image)
fire_smoke_candidate_v2,dfire_00279,fire,5,"[0.5023, 0.3758, 0.5336, 0.4148]",0.00122,Very small object (<0.5% image)
fire_smoke_candidate_v2,dfire_00279,fire,5,"[0.5172, 0.5141, 0.6656, 0.6156]",0.01508,Small distant object (0.5%-2% image)
fire_smoke_candidate_v2,dfire_00279,fire,5,"[0.3625, 0.5906, 0.3734, 0.6094]",0.00021,Very small object (<0.5% image)
fire_smoke_candidate_v2,dfire_00279,fire,5,"[0.425, 0.6016, 0.4344, 0.6141]",0.00012,Very small object (<0.5% image)
fire_smoke_candidate_v2,dfire_00279,fire,5,"[0.4813, 0.607, 0.4937, 0.618]",0.00014,Very small object (<0.5% image)
fire_smoke_candidate_v2,dfire_00279,fire,5,"[0.4531, 0.6078, 0.4672, 0.6172]",0.00013,Very small object (<0.5% image)
fire_smoke_candidate_v2,dfire_00279,fire,5,"[0.3219, 0.6063, 0.3562, 0.6234]",0.00059,Very small object (<0.5% image)
fire_smoke_candidate_v2,dfire_00279,fire,5,"[0.3719, 0.6141, 0.3781, 0.6219]",5e-05,Very small object (<0.5% image)
fire_smoke_candidate_v2,dfire_00279,fire,5,"[0.3648, 0.3766, 0.4555, 0.4797]",0.00935,Small distant object (0.5%-2% image)
fire_smoke_candidate_v2,dfire_00279,fire,5,"[0.5406, 0.4313, 0.5516, 0.4672]",0.00039,Very small object (<0.5% image)
fire_smoke_candidate_v2,dfire_00279,fire,5,"[0.557, 0.4344, 0.568, 0.4703]",0.00039,Very small object (<0.5% image)
fire_smoke_candidate_v2,dfire_00279,fire,5,"[0.575, 0.4367, 0.5828, 0.4711]",0.00027,Very small object (<0.5% image)
fire_smoke_candidate_v2,dfire_00279,fire,5,"[0.5883, 0.4359, 0.6008, 0.4719]",0.00045,Very small object (<0.5% image)
fire_smoke_candidate_v2,dfire_00279,fire,5,"[0.325, 0.4414, 0.3422, 0.4914]",0.00086,Very small object (<0.5% image)
fire_smoke_candidate_v2,dfire_00279,fire,5,"[0.618, 0.4766, 0.6602, 0.4984]",0.00092,Very small object (<0.5% image)
fire_smoke_candidate_v2,dfire_00279,fire,5,"[0.6727, 0.4813, 0.6836, 0.4969]",0.00017,Very small object (<0.5% image)
fire_smoke_candidate_v2,dfire_00279,fire,5,"[0.7031, 0.4859, 0.7203, 0.5125]",0.00046,Very small object (<0.5% image)
fire_smoke_candidate_v2,dfire_00279,fire,5,"[0.4578, 0.3758, 0.4922, 0.4055]",0.00102,Very small object (<0.5% image)
fire_smoke_candidate_v2,dfire_00279,smoke,6,"[0.2539, 0.5266, 0.3305, 0.6]",0.00562,Small distant object (0.5%-2% image)
fire_smoke_candidate_v2,dfire_00279,smoke,6,"[0.5648, 0.3781, 0.643, 0.4312]",0.00415,Very small object (<0.5% image)
fire_smoke_candidate_v2,dfire_00282,smoke,6,"[0.4617, 0.4766, 0.518, 0.5656]",0.00501,Small distant object (0.5%-2% image)
fire_smoke_candidate_v2,dfire_00291,fire,5,"[0.3062, 0.3047, 0.6953, 0.6938]",0.15137,Low-contrast particulate / plume
fire_smoke_candidate_v2,dfire_00306,fire,5,"[0.5688, 0.4984, 0.6516, 0.5594]",0.00505,Small distant object (0.5%-2% image)
fire_smoke_candidate_v2,dfire_00306,fire,5,"[0.3086, 0.5188, 0.3492, 0.5656]",0.0019,Very small object (<0.5% image)
fire_smoke_candidate_v2,dfire_00306,fire,5,"[0.5156, 0.532, 0.5609, 0.5695]",0.0017,Very small object (<0.5% image)
fire_smoke_candidate_v2,dfire_00306,fire,5,"[0.4297, 0.5367, 0.5031, 0.5836]",0.00344,Very small object (<0.5% image)
fire_smoke_candidate_v2,dfire_00306,fire,5,"[0.3266, 0.5641, 0.4234, 0.5984]",0.00333,Very small object (<0.5% image)
fire_smoke_candidate_v2,dfire_00306,fire,5,"[0.6609, 0.4789, 0.7063, 0.5289]",0.00227,Very small object (<0.5% image)
fire_smoke_candidate_v2,dfire_00306,smoke,6,"[0.3578, 0.5375, 0.3984, 0.5625]",0.00102,Very small object (<0.5% image)
fire_smoke_candidate_v2,dfire_00306,smoke,6,"[0.4211, 0.4687, 0.5383, 0.5266]",0.00677,Small distant object (0.5%-2% image)
fire_smoke_candidate_v2,dfire_00312,fire,5,"[0.3109, 0.4516, 0.6953, 0.6547]",0.07808,Low-contrast particulate / plume
fire_smoke_candidate_v2,dfire_00324,fire,5,"[0.4594, 0.5219, 0.475, 0.5359]",0.00022,Very small object (<0.5% image)
fire_smoke_candidate_v2,dfire_00324,fire,5,"[0.4945, 0.525, 0.5039, 0.5391]",0.00013,Very small object (<0.5% image)
fire_smoke_candidate_v2,dfire_00324,smoke,6,"[0.4484, 0.3781, 0.6719, 0.5188]",0.03142,Low-contrast particulate / plume
fire_smoke_candidate_v2,dfire_00327,smoke,6,"[0.3227, 0.3844, 0.4227, 0.4703]",0.00859,Small distant object (0.5%-2% image)
fire_smoke_candidate_v2,dfire_00329,fire,5,"[0.3758, 0.5352, 0.4195, 0.5633]",0.00123,Very small object (<0.5% image)
fire_smoke_candidate_v2,dfire_00329,fire,5,"[0.4633, 0.4656, 0.5633, 0.5531]",0.00875,Small distant object (0.5%-2% image)
fire_smoke_candidate_v2,dfire_00329,smoke,6,"[0.4828, 0.3961, 0.5469, 0.4633]",0.0043,Very small object (<0.5% image)
fire_smoke_candidate_v2,dfire_00329,smoke,6,"[0.4, 0.4227, 0.4531, 0.4883]",0.00349,Very small object (<0.5% image)
fire_smoke_candidate_v2,dfire_00340,smoke,6,"[0.2992, 0.3508, 0.4555, 0.4617]",0.01733,Small distant object (0.5%-2% image)
fire_smoke_candidate_v2,dfire_00340,smoke,6,"[0.5422, 0.4336, 0.5781, 0.5273]",0.00337,Very small object (<0.5% image)
fire_smoke_candidate_v2,dfire_00342,fire,5,"[0.3617, 0.4789, 0.4695, 0.5617]",0.00893,Small distant object (0.5%-2% image)
fire_smoke_candidate_v2,dfire_00342,smoke,6,"[0.5258, 0.357, 0.6008, 0.4195]",0.00469,Very small object (<0.5% image)
fire_smoke_candidate_v2,dfire_00342,smoke,6,"[0.4055, 0.3578, 0.5289, 0.4594]",0.01254,Small distant object (0.5%-2% image)
fire_smoke_candidate_v2,dfire_00347,smoke,6,"[0.3242, 0.3586, 0.4086, 0.4961]",0.0116,Small distant object (0.5%-2% image)
fire_smoke_candidate_v2,dfire_00347,smoke,6,"[0.4117, 0.3648, 0.5148, 0.4961]",0.01354,Small distant object (0.5%-2% image)
fire_smoke_candidate_v2,dfire_00350,fire,5,"[0.5422, 0.3047, 0.6938, 0.6859]",0.05778,Low-contrast particulate / plume
fire_smoke_candidate_v2,dfire_00350,fire,5,"[0.3063, 0.3516, 0.4625, 0.6937]",0.05347,Low-contrast particulate / plume
fire_smoke_candidate_v2,dfire_00352,fire,5,"[0.3063, 0.4109, 0.6937, 0.6344]",0.08658,Low-contrast particulate / plume
fire_smoke_candidate_v2,dfire_00364,smoke,6,"[0.2658, 0.3719, 0.5259, 0.4902]",0.03079,Low-contrast particulate / plume
fire_smoke_candidate_v2,dfire_00372,smoke,6,"[0.5266, 0.3687, 0.5875, 0.4188]",0.00305,Very small object (<0.5% image)
fire_smoke_candidate_v2,dfire_00372,smoke,6,"[0.3984, 0.3734, 0.4859, 0.4422]",0.00602,Small distant object (0.5%-2% image)
fire_smoke_candidate_v2,dfire_00375,fire,5,"[0.4219, 0.4227, 0.5109, 0.5133]",0.00807,Small distant object (0.5%-2% image)
fire_smoke_candidate_v2,dfire_00375,fire,5,"[0.7438, 0.5187, 0.7609, 0.5453]",0.00046,Very small object (<0.5% image)
fire_smoke_candidate_v2,dfire_00379,fire,5,"[0.3031, 0.4227, 0.5625, 0.5086]",0.02229,Low-contrast particulate / plume
fire_smoke_candidate_v2,dfire_00379,smoke,6,"[0.2883, 0.3555, 0.7117, 0.4211]",0.02779,Extreme aspect ratio / pose
fire_smoke_candidate_v2,dfire_00379,smoke,6,"[0.682, 0.4211, 0.7102, 0.4617]",0.00114,Very small object (<0.5% image)
fire_smoke_candidate_v2,dfire_00392,smoke,6,"[0.4266, 0.3891, 0.5641, 0.525]",0.01869,Small distant object (0.5%-2% image)
fire_smoke_candidate_v2,dfire_00401,smoke,6,"[0.4711, 0.4039, 0.5664, 0.5258]",0.01162,Small distant object (0.5%-2% image)
fire_smoke_candidate_v2,dfire_00405,smoke,6,"[0.2672, 0.5203, 0.7344, 0.6297]",0.0511,Extreme aspect ratio / pose
fire_smoke_candidate_v2,dfire_00406,fire,5,"[0.3106, 0.5888, 0.6491, 0.6502]",0.02076,Extreme aspect ratio / pose
safesync_glove_detector,ppec_00020,gloves,3,"[0.3281, 0.5391, 0.4109, 0.6219]",0.00686,Small distant object (0.5%-2% image)
safesync_glove_detector,ppec_00077,gloves,3,"[0.5297, 0.557, 0.6438, 0.6727]",0.01319,Small distant object (0.5%-2% image)
safesync_glove_detector,ppec_00077,gloves,3,"[0.6641, 0.7023, 0.7594, 0.818]",0.01102,Small distant object (0.5%-2% image)
safesync_glove_detector,ppec_00078,gloves,3,"[0.493, 0.4414, 0.5539, 0.5289]",0.00533,Small distant object (0.5%-2% image)
safesync_glove_detector,ppec_00078,gloves,3,"[0.3297, 0.4945, 0.4828, 0.5805]",0.01316,Small distant object (0.5%-2% image)
safesync_glove_detector,ppec_00086,gloves,3,"[0.2273, 0.2414, 0.5086, 0.4227]",0.05098,Partial occlusion / industrial lighting
safesync_glove_detector,ppec_00086,gloves,3,"[0.1844, 0.5961, 0.4516, 0.8039]",0.05552,Partial occlusion / industrial lighting
safesync_glove_detector,ppec_00168,gloves,3,"[0.6133, 0.5883, 0.7867, 0.7383]",0.02602,Partial occlusion / industrial lighting
safesync_glove_detector,ppec_00168,gloves,3,"[0.2219, 0.6719, 0.6438, 0.875]",0.08569,Partial occlusion / industrial lighting
safesync_glove_detector,ppec_00192,gloves,3,"[0.0547, 0.7859, 0.4047, 0.9969]",0.07383,Edge clipped / camera boundary
safesync_glove_detector,ppec_00206,gloves,3,"[0.5648, 0.657, 0.7258, 0.8867]",0.03697,Partial occlusion / industrial lighting
safesync_glove_detector,ppec_00207,gloves,3,"[0.118, 0.5664, 0.3727, 0.7664]",0.05094,Partial occlusion / industrial lighting
safesync_glove_detector,ppec_00207,gloves,3,"[0.3391, 0.8406, 0.6734, 1.0]",0.05329,Edge clipped / camera boundary
safesync_glove_detector,ppec_00221,gloves,3,"[0.72, 0.4489, 0.8888, 0.6679]",0.03698,Partial occlusion / industrial lighting
safesync_glove_detector,ppec_00246,gloves,3,"[0.2969, 0.6453, 0.4031, 0.7875]",0.01511,Small distant object (0.5%-2% image)
safesync_glove_detector,ppec_00246,gloves,3,"[0.1742, 0.6641, 0.3258, 0.8922]",0.03458,Partial occlusion / industrial lighting
safesync_glove_detector,ppec_00248,gloves,3,"[0.5711, 0.3539, 0.6477, 0.4492]",0.0073,Small distant object (0.5%-2% image)
safesync_glove_detector,ppec_00248,gloves,3,"[0.443, 0.3078, 0.5508, 0.4828]",0.01887,Small distant object (0.5%-2% image)
safesync_glove_detector,ppec_00257,gloves,3,"[0.6727, 0.657, 0.7305, 0.7242]",0.00388,Very small object (<0.5% image)
safesync_glove_detector,ppec_00257,gloves,3,"[0.8438, 0.657, 0.8969, 0.793]",0.00722,Small distant object (0.5%-2% image)
safesync_glove_detector,ppec_00288,gloves,3,"[0.2984, 0.55, 0.3797, 0.6828]",0.01079,Small distant object (0.5%-2% image)
safesync_glove_detector,ppec_00288,gloves,3,"[0.4047, 0.6172, 0.4688, 0.6672]",0.0032,Very small object (<0.5% image)
safesync_glove_detector,ppec_00288,gloves,3,"[0.6219, 0.6242, 0.7469, 0.7586]",0.0168,Small distant object (0.5%-2% image)
safesync_glove_detector,ppec_00293,gloves,3,"[0.6195, 0.3805, 0.6789, 0.4508]",0.00417,Very small object (<0.5% image)
safesync_glove_detector,ppec_00293,gloves,3,"[0.1906, 0.1289, 0.2375, 0.2164]",0.0041,Very small object (<0.5% image)
safesync_glove_detector,ppec_00330,gloves,3,"[0.516, 0.5163, 0.6361, 0.6868]",0.02047,Partial occlusion / industrial lighting
safesync_glove_detector,ppec_00330,gloves,3,"[0.3003, 0.6364, 0.4894, 0.8436]",0.03918,Partial occlusion / industrial lighting
safesync_glove_detector,ppec_00334,gloves,3,"[0.6961, 0.3563, 0.8195, 0.575]",0.027,Partial occlusion / industrial lighting
safesync_glove_detector,ppec_00334,gloves,3,"[0.0867, 0.6719, 0.2602, 0.875]",0.03523,Partial occlusion / industrial lighting
safesync_glove_detector,ppec_00354,gloves,3,"[0.1102, 0.3102, 0.2273, 0.5773]",0.03131,Partial occlusion / industrial lighting
safesync_glove_detector,ppec_00354,gloves,3,"[0.1555, 0.3594, 0.2539, 0.6]",0.02369,Partial occlusion / industrial lighting
safesync_glove_detector,ppec_00354,gloves,3,"[0.2266, 0.3203, 0.3719, 0.6953]",0.05449,Partial occlusion / industrial lighting
safesync_glove_detector,ppec_00354,gloves,3,"[0.1836, 0.35, 0.3039, 0.6656]",0.03797,Partial occlusion / industrial lighting
safesync_glove_detector,ppec_00354,gloves,3,"[0.2492, 0.3477, 0.418, 0.7477]",0.0675,Partial occlusion / industrial lighting
safesync_glove_detector,ppec_00354,gloves,3,"[0.2953, 0.3805, 0.4828, 0.8289]",0.08408,Partial occlusion / industrial lighting
safesync_glove_detector,ppec_00354,gloves,3,"[0.3375, 0.3922, 0.5828, 0.9469]",0.13607,Partial occlusion / industrial lighting
safesync_glove_detector,ppec_00354,gloves,3,"[0.5734, 0.4094, 0.8937, 1.0]",0.18918,Edge clipped / camera boundary
safesync_glove_detector,ppec_00354,gloves,3,"[0.7625, 0.4609, 1.0, 1.0]",0.12803,Edge clipped / camera boundary
safesync_glove_detector,ppec_00354,gloves,3,"[0.4289, 0.4187, 0.7023, 1.0]",0.15894,Edge clipped / camera boundary
safesync_glove_detector,ppec_00354,gloves,3,"[0.0656, 0.5953, 0.1688, 0.6859]",0.00935,Small distant object (0.5%-2% image)
safesync_glove_detector,ppec_00354,gloves,3,"[0.0672, 0.6586, 0.1828, 0.7492]",0.01048,Small distant object (0.5%-2% image)
safesync_glove_detector,ppec_00354,gloves,3,"[0.0695, 0.7211, 0.207, 0.8461]",0.01719,Small distant object (0.5%-2% image)
safesync_glove_detector,ppec_00363,gloves,3,"[0.3269, 0.4366, 0.4655, 0.5511]",0.01587,Small distant object (0.5%-2% image)
safesync_glove_detector,ppec_00363,gloves,3,"[0.2666, 0.8201, 0.4258, 0.9884]",0.0268,Edge clipped / camera boundary
safesync_glove_detector,ppec_00373,gloves,3,"[0.3063, 0.3484, 0.4047, 0.4375]",0.00877,Small distant object (0.5%-2% image)
safesync_glove_detector,ppec_00389,gloves,3,"[0.3109, 0.5852, 0.4766, 0.7914]",0.03416,Partial occlusion / industrial lighting
safesync_glove_detector,sppe4_00044,gloves,3,"[0.0734, 0.3391, 0.6625, 0.8172]",0.28165,Partial occlusion / industrial lighting
safesync_glove_detector,sppe4_00044,gloves,3,"[0.4109, 0.1672, 0.9187, 0.6859]",0.26343,Partial occlusion / industrial lighting
safesync_glove_detector,sppe4_00079,gloves,3,"[0.3281, 0.2547, 0.6469, 0.7219]",0.14892,Partial occlusion / industrial lighting
safesync_glove_detector,sppe4_00083,gloves,3,"[0.0078, 0.4344, 0.9641, 0.9719]",0.51398,Edge clipped / camera boundary
safesync_glove_detector,sppe4_00083,gloves,3,"[0.0, 0.1734, 0.5672, 0.4688]",0.1675,Edge clipped / camera boundary
safesync_glove_detector,sppe4_00167,gloves,3,"[0.6172, 0.25, 0.6738, 0.3486]",0.00559,Small distant object (0.5%-2% image)
safesync_glove_detector,sppe4_00217,gloves,3,"[0.6477, 0.5289, 0.6883, 0.5883]",0.00241,Very small object (<0.5% image)
safesync_glove_detector,sppe4_00276,gloves,3,"[0.1539, 0.1414, 0.2336, 0.2914]",0.01195,Small distant object (0.5%-2% image)
safesync_glove_detector,sppe4_00276,gloves,3,"[0.4625, 0.1367, 0.55, 0.2758]",0.01217,Small distant object (0.5%-2% image)
safesync_glove_detector,sppe4_00297,gloves,3,"[0.0922, 0.2938, 0.2141, 0.4359]",0.01733,Small distant object (0.5%-2% image)
safesync_glove_detector,sppe4_00297,gloves,3,"[0.5914, 0.2648, 0.6977, 0.4008]",0.01444,Small distant object (0.5%-2% image)
safesync_glove_detector,sppe4_00359,gloves,3,"[0.4187, 0.3766, 0.5, 0.4453]",0.00559,Small distant object (0.5%-2% image)
safesync_glove_detector,sppe4_00359,gloves,3,"[0.5648, 0.3688, 0.6383, 0.4234]",0.00402,Very small object (<0.5% image)
