filename,split,source,sha256,is_hard_negative
dfire_00000.jpg,test,processed_v3/test,90a421ad978e759d625bff395aa8d59db90cd26c6882770bcbdd87e23179191b,False
dfire_00006.jpg,test,processed_v3/test,01c8b66e19c124a15473126127be4afe7308d0e300e93775c2a063d5aabbff8e,False
dfire_00013.jpg,test,processed_v3/test,e3a98b233b1c4d2f023191bb9f641aafe91d2810125a84d64345a8e842120c4d,False
dfire_00014.jpg,test,processed_v3/test,d1f512985d976472cdc60c55a5f9816ba4552af87a136058c13082f7b1324571,False
dfire_00021.jpg,test,processed_v3/test,300352c397326324b310b0d076eff40147de68a725e36937c4fc66ff4d8534e1,False
dfire_00030.jpg,test,processed_v3/test,e87196a27ec0d63534afe09cea729203a799d4a6c10b21f2f2a0b33d8926a7c1,False
dfire_00031.jpg,test,processed_v3/test,f655064fc41680a22380e425f628a1e11e47e5925ea35e6445697e55b6bdff11,False
dfire_00036.jpg,test,processed_v3/test,814da94292f79254508113f7a09e96581de5a6894f03c8f9198c3ae85eec96be,False
dfire_00038.jpg,test,processed_v3/test,249f035c038c6f7fc007c7912080942c28168af38cceccee52e065cba546dac1,False
dfire_00050.jpg,test,processed_v3/test,167d862aacd6855e63db87e1cf0bb0146f94a3b3fb67fc35523b6647a9e6abbb,False
dfire_00053.jpg,test,processed_v3/test,6ebcd16ea9b9aff391711675ac846555d4d573ca6bed40f3e76ceb16f3ce9a8a,False
dfire_00059.jpg,test,processed_v3/test,e56c90e8d7add498a9a89264107db062da5e0f66dfda735811c41874931c09d7,False
dfire_00060.jpg,test,processed_v3/test,4e804f8bf149608581fd33d5b7c827e7d17d5eeddab5aef41ca417f6f09b2e86,False
dfire_00065.jpg,test,processed_v3/test,9f2110707c00abe58e057133022ddfc08b9217cacf9d1517e9d929dca9a471a5,False
dfire_00075.jpg,test,processed_v3/test,913dfef2f80363acabeebf120c73912c9da1770b0cfb2937f2a7d1b7e668f261,False
dfire_00090.jpg,test,processed_v3/test,f4bceecc0252358e3dfae1c97eabd36c556c464cbca3f38ebfb3b25804ab8221,False
dfire_00093.jpg,test,processed_v3/test,83213fa819d948b3808376808f7f060423aa5afc24919c913ae80abe678514c2,False
dfire_00103.jpg,test,processed_v3/test,057b2a8cff01953cb8eecd5a61f1d3a00ab8e4dad519cbf449fbff335d5c99f4,False
dfire_00106.jpg,test,processed_v3/test,a2c90104b991971a6af1f6055c410a42704f014f5addda8558a44895c4520fcf,False
dfire_00108.jpg,test,processed_v3/test,e8ab26db6a1b9a3f3f002c6c1cb345af5027852c2f1bcf1dc752bf5fbbeb3c9c,False
dfire_00116.jpg,test,processed_v3/test,b637b8f05bf7e215f2266a39f403b5556e0dfddd187b6a3eea6329865306d57e,False
dfire_00122.jpg,test,processed_v3/test,17f8734ab887f6b171f3ee372e2df33feca31c0bd68e6cd46fd9d97c38dad8c6,False
dfire_00124.jpg,test,processed_v3/test,75c753dbd04c3103a35122283f112be71ab707e9b1aea27539f3b733eb18a1ff,False
dfire_00130.jpg,test,processed_v3/test,cdae7bfe0800eafc68f4023b62099cc4d702563eb2ea9697791e6a4d80bb25f7,False
dfire_00141.jpg,test,processed_v3/test,d5dcecb28a6a1661bf9a876c34472314f920b31add7fee54de585f6678f1cc7b,False
dfire_00142.jpg,test,processed_v3/test,a0243191a8fc72f87068a4c84ddd691f1293cb73e5688768c97f1e78b3d11989,False
dfire_00143.jpg,test,processed_v3/test,f9365fdb1efce362163a32771c5ca679aef2a109e413fba267438a510b1576d7,False
dfire_00144.jpg,test,processed_v3/test,9dc75459ab7be61b466033079b437b886026c04a89c736915777cfff8fe1206d,False
dfire_00145.jpg,test,processed_v3/test,c5bcf607ed42eaa8043c66cb3d36763900a4bedd994fc79488a5ce9522745da3,False
dfire_00154.jpg,test,processed_v3/test,5a9ebc573e746cc3eeeaa894848a6fa6ce785c6820109d77afab6e153ec97448,False
dfire_00156.jpg,test,processed_v3/test,35f5cd32163cfdabcab6f89a15a91e25a0c23ff30141b693a01251d07df9a9c2,False
dfire_00161.jpg,test,processed_v3/test,cef202f09e7dc00ba432d7a28df8a04a2a1852f9a72f63637541f1ddb501766a,False
dfire_00162.jpg,test,processed_v3/test,7cc4f908f1b074d6ce456a819fe1b1a6215afd6f70a0e57b357ea800207812a4,False
dfire_00163.jpg,test,processed_v3/test,9b1164b11bd9019e7573cc6584d63b9511b250cae8baa9a08ac7260b05510e7f,False
dfire_00175.jpg,test,processed_v3/test,51e085a682ffd44651f81d5d667f9058f301fc79ef7caa679a4e37c571f3badb,False
dfire_00176.jpg,test,processed_v3/test,c149621b403e8f656dbeb6ed8b97f27b7f98932fb16b07c6807d5b9c821de99e,False
dfire_00185.jpg,test,processed_v3/test,f448790cae3d1e26e55174cc93f1d3075b16767fe44df76df9d36ede244d8b8d,False
dfire_00187.jpg,test,processed_v3/test,1b811b32fa5ba1966ebd260912fd09120eeab0b847203233020fbc978aa88b56,False
dfire_00190.jpg,test,processed_v3/test,a7e092032526c3404fc8a3d7cc75ffe9996c931b6eea9b7dd02fc8cc6b3320bd,False
dfire_00193.jpg,test,processed_v3/test,e6aee6603cd38290d1a8646893b48e234355ff8135d69d908f5313d418c09cc2,False
dfire_00194.jpg,test,processed_v3/test,671afb6c57be127ccb7f4b1797a24a072ee599c393e1548d377743d4c52855f3,False
dfire_00199.jpg,test,processed_v3/test,da2618c2c533c938aa3755ee53f0bafe2f4d51a66eeba52c72d7b0249c8480e2,False
dfire_00204.jpg,test,processed_v3/test,49bde3366c705140d529e0ad050cbd8dc5b56ec7bd5efb0175ea4fe020d447f1,False
dfire_00211.jpg,test,processed_v3/test,2184b3d384d95e554a21238a4ca005f3cb3831011e217afd820188a20a4474e2,False
dfire_00212.jpg,test,processed_v3/test,5275846ad989a2c666d019fa32ce52360ca6378ae315aec934c10e42c57f5f61,False
dfire_00215.jpg,test,processed_v3/test,39dde43697e23afd311dda4260d7a2832a1e697936c33f5ffb50117379cffdbd,False
dfire_00226.jpg,test,processed_v3/test,3d6e1b3fbdaf5e6612fc1554f53bdd9ae54d750a4051ccfaff459db6ac7f7267,False
dfire_00235.jpg,test,processed_v3/test,ce78662b1d1dbf7e08d761bc03ba1a2278f783e66d522066f97d7c54299e569e,False
dfire_00240.jpg,test,processed_v3/test,2682ec5b27b372a7e354120cd4210015c3b21705754f54d6f26fb68b00c3908e,False
dfire_00253.jpg,test,processed_v3/test,be5074e5149578a06b1c9189f1ba857bffaa9ff222268ca1e376067bd7ea113e,False
dfire_00261.jpg,test,processed_v3/test,6b70d52c35954e0bb3885b5c5f4d9e490b4dcca2823cd284b791de2fac8debb5,False
dfire_00262.jpg,test,processed_v3/test,1e59be4670926ae64214de5b50d0a0d65445281054b48240e8ca26502e484f7e,False
dfire_00264.jpg,test,processed_v3/test,0af6d0066df945fe758dd5dcb396a21dcb460c0908f13bc0a43ef684fda4fe9e,False
dfire_00266.jpg,test,processed_v3/test,6f622aac8779a0aa69d97a41691beb98ac1e52799b07c2e04d2f8128578a6348,False
dfire_00267.jpg,test,processed_v3/test,d7b1be58cb97ea71b2b06f55bcfef5fca80ea701216d7ec12b7befbce8bca67a,False
dfire_00269.jpg,test,processed_v3/test,aa707931a826cccd0c45cccf38cdea4d5c5d39dad9cd0ee4935b55be161955b8,False
dfire_00270.jpg,test,processed_v3/test,bf1ca05638104ff4a82c39eccc4af3f8dcdb43df0b2f7712a94c2fda1099617b,False
dfire_00274.jpg,test,processed_v3/test,3bb54a43d23fec085d509af1f2905af70ff57c88811565aea5d93b1afcd35521,False
dfire_00279.jpg,test,processed_v3/test,7ba4a63c1b0ae1a05e6f0f12a13fa95b2b7e118212584763a5a9f648142f5110,False
dfire_00282.jpg,test,processed_v3/test,1717649881682b3f093b46434f02116fbb69dd0b57fc3cbece6722321f574859,False
dfire_00289.jpg,test,processed_v3/test,bbc06d6f7d8b80f16d7bc7dfb7333dd2160d88ba9f9c465682d4d6e09a492a3e,False
dfire_00291.jpg,test,processed_v3/test,f134fe733a8ead361217034288bd73824a7905994b4339029c81d1e18b85b702,False
dfire_00299.jpg,test,processed_v3/test,3d5933adfbf57c007d9616ac795135ae0aee6dfddb0baa33e4b6e3c9e1e47118,False
dfire_00301.jpg,test,processed_v3/test,92de5adaa030759fd17e4f4ceb326879db71e3d639f806ad189ee2b0676f4684,False
dfire_00306.jpg,test,processed_v3/test,707b20ded0eaf16b64a17a31fa35ba988177d2e20cc6f7d5f9b6fb0a4735cf46,False
dfire_00312.jpg,test,processed_v3/test,3b73343c8a38ecf0d3ec84b170756b1d84facc4a3c5cfbc9764ad01d57ba9309,False
dfire_00319.jpg,test,processed_v3/test,162f905fe1f6a4e0d205e55a9bdde1239b80afc14c4683c0d67875a63ba8f747,False
dfire_00324.jpg,test,processed_v3/test,771b453055828d59ec39e9d4c3b4bce5ad9c833969ef7d93583906176bd334ed,False
dfire_00326.jpg,test,processed_v3/test,89b4b1acb7fc233e530122715a3b56d7f390d93fc693a12a5e558eb25f459cb3,False
dfire_00327.jpg,test,processed_v3/test,680dc336c1456c97aafba6c41e706116ba42f33cd7931141e815654c53ce4981,False
dfire_00329.jpg,test,processed_v3/test,0d206860322ef45a155ee586151d7c700a726cf73833e4c9057e39ab0043b3cb,False
dfire_00337.jpg,test,processed_v3/test,81b2276bbf04671483f2dbb8c95abc208909696d26878e4867d35fc2ee14fbca,False
dfire_00340.jpg,test,processed_v3/test,adfc99762831f64f72eef0323ee546a9e5f5780d205289bf4854d9a41088c875,False
dfire_00342.jpg,test,processed_v3/test,6c14216b342530183f5373e8925900a41788e1bcc4311f8a0b39c55220d8f7d0,False
dfire_00347.jpg,test,processed_v3/test,2188b3fbed4327d84126f2156cf280b9aa1d937bdf7a54abc5e1baf8261bcfd9,False
dfire_00350.jpg,test,processed_v3/test,d1b7038105d04a5eacbb57e4eb101e74047d83d8d9e5daa50de73479864116e6,False
dfire_00352.jpg,test,processed_v3/test,c1bdbd19fad418d3b6d4b11116e159531c9cc032143f269e146280a19fcc4257,False
dfire_00364.jpg,test,processed_v3/test,ffc0966188ed331657802c9089bfa0eee627290ee7b23de9c6c30b03ba46fad4,False
dfire_00372.jpg,test,processed_v3/test,bafe21750dc40e5a48f4bcaaea8299ab434a4bec5480304e40890e6c637456bb,False
dfire_00375.jpg,test,processed_v3/test,65bd7f06511a24ab5046bf2a19d4471955450cd1372e69618b8e2e814ad3333e,False
dfire_00379.jpg,test,processed_v3/test,402f17423273e1e8ce907fdfe37ed0a1cee44d4d4ef22b371e41b2f933045267,False
dfire_00392.jpg,test,processed_v3/test,9ecdcd73be77edaaefb59698b700e44d18ee6bcefe0a60484bd4f28533fef4d5,False
dfire_00401.jpg,test,processed_v3/test,4bafc6b8a6bb5656ed8436000cb8cc1bbcd97a49a90c357d14c53bac17744d83,False
dfire_00402.jpg,test,processed_v3/test,6286266f3f5680b93e6d9369fe89ced2b9f736c3c09368e85925d1c97cb70a85,False
dfire_00403.jpg,test,processed_v3/test,443502cf6b8341b30895f7a82ee28d5c9798e3e4ef162e6c2164b46cf0d3a61b,False
dfire_00405.jpg,test,processed_v3/test,ee76e51344633c19e8cabd3c3ea03787abdbe378697569fbe097432ff8a65d1e,False
dfire_00406.jpg,test,processed_v3/test,601d6efb9d2141e8909ca7e87403b39551d39d7a1040ff93ea3ab916919be97d,False
hneg_00004.jpg,test,processed_v3/test,634b3e510eab6c1e07d836bdbb9a2fc5978655f7e9e53e49dc4f34ffaf5515b3,True
hneg_00008.jpg,test,processed_v3/test,17467db59f8b00f07dd698b1a05ba727f8ff185465ab666706ed2868e36e15e9,True
hneg_00015.jpg,test,processed_v3/test,942fbb637e684e46b9e0270ac40b4d70df7b133b0665a20f82fda9eddf400dcc,True
hneg_00041.jpg,test,processed_v3/test,5ce7bb1c6db35c1210ee06f43d65aa04ed68e3ce716782caec8574ca70cf45b2,True
hneg_00061.jpg,test,processed_v3/test,b6b4c0863727cc4421afa53f65fac66b5efc1fdd6d46d92530388f42f0f4d5b8,True
hneg_00069.jpg,test,processed_v3/test,e6fcf1ad49a38472b44b60d1a380a2e1a100f515f729d56f44de1429609cc73c,True
hneg_00082.jpg,test,processed_v3/test,f159b3dd0662a8ff2b5d76d6be261785aaa421939308007405c1a5937fa7459d,True
hneg_00113.jpg,test,processed_v3/test,462ff85e59e3225350ab8669d635d4265e027e63a9a3c87abc6daeb47d6618d9,True
hneg_00126.jpg,test,processed_v3/test,37d1f8b961a350c5a1cf81288259286615c48912bbe48b4c5bf3eea857c4d616,True
hneg_00131.jpg,test,processed_v3/test,f63f8152f4e969d65926d39707be8b5b2a6706dcc222c4dcf6850614ec3a1f19,True
hneg_00146.jpg,test,processed_v3/test,a1a461eed63ee01c9e73bab543b9320a44ea2edd15a04584d7a092cee17540dc,True
hneg_00160.jpg,test,processed_v3/test,eb445eceacb44e8b52523153fc0d7fca11f283c8682d8926749329d5747fd36a,True
hneg_00165.jpg,test,processed_v3/test,b28f005f4b52d3cf8a61a122f1eaa887efcc33754c7e72c9152797d9bf8d555b,True
hneg_00177.jpg,test,processed_v3/test,d93ac6055650cea36d26dd45e258564de3d3766b401955df61732f43a88ca233,True
hneg_00178.jpg,test,processed_v3/test,bc665505f812dc9054f0197206ef0e0e9ec867de74fdfe427c7f6b17956512ce,True
hneg_00189.jpg,test,processed_v3/test,b41099078d6a831a8fb10febe0a60093b423f45e09314b10ae042750b77d2b34,True
hneg_00198.jpg,test,processed_v3/test,d2a312cb0a5ba3f7eb5acb80547f4dc216d4cea291be72909412feb78d9d2f09,True
hneg_00219.jpg,test,processed_v3/test,5e41fac4309616da4d2b5a771a5b6ff1f22a491e6a54934805213c35d6ad7277,True
hneg_00220.jpg,test,processed_v3/test,86dc9d43f1c72c55fe2f4475c35097774d4aced62e5623e86b312559a3e56f3c,True
hneg_00233.jpg,test,processed_v3/test,222425b5136c906c37ae25c1cc72cfa2ad887bdc9510e6af6a3a241a8c294546,True
hneg_00236.jpg,test,processed_v3/test,9d8264b17f599dc05de85f37dfeca34f87d950564ab6807882458193b2345d87,True
hneg_00263.jpg,test,processed_v3/test,7adaf1662953fb9ff6baab79ebfbde0e49d2a33c8f0106d4f24b49096e0910e0,True
hneg_00294.jpg,test,processed_v3/test,3380c79ad61cd396c983d8d95adbb0c9a9f7bd765e5a672dc1d250aaf3178828,True
hneg_00305.jpg,test,processed_v3/test,184a7e4de81a57d256f354960d3b18f036dc3ca13db577fef685d7922aeb6f45,True
hneg_00313.jpg,test,processed_v3/test,cdf9a11f1a7d167187c5361b18c59a0e1fe3f0cd53b7f2a8fc2535e8a41d3945,True
hneg_00315.jpg,test,processed_v3/test,57fa6a718d2fcca061cc201f1a181382ca3ddd27145b3984fd9766272b09a382,True
hneg_00325.jpg,test,processed_v3/test,66631b05d552c065c23a59a82bfa547a7f2cd8124b7252b1964fbb60b41f58e7,True
hneg_00333.jpg,test,processed_v3/test,f90ec82df33c8f34d16968b54ca1c79326ab700ac7b28792a9424bc65be0db2e,True
hneg_00335.jpg,test,processed_v3/test,a42f41ef685c3c0474e9ea9bc6fc5d5b173fab0819ca5b6f4d88615daa02c0fc,True
hneg_00339.jpg,test,processed_v3/test,1820dd53808fcf3c55927c391527c8795d7243884060a0c72baa52e8b2168e8d,True
hneg_00366.jpg,test,processed_v3/test,d1e23a03d3d637385904a1cd120332efefbc5f8c9266b35c070c32a869e2e589,True
hneg_00368.jpg,test,processed_v3/test,fe0f0623bcfc0db92d4a02868f9378ac4094291ff823ef9e434019cba30a5057,True
hneg_00377.jpg,test,processed_v3/test,5c6e112f957d5efc9cb9c8d9e99a998499dbee247e1b28ca6f4dbe0a70670a0a,True
hneg_00378.jpg,test,processed_v3/test,a5644ca52ae6ca9f3db15053931774ca858f74966dc65ee1dad89d6baaae96f4,True
hneg_00394.jpg,test,processed_v3/test,67196fb58694bec9cd71328768e66c5954da30e60151195d4e2ce9f179e46b03,True
ppec_00001.jpg,test,processed_v3/test,942fbb637e684e46b9e0270ac40b4d70df7b133b0665a20f82fda9eddf400dcc,False
ppec_00003.jpg,test,processed_v3/test,3b48efd8c0cbf08d83a71f3615512f3c5246b03af65adb845d70ab7223d4d3de,False
ppec_00005.jpg,test,processed_v3/test,894b920d3b14b8ce7ab0463d17c07764de84d0c4bd2df0a56c4e45b009f2ebb7,False
ppec_00007.jpg,test,processed_v3/test,e1feddb9cb048924c02fe76e4a13b9441613ec68045c3edb2dfa43ffa8802130,False
ppec_00009.jpg,test,processed_v3/test,a79593dc69cc76a4c7e7275d4660aef2e493db5203dc605c5471c9c6c93f80ff,False
ppec_00017.jpg,test,processed_v3/test,407a762cf61a1364c44f836b079975d9257f3c110f83dc6b7f0d99a3e545ccae,False
ppec_00020.jpg,test,processed_v3/test,6043f686fa6809aa5bfb53fd67d20f68d28d481db367167510b3ac8541b5c770,False
ppec_00023.jpg,test,processed_v3/test,35b1f078b5f9805a4cf7165a0a45e15113503ea6fbe487b88b02bb1892ce1d99,False
ppec_00024.jpg,test,processed_v3/test,2544cfff1974943ce2638959ec5e3bbc78ae7a5932cc38c3204abed613de7442,False
ppec_00032.jpg,test,processed_v3/test,b6d404e8f58261797e08251503182ccb4ba76fca56d29538ea0fd9fd92f41345,False
ppec_00034.jpg,test,processed_v3/test,fb9f46c9bac59c9333b0f3608f19ea8f61f89ac662aac4a8de042cea9d18f5e8,False
ppec_00040.jpg,test,processed_v3/test,8e1772cc90c1f494e97d206dd377c060a85fd3d3058d37d9ba3657e2fa0884ba,False
ppec_00043.jpg,test,processed_v3/test,6cc989372001fb5b428f66b7d93853fdf7ad3de71dbcea72f9ac96cd3cda53db,False
ppec_00047.jpg,test,processed_v3/test,fcecdb94294ba7c61ccf22abc8ffab6bbc45a0d1ee02342fe64017998872a27c,False
ppec_00048.jpg,test,processed_v3/test,3d703ded329850543200622c58c054a3dac5af0254407ead99833c51515f4e34,False
ppec_00054.jpg,test,processed_v3/test,71a2d15d47e476998d91f4dce54a3d0ac1cd3a5667d7e365b2d1c17eddb2b0a6,False
ppec_00056.jpg,test,processed_v3/test,9f2f0d3a4208e47e0f3b2b5ffb14c7b08f06c4b1c110c6e9472790d17cfc0895,False
ppec_00057.jpg,test,processed_v3/test,f2bdbdf34238fc970ed8991d8a97b7ce40f47a89a1022d83c609e986f38a1da3,False
ppec_00071.jpg,test,processed_v3/test,00bdd9b3ff05a38c68365b139ad705dfed85162229301d8ac54b43d68792d659,False
ppec_00073.jpg,test,processed_v3/test,e2765eb6a0c1dba49a33f7c626c37de0209f8e8cf41cbff33592d7cd70016976,False
ppec_00077.jpg,test,processed_v3/test,0c143fcbf0ecd37c6f43e0b011b06995fe8c5aa1191788136300869d8ed6d63a,False
ppec_00078.jpg,test,processed_v3/test,7436898d47a45fe7193957c1f7b2caa72b8acdb76b1ea5be32fdd000bc6e0acd,False
ppec_00086.jpg,test,processed_v3/test,4a2f49c1ba4fe57776414d971394cdb84082f46f4aee084b822348a980809048,False
ppec_00087.jpg,test,processed_v3/test,ebf4e64b924d2e08e00d22837e368b7e0ab7e5e1ad0dcd85d4cd5fc305bed732,False
ppec_00094.jpg,test,processed_v3/test,7607f25a95788917a77641e2178e7ad3ef5a0a6a5af1a2c5824fe3f1c8b0fe21,False
ppec_00095.jpg,test,processed_v3/test,545e07a57bfed6ba97ece67b2cae435cc4971757b560e2508b0310db0932d7fb,False
ppec_00099.jpg,test,processed_v3/test,5662169e259f61a9eaa5c4be5b1796d1c5736cfd920a80def9cce41de028414f,False
ppec_00102.jpg,test,processed_v3/test,6db556fc087df40dcf66c817c98ada367c00b483af74812221763d52a6f93c52,False
ppec_00104.jpg,test,processed_v3/test,acf9269d56c85075c677ceed0ac538d04083d7a47ac13dce3c86af078e67bc8f,False
ppec_00107.jpg,test,processed_v3/test,1cc7a3858965e69baf7aded2b5e031868646cb3fee4dee06b5f634891179a502,False
ppec_00111.jpg,test,processed_v3/test,86a3d61eb25e683ed4d4646f4e543f514e6abdf3ce5247ca8cd5a279362af17a,False
ppec_00114.jpg,test,processed_v3/test,543fbf55407a5037b4a0edabb3f0300e8ed1599fec919188efb4186c76534609,False
ppec_00115.jpg,test,processed_v3/test,8e8351b335aa358a950e09853d27c698a40739473a5645b58a9fefa706ebc652,False
ppec_00123.jpg,test,processed_v3/test,2503b1afeac77ab7f02eedfd3ac0f6e08c52eaf405667563a417956b0bc1bc69,False
ppec_00125.jpg,test,processed_v3/test,77cbe5d1ad0fe54ee4b5e0ac902b561b4becaa4b2324ac6e31e944695e588181,False
ppec_00127.jpg,test,processed_v3/test,4d11e804bf3307ab8c8e1acda49c05ed0205a8769bc30a9998fa70c1a18231a4,False
ppec_00128.jpg,test,processed_v3/test,bb5d467282f064b8723165336259bd029b57e72e47eb8a39cb828e0c724b1960,False
ppec_00138.jpg,test,processed_v3/test,1cf030b76b40a02e72d028c88ffe0a957c672207a46906bd7ac3786d98e7d786,False
ppec_00151.jpg,test,processed_v3/test,2fe6e0ac0d5937cf27507dbe0533e19b863ac34fed84b2afaab25f05cfc380a9,False
ppec_00153.jpg,test,processed_v3/test,ba93443566c6da7ec8009c228bd27b194acc16c72213034938d1e78ec2d360f6,False
ppec_00158.jpg,test,processed_v3/test,e927efefa18bb6360ee8a316dee301b9902df816b9e6c8f6a5a9cc72b7126d52,False
ppec_00168.jpg,test,processed_v3/test,2dd99b1b2aa0b81e3589a38d101c210297fe8d40c72ffd9ef55922705cce0429,False
ppec_00169.jpg,test,processed_v3/test,bcb275eb1d43a272a884f87e1c8f6650895ae65cb85decd3148fd708ae166c6c,False
ppec_00172.jpg,test,processed_v3/test,a1716a526e7444a3acb2f5f31dfd34793d1fcbae2c1c18e8aadc0fe101b70642,False
ppec_00179.jpg,test,processed_v3/test,11f0dda09e7b8d59e569d827393b06d18f9dc256453fe2d1ace6e366ccc8eaa0,False
ppec_00186.jpg,test,processed_v3/test,93afcc32d58ae4b7cf8739d4bae4a00e836a0555ad6c5072a21b930ba7f362e5,False
ppec_00191.jpg,test,processed_v3/test,dbccbbf833d6a38843d9f98690750ddb7b5addc72cd06c60e96d48ecc957ae39,False
ppec_00192.jpg,test,processed_v3/test,914ea0d03bb7ebe199f0a2b569bbbf62797980510d73206131d02f26d31468f9,False
ppec_00196.jpg,test,processed_v3/test,d7b79fbe754277f736d090e6923c18dfd0d80e5ea2117421ffe98963484d6de6,False
ppec_00200.jpg,test,processed_v3/test,fdbd362abdf03df61a714f2d1943cb2fdd37a50b77283df5e9024e9b21c63cad,False
ppec_00201.jpg,test,processed_v3/test,f02c286814784da3756bea1f5054a833ee94079320609dd091bfcdb516ddae77,False
ppec_00202.jpg,test,processed_v3/test,0b6fabb2ccbe6aad4442535a971244917c9e1952d80cfaccea4803ac2c0fc697,False
ppec_00203.jpg,test,processed_v3/test,8c3a6a160e61ae02c4ab156709a78a02b8a6260f04e997bf51003771ceca86d5,False
ppec_00206.jpg,test,processed_v3/test,bb7285d1a0fe28345f26cd4acca8958b288fb07b80daa9995eabb6778000b9d1,False
ppec_00207.jpg,test,processed_v3/test,c0cce667cfd426cc683e695e0c5f1fc7537a996bb5d581228e1791e5813089cc,False
ppec_00209.jpg,test,processed_v3/test,58cb8ab2cec34d2592f4c4c65a46499de3ecc76df8f7d6bd776d5f58d1a0d217,False
ppec_00210.jpg,test,processed_v3/test,2977c4b9999ff8e3342eda71efebb952bcbe91051e755c6badb98bf9ab04de61,False
ppec_00221.jpg,test,processed_v3/test,c1a1442f58adfd925c09b5709bed3e8b7e9a4181b92f2f1af65a60308748fc85,False
ppec_00222.jpg,test,processed_v3/test,ab8c662452dc735bf38bc1b4f83c31db661df3f93a5a15b38671aeb97deee806,False
ppec_00224.jpg,test,processed_v3/test,f23c661456392c24522ed4bc414635e659b038393cf8a0f90e9efbdd3125aaa7,False
ppec_00225.jpg,test,processed_v3/test,41908e0fc11b49cefcf4f128dcdd8c2ec71fbcd7d1a418b884c5a3c3cccc0904,False
ppec_00231.jpg,test,processed_v3/test,deeb1048b09c43155cac9be6036591ac60299118ab525bc0fcb6343f23a1d7b5,False
ppec_00237.jpg,test,processed_v3/test,7b64c0227a711d4ea10204a140bb0f2ee715ea15d519a620ee8e02edeacff233,False
ppec_00238.jpg,test,processed_v3/test,ae5646a4acbd157fd0473a51ff242f62e3b44bf3f79cfc410fcdd08a7881aef6,False
ppec_00241.jpg,test,processed_v3/test,c92e902446a13bafee695f8aab9af6fcb7b14cc33c2f1972126f5c22f52c2283,False
ppec_00246.jpg,test,processed_v3/test,7adc7d161e17ef05f2495b6e2acf5dfcaa6b350f2c3601073e63c3b27326ce99,False
ppec_00248.jpg,test,processed_v3/test,e50938408a36c3d63a51f1cbff28ea8845ef142cba3c586b5c081281288a954f,False
ppec_00251.jpg,test,processed_v3/test,eed1d7c33c4e75dcc44cc069ea92ef965ddb911ee12a258aedad8231c1be863f,False
ppec_00254.jpg,test,processed_v3/test,a1c49585c0e9a9375a3ca6529f61b49d490d379a1899c83ab3a177ee03b0b20b,False
ppec_00256.jpg,test,processed_v3/test,4799ea41244d6fcd7c65146df2645fb0aa0d32662b6528a98f0edfb2c0c3298f,False
ppec_00257.jpg,test,processed_v3/test,7c4e52e60c5a05f19891de659f2b96f2980ebaad56cd0c9eb7e5b9ad312e8d15,False
ppec_00271.jpg,test,processed_v3/test,fe1051a47a1382054b838ef9f7830c8a56f534be918208e10f318543f81bf541,False
ppec_00272.jpg,test,processed_v3/test,e31ac7df4077a9fd4c5916d8ec3d7ec76bf30dc068cabf747759ed7ce1c137fd,False
ppec_00273.jpg,test,processed_v3/test,598ea2945670b2f86029e0194ab87d64b29d8462749f75dd6024897c5ad70680,False
ppec_00280.jpg,test,processed_v3/test,7cf918855554db91cb71c3e38e48aa32792576ae3c7ccbdeb44a3cc890ffe6c0,False
ppec_00288.jpg,test,processed_v3/test,953bbd616f54efc7018680e10d9aa08b3ec782cc97d9ed9553452eeca17f8fb6,False
ppec_00293.jpg,test,processed_v3/test,326ad0c0f8f43b6fac3e9c7b606fdff1f3bcc6159af3bb019ba2bad6cf44236f,False
ppec_00302.jpg,test,processed_v3/test,e6267123bb8685acb44a8ebe8dc35d38f78cbd6f03af87b27796c06841e1a001,False
ppec_00304.jpg,test,processed_v3/test,fc7ae7b7caee96bd26ee09af8468236f7d7703bfb8ef9ff9fe96ab680a40ec35,False
ppec_00307.jpg,test,processed_v3/test,dc2e07a1db7f128506963b1bc85058323332ea09eccbd5e7143973d5d99c9a64,False
ppec_00308.jpg,test,processed_v3/test,cf472b44116b415b49cf9604c2e671b838a2c15ee9059e6996bf1ffd9eb8253b,False
ppec_00320.jpg,test,processed_v3/test,7f1d21cb18f69b8dc351e0f447d4c20ac5dae58e02eb93fd6ae628dd6a7c979c,False
ppec_00321.jpg,test,processed_v3/test,608ef5fddf4283ae24899e56711dcf929bdaba5480338886b73f9386c48125b9,False
ppec_00322.jpg,test,processed_v3/test,c6ed06d6bf9a209d0ca196b8ffdd060a26f3ef7b4d06d19668aadb102b970dc3,False
ppec_00328.jpg,test,processed_v3/test,053c9d4e7324270ba903c0d3b2bf280d589932d827e4bf7704395f2ba08a96ee,False
ppec_00330.jpg,test,processed_v3/test,77877399052465a7a620beda266095785deb639dbbd201490aec58d9caf4bc4f,False
ppec_00331.jpg,test,processed_v3/test,327d93bed2c9dbb4252a838a5f9d916dcd2d8911cd17a9d028c3bf606709f1ff,False
ppec_00332.jpg,test,processed_v3/test,78bf4328948dd670b933d9009112115174c32b2baecb48c89d56500725be56eb,False
ppec_00334.jpg,test,processed_v3/test,4b2f4f0b42585ddad0ee069ef148944bb53409bb8981c0499c9a3f378ec08643,False
ppec_00344.jpg,test,processed_v3/test,ecc363acf45f1702c45396844d5b40dff10b2670a8a3af1283f9a41cc8ceca1d,False
ppec_00345.jpg,test,processed_v3/test,aa05a05a38cfa512b3da1def792a89c122bd69cb07f80fe504f92af6ef8f02c7,False
ppec_00346.jpg,test,processed_v3/test,7d488cb0c28adab983f67eb161725d6e3b5a8746c356e9810365fe79c0b232af,False
ppec_00353.jpg,test,processed_v3/test,bcb1541cbbd3744e3cff6fa8faece959b6830d5c1af86e597ff67dcccb3b73e5,False
ppec_00354.jpg,test,processed_v3/test,37493dbd49743d6d80268c86eac30d6e257fdb09576cfd18a5ee5f7e838fc8ec,False
ppec_00356.jpg,test,processed_v3/test,69e8ff5224072761e05a4532674453e9955ac03a5e0fee5b51afd4ef9e7fe177,False
ppec_00357.jpg,test,processed_v3/test,8757f7e68f2e408988653580b7c674aaf6cb607eee9a2e7e1477fb60d15d0937,False
ppec_00362.jpg,test,processed_v3/test,f29d2f50105baf740927da587162b01df544dfbf137a68c80c6dc2b7a32ae76b,False
ppec_00363.jpg,test,processed_v3/test,08db309fc725b6260ce1b888b0f44b47e46044ea49d679cb045d0d1f71e5d9c8,False
ppec_00365.jpg,test,processed_v3/test,7aa327779d93670bfcc37180d3d3ba54a8a1ae6a2967e45eacfe5cf17d22bece,False
ppec_00370.jpg,test,processed_v3/test,d74df57c4631466cc4a63f4210de255d484086fb6483922367b92b1db72d3d09,False
ppec_00373.jpg,test,processed_v3/test,e6f4fe70029410f0dc5e5b0bd8f8ea82fb0bb14f9fae765abb13e2db6cfba750,False
ppec_00374.jpg,test,processed_v3/test,315f0dfcf5cab2a0ca82a5014cc36521d09c75f5004ef7e72d98e3171cb4a66c,False
ppec_00376.jpg,test,processed_v3/test,a682fa0cd180e9c0c0a4dd30d9564d32828ff1214f221560da8735af2311a3be,False
ppec_00382.jpg,test,processed_v3/test,f44b3a89336f88aa4ae0d03b2229d70387f85ebbec34c923b17f2fc8a5f882b1,False
ppec_00383.jpg,test,processed_v3/test,c6c06a60b9581edef770f585d8e11bfdccad5a2ab52aa9df2ffa254670e37a11,False
ppec_00384.jpg,test,processed_v3/test,68b26d5d54bce6da51a9138a79493558ef63bc2c2a5488dac8f8fa7b5af5fbcf,False
ppec_00389.jpg,test,processed_v3/test,1e4a75324c5505f812edfafedabda31688fc2942ab7d53f3c725269052b0da45,False
ppec_00391.jpg,test,processed_v3/test,6b6acdab69dfa2e7e610dc4285ec3bb5be8065628aa39a29c01d5309dfb95d6c,False
ppec_00398.jpg,test,processed_v3/test,8b865aa0bf84c5b8b7aee638e714a8c06bb8566b68a5eedf6a9f42f8d0e99c77,False
ppec_00399.jpg,test,processed_v3/test,8d0c49442c52a01d9691231512a77e8e865a78a66569cbe16570873b7cbb7fef,False
ppec_00400.jpg,test,processed_v3/test,11c0d52ac303a76d0f6b5ef4d8f2b7181447c770040ba589d26d8ebfd29ff357,False
ppec_00404.jpg,test,processed_v3/test,2b29f75a3001b51e34fe148dd7b8c2f590f18f33e6694c41e67c8b669e63cde7,False
ppec_00409.jpg,test,processed_v3/test,8f4159a5cde43b5ead0a14d803288f43e78a59b52f5977b9f244662c74644365,False
safup_00002.jpg,test,processed_v3/test,9237c3f4301c6352b266d7ff4c150e43a31d65cd297198463b3ac1c9e68a21ae,False
safup_00010.jpg,test,processed_v3/test,7ca7445d6fb3f21e8f8834686c54244d07eaa25e8beb90549da8d26a5ef0c17e,False
safup_00011.jpg,test,processed_v3/test,8bef3d3cd1494d9e20c7dca796733991b99cd1c9cb9e693c8df5ff43728678a8,False
safup_00012.jpg,test,processed_v3/test,3647c733499f5b6f08fd3f8d42050bfebef9d1f337f2cd98ad241f653bcbf11a,False
safup_00016.jpg,test,processed_v3/test,b5b3a08f027af4a137ab61681144cc9fb56e26c6397c11c5990295ea2ef4e75b,False
safup_00018.jpg,test,processed_v3/test,3c62963dfcdf2ded76b171969ed0bee92f40a8caa28f579ed0cbac979a608f74,False
safup_00019.jpg,test,processed_v3/test,e76cc98e379e30877be31a4a0e4a55f9be7e75bc006b73870a5e2db6f5708f0d,False
safup_00022.jpg,test,processed_v3/test,cb8dec93c6d44f31b98428b7583169c418b7e797c83ec266ddf407efd0779d53,False
safup_00026.jpg,test,processed_v3/test,e06d6645afd8724fc9575e21dc57e90baea894ca02e4a1e3f1609885a67cfa71,False
safup_00028.jpg,test,processed_v3/test,14156bc1936e4a4dce85d1a771b3bd05cb2c6dcb03aa76255d7795807e59f646,False
safup_00035.jpg,test,processed_v3/test,e56733326c9a4e918f50139c0bb4a4a9a2c4fdf4052d7b312dec9fa6b051e73f,False
safup_00039.jpg,test,processed_v3/test,98db06495f29915d30fd5085c9f849d717be68f38dc3e063d07e582c4271211c,False
safup_00042.jpg,test,processed_v3/test,63badc03b57db2dc43a9ef0057ad0a3f7e86ab1728185751df239c06ae69365d,False
safup_00045.jpg,test,processed_v3/test,97c722696347fd08aa05c13e687b68ae36b49639618e0b9a5fd377207f487c77,False
safup_00046.jpg,test,processed_v3/test,6d359c8acbb18d465ebc73819b5dfefad63365782a6b7f6432a1df145adfc0a7,False
safup_00049.jpg,test,processed_v3/test,0f07607fd051a10eba1cb2144c8a51539ec4ea577089820b48fc2f39cafdc612,False
safup_00051.jpg,test,processed_v3/test,7838c1b5cf68c4f5263cd18efed2a94360148655ff721cdcb8c0a165e1af421b,False
safup_00052.jpg,test,processed_v3/test,49bc5d2c0c9fc58bea186d6f605cfe3667471f0a55c8e0567954318e36561537,False
safup_00058.jpg,test,processed_v3/test,3c3e9c1d6fd9a950229e687f76b633271f9da656b71b7eee3b039cbf80e410d7,False
safup_00064.jpg,test,processed_v3/test,43f9a2815876d73037509d6e23f6feaa15ea3c30d9ebb9f03057c31f8a5b8e40,False
safup_00066.jpg,test,processed_v3/test,81dfda107edc5acac0f8fd3056dbd3f554dfa7dbd0cefdd373255c39ae5926b6,False
safup_00067.jpg,test,processed_v3/test,41eb07de39316d005b0497696ad67f829b8ac3f561286aa51be5d1a75c70179a,False
safup_00068.jpg,test,processed_v3/test,cb2f2d67b4bbf2d33b3c1ae00935bc26a1f299e6566d2df09cf0b337d83a1579,False
safup_00070.jpg,test,processed_v3/test,fc643159129b6b395c30b3a0a05d06228740d1047bd5c5682cefbe62064c2c91,False
safup_00074.jpg,test,processed_v3/test,0acdc59bfa650f3a561021a6af0dba5f51bb339eb896b702a4af31b8681494f8,False
safup_00076.jpg,test,processed_v3/test,c319683cbcd24b72a7c11bd7215320d790dda8ad33c0c099d92398b9f06b3f72,False
safup_00084.jpg,test,processed_v3/test,38bd918a8c3b59f612b3cf2f925b03d48b4a76fb4e0114f547b61c46312c927d,False
safup_00085.jpg,test,processed_v3/test,432b660c4cd9ff8d29870199030b5f4847c783e15969bd8ce877cb9c39abbeaa,False
safup_00088.jpg,test,processed_v3/test,8e7badea4373966030b07fe97ccb2a6047a2c4e4ffab7f25f438985fe6a5100b,False
safup_00089.jpg,test,processed_v3/test,9c5bdb2a340a9a2d42f47e557932bf156a0d4170158232e83d3d887638790012,False
safup_00091.jpg,test,processed_v3/test,479e6df96636b5f6fe2906a26ac966c6d73d2e87ff849ecf5ec937db417cc271,False
safup_00096.jpg,test,processed_v3/test,083fb0792666543d4d65e356967027e38894289c0d1061089996d56d03d78616,False
safup_00098.jpg,test,processed_v3/test,a725a7d35dc4da7c10a8e1d6f3d18872492b67981838e316bf893fb5650c7a32,False
safup_00100.jpg,test,processed_v3/test,a3dfe41cacd9f743f1d62fe08039943ad6a99f70870ed65dc724756bb8a9af6e,False
safup_00101.jpg,test,processed_v3/test,eefc926db7be534668175b31c34bafc614c2f441dfeb3afd1ff866c785171a3e,False
safup_00110.jpg,test,processed_v3/test,eb21f7b5788f0fd71565483769eb03bc3af9db612202e10a0e8937afa3ee201b,False
safup_00118.jpg,test,processed_v3/test,6c36c9701375e581672199db4cb95e575ed7f1429b710a0eb568e3f805679724,False
safup_00120.jpg,test,processed_v3/test,0ff4968ad5b9c9dddeb61ad392ce7b55281ff09ac6bcfdf07e6611115d77a813,False
safup_00121.jpg,test,processed_v3/test,f19a9bdce8f28886f08ca9fac27ee6ff1b2d775c5592b6b9f4cf4028d3fc2c89,False
safup_00129.jpg,test,processed_v3/test,3ebcb0cda85962eb01df31b6365955ce72dfd4b811d52c1fb0af71ce3386ff9b,False
safup_00132.jpg,test,processed_v3/test,4d7f440c67f0cd656105373afd19fede9d73847c2915a617e263c3a99d3b3290,False
safup_00133.jpg,test,processed_v3/test,00443c8741f72531d0a0c3e68e2113278b299d48bc5f6a94c7ebc5cb4458ad50,False
safup_00135.jpg,test,processed_v3/test,d93a82b6f4983b2c717a894c36f28bbe5c71a772a76087b47d7621b39b03360f,False
safup_00136.jpg,test,processed_v3/test,877dcc304f4b42fa759b536901f68019c00f9731aab7134171bc8a2f4d6acb12,False
safup_00147.jpg,test,processed_v3/test,d9277f2cb4bcbe100b517de35a6726369a59c989aa1b1184cffbdd8c794ec90e,False
safup_00148.jpg,test,processed_v3/test,e7e062a5abf211ad9dc00088a7849cc9422378bc28d90a53f545434e25df52d0,False
safup_00157.jpg,test,processed_v3/test,537951aa05a28ceffdf11433b4750f1e14d6b3a43c13cb73d3b720f3e8d65496,False
safup_00159.jpg,test,processed_v3/test,8458f4e0af36abc409726c97f18d492c4231ab6711e7bb428888d03de6ca8d0e,False
safup_00166.jpg,test,processed_v3/test,7cc937dfa4270e18a5b50f6e818b5a43f624fe877c95d94dd245ee97af4e4387,False
safup_00170.jpg,test,processed_v3/test,6a04259d3861f5dd880fa2d8392c39fe7867b4a9106106f06384a03b9fdb5b3f,False
safup_00171.jpg,test,processed_v3/test,367a3af75739d45db7622035ef148264ca5e9615825d43ccdfa6f7f8d3f3ca41,False
safup_00173.jpg,test,processed_v3/test,2972ce443738fa621a435ebe7ef1f3fe8c9d3def7c291b95d43d44997a1ace22,False
safup_00180.jpg,test,processed_v3/test,5a0d6406cd668df1b1b3966da4446891bda5be8866ba43c645998b3f505fcb00,False
safup_00181.jpg,test,processed_v3/test,441727e00b5fc892843cb99b274179d52de4ed76e2b1c2ce5f116e6dbc7336e7,False
safup_00184.jpg,test,processed_v3/test,acf5d24bc386580aae8cae61fcd165e1ca6016bcceb2827c805632e21aba8ba8,False
safup_00188.jpg,test,processed_v3/test,75773c01c8d2e1ee93b569f04e370a38f1dd893df04a513b3f05e9727beedc06,False
safup_00195.jpg,test,processed_v3/test,b2553a63e597cf66103b2192bb68f06fc6ae45cc0864e9336165dfd88742785b,False
safup_00214.jpg,test,processed_v3/test,4e68378ff4df5c408b034ca0abcd3114247a9b5b5dd7d34c6dc440873616adf5,False
safup_00216.jpg,test,processed_v3/test,e306d5033bb7f27dc597b31e075a3134ff64b68f0d5b0e1ea7d2eaf10a455484,False
safup_00223.jpg,test,processed_v3/test,e5bdab4b6f3ee8d373be82d1edc6b2e9d08d1235e78fd1046211240e416f5d1c,False
safup_00227.jpg,test,processed_v3/test,a830a6a7049586fd92ad1b4c05ac63d89f73ae88318c10aaf473b0d52bc40fe7,False
safup_00228.jpg,test,processed_v3/test,79ca7e06131f42f8db9bd7c846bbda03375802cb4522100d5f1e97a4397a6899,False
safup_00229.jpg,test,processed_v3/test,e0a27930c05db3d4e9444f06fcf66b72aeb8a80b81e80b0149b6e4c3a57b96cc,False
safup_00230.jpg,test,processed_v3/test,00da315127b31b0bd66b72588bb50f6484e39e41e8197086cad3cd073477f405,False
safup_00232.jpg,test,processed_v3/test,7f283c23e344ceaa6ec7f60bc810beab1031dc57de6f6da97549160b7b854758,False
safup_00234.jpg,test,processed_v3/test,0a841614626f0d1826c63442fa8a061c8c3afdb85f06b920b57c14543ceb1d33,False
safup_00242.jpg,test,processed_v3/test,72e1a57272ff2b8304929e50c6f699b9779b13bf4f910ccdfcccc7fc771eccf5,False
safup_00243.jpg,test,processed_v3/test,4cc8f30b1f52c4582927f9d88e153031766d7f8d8acfef8c21acb39489d4f377,False
safup_00244.jpg,test,processed_v3/test,b525fc995db1a5b2d7a8c75a5389e74f042089185b57c51743fbcc821b7c7c49,False
safup_00245.jpg,test,processed_v3/test,d2a96c6813f04ce02752a241f07d335f226c670b67895131cfb6c01fae12a175,False
safup_00249.jpg,test,processed_v3/test,3718f960b6e5304343404d1e034e53f2900b9e673734c6cd39044d027925f8ed,False
safup_00250.jpg,test,processed_v3/test,b01c7af735e547f66c6dab7437fb1670439a59a75104e73d9fbaf0b1809d7386,False
safup_00252.jpg,test,processed_v3/test,21499920a831e0c5577bc2665ec64d2cbc934218bea91560d528fc382d65ea1a,False
safup_00255.jpg,test,processed_v3/test,e962ea73871b1398e4b4be8e9e5a60e1b489095eb83f98851d6b7d493ddbb1ad,False
safup_00258.jpg,test,processed_v3/test,af65a0cce1776aef6749883587e8fe33392eee74ae5ecd9e988f6fc7fa21b576,False
safup_00259.jpg,test,processed_v3/test,7e0332903781d6c5f3c7b06e22cade564a8fb64429150c276b22e1a63ddb5ca9,False
safup_00260.jpg,test,processed_v3/test,9ffe110b28099d85d5224f40bd2c164794cb3c834f938fc98b990a7b7862854c,False
safup_00265.jpg,test,processed_v3/test,ed28078e7ed5e6c9f68adec6f15e51768e1ade8b31cb7366a29d27c060ce0817,False
safup_00268.jpg,test,processed_v3/test,2df13c15cff41f0d2a729efe7fa749dd7a0fd41cf149c1f57540beac42845eeb,False
safup_00277.jpg,test,processed_v3/test,33d1b4162d56aa81c6dab0b50da184ca5df2283bfb28d0d228b2004b17b409d1,False
safup_00278.jpg,test,processed_v3/test,c8caf8a8f5f31485508e015a83ef1c519d12c40b1dcd0075f9aafd25dbedf4ea,False
safup_00281.jpg,test,processed_v3/test,39fa5911a5dcb145df7e5ef10e0381daf70e000d06ab177ac700f7005e3b7da7,False
safup_00285.jpg,test,processed_v3/test,70c9a0c6b593ca97a829ba447227a9c890642783ff5f1b9941b9ca87a7155e4b,False
safup_00286.jpg,test,processed_v3/test,7419cc45da5c0a92242435b772ae4dbc85a33d78cf2b8c4d957eb9bc2ce9742c,False
safup_00287.jpg,test,processed_v3/test,2ef5ab3782ce103489fd0f365201d64de6a5a52d6cfbe412377978576a01117e,False
safup_00290.jpg,test,processed_v3/test,59fcd6cfa28d7fd29cffe3b228f7bd54905baf83ce6430c56defd491642e5a73,False
safup_00292.jpg,test,processed_v3/test,c103cf8adca8b59f91c3797f545e7e81b09ae7bddec085ee6e77f246547b4ad9,False
safup_00295.jpg,test,processed_v3/test,89d2e5ce5704f5a3999b6a176732e59c7459552b8040c3f8ad35204100165930,False
safup_00296.jpg,test,processed_v3/test,e2ba495596950f44178429d0c17d4d1a035e2243af8375ca3181c61915bbca67,False
safup_00298.jpg,test,processed_v3/test,4548ef2d025991212ec152740f90c67827c7527809f90cee30045fd2184210f9,False
safup_00303.jpg,test,processed_v3/test,ba25e8deb033d45057b4eb999b8ef65c73badbbf2018a5fa3067aba4105a8b2c,False
safup_00309.jpg,test,processed_v3/test,59e7c6c454c5fb2e99da4544d1a160adda5d3f11124b2f0c0320c616791babdf,False
safup_00311.jpg,test,processed_v3/test,bb7dc290bd5c21af862a4a6068e55308849dc025ce5ec25231a15177d96aae4a,False
safup_00314.jpg,test,processed_v3/test,8d1f89cf2f330ee8a0a1f663079dd4c299cc36cdaf6f60946a5376d4153f5f5f,False
safup_00316.jpg,test,processed_v3/test,9ea9409533726bcc491134a51d4fab955d2c68fd8d484cc4add25dfcbf059cf6,False
safup_00317.jpg,test,processed_v3/test,6da9831e299bcbac7fb195706a1209c094d3abffcc3838be08520c4b63f5d218,False
safup_00323.jpg,test,processed_v3/test,2ee3d3d3cf4229859984d7809ee2ea487dac3eac2c83db946d27d6f688731004,False
safup_00336.jpg,test,processed_v3/test,c3f80bee701624ed8fc3879e9a52d4e7ef08d47279fa6a61a7d029880172248c,False
safup_00338.jpg,test,processed_v3/test,edd0465c470723de0be0ae9a9216641e6c70927e36a6d705597481c0151a165f,False
safup_00348.jpg,test,processed_v3/test,28b2d09b8066bffe61b1249d245e66b42b25aa1d4f61bddb02a33d132d22ab9a,False
safup_00358.jpg,test,processed_v3/test,74387b6774d045f3f8364dbe0b85cd0717c4da0ce01492f5ac60fd9bd978d684,False
safup_00360.jpg,test,processed_v3/test,c8dbf098b3e93fa04292dee6b3c9e1e6a480947d9ffe3573a82b7fcd2676045d,False
safup_00369.jpg,test,processed_v3/test,113d3b81b918d43fabe3d2d36bca5b2322fc960407b373e894f7abbba53e2145,False
safup_00371.jpg,test,processed_v3/test,8e734603c35ad3c8bc66fb898957fe83b25ffefec994704f716849b87563dc05,False
safup_00380.jpg,test,processed_v3/test,4d78b81ac4858827e9f3320bb11cb1444ff58a6d2c16e0e7b0027ec19fd3d00d,False
safup_00381.jpg,test,processed_v3/test,cea5d35d4ab9e3c1f332ece17f40a98fb4573324bf3a29bcce36d44866c91f4e,False
safup_00385.jpg,test,processed_v3/test,cf933efa907b28f2f42b07dea412fe72d0bbee84d60aecb58a4e668f559fa424,False
safup_00386.jpg,test,processed_v3/test,c45fe5bdfb8cff891fd960406f987cfa3a65e41753ba278f747feeb3f53a735f,False
safup_00387.jpg,test,processed_v3/test,6c0507b319c1d88d65db7c7fc6db6edc290d3b4f604b2ce228967b2a83a8384b,False
safup_00390.jpg,test,processed_v3/test,d3a973b05f5665455bc476aa2e7dbc2f670e26055648911878687aaf54bb106e,False
safup_00393.jpg,test,processed_v3/test,7ab5249ae4049165d2328ef18713977fd3e757ddc1ccf46ce716e2dce4c6e230,False
safup_00395.jpg,test,processed_v3/test,8519356522b196dfc20bebb87bf558e33b1bac6c36381bc0a9235d69ecb45c2b,False
safup_00396.jpg,test,processed_v3/test,751db0b1bd2f3431f07915f6bd9740b5cb7c7e2c9a480901d416974f3ce1b9f5,False
safup_00397.jpg,test,processed_v3/test,ae501241b5a3467086adcdef3136910d26545b456201a350428c05dff36aa115,False
safup_00407.jpg,test,processed_v3/test,8a6687aef4f605b37bdb30d344ba5649334828df331ab1d4354fbfab2ce28672,False
sppe4_00025.jpg,test,processed_v3/test,b70ed7d7f4bacadbe66984c50adc544f0b12b2687845008f7845c9b73a8de2ce,False
sppe4_00027.jpg,test,processed_v3/test,665c1adf0c7c403d0050991b5e21b217e13214edb1f78f38124633ddf19f0dbb,False
sppe4_00029.jpg,test,processed_v3/test,92311be3a07dd2c6139ab349f0d5d9496f4b326a027299a874eee58f70184cdb,False
sppe4_00033.jpg,test,processed_v3/test,e4eca84b4546cc62c857206754fc63ee3a20a023dbe4d2517fce596094ed00d5,False
sppe4_00037.jpg,test,processed_v3/test,e124af25f7e5802dd4b532e520ad1bc0a913be50ae3ce0666974db42332fb2db,False
sppe4_00044.jpg,test,processed_v3/test,e3b37d986beda1858252f6d1d31ae1a4e9a88c903d5b1ded39c4cd2abd43b892,False
sppe4_00055.jpg,test,processed_v3/test,2fb524d0c6ed134b5c4187b90b2131aee36279749eb2c34950df728d6ee5e74b,False
sppe4_00062.jpg,test,processed_v3/test,cbfdafb3668ea3617dc7342cbb42642457848a9ca708e65748a307f65623d16b,False
sppe4_00063.jpg,test,processed_v3/test,e6e3173e9b5d5183c0ca005c5a67b31ff312f83842a3cef4c84ccb8028b341c4,False
sppe4_00072.jpg,test,processed_v3/test,c0dae84cacd88027e9b3a72920be8b1e614eb28c61997bb7aca0c0248550f4ed,False
sppe4_00079.jpg,test,processed_v3/test,92cf9b0c9ea5a682dd9da8cff4dd9510db173ac013214ac33d01beb7849e2476,False
sppe4_00080.jpg,test,processed_v3/test,647382deba063e3cc58594c2f4c2bebf235f3f62903f7587991af61c1fa41aa7,False
sppe4_00081.jpg,test,processed_v3/test,f3f3c3efcee6deadae886cf7cae1ab0d40335eaaa62fa55428006c6d9297a1b1,False
sppe4_00083.jpg,test,processed_v3/test,52aedd06447bf75cb3768b98d4943718048fbec8b68130e8ed6022da24d19aed,False
sppe4_00092.jpg,test,processed_v3/test,69ad684681aefb7ea570417652a8e04c7938ff35de0489f0e0e4ae18dcde288a,False
sppe4_00097.jpg,test,processed_v3/test,b8681c11ca77a595ef083fc66cc8563ee1fe226fd5bc6c45cfc512a045874cfa,False
sppe4_00105.jpg,test,processed_v3/test,337d766094f630b8045ca504937cd5bcaf3ac5666cda9de65d0fe31c35772954,False
sppe4_00109.jpg,test,processed_v3/test,e7a41e1f98986ab3d89cfc4917654f58e19c44d5504e0934f683ca13672d528d,False
sppe4_00112.jpg,test,processed_v3/test,dcaaa10f1112e24eb243361b1aca2a03e2a54ab6faf2de06747f86e28bfb4ce0,False
sppe4_00117.jpg,test,processed_v3/test,e6063263a176d46000945aa06266195236f9a30a383cb725487e9d0e7f31ddf4,False
sppe4_00119.jpg,test,processed_v3/test,a0cfd71f8a02e5c900be61b4032b82ac26f146e3ca9c70c5cd2ce158a17af714,False
sppe4_00134.jpg,test,processed_v3/test,5a72f4e5433b1a523f80fa0ea3086e9eb45561be3912c35f46b37a23ee779cd5,False
sppe4_00137.jpg,test,processed_v3/test,fdf3c6e3ca4840e0290f9d96c59e7a07e202336a2361c76174dc5641d3552101,False
sppe4_00139.jpg,test,processed_v3/test,0f3899a55b735141aedcc69c00fb5c5103fabd636957d3f0069734d9ff758de9,False
sppe4_00140.jpg,test,processed_v3/test,135571c90692f6ebe0eacbb598fd35c69a440930aac8c680c94755a2f9466fe5,False
sppe4_00149.jpg,test,processed_v3/test,bfcb5e862aa47362d14e4039929eae8645377c8a697b58928f61c85bad290a91,False
sppe4_00150.jpg,test,processed_v3/test,5b7f4f6635e039df6a5df75e14074e487e1e8d1c7a698cbe4c3fa5499fc02280,False
sppe4_00152.jpg,test,processed_v3/test,10f0ed7927487084e33e369ee1368cac888d098532431a58855df3f2572fb320,False
sppe4_00155.jpg,test,processed_v3/test,b6fe55cce4c0ec36dba15a97f5059a479c329d9ee36201d8bd07b5a8d9b95ca3,False
sppe4_00164.jpg,test,processed_v3/test,3604ba9be023da228ec684a4cf0b07683f94d421ab209f0f57bb0d57dc156c4b,False
sppe4_00167.jpg,test,processed_v3/test,78cc6ed144ddf789567c22fb8b09009cc41871bbc5f3adb92387f55e37dd2f63,False
sppe4_00174.jpg,test,processed_v3/test,1acae7a5b39db40fcfc4bf9e0ac9ded8bbc11f812957be0a54d8b12ccb05165d,False
sppe4_00182.jpg,test,processed_v3/test,a0daa6984d9901ec9d91bda283b48e671278f7ace8fceb1a70ab874db9cd884d,False
sppe4_00183.jpg,test,processed_v3/test,591696bce73721f6f1006f62c6354accc091d2355f82b6e5d87a70aa37021601,False
sppe4_00197.jpg,test,processed_v3/test,4f6464580319996008e6a26caae1403ac1078428229e7771d94cd6aac40bfbaf,False
sppe4_00205.jpg,test,processed_v3/test,2014c4e21a6f4c2f8799dbe364d078e9aa071694780501b8565c3f7fdc97b8bc,False
sppe4_00208.jpg,test,processed_v3/test,7abc8a621e5907831a3f15a2fe9c84d4cf0aa792c15014793355916f15b0ddbf,False
sppe4_00213.jpg,test,processed_v3/test,1f13579abb1e4a3ee9c5c742dcbc0f4804e76929239f79caa710a87278e26602,False
sppe4_00217.jpg,test,processed_v3/test,fad756e1a20f9d122fb7dfb63a3c8aba7dfc5d3e9c6aa605725f328600c90277,False
sppe4_00218.jpg,test,processed_v3/test,e197ed0df542f21c846ed1d762e808d57fb43de7daff72068c6634d3714a4de0,False
sppe4_00239.jpg,test,processed_v3/test,475effc0764f77d56a31245b31aa26214373f06a16d28540e44462d0ed2fffe6,False
sppe4_00247.jpg,test,processed_v3/test,3097656822353fb98b3f4b653c8a7fe0837e31fcddd6dbd9c753c6b26e544aa1,False
sppe4_00275.jpg,test,processed_v3/test,cb7bfa88cd1dcc173dd160159e087a09e10f145ec8d9cd457dbf9d0057c581b0,False
sppe4_00276.jpg,test,processed_v3/test,83518f490e0870a219ff537c3b93aa466faf736f83a04643a87fd698b755a629,False
sppe4_00283.jpg,test,processed_v3/test,13d01c6215e0c59186c9a7999492e472cbca6e25f4589164790f5bd64207679d,False
sppe4_00284.jpg,test,processed_v3/test,66cf78bc11f3bc4fea9f0cf83b2b5d078de25a0be13cc78a7bc34c51638f10c6,False
sppe4_00297.jpg,test,processed_v3/test,49110e1782a72858306dec64ee02a56ea042777a40a8a806c8d2de88eaa50849,False
sppe4_00300.jpg,test,processed_v3/test,421c5bcd17888bb35352894fe618e7ffee24e74d8ce232aa6fb8dc37af072517,False
sppe4_00310.jpg,test,processed_v3/test,592ea45aae20b2d75f5cda61ea51880862fa9562bb95e01e845bed02854b0c53,False
sppe4_00318.jpg,test,processed_v3/test,ffce4c4662ece564844ea4516df0245179404e52253d7dd07d2818c46e11aed9,False
sppe4_00341.jpg,test,processed_v3/test,5b8e4283b3bc87d2791ebb38007b968f048d792d5f5a0583fd13668cf915aa12,False
sppe4_00343.jpg,test,processed_v3/test,31c020b8f562cf39e25788190448f45354eede853792fafa87926b91fc868f0f,False
sppe4_00349.jpg,test,processed_v3/test,041575b885435c6ff35a9df0c267f3271c055f65f8f478f6c944b3826fb6b82c,False
sppe4_00351.jpg,test,processed_v3/test,771cdbeaf5182c29a8eb603203666106c1cfe68616b382dba01a85df70815e65,False
sppe4_00355.jpg,test,processed_v3/test,ca9cf96f393b0feffd1a69ec2ec3d730a1a505b4fb5f80be6e3fa0ef73590f27,False
sppe4_00359.jpg,test,processed_v3/test,a0796f3c22ce96fc2640f3ae624c6e5650d352e54aac6635be7c87d5fac2b0ba,False
sppe4_00361.jpg,test,processed_v3/test,c1c637d254d180002fe402fe227a49e12cb4d85eda67851aa585183b9a60367d,False
sppe4_00367.jpg,test,processed_v3/test,766b20b0288915b091663b13ee353077c7a12bb5e8be0d28b62971e457f041d2,False
sppe4_00388.jpg,test,processed_v3/test,e319d6cf7fb9cd2b3485f8a299ba2fd596d39edc739acb8572c36fb850425980,False
sppe4_00408.jpg,test,processed_v3/test,cd56ecc78bb1a01d48e55d62fa916b511fe39404943a9e890db372033a64d11e,False
v7_train_00000.jpg,train,raw/d_fire,807af9281d996ff560e14a61c4557d7bb414308e22c4154dc7b405344a15d89a,False
v7_train_00001.jpg,train,raw/bangga_ppe,f6b536ea9ba24f2d5cd0c0ca5981acaca34094f97a2b73dd8e62fe70661c1a57,False
v7_train_00002.jpg,train,processed_v3/train,f7188663a3656bea5108492c0b44e05f1f3896886672fa47aceae8200c68e9e4,False
v7_train_00003.jpg,train,raw/bangga_ppe,d99927b7133edfec3696a4edb3c99975059c3502e520b2071383d0fc3692e0f0,False
v7_train_00004.jpg,train,processed_v3/train,bd438ad8068cf2a36ec5f7e3e774cecf2e3d3e6545fba5db527f5cc52b79c9e3,False
v7_train_00005.jpg,train,processed_v3/train,69b82b310a9b321345bfc1dd7efad345dd61efbbeaa04ca8045bb25a23cfe5f3,False
v7_train_00006.jpg,train,processed_v3/train,f7cc118b3b56317f3575c9d657df1de293386f0ba5b7b294582f43ec2a967e07,False
v7_train_00007.jpg,train,processed_v3/train,176f76d36dbd4d49f475aa969b872def9e37af847ce18951688eaad0bbf414d3,False
v7_train_00008.jpg,train,glove_detector,672daf8718b8d93b28ea73e444167afe46d688a1980f5e2f10ea3a84a59d06dd,False
v7_train_00009.jpg,train,raw/bangga_ppe,31e543d32a7e09337686b43708c7c2e83106074d617c33178b7b1bd93296fc8e,False
v7_train_00010.jpg,train,processed_v3/train,6c735970f66099d85865d1a69a59cd2ba8082565f3df092eb0ea6bbab0dbc8e5,False
v7_train_00011.jpg,train,raw/bangga_ppe,138706308fa039cac3c51b424ae64e5f22b4d324c3a6b24ee3987da39bcdae81,False
v7_train_00012.jpg,train,glove_detector,c4227cd110ed7fbab895722f5c6167d512dbccce5d75af8229c2d6f7a64571ce,False
v7_train_00013.jpg,train,raw/bangga_ppe,b5cb79b8a9cb38cc98552cfc72b72e545128e5b49a66656db1b6fd915cb1fbbf,False
v7_train_00014.jpg,train,processed_v3/val,4917259a1e7bfc7d27d4b0431c11a7bb00e87feeddf2f0dd5c6e6788eeade6e8,False
v7_train_00015.jpg,train,processed_v3/train,e0aeee634bd56a0a6cda4b1faeb76e921848367163dd8c2d6c1b66b9c1e88441,False
v7_train_00016.jpg,train,processed_v3/train,c4f4deb691dcc52242efb492f74cb678985c9a2935f49ddba3f3ea9b82b55db8,False
v7_train_00017.jpg,train,processed_v3/train,b5f8c9f40b4946c95ceaf8f2d46ef42556cbcf7655e36adc6da77e92cf489077,False
v7_train_00018.jpg,train,processed_v3/train,8b6edd14e1a222e95952c52cd0e163bef2d61b4f2a321c0915e5523c728c5504,False
v7_train_00019.jpg,train,processed_v3/val,3539e73848c06a73855a78d383f4e0b2df741bd5bd583602c78c7fad39df7ae7,False
v7_train_00020.jpg,train,glove_detector,e344002a15095aafec6842568072f19c8d140cbb68c6dc0edc9743cbe9daf48d,False
v7_train_00021.jpg,train,processed_v3/val,537c2f3df4eea36ba46bf21be207ffbbbdb262184c3a5b7d7cddefdb2d6736bc,False
v7_train_00022.jpg,train,processed_v3/train,7679ee078ac48bf26108d9cfe6a1a90afe8a958e720949a1b6ce53d66a57e00a,False
v7_train_00023.jpg,train,processed_v3/val,74612075e4bf42320c1f689dd426bbf5416c630a036f361008ca96e06f920c98,False
v7_train_00024.jpg,train,processed_v3/train,7465cbdac77d99657b025f117e6b523cd8f247c0887c4b51a92652bf223e7c89,False
v7_train_00025.jpg,train,glove_detector,4e01da9dfd8dfa2b103e473c745d2d20a23076fb43aaa5f7b824d07ede16c357,False
v7_train_00026.jpg,train,processed_v3/train,25160afa7047ba56f44b227d9b0de161f887cbf30f18f5d5a7867150e4e88452,False
v7_train_00027.jpg,train,processed_v3/val,66f4e708aadc43137a7c3af773cf49b83d509146c6e61dcd86aff1f4688298a8,False
v7_train_00028.jpg,train,processed_v3/train,895055440d00e6afce676515ce7ad80161d08d6978527dfe7d29a77746149cda,False
v7_train_00029.jpg,train,glove_detector,9bc82269ec6e325b7a5b3dd23ccde371d8ea1958b267f06936e05b45c18353ef,False
v7_train_00030.jpg,train,raw/bangga_ppe,c4d8c9a3ae5ac315e93d2667b1e76f69c55733309e231bdd55ed8af5890a334f,False
v7_train_00031.jpg,train,processed_v3/train,6d0ba5607d16b4e5ac3a12279a4ba09ae883bbae2066a8ad8ddb2bdfc6f905f1,True
v7_train_00032.jpg,train,processed_v3/train,b05399559f57b2be5ed7d400144a8aa7d71bfde988fa93ca69ed6221b3c1ab6e,False
v7_train_00033.jpg,train,glove_detector,3a98d7382c042758e451aff2d9e69726b8e3690467f193a4f623d903a21e2a19,False
v7_train_00034.jpg,train,glove_detector,ac2eaab13c6522eab2c5014a3abe18c5bb46d19e542c2a0ba3990063a6b36425,False
v7_train_00035.jpg,train,processed_v3/train,22821d4bf14cf9a0a747123d1dd7fac20021e56de0749767f1c6256a660c2f7b,False
v7_train_00036.jpg,train,processed_v3/train,2e8ff00865f9c8404e71bf284b4a0fae4a31d9f559a62a015d0032bd5d7e614e,False
v7_train_00037.jpg,train,raw/bangga_ppe,791a10cda05cd14edea0bbb0716b5b84b37203bd76a71dd80be2bd741ccd4980,False
v7_train_00038.jpg,train,processed_v3/val,bbf8b22cb97139e02bc2da1e817dff5a6e8d2cbc8f38af8d2a6e87f0939c8155,False
v7_train_00039.jpg,train,processed_v3/val,d2c2e7c213269ad0dad6753c3e64e8c7b521218118b3bf55ac89e34205b5799e,False
v7_train_00040.jpg,train,processed_v3/val,bb604d7a10b0cdb65e01cc39140280170f476dedb2a6d5c4c5954d9787072e77,False
v7_train_00041.jpg,train,processed_v3/train,b0ec0a69e9717b64f731dc744cb1d1fa7a5804647d704a3a4d04bd7211f28afc,False
v7_train_00042.jpg,train,raw/d_fire,05bbaecd9ac911f45a98f7e80bd29e7b370becff60dae143728df98f325d238f,False
v7_train_00043.jpg,train,processed_v3/val,f4a37c2ffe31342d1e7ba008f851ce085b2664e5c5ef45f471a06ea079fbbaa9,False
v7_train_00044.jpg,train,processed_v3/val,e63be8ddbd65faff61c303c1b1704d1a65c4fe1f30c89b8ff01812e66380c8c8,False
v7_train_00045.jpg,train,processed_v3/train,04a5f995e0c65015a223ff9b2e68e42f7cd7c2b307384e55dddacd934cc0f680,False
v7_train_00046.jpg,train,processed_v3/train,40c5bb57c7e39194e7ce1552529be199d0e370e0cf8fb5cc694886cdbbe28002,False
v7_train_00047.jpg,train,glove_detector,2e8ecce32458e4855b8b2817492caba0f9a80fa3cb7387b0f70512ed06d7cc71,False
v7_train_00048.jpg,train,processed_v3/val,2e6f48d0c7bcafe1b18c920a9ff2c2c2f5db737ae05231f24acb00694ad8b6ea,False
v7_train_00049.jpg,train,processed_v3/train,1aaef8fe0cef441eeb6d0ad97cd36b7af645b9b06bcf2819b05ee3e359dc1c28,False
v7_train_00050.jpg,train,raw/bangga_ppe,279144d67596405bdc42b83d8acec21655c9676b74cd88a7f9b0d825c496fe6c,False
v7_train_00051.jpg,train,glove_detector,97ff4444407472145f5e4a2135c727408f2f3ba7df7118731010326b53f7d806,False
v7_train_00052.jpg,train,processed_v3/train,3aed51c14bbfbd68e9f3f456fcecb4e0356db5267bbbd156f20c2570ac24b2f6,False
v7_train_00053.jpg,train,glove_detector,54ecd671b8ed1aa23f28ded4e3e2b59ea6aaaff9de4c2f47aab7e08204d1e2f5,True
v7_train_00054.jpg,train,raw/bangga_ppe,a52f2d3d1e066d646653a8d68911f8e4134b1650102d01c4c49da3c1b852c84d,False
v7_train_00055.jpg,train,processed_v3/train,07103b683aa99a1ace04cb01941897479cebb891f99eb412f8690cdadf9c9a85,False
v7_train_00056.jpg,train,processed_v3/train,f79b54db7f7bc8a724e4145a12c749377616a6a045050f54c07331828752642e,False
v7_train_00057.jpg,train,processed_v3/train,b13527a4d24199db6b66df6e45049c194cdb7b79f215297ba9e74e75faa50b27,False
v7_train_00058.jpg,train,glove_detector,d49de45b69d10df0310387b2455feaab31e475ea629cee8eb43ce2167f21c084,False
v7_train_00059.jpg,train,processed_v3/train,a7da1d3ce72f99c4c0ffc03bc5c71ee505bbc3a691988c0ae678aa72d3a14d17,False
v7_train_00060.jpg,train,processed_v3/val,3d116ecfa9521c865ca9d982d41d23e43baa3ff5552291ddb416da3f8622b7e0,False
v7_train_00061.jpg,train,processed_v3/train,514a6da5f847d887a6857fd9d0d8c4513f48971badb358cad2f2948adbd7dd40,False
v7_train_00062.jpg,train,glove_detector,ad800baaa8b1d94122b89c0b8ca1e14db3618be53e34fd81600f6d8fea37af28,False
v7_train_00063.jpg,train,raw/bangga_ppe,c66664474caa3f667be00b3c482566ef251f80ae02f9b25f9a255fd68c9c8fb4,False
v7_train_00064.jpg,train,processed_v3/train,683bc642ea8e039e3ed7a47380df1f5a2c0c62b75706045253e6513d82f65db3,False
v7_train_00065.jpg,train,raw/bangga_ppe,076869b2c686352caa98ffe95fd1faf2eb7859243b00cdd87e5e8840ca9fe855,False
v7_train_00066.jpg,train,raw/bangga_ppe,74c7362256c35660ba0f94603ec6f2d09beacc17e9a3d49f49d74fab7cfc0ea9,False
v7_train_00067.jpg,train,processed_v3/train,f607275739b3e1a87397aef5ca2dbb804525f762ff0678e240f03eb925a32fbf,False
v7_train_00068.jpg,train,processed_v3/train,63f0cb97b7b564d6c1b828c26a57427c0dc2891fc2c94ced739e7de2c46233d2,False
v7_train_00069.jpg,train,raw/bangga_ppe,fcf37d888f0780c141c2e8b66aa0c0392c672e8e8fbf6cbc20ba498fe8f08b9a,False
v7_train_00070.jpg,train,glove_detector,49d55eb4388bd59bf50cfa8f5e572c0a96c8943b2b1b53f6253c870dbb0ea3f7,False
v7_train_00071.jpg,train,raw/bangga_ppe,32d67ac1da330f2a161b31333ebbfb17d6a7690ddae2d1832772a08cd64009d1,False
v7_train_00072.jpg,train,glove_detector,67b56d0787b2163ed5739f83cab7809b0aa188dc9a7405a2b79b9c0bac455f35,False
v7_train_00073.jpg,train,processed_v3/train,e737598221d49dec3b6dbe409edaebd512b1d45e96faf6a20c3b575c9e313795,False
v7_train_00074.jpg,train,processed_v3/train,9aa07ce6d053a106da12c214371a268d5ce8a30245d941276d1e31884829eb66,False
v7_train_00075.jpg,train,processed_v3/val,638d41782ca36869565b7add04a07dbbab340da73f285c9485f0cbd02832f770,False
v7_train_00076.jpg,train,glove_detector,9fc4c902ecabbeb4de4c5d1f0b61c3e140efee2e04bb6078d932145e3a33c7df,False
v7_train_00077.jpg,train,processed_v3/val,ba1b2cb516ada63344835275bee73692baeb58a20b2333cabf3967b6b301cd3e,False
v7_train_00078.jpg,train,raw/bangga_ppe,15c6f49f5cacfced144dbc10e4e20edf4f4bef50ca190584e2a3d58d57479e5b,False
v7_train_00079.jpg,train,raw/d_fire,758e6e0c243adccc2696349aaaf9a5c16ab8d268b3dd174f41d79c992589f5d2,False
v7_train_00080.jpg,train,processed_v3/train,dcb1bdebe2f7c159a96164eb584feb3781faf5db0be3b51c5e4236c70e252b61,False
v7_train_00081.jpg,train,processed_v3/train,3e034ad712dd2e07e665a3b4f2396db07ad4d3e131f99bd2a3cff029944299d5,True
v7_train_00082.jpg,train,raw/d_fire,84aa20b80f39ecee040bb8c2b402db1899c53df45d295d5b42e5e7fe0dd1105f,False
v7_train_00083.jpg,train,processed_v3/train,3f99a9f8097bea1733810c75c7ed2023d2cc9b1ba77da2d51b6752e33b303999,False
v7_train_00084.jpg,train,processed_v3/val,a7e7a019e9a62b2b17d6d9edc61c44b29a1ca0aaef2f2169c21f0807057e6c51,False
v7_train_00085.jpg,train,glove_detector,83be010770582aefe1dd40459b401a1395a612d76161846fffb7ea8a837f7868,False
v7_train_00086.jpg,train,processed_v3/train,d0aa7a05d9e5140babe0f985f91f31cedb647a204a464fbc93b9dea822e350d3,False
v7_train_00087.jpg,train,raw/bangga_ppe,59e703c93e9b492a8d90343b484ee22cf4b705318b624ef0a632cf9b1bc622ac,False
v7_train_00088.jpg,train,processed_v3/val,9d5c8b9c38d4e7f35021422825da7a7325e57be599a32455899f205ab8d9eac7,False
v7_train_00089.jpg,train,processed_v3/train,318ebb6f11f9e7d3666bd156e2d8e100eed7a5232082cec605e040fd719ff73c,False
v7_train_00090.jpg,train,processed_v3/val,971f55a6ae4fb54166206921bada57c68396c6a043be4e887c00efc4c6dc2cf4,False
v7_train_00091.jpg,train,processed_v3/train,e63237e1b54e4e3f055235898452f02d1c963051122f36c939daf772672ea7ed,False
v7_train_00092.jpg,train,raw/d_fire,5420e401f19ea41332ac45590a6c88f093e1a231051a5e78bef00c070a15e3ec,False
v7_train_00093.jpg,train,glove_detector,1db907a8fb6d81300d8095bb77deca42c8f89333cb6f4b4d38984f888f41ad27,False
v7_train_00094.jpg,train,raw/bangga_ppe,5a23cecfe6e90680355b76bbc07cb52cf00270412a430fdd7305be7bc2449233,False
v7_train_00095.jpg,train,processed_v3/val,ff54bbe4ecc901d9b3aee7af1a7253c0e7f1e3dfcc4290245aac1c328d364aab,False
v7_train_00096.jpg,train,processed_v3/train,4eca67ec46bd4e610123c12b801a8fa45a2891095754be1849f31804f0361e7c,False
v7_train_00097.jpg,train,glove_detector,dfb5375a9bc604e48ba69907924ad6308403bbe4cdd5ffb2234ef3ff8ba692be,False
v7_train_00098.jpg,train,raw/bangga_ppe,e2c0e7c90de998bc0ee5fa89a00e5cf4645e2357172402dc88a8580a96cfdbb5,False
v7_train_00099.jpg,train,processed_v3/train,0f018c22623222599977c8b02e64b48c24abe9c78a3b85e1a55fed60380f912d,False
v7_train_00100.jpg,train,processed_v3/val,8bd3c4cebf5f2857735502dd209ac7b76d5fd55394ed87e994d59561e626f110,False
v7_train_00101.jpg,train,processed_v3/val,bdccabcbe6de42450f21551cb1e44ff8e194a733a8b8890a7a09dc082fc53498,False
v7_train_00102.jpg,train,processed_v3/val,6f60bc0fbef6fae81d464eab76c39b8fbcc5b4f232d4b050e848921b5edf21ac,False
v7_train_00103.jpg,train,processed_v3/train,3c2bc8dade23f12d29b9da532d8a7342533ba015e41cba073cd435b550f666b9,False
v7_train_00104.jpg,train,processed_v3/train,9ba83524f3321bd87594a5d69bcb18e4ddcf46cbbaa149ef984682e2a1853d36,False
v7_train_00105.jpg,train,raw/bangga_ppe,242c1c39515925b8da586899867022725086458da00deebc790f26bcfc5a3bd7,False
v7_train_00106.jpg,train,raw/bangga_ppe,dadc8418a744337ee5ade022a380c8dfdcaf379c12a796df13432510239a033c,False
v7_train_00107.jpg,train,processed_v3/train,1717fefef06ba205563236d3116d01b59f31062ec7f70feb5d34f074b538eff2,False
v7_train_00108.jpg,train,glove_detector,cd0145bfce8c987592071dafbfa1af69bd63d825d108adee9d3a7b13fae73e91,False
v7_train_00109.jpg,train,processed_v3/train,591d617c35ab5bd034be2a8017558d6d0a6663e4a68441694e03c3b91aa97e78,False
v7_train_00110.jpg,train,raw/bangga_ppe,042bce9bf827b114dd7431ccfbb4493dfb89a9883aa192798a48a2593655a429,False
v7_train_00111.jpg,train,glove_detector,ef31a567c0c4581e4906554b9aabf1f105571b80bf260e752e1f4bb4a601c3b3,False
v7_train_00112.jpg,train,raw/bangga_ppe,9c649d7cb8f2377f0762b402f8ec27ccd03fa450b8c8d8781f67955e5e90a273,False
v7_train_00113.jpg,train,processed_v3/train,ae8b4694edc0bc03a272407708ab20a91079e9da0b61da50d9886afe57594672,False
v7_train_00114.jpg,train,glove_detector,414118542b41c8aab4e3da70b6cd098b21d1edd1b6200b46376506804c686cbb,False
v7_train_00115.jpg,train,processed_v3/val,bd7e5405e5f62536e18ccd2c19ad28235256b1bbf27f20b4e21fbce270660728,False
v7_train_00116.jpg,train,processed_v3/val,dca5c4f408648de6d14cc1ad0a4c3541953a4573ed0712b2ed7a5cf50fb3a1fd,False
v7_train_00117.jpg,train,raw/bangga_ppe,6a4ae2bf15da688d8a9354857062ce5ab675c9911d861783f37aeb3ce2ddeab6,False
v7_train_00118.jpg,train,glove_detector,062bf7973b7b2f904f59300a45babf0bb051bad41a8f9b49f16d8411ee823324,False
v7_train_00119.jpg,train,raw/bangga_ppe,31253f1a01f755f2c017f4a21fe865cf10843d817119861fed2339ea9eb36359,False
v7_train_00120.jpg,train,raw/bangga_ppe,2dd1a6844909e3b193d055f778cb3bf8f0985c07bbd99bb08ff0d42427065611,False
v7_train_00121.jpg,train,glove_detector,b0c42c10526ed41193d0343bcc661f91ae04d7318b7141206f29d92c83fa47f7,False
v7_train_00122.jpg,train,raw/d_fire,16d7749545174274daf04ac5533ce5c54b59bde23fee9d1a74de9cd339fbcf4c,False
v7_train_00123.jpg,train,raw/bangga_ppe,fedcbefb24611211c14acdfffc718f68e48f2ee11236b58f2d022f003aa2c797,False
v7_train_00124.jpg,train,processed_v3/train,a84e6bafaf95eb6cc807dadb75c417c5fa07983c948897c1264f1e1a96e1452d,False
v7_train_00125.jpg,train,processed_v3/val,b22c697ec4506edce5d0913b714962fa4e20761d2291035433e6a881299c8fac,False
v7_train_00126.jpg,train,glove_detector,816b3d493a6caf1ecd248ff42effef95703979822d57272d22972efeef94c27f,False
v7_train_00127.jpg,train,processed_v3/train,16efeac5510c7c4e7c65d55ee96d995a6c75b8b9024117388ea5abb28825f55c,False
v7_train_00128.jpg,train,raw/bangga_ppe,c06e5bc0985732f042327ab158d93fc8ab1290d2130bbd55c692bbe828ae127b,False
v7_train_00129.jpg,train,raw/bangga_ppe,c328e69400abfc84ad615d1f3d021fcc4f243ca75122fbb1c504d37944637b39,False
v7_train_00130.jpg,train,processed_v3/train,dddefdf2f967f62387bbfd33049b20d2d90838d45acbbfd6920e2075af2c348a,False
v7_train_00131.jpg,train,processed_v3/train,067aaac82fecd42e0971362b6971073a0b871fd85032a7c9ac6a877619b8e979,False
v7_train_00132.jpg,train,processed_v3/val,5c56e40be732a56272d0d3ee36bb4e859a6ea2f416892eb99d0b804e27dd6f44,False
v7_train_00133.jpg,train,processed_v3/val,30b19ae27b27f868693454d1fec3d9ff1880825668fbb6596fd841bbdd5e8d04,False
v7_train_00134.jpg,train,glove_detector,f3a86a73368260eb3c4755e71053e3952c405a4ee5873e03a39ca793f110141b,False
v7_train_00135.jpg,train,raw/d_fire,5b9132ca5cce1676a526a4086d09d8ba46a9664df6d392b62b3f0a98278649a8,False
v7_train_00136.jpg,train,raw/bangga_ppe,3d7edd4f1159b35f38f8f17e84e0f23d26975d203fb34488774a03478682ef6c,False
v7_train_00137.jpg,train,glove_detector,950ab3d80f24643c7e6478a7676c3179566cdc73dcfbb2861dbd5d99a08a1520,False
v7_train_00138.jpg,train,processed_v3/train,1d1b36392a2108173101e48302e6d56ce29496f96e5d2ee9953c0ecb93ec8883,False
v7_train_00139.jpg,train,processed_v3/train,3796732f81ce9484a95a644665a52ebe123613895083eb3dd33d87886388f971,False
v7_train_00140.jpg,train,glove_detector,e6e85bb1b4b9f948a19c85812c8b01eee0bffdc3dec0c076de9d676080b29a7d,False
v7_train_00141.jpg,train,glove_detector,300f775d6e814f7fa2701dc4105802076db6c822621d2701d64e22276b0f51b3,False
v7_train_00142.jpg,train,raw/d_fire,9a5fd984def53edc3989aed8e4b1cc126069906496d1383b063c24ae66e7d943,False
v7_train_00143.jpg,train,processed_v3/train,929cef488348167efdd8c0050958544110a8a38aa63c96170a93b67033f989ff,False
v7_train_00144.jpg,train,raw/bangga_ppe,011ce8b958abd1fcfb37e6fb9e17165adb5d7ae0d0e182c7a3fd9eaccfc211bc,False
v7_train_00145.jpg,train,raw/bangga_ppe,163bbd32cd687fe23586be726bdd5ce309b5786744363a8390e4d83f57a82779,False
v7_train_00146.jpg,train,glove_detector,47e1c20b6107dd7f2f21049979547893b42e03266fbd5459e566236f018e58ca,False
v7_train_00147.jpg,train,raw/bangga_ppe,f480924bb4749e2b74ccf463c22c5977b7e01f98381a2b004d9aa78028b77b87,False
v7_train_00148.jpg,train,processed_v3/train,df18685c630ea59f631c9b57fed606c4736b11eefab186ed7b5d16d66bd18ffd,False
v7_train_00149.jpg,train,raw/bangga_ppe,0936ba054dab154eda056d6aff85754415faf547ee11048a38293a0ac2f5f18b,False
v7_train_00150.jpg,train,glove_detector,e2d9d89737ba2b39ccbc97eeb7e3f8c4cbafc36a9c8c6d21475db069dd64816c,False
v7_train_00151.jpg,train,processed_v3/train,1ac45b5f686bba9c32ec75abfb55251395c241079cdff1e69e984421e668f488,True
v7_train_00152.jpg,train,processed_v3/val,5f0b6023c33dbf34a474b526c628136384f20144b6b421219274bf9c2d07bd4f,False
v7_train_00153.jpg,train,raw/d_fire,374db6fdbb54bb6914170abb8c5166834b57bd93a12e949def29ade8e6983e3f,False
v7_train_00154.jpg,train,processed_v3/train,011c5eb8303cc0c5d57b9da3ec66b5dd684682b327ea90932980b9fc6b80e1ea,False
v7_train_00155.jpg,train,raw/bangga_ppe,1957b858cd753e33ca95b2a4eddd9cf72ca340749f30331cb3c3fac43040efdc,False
v7_train_00156.jpg,train,glove_detector,54e1a6a42f5c5fc6f030aa0f9493a0fd006069b004264ce2dc7a1d9091aea39d,False
v7_train_00157.jpg,train,raw/bangga_ppe,7037e8b089c87d74d9e7e0589f1505796aa78761e87113b8675508da9a5aa3cd,False
v7_train_00158.jpg,train,processed_v3/val,1e6ec80bd5b093b726c1bd1a655406f1ad4b4c93434ac516a3471e24733221f6,True
v7_train_00159.jpg,train,processed_v3/train,1c38be4764aa834cbf01f2b659002ae38c87ce247e25e627ae9b1b349812c73f,False
v7_train_00160.jpg,train,raw/bangga_ppe,62418c2bb3ecb5a7d4a6ba1627e48fceebb8d6f10c26aaa55a893927d44acc7b,False
v7_train_00161.jpg,train,processed_v3/val,271ecd3c33c6d7cad78cac23d6aeb7efff4a4619b7def9c9ac07281424dec0f7,False
v7_train_00162.jpg,train,raw/bangga_ppe,da1357e9775030f3bd364da7b9ee4f97d14f8fc6e30a1a0244127c852995d2c6,False
v7_train_00163.jpg,train,raw/d_fire,72e0c2c32f9810050609211ef02d3a28e729fa42ce088d7d76e9c7ef4f38ad8c,False
v7_train_00164.jpg,train,processed_v3/train,e738de2ff24405754492a90bd967d7a3dc6e005326ce6ee35f4bb7268323e33d,False
v7_train_00165.jpg,train,processed_v3/train,7d90d8ce37763cda07bf0939517fc379f7181e3db800fb8c80c1b5fcf27c63ea,False
v7_train_00166.jpg,train,raw/d_fire,4e1ceecb0cf9d1ac35e4ac9693257050aae4b6adfab1b4d54d7398fdf1ba0dad,False
v7_train_00167.jpg,train,processed_v3/val,1f0823881c7638ccb4f2d44df2421222b1210054d60a35944b80b7940ba20eed,False
v7_train_00168.jpg,train,raw/d_fire,26ddad33915e37326b612a33be480688231836555ea7eaf05b94dcded696f0ba,False
v7_train_00169.jpg,train,raw/bangga_ppe,2d4d923ef46c02d6b8b4f2b69f414c316870090e5f35914333550599fbf6046e,False
v7_train_00170.jpg,train,processed_v3/val,c664bd2e1b57eddc15f0d59ceaeddc6cffc8ba22da1624c96d5d4e5b42e39258,False
v7_train_00171.jpg,train,processed_v3/train,8b583e4e0fc8dbe47950d1b662ac668ce5c87c73403231ee8bf117ba30466f08,False
v7_train_00172.jpg,train,processed_v3/train,65ca4b30f33271ed8dcecb98ebcb6735b8d6889bea76ce24d4b3a13294380a6d,True
v7_train_00173.jpg,train,processed_v3/train,a821e711e0b4fa37f2fe4711d99f1c746fd254ce9a3a330f96300b83cd3fc936,False
v7_train_00174.jpg,train,processed_v3/train,93fc477605f4f046995c24d602345936c245b260f637d544a40644260d1f6c1a,False
v7_train_00175.jpg,train,processed_v3/train,cdd8ecf68b74023b2678f24f81371757f2b933aed628cbec56242b1b5b1ff4a3,False
v7_train_00176.jpg,train,processed_v3/val,7629e330ce47dd0c5a5e016f529f382d1d79f2830dc0f16f776cecdcb69cd610,False
v7_train_00177.jpg,train,processed_v3/train,1869046f77ea16dbbfbb30c385359ac2c09c2018a4d22d63c64ea2613cf89910,False
v7_train_00178.jpg,train,processed_v3/train,c47f60a568a3a5ff36bf5e7560852d5618c4d0bb413d5faf46460d7596ec6c45,False
v7_train_00179.jpg,train,raw/bangga_ppe,0f8e962a8818c1dcc0d59236a4ad2f5b2d600007a3490f61700911493b26e3cf,False
v7_train_00180.jpg,train,processed_v3/train,010319254cf9abbadaadb4cab9fb622bef7a4131f4290e860cd819a89440c0f3,False
v7_train_00181.jpg,train,processed_v3/train,33fb1fb6115d3a66c1db83f36fc8f1bf4b8c6cbc2f49bd0fa565086141b13493,False
v7_train_00182.jpg,train,processed_v3/train,5863d0230d82130e06e95ebc6893f711052d747182de283589c3e936e83f1472,False
v7_train_00183.jpg,train,processed_v3/train,25466a7c2ec8c40d8da395ecb6c32113bdf711d711c38a9de93034194f044b83,False
v7_train_00184.jpg,train,raw/bangga_ppe,fb2d524da67810142b65a512d9e7ccff563846cc1f2f4e34f052a51b473de290,False
v7_train_00185.jpg,train,processed_v3/val,10c398bb3ed9f409ce835389f3d40ba01353d8bb70971f07d23da78115d2dd84,False
v7_train_00186.jpg,train,processed_v3/train,3832629bc8ab0c7c84a63a849b4bfde2b69889a540725c07f7acb6a257ff4601,False
v7_train_00187.jpg,train,processed_v3/train,b1603ec9569700c2b3ed92c61c9e7d2805e8d63730b9526ef317f5e801f2cb04,False
v7_train_00188.jpg,train,raw/d_fire,87c516d7b725376aeba893c9f5e65eb8cc98c13249c99e90edb002d9a7a3d13b,False
v7_train_00189.jpg,train,glove_detector,cdf62f9e97948d07525e4945b09a215e9efb4fb5f43d00e52957fad0e2ae1490,False
v7_train_00190.jpg,train,processed_v3/train,35eeb302dd523dac7c115fbb0c28bb8af4f05bbd953028427e8bc7c9916b7ace,False
v7_train_00191.jpg,train,processed_v3/val,37d09c34c15eb6bd7706a67f9c06f29a6d5f3047c16098f2c6d44015c68bad1b,True
v7_train_00192.jpg,train,raw/d_fire,de7daef8d611ffbc0d4877e848faed9b28a0c54f510549e0bc3f8de6a7c71606,False
v7_train_00193.jpg,train,processed_v3/train,c39c8996283e88c97d9455911933eeefec8c03a9a43c3b2a08bcce909aa1ea62,False
v7_train_00194.jpg,train,processed_v3/train,3d324b41c846a5898dbc7bf92e659247b8fa8a2b44b5a1fa8769a39aeac156aa,False
v7_train_00195.jpg,train,processed_v3/val,fad9da784bed75f716c395b3f08f7ee8e884bc2df5012fe72260282823634724,False
v7_train_00196.jpg,train,raw/d_fire,e746501c8e24fec23891b6d645c5112ab123ab7431d68b123222f5a4d953fed4,False
v7_train_00197.jpg,train,processed_v3/train,37aa72453302949b2fdb28f7d4387eabc5f412e8a4d22b4dc32af711a176f20f,False
v7_train_00198.jpg,train,raw/bangga_ppe,5e563f207c632878bf2edf3e161e812e508c2cfabdf7850d3c433bb3f96e4211,False
v7_train_00199.jpg,train,raw/d_fire,921410bac4b0a686a83aa868afdab031bed1e56956b4b78caffc9b5e7426f450,False
v7_train_00200.jpg,train,processed_v3/train,ddb8fa69c26893fd4252ef95fca87a1620bc453ea16b48b34ac9d7c2d8db8c5c,False
v7_train_00201.jpg,train,processed_v3/val,5d9c1c691979be79239eae65dbaea04738b25435a79305792f1609e9e35a3bf6,False
v7_train_00202.jpg,train,raw/bangga_ppe,e9332c480545fd4dca3016cb64bed64b51e69a6849fb8709658f9b6acba7c77e,False
v7_train_00203.jpg,train,glove_detector,11de5427a71f7cc70915a234d04b607d927e4c225e7315f584ae14c90e8b6a6a,True
v7_train_00204.jpg,train,processed_v3/train,ec351a54698eeec2b0b36aa9df17c13c204ff338acebbf9af81481c04a109aaf,False
v7_train_00205.jpg,train,processed_v3/train,19d7b18971c77a4c4ab02f5ff0631a8079e9987b2fa96295655958c2e1d28595,False
v7_train_00206.jpg,train,raw/d_fire,296fc4b10a78cb433cf498c62f418f53a48906719208ea28d0a9cd1405e68361,False
v7_train_00207.jpg,train,processed_v3/train,23667db732b27519d0aa5375df57387467877dff2e4f5053553b53b7a6a8041d,False
v7_train_00208.jpg,train,processed_v3/train,797cb64a30c9275f5902427bea8b6d26b5816270353b58f95095ab420b831f44,False
v7_train_00209.jpg,train,raw/d_fire,80f37aecfedc5c7d8bd85c1c52fd030233d269932247ebbbda470df55f99b255,False
v7_train_00210.jpg,train,processed_v3/train,20f13219ca460e01f081085c65fac906a11ff4f67f608cc4dd70922eb612d99f,False
v7_train_00211.jpg,train,processed_v3/train,dfce2a13528a2a7d5e522ae238646669abf753e17536cab0ffc15a893e9b9e56,True
v7_train_00212.jpg,train,raw/d_fire,3db88defa983939dfce4fbbc284d66711eec66d62fe3199447182fff04a81d0f,False
v7_train_00213.jpg,train,raw/bangga_ppe,507253f69776049e5fcdcbf09748e88aad325052e0b2ba1f1098e1ccc29f70c4,False
v7_train_00214.jpg,train,raw/d_fire,cb1fd4a9d421eb1adf4df5ba83e0566a734b6a4aaac67a7909ef0b1bbea914b1,False
v7_train_00215.jpg,train,glove_detector,69550eec2c704c9ba9c676efed21178e978ca69af4bb6b4a2fe2a08ac85129e0,False
v7_train_00216.jpg,train,processed_v3/val,2732999396d6ff93ad9f0a558ad7e410b41b1473fc1086146f1861099ddc0b5a,False
v7_train_00217.jpg,train,processed_v3/train,82e2fcce336771974d5f334fc03697f576a1ed2fa26c818cf90274c1f9d740a9,False
v7_train_00218.jpg,train,processed_v3/val,e58aad187c89f779da9c6e2f5f9e1a54e89159632499b95020fb3d7b0da17b37,False
v7_train_00219.jpg,train,raw/d_fire,e8d9986183f56708e83c7f9a103d5857dd2d98bccdf92e69d848697394513472,False
v7_train_00220.jpg,train,processed_v3/train,b04498e71050f93e59f18080cdfa9fd08a02f8c744dcbd5d09a78734c3c4814e,False
v7_train_00221.jpg,train,raw/bangga_ppe,9ff7760ad0c74a42f84f88b58d0d3ff4e3854a824399700e2539783635156c92,False
v7_train_00222.jpg,train,processed_v3/train,2ad2b8979932ea69c43e694519946717f5c0de54d4e007c5e5f06217b2b5cde4,True
v7_train_00223.jpg,train,processed_v3/train,b26c8dae1091d0c82e597fb0a29cd921cfe0269f43b1193ba01d0dd301882444,False
v7_train_00224.jpg,train,processed_v3/val,e4990fe8986cd1cea42da0160e2cd7f9d808070457507dc6a315c3f59858feb3,False
v7_train_00225.jpg,train,processed_v3/val,82ee998d83899fa67bc32ad9ff21cd4c87cf2dda3ce37e82417cc6194d2ff416,False
v7_train_00226.jpg,train,processed_v3/train,9bbc816f59cd66ab49ceccdf115814fb7bc956ab889ff0e699185fea625e09f7,False
v7_train_00227.jpg,train,processed_v3/train,a3d60d34718aada2636cae618161eb516c9611fd2b263a4dbc57246c2b7d527b,False
v7_train_00228.jpg,train,processed_v3/train,0ae4bdff03d2f4bee7a69d034818b4f17cb95ad680d170ee578916e9995e16dd,False
v7_train_00229.jpg,train,processed_v3/train,0e5fd1ef0cc6a729c9c061ef712f7a4e3eac4f028e557ebe21743ef0c981924b,False
v7_train_00230.jpg,train,processed_v3/train,42d5f1e28693fc4f71f9fa29b5fcc5806f0320d28a6ad17bd96618a76a46a250,False
v7_train_00231.jpg,train,processed_v3/train,75896f27bd2ee989711ecd5c3aff7092634cd7d1b36531ff36239a3aacc04218,False
v7_train_00232.jpg,train,processed_v3/train,ae4fc0a3bf190461235496ad9752584f616ffd872d0a9bebdbe63b1e033ea348,False
v7_train_00233.jpg,train,processed_v3/train,230a5452f45d1364dd1445d0a8bac37ad48b9f73d3458149580b92c3fdf13b72,False
v7_train_00234.jpg,train,processed_v3/val,2f89c4a49a973022057af4ae66e81e8049a79a1c21d1b316e5ad77988c95a77b,False
v7_train_00235.jpg,train,raw/bangga_ppe,9527e51e8318806800eb912b144440f56eb1580aa6f6b20944b42e631cc0d07b,False
v7_train_00236.jpg,train,processed_v3/train,da2018194dc5ecf2e8b4efac531805ce86b45bf7bd6950ac321fea531cf41a3d,False
v7_train_00237.jpg,train,raw/bangga_ppe,d30ae9781b323960640a2a65274154fc636b8f8f93e50dcff788d9f196fd99f9,False
v7_train_00238.jpg,train,processed_v3/train,7c8a62b28862e64d9292ce22c07072f0e2025d3cbfe516c56a59b1a0b85df31b,False
v7_train_00239.jpg,train,processed_v3/train,aee0d9241bf5ddeb2fcfffbe8cd86f2deaf41b27d07d169c7bcda9d70363c228,False
v7_train_00240.jpg,train,processed_v3/train,912f609f57c3e72fc04bbf30dd278d4da1e9ca8a7d1d322d22ca35608b9a2c73,False
v7_train_00241.jpg,train,processed_v3/val,cb9915dd5869eebbd846a7a3c703b7d0dd66336f67cde7bbd1614b66366ea03b,False
v7_train_00242.jpg,train,processed_v3/train,88d1bb92e59ddbf5f9ba3ac2efb6f65a94d8fbe487eb63c4c5c2da6e1ab9330d,False
v7_train_00243.jpg,train,raw/bangga_ppe,7b1a71c6c0075978536f29150246cc1c8efe5416d97ac6884f2c99658d867106,False
v7_train_00244.jpg,train,processed_v3/train,e98b7baffe0cc5ad523f3912aa9c03c559a26038f27001ca47ee3f1e23264437,False
v7_train_00245.jpg,train,glove_detector,a19b1bcc634126e257ab2df96f6a4eb0327ee2721938e74ae4f87f0c60076fd2,False
v7_train_00246.jpg,train,raw/bangga_ppe,fa8e5d03529264d44802635decac6a74280110d0b2e2d065fd9f7445aa8c4c36,False
v7_train_00247.jpg,train,processed_v3/val,9c0b4633005b8d04072a5af648111249086d320fe9abf242e9e01434414dc79b,False
v7_train_00248.jpg,train,raw/d_fire,3d75ef0fa1b1067579a0c8139353b58ad9a6bfe50349f7e7d7e96f40271f79a1,False
v7_train_00249.jpg,train,processed_v3/train,0384adc07a625a9a4d16c72dd7525603e3c81244b1267524e10e73666751d253,False
v7_train_00250.jpg,train,raw/bangga_ppe,93916a76ba9b84de410a393191010ae6250feacd0411b5425d115c29fb983d46,False
v7_train_00251.jpg,train,processed_v3/train,938e486a4e06ec33a46e9d4d3dad954a0f76b8954f621890a8b78ec276856312,False
v7_train_00252.jpg,train,processed_v3/train,dbbfb5f26051cc5fd816ac718f55075226fcadab8db78ad77cdcf741d5dd4a16,False
v7_train_00253.jpg,train,raw/d_fire,691066e39e65cadbb044bfed3916ac87898497291039e7f8c98803603374fb59,False
v7_train_00254.jpg,train,processed_v3/train,9111353d3a135f9dd5ded6e753fa978c735959a124975aa41da3455285fc931e,False
v7_train_00255.jpg,train,processed_v3/train,a6fccafb8375a6e3b3e4d736f957730946daad152a31aa186c0e87ad10e42043,False
v7_train_00256.jpg,train,processed_v3/train,b77e735cd66aacccbc1502b0ed05e26f254f6edba02effaded4bad738a523e2a,False
v7_train_00257.jpg,train,processed_v3/val,8d49ebffbc6f40385297aa5e5b6c2dcd271956f16ecdcd33d2bd2a5676c240ae,True
v7_train_00258.jpg,train,processed_v3/train,f973b0fc7fe455b516f7c73631110e79cdce21e43bddefd88a0849472290b020,False
v7_train_00259.jpg,train,raw/bangga_ppe,5fccdf6085b31f9b825fe94596ed6f7f0c138331376b6ed9e3ce1a1a720c3d89,False
v7_train_00260.jpg,train,raw/d_fire,7df7fda931f5809d0c703d1f4c45bd51260cb44bad5434aee9e6878d4dd97be9,False
v7_train_00261.jpg,train,raw/bangga_ppe,1499928d8cf9b77f20d5acf222977de9130331dc56b9d3c813f126edb8943b38,False
v7_train_00262.jpg,train,processed_v3/train,87415489543ff6743c810d0727cfa31f33a2b2ce60bbbe931d0ea64c0037ba66,False
v7_train_00263.jpg,train,processed_v3/train,8db730a429579d4370194bfca17f7e2542e00b39976ff2323443af08d68be864,False
v7_train_00264.jpg,train,processed_v3/train,a19e2fb5c547692434836fed30360c7cd96be66574f62dba1e9ae1a499bf6336,False
v7_train_00265.jpg,train,processed_v3/train,774efd8e104afd7ec2eb5c5ca91b6e20c4579b7faab14164022c3ad7348a8778,False
v7_train_00266.jpg,train,raw/bangga_ppe,330092d0273cd5557a05918440167e3c0f2517dcd2a188b1518c90d4f5706333,False
v7_train_00267.jpg,train,processed_v3/val,78d663538a49c056071fea539ded766766bca148887cd0d93e2707bea30efc4b,False
v7_train_00268.jpg,train,processed_v3/train,8df68d756e6f471826ef347b27e3a89acecd235373a837edb020a19446263364,True
v7_train_00269.jpg,train,raw/bangga_ppe,51b2d617f86f7fb1e6303f930b5203437583ace85694a053c9742d4fab612908,False
v7_train_00270.jpg,train,processed_v3/train,dc58eeca829add93f1dc2d2b461b792ba0c986f78fe57e1e8f007d10bf6bf9ec,False
v7_train_00271.jpg,train,raw/d_fire,43ed11b3804cf8fc246acc5424124256db5d2dc9dcbc02c45908804c2fbfb3bf,False
v7_train_00272.jpg,train,processed_v3/train,92e70422432f7d97dc68fe8c613191a2294b2f0610a7a6595757b2f5a9a1fcda,False
v7_train_00273.jpg,train,raw/d_fire,ebb2e795685bb9daafeecc548f4a459e6503eee298664903e60f4b6eb670e870,False
v7_train_00274.jpg,train,processed_v3/train,42b023d0d7f101c22aafade841e33d9f723284121c16f0d36ec5750ee0f68cdd,False
v7_train_00275.jpg,train,raw/bangga_ppe,5ce6b65f7d3c02f5624ba9a90ff527e5277ba22533fdf2f5acd6b42f17e5e577,False
v7_train_00276.jpg,train,raw/bangga_ppe,3c80dfddb80caa28d1bb948f3464c9c145f6bd28f0d854918e4d9c5a363a352e,False
v7_train_00277.jpg,train,raw/bangga_ppe,48b02d72df1d291fb05bcfc725747c454035b1d0c0f26d6426d07e144fe9180d,False
v7_train_00278.jpg,train,processed_v3/train,d6db324e79740e91dc2a93abd1ab5ecf2b4b50a2ccfa7fdd6e300693d3f77285,False
v7_train_00279.jpg,train,processed_v3/train,a43cdae4b1204ffcdaf36cdb4ec00572fced7c7e4acea0b5563f9cbb18c53e8a,False
v7_train_00280.jpg,train,raw/d_fire,c18851b35487d4a4355efc486ead50fd43570aab06a202abf5dfbbe577e48a42,False
v7_train_00281.jpg,train,glove_detector,0e58e14f484d45d3ce83791e70c2f378f568c5d60d2e76ac5e7a40747decc7fc,True
v7_train_00282.jpg,train,processed_v3/train,f79e819a70efe1af847cc8845fc4db3acebc90c115062276e852428b14f02668,False
v7_train_00283.jpg,train,glove_detector,26000989a87ef4ee9104bec846deb7aa3e8ea766ef34ffdf5ab5e3a8f7bdf67a,False
v7_train_00284.jpg,train,glove_detector,0fd3b625f88ba465f755e86d956a63b03bbdc8a79cc6236259f8caa5f2178391,False
v7_train_00285.jpg,train,processed_v3/train,46641968756edca664cc5ea90ad86809d4d6e2aeee801a0d5342a2785ce54a29,False
v7_train_00286.jpg,train,processed_v3/train,15b32de99e21edc6271996684d04383a7f97760f2234e3edc56771eb78f33180,False
v7_train_00287.jpg,train,glove_detector,9f253d9c98544daf38070ececfb22b23e15238f8ddb2af962e2f2b75bb9c8bba,False
v7_train_00288.jpg,train,processed_v3/train,b222fec7c10ecbcf18212e71d443ede182ae3138f4f3c83afe6a1988c1aa0447,False
v7_train_00289.jpg,train,raw/bangga_ppe,b82ce9bbe202007256cb8fd3e570afaa6e2378da6e13b49b1acf15b23c871366,False
v7_train_00290.jpg,train,glove_detector,e8b8cc2e3e3973372f5ec189065d6a2b5dee426997cca5c29d72c0c938549739,True
v7_train_00291.jpg,train,processed_v3/val,b89e2c5e589b6076493507fd0e180b7d77761556098c99e545a7e81c1eb1785d,False
v7_train_00292.jpg,train,processed_v3/train,895d9f950825d85032053a2992e0314549249a744543e03f313ac7e92610e61d,False
v7_train_00293.jpg,train,glove_detector,1df750c869b110b3b70436a5561a3d152491cfa9a512c1ed51e1c3cc79db7a84,False
v7_train_00294.jpg,train,processed_v3/train,0db95c83d77ea0f6108c050329ae2426b97c3060e80eacc86bc1c95092226f87,False
v7_train_00295.jpg,train,glove_detector,276e7d5c0fa54844f3ef98ae7d4caf8f93429c4ecef151a71fc7b8c4119b6f2f,False
v7_train_00296.jpg,train,glove_detector,df20d1b6c77ab6b38d02113d4ec06880c3dde8577292747157dd3f1663f4a16a,False
v7_train_00297.jpg,train,processed_v3/train,1b2cf279776a65d9935c7f0eb130759631c24413f0ec4a83533ae56990e58ef9,False
v7_train_00298.jpg,train,raw/bangga_ppe,db921bac80add320e8b9943e72977f249ae31aae00c68e0c520e80accab1de23,False
v7_train_00299.jpg,train,raw/bangga_ppe,ce7281cc68f09f1eb8c62b42d799ccac471b1b0e5b1d11f73e43d104e164382c,False
v7_train_00300.jpg,train,raw/d_fire,38cffccd8d619550767da16360ba74af55e4fe477407dcb09248faf38c4bc50a,False
v7_train_00301.jpg,train,glove_detector,67affae14e5fe3a9e8c02ea9e07cd5ad2d926d25b6375b7ad5fdef481bf92bc4,False
v7_train_00302.jpg,train,raw/bangga_ppe,a9fb1424cf076f78518ffa72ddf8d249f4f0915b94eaf25a3e31b13c320a7220,False
v7_train_00303.jpg,train,glove_detector,eb18e505a93e95e7b59a2c471475a193fa44fcd98b22c9615bc27b05ba97e943,False
v7_train_00304.jpg,train,raw/bangga_ppe,5e09623a3f1edf62ff3804b0c2373f4479e16306ff10e3a582f1b9da8c4ae9d0,False
v7_train_00305.jpg,train,processed_v3/train,771cb44dc230aff66d071749aeefe4ca2b775f8dd1d17120b2eabef3bbe4f4bb,False
v7_train_00306.jpg,train,processed_v3/train,37cfcc8e8bbd67633f89977f41502e52f52dd27d49ecbea75bb23a2dccacacc2,False
v7_train_00307.jpg,train,processed_v3/train,511cbec6605d914b1caac35c301914e7a9e44e0a1ede27833565cf4d042518de,False
v7_train_00308.jpg,train,raw/d_fire,210ea705dbb7e34b0b8f36f06407e10e06d6baef297be015bc0702a004a130ad,False
v7_train_00309.jpg,train,processed_v3/train,da8065a81832672bdf5cf600b4636c6ce46d93d18b84d087eeea20b196f4901c,False
v7_train_00310.jpg,train,processed_v3/train,109e0cb3984ca71f1df0770510645f546bea22622da88f5a9ba22d16c4f2462f,False
v7_train_00311.jpg,train,glove_detector,4da404cd11d8c9c5f50116ff83f248872906bcd7327166ed6fa2aad773aa3320,False
v7_train_00312.jpg,train,processed_v3/train,373dfc3b64b70ff84f98511eb4dfc72b03fe53491b49eb7a4886fbb8e081ddf7,False
v7_train_00313.jpg,train,processed_v3/train,cedb9b49948f759abe3947381bd9e3ea57352f6328464c92c0f2dc5a823358a4,False
v7_train_00314.jpg,train,glove_detector,613e79407d8297dec8ea9860c072b106068ea587796931e7f7a18b9139328772,False
v7_train_00315.jpg,train,processed_v3/val,7d0d44432e67be043491fc26bff5615de313c9efd9222746aeec2c2e5ec9c20f,False
v7_train_00316.jpg,train,raw/bangga_ppe,209104d6e4cdbfa12c335204d9d9f6ca6b295a033de6f76f8d1862c6a49175dd,False
v7_train_00317.jpg,train,glove_detector,a4dd1de142656291fdb45dd07d2b0212666fcb376f22ddf4e8661a0c34e74f28,False
v7_train_00318.jpg,train,processed_v3/train,fcede6da108acfa253f8efd3a1406f00ca5cd2b4f18222b1b84eaf7c6cc8b0fa,False
v7_train_00319.jpg,train,processed_v3/train,1d0812f2993cf822b9f5b3c6a6c5f25681a0b23b2ba53c5545948d8226cdc9a7,False
v7_train_00320.jpg,train,processed_v3/train,2752a4d8843f47b20ff17bcb293ab0c0e519f54089679aeb63eb7e2259f19715,False
v7_train_00321.jpg,train,processed_v3/train,5c2431f070dba2ebecf3046b300fdead84743852fcca9b20471183269f255e80,False
v7_train_00322.jpg,train,processed_v3/train,98120f3ade11d52ee9e78f5b9390fa7aa7f4413a34f38112030cea44ec941ae2,False
v7_train_00323.jpg,train,glove_detector,fa92c5e127ada1e2d84d73dfef1215faf7c0139f2754968d075278894f569d06,False
v7_train_00324.jpg,train,raw/bangga_ppe,abbcef687dfb2611c85e89c515d901f243d0f9bfc1a7bda0347e5570148fe763,False
v7_train_00325.jpg,train,raw/bangga_ppe,6ac641d277e51c31ea07cbf287c3d2c777329035318c5e36f4ac3e4b6a277fdf,False
v7_train_00326.jpg,train,processed_v3/train,b5d1fecf0e6b045f21c7412faad8bf429bd3440cc7264bea04e10f84db269b6a,False
v7_train_00327.jpg,train,raw/bangga_ppe,b2f3ba07024be0d6257aabc6ce706df6dfab30b1a653b78c660dc81e17985f4f,False
v7_train_00328.jpg,train,processed_v3/val,96457fe1bf4867fe6055d9cf4ef2b28848bd5e0d900c75adc268fcfb9d0929e4,False
v7_train_00329.jpg,train,processed_v3/train,6b23286f3ab6daa6598183972e06ce052a2bb7256e8d7e03e0ebca47c3028709,False
v7_train_00330.jpg,train,processed_v3/train,fea420837e146109bee4a8dc820b04afaf14df448047db04c7500d9338b377ab,False
v7_train_00331.jpg,train,processed_v3/train,d73c3b2bf359339aacd161c6e0667d5e20a39625d499245f57799249dddaafd0,False
v7_train_00332.jpg,train,processed_v3/train,4bd36dfe071be5be009e45bdf2597d8e1e613697afc44d97849658c81aefdc2a,False
v7_train_00333.jpg,train,processed_v3/train,fa57ead583d8b50e0c97d45a56a30ccb2fcb60c0308f54e99f0a1112e7e2174d,False
v7_train_00334.jpg,train,raw/d_fire,caafcc57ae361b75528ccfce1dd088aa3bf15787f14a9fb70395504020058bf9,False
v7_train_00335.jpg,train,processed_v3/train,9acc497bee5cc0f23846d29f40c9001ea37b1c0ae2b874ec7d806e66835cdc62,False
v7_train_00336.jpg,train,processed_v3/train,579e04656792540a2f0ce9c301aad70b7f43d5b674692b8a190b644ee82cccb7,False
v7_train_00337.jpg,train,processed_v3/train,c1280604e2e54735b9decfe1afe2457c0b43953b9dc475ae46a6d2a480863be2,False
v7_train_00338.jpg,train,processed_v3/train,b755fca9a2f343102bc7d17f49c159a88ca8b923ffed9962ff8286131722819b,False
v7_train_00339.jpg,train,raw/bangga_ppe,66434d2cbf71d2f73a9ef56a7b2b57d45992b9909dd963ccd8447952d131d1ec,False
v7_train_00340.jpg,train,processed_v3/train,98e4ce180c1780898e3735588160b6aab6d39061ea465a9270099d7284732c7a,False
v7_train_00341.jpg,train,raw/bangga_ppe,df6607bd640e1a541329c20f6cd9818d44e4dfa7e39aa32eeac713601dfd68f4,False
v7_train_00342.jpg,train,glove_detector,9249b0e754297a52f78b99e87a709697f32400312ddb837d7e29bc6b91689d19,False
v7_train_00343.jpg,train,processed_v3/val,9b5ec4f4b7b8305d3a60f776d90043cb6d9201b027ce6000ca15cc87330b4eab,False
v7_train_00344.jpg,train,processed_v3/val,7825685219e3ef0b29d20440cd06fa791858d9cc0375cbb368256dba9483730c,False
v7_train_00345.jpg,train,processed_v3/train,f66820832628a73a0deddb1fbcbdc4a0434d836e5fa5ae47ed21b13ecc73d7d3,False
v7_train_00346.jpg,train,raw/bangga_ppe,eaa7483463c706e13870fcd78e71fff1a8e0a7fd8d4885da276138aac73d32d2,False
v7_train_00347.jpg,train,raw/bangga_ppe,7e19f9d071a1cd71d50179178bb2404d66a87b4b4849240b1f373aef1f338770,False
v7_train_00348.jpg,train,processed_v3/val,863b6c186ede0d16523f423adf06e029e4d6bf0a56c0e5fe6ef89b3ab1ac75cd,False
v7_train_00349.jpg,train,raw/bangga_ppe,7e3a30f106529a77d7afcb823eca59ce999cdbd7a3d36a9c9756c32c6e75ff76,False
v7_train_00350.jpg,train,raw/d_fire,42333b79755a33f9802b0e73ebacf78531aae99e328182a8fd7fae35505541c5,False
v7_train_00351.jpg,train,glove_detector,32eff0b41d6af3df635a73e6d2432e3030044b09fb1d1322578857a585bef703,False
v7_train_00352.jpg,train,processed_v3/train,f3e329e1e487ee4bb4dfb414f7b24690ce010023a3b6c6dcf5142472a1d2a7fa,False
v7_train_00353.jpg,train,processed_v3/val,78160dd1065c565c2c5763fa8b3d05b5675b9b3fb14e847d5b821340689efca3,False
v7_train_00354.jpg,train,processed_v3/train,a8d950bcaa180a8e8aa99b3e9fe00b549d64caa30fe7801d75eb00508207b27a,False
v7_train_00355.jpg,train,raw/d_fire,63316c88a58de32b3b795ae2afdfbc267b1b9b0dd13f770532b406b088066616,False
v7_train_00356.jpg,train,raw/bangga_ppe,aab790759e1148445940897fc68f26898ebf96cf10dfdf8d9dd978969fa791ef,False
v7_train_00357.jpg,train,processed_v3/train,6cad1942abce312236382244a1d6b0a09491e06c29713fec0443b620a3d22b97,False
v7_train_00358.jpg,train,processed_v3/train,afe54d352f784990a2550b50ff38b13d386b644557259130212905bfef6a62ec,False
v7_train_00359.jpg,train,processed_v3/train,f8d7c9a1f5258ba087514c7ab4db0a56af69abeb148e60ab4f6d5cc90b140fa2,False
v7_train_00360.jpg,train,processed_v3/train,4d57c025c1cdc39f9699c5e7ec65f82dd739cf0ff6c945c4d78cab5d3f514c6d,False
v7_train_00361.jpg,train,raw/bangga_ppe,bfc5910af545b9d49ee3c68e9812596a681d9198b838d17e2a648f3959646f5d,False
v7_train_00362.jpg,train,raw/bangga_ppe,bdcc3f05198903ee49bf804587ea834f9bdf0cf0504a3d1ec78e2addf6587885,False
v7_train_00363.jpg,train,processed_v3/train,2d258169a7ee6c09a901c48bfa7f96ad38ddea62fc711be19c7c6c950090a645,False
v7_train_00364.jpg,train,processed_v3/train,df3a32bbcd3ad297fa6b88fc1ad2ff1b7f5f320e10ac4ee703b5fcebfd9f3883,True
v7_train_00365.jpg,train,processed_v3/val,96b6e6dc7bdc2378d0f311e2d8da94b8205dba1bc34b44a8356e747fdd716138,False
v7_train_00366.jpg,train,raw/bangga_ppe,5947318a772be9813727a92463d5c54f0cda321c38b7925571296446020c9b5d,False
v7_train_00367.jpg,train,processed_v3/train,0284f6b6493a0268469fbacb7670fdd8128aaa87a13100c4dbdda8bcb7e44c6a,False
v7_train_00368.jpg,train,processed_v3/train,f67ab71725269f5650a0997c68e86322fa5514c78959013af087abd5af7d755d,False
v7_train_00369.jpg,train,glove_detector,0aa24bf17e5bb122271ca95a000488dbc9da36c834b1f5eddb59ec31f797505e,False
v7_train_00370.jpg,train,processed_v3/train,1f7008613aa187982bbc4806c246d6a28260889427e21d75030503d6b1826058,False
v7_train_00371.jpg,train,processed_v3/train,9a745d717aa798b86c14ba076eccd7a1ff6b2267b2011a39ec800236de7a1ffb,False
v7_train_00372.jpg,train,glove_detector,12870f6a137a04cc66925cadc156206a6c90400dbef1af21e5c3ad09941cfe04,False
v7_train_00373.jpg,train,processed_v3/val,dabeb20ec2c5100405ebdeb37234fc514bae6245a2aab55fd9cce3ac510870ca,False
v7_train_00374.jpg,train,processed_v3/train,7bf54d01d17db2ac78a5bf776e0f8c24adb7462024dddbd094e5a5fe29e094c2,False
v7_train_00375.jpg,train,processed_v3/train,e9d71ea84a31266c9889d8a88b2d21affa4e3ad76111ddd258f004da9529bd68,True
v7_train_00376.jpg,train,processed_v3/train,59ba7b70bba83a6458f664024a57e70902200aee7f9b23b3f02e529566f83a44,False
v7_train_00377.jpg,train,raw/d_fire,7de875b98c2e1239a88c1451b00da4350d269af3b4aa666b056f2b90c007268f,False
v7_train_00378.jpg,train,raw/bangga_ppe,886256e38c884bcdd31fe446f2b6e256eb186d795286dbd7146391fa5dad5260,False
v7_train_00379.jpg,train,processed_v3/train,41df2ab9aa43e3b1ac1d9a190ceb19dd52c3fd4995deb0aae4d6fbb8ae1fdfa1,False
v7_train_00380.jpg,train,processed_v3/train,04beffbeac48eb5100b9a487efc23abca478df8fec5b91f829488fc9b2703ad2,False
v7_train_00381.jpg,train,processed_v3/train,3cdd2cda8216d8fef729731afc58acf6e6fb0a9723718934e44311c8de41dd29,False
v7_train_00382.jpg,train,raw/bangga_ppe,dac5552b338d01e58241f3446e7b91ecbe39f4b5e3cd287baa04d1defd0396cd,False
v7_train_00383.jpg,train,processed_v3/train,34b779f829634b356adffdd1aab39e73e82f8ac5d354c07d9249184b6779483b,True
v7_train_00384.jpg,train,processed_v3/train,4e9a798f415aa1316d9076694e0bd8153de4393f691d8db8a594ed2a340a0190,False
v7_train_00385.jpg,train,raw/d_fire,405ec53513d22e9184dc77a695cb7afd342dad4bff0c65f316389ee5cc78ee18,False
v7_train_00386.jpg,train,processed_v3/train,391b6c71456d714a6c975cc23dbdd97d5a6820961064773674946de60c2c8238,False
v7_train_00387.jpg,train,processed_v3/val,327d4febc6b1174ab8928fd7af018c26c90ed6be5a53e390a3f14ade3a311d57,False
v7_train_00388.jpg,train,raw/bangga_ppe,70fa8632519b7162569f38113f837aeb108dfb4f1808a903707ebf9f69fb4802,False
v7_train_00389.jpg,train,processed_v3/train,58f9c0883063e899a95ccb1ba2ed315532e3e77cf5879e404ea72c14b754b0c8,False
v7_train_00390.jpg,train,processed_v3/train,1373ae89b50042313432f79613f5164881d9c4a0aa0684e4f670b27cf9af01fb,False
v7_train_00391.jpg,train,processed_v3/val,b333a2bca63616fc26f7e2fa20315bd67352c77561f7a8e36b75ef62e189f1a4,False
v7_train_00392.jpg,train,raw/bangga_ppe,d17a5cb3bf9d427388620e689cbaa942bb6fbdcff9ad3a53b1def1d873b65b3f,False
v7_train_00393.jpg,train,processed_v3/train,bad6b9b5cdb86d91f0ef6be71ead4bb88a914a86090c634a26ae67a819f7ed32,False
v7_train_00394.jpg,train,glove_detector,03ba2f80e0889cc4cd2a3e53f79a95b988f4d00e86551c9efb5d49665a36c590,False
v7_train_00395.jpg,train,raw/bangga_ppe,93f9a3f3fd2d716931b26395b5bdfa406f0e483923112851ab17c1d4fd84f905,False
v7_train_00396.jpg,train,processed_v3/train,0f0af18bf45e75c00a3fb78723b26f2cf176c5c66d8859def911118a46e8ecdc,False
v7_train_00397.jpg,train,glove_detector,2a5b761209308becaa0d3dcb71c5fbcc13fd52dc3de12a4d338a1e2abe512e56,False
v7_train_00398.jpg,train,raw/bangga_ppe,77cb8cf8bac50b82e05cfc3dc1d578ff65b45ecc37fe5816dd5ff93fc744632d,False
v7_train_00399.jpg,train,processed_v3/val,af9755528215585c3c8f85703803768446d75b519703e433e0eb0342a23bc42a,False
v7_train_00400.jpg,train,processed_v3/train,a9efca73782919a302bc291200c752490b3ee1efb9aa4722f12ef36a7db2072e,False
v7_train_00401.jpg,train,glove_detector,e11b1ea97d4988ca12c0e69339de200eb13230d42c18d16f4594435c022c0484,False
v7_train_00402.jpg,train,processed_v3/train,70321dadfe28f5a715eb890375a4a5baf3fec7da9639bf4e32c7dcd7ed7e043e,False
v7_train_00403.jpg,train,processed_v3/train,96607c6b975ab891e57067da3b5a95da5c9c9881f7284cd4b753dfb23eef8d7e,False
v7_train_00404.jpg,train,raw/bangga_ppe,c4440fa4b3227775de229d90aaa7e5b146f94fc84e7a2967b8f1168ada67ee7c,False
v7_train_00405.jpg,train,processed_v3/val,c367df72345be8a15de27dfa7a65a31b93d456c9e327cf31f47ec2095775194b,False
v7_train_00406.jpg,train,raw/bangga_ppe,2b59fc8ebca9a0945bd29f2469a5ccf16c01b8406bf2ad2a6bbc6fe216ab4634,False
v7_train_00407.jpg,train,processed_v3/val,6ae2846a44653e38b2c5be081f3aac21c5db59d46d45ba3e9a11efaa1830fdd1,False
v7_train_00408.jpg,train,processed_v3/train,577a3de8a46ed362e8df796e3ef009a678c9120c687fc44284026933e222ba29,True
v7_train_00409.jpg,train,processed_v3/train,c41f113102ea00dd962928cd6a2f8ae93a0ac28bcbe83c11343bd4063447c8c3,False
v7_train_00410.jpg,train,processed_v3/train,f2aa47dab3923ec02cb8be64535b2d2b065dcae21325981bd76790177f5fbcf2,False
v7_train_00411.jpg,train,processed_v3/train,bea7fd58b4979a271e135a0bfbe42d8ccc46f112a6c9e41c3c5454289452e3f4,False
v7_train_00412.jpg,train,glove_detector,fe0d157fbed91bab82657514034bd00b6bd1a439335ecab1c268e8a1e4bf532a,False
v7_train_00413.jpg,train,processed_v3/train,8391bd5efc44cba9aea5aa57a14e2db0c193593aabab1c0b943a321bc16a7b09,False
v7_train_00414.jpg,train,processed_v3/val,8c9ea73ceea54980f163998aa4fc2f3b121c5c1f2a86b5b2e2ab2f951d6a16ae,False
v7_train_00415.jpg,train,processed_v3/train,0cde7a76fe10c7864a9a38853826cd94436a7130e04841ce68417f728bada09c,False
v7_train_00416.jpg,train,processed_v3/train,f0c17e89836ff92552a2b6c7488882e822bd16af4e837ddbc9d12812546c4032,False
v7_train_00417.jpg,train,processed_v3/train,84d295d1cc702eb22eb32aca9560acbd4659c9cff9ee45d49ecfd8bb414cc2d8,False
v7_train_00418.jpg,train,processed_v3/train,893bc4578dc523036bbc526fdf639ecbab7707f77b9a0fe8ff075a9a1106d824,False
v7_train_00419.jpg,train,processed_v3/train,a8ec373ea3e0d4f100320383efd2b5e5fa8bb469d86f464506bcb8a2d9468e38,False
v7_train_00420.jpg,train,processed_v3/val,6791378e782a765aa6757f8adfa33ababad87c4f86132f3770f5913856c0b280,False
v7_train_00421.jpg,train,processed_v3/train,5e1b49908f67bc5a6fe68ab17eb9f4eab0860e02487cc35843e0194842984fad,False
v7_train_00422.jpg,train,raw/bangga_ppe,2d562ead12f03126b50ed61c581399501a78714501abd933b71b853e1c0e53e4,False
v7_train_00423.jpg,train,raw/bangga_ppe,f1fe3cb055ab8039a8847fbb376b38480d4727995a4e7e8b9dc6285381993766,False
v7_train_00424.jpg,train,raw/bangga_ppe,33882c648c62df25fa7af958fbe2dac926ba3adda1bcfc297e0ea231b91e4b23,False
v7_train_00425.jpg,train,raw/bangga_ppe,f6d0c9474f26d13896dc191bd4380c48ff6e5295bef3721a2b1e2334f1dc4c2d,False
v7_train_00426.jpg,train,processed_v3/val,24ae39da430f2532213587f1f675b1f39e3c73a118258c94a7f8a2f922cfb61b,True
v7_train_00427.jpg,train,glove_detector,99bc60dca77062c38432bc36baa013cdd0bf498b7e3340612f89bd42f8947d3f,False
v7_train_00428.jpg,train,raw/bangga_ppe,bd00111adf18bc35ca6e16247f949976a49f2e978ee7369b2a3ae7d01ae66e68,False
v7_train_00429.jpg,train,processed_v3/train,2a8846ea729f8d59fdab944b13c0a16f579794a998eb367fc902339211f0c893,False
v7_train_00430.jpg,train,processed_v3/train,3aaa7c6d6d9384fd6466a3faeb515ec89db54bbb4699802cbb2e7d68b4dc60f9,False
v7_train_00431.jpg,train,processed_v3/val,b056153dbd5cd140f1d7b939c62672910e5727e75f8375155536eed6399bb747,False
v7_train_00432.jpg,train,processed_v3/train,f6549138ff8b3d6ee1363e1cd2f34a445bf6ac1f2e40e90c8ea99eed9c0a8d9e,False
v7_train_00433.jpg,train,processed_v3/train,9da2d0b9bd42d65dcd31e32687786d03329386ec5b93b91b3209cbac57957ed5,False
v7_train_00434.jpg,train,processed_v3/val,c413e26d8e626d3a40de6557e7b4cc87b632100aea52649ef045018cbe9435e0,False
v7_train_00435.jpg,train,raw/bangga_ppe,2d851123331b924ed75bf4ad75118e77e6a0b70602d7b7f9562a71d8fc099838,False
v7_train_00436.jpg,train,processed_v3/val,29a82a3edc0f7a9d712a4065ac8476c27840252adb11aaff250ad64ae14908a3,False
v7_train_00437.jpg,train,processed_v3/train,99a84000d5ebd444f785bfaa3c988d19bfeab71e5bcc69ccaef5cd1f8272ed94,False
v7_train_00438.jpg,train,processed_v3/train,05e7be05e3cf4bbb9f8bf0a4312d145294520fd347fb77cb120988f83963a2ec,False
v7_train_00439.jpg,train,processed_v3/train,4012380e813998b43d111bbe57ffe891d733b5114e9a7a73c320295ec7e2125c,False
v7_train_00440.jpg,train,raw/bangga_ppe,3d1aeea58247709ed01a6b84239826a52299ead2d03d041b960d85de323f85e8,False
v7_train_00441.jpg,train,glove_detector,969b7a0833be332bd8d450cd877b82791f4f2417632cf42c72e4fcf3756ecca0,False
v7_train_00442.jpg,train,processed_v3/train,44a0071f20c1cb4e8aef86b295ff1d19d24ccb17bdb756f2bc1ff6b9de1eddc7,False
v7_train_00443.jpg,train,processed_v3/train,96dc15a8c68697a864b561b124cf3839b7eed9f5c5cb1c570b1d6afc7190f848,True
v7_train_00444.jpg,train,processed_v3/val,24554c99a91753204d3bdeceeb0efaa95f23805db728538ece0dd7e82d3b6351,False
v7_train_00445.jpg,train,processed_v3/train,9ae1e2923eeb9dd3a65f5ed4026994289690b1fc71120faadc40037b7596a8c4,False
v7_train_00446.jpg,train,raw/bangga_ppe,9e3236c229b1c5fbf3e61c6dca82128818a5275ee35804c72664de6034b78cd8,False
v7_train_00447.jpg,train,processed_v3/train,5be9aa8b9c0e09dd19f5298cca4dd2ff64544552527a937ccab4b47395e7b5a0,False
v7_train_00448.jpg,train,processed_v3/train,fbaf3712ae168466e0bb44ae289eb3e9cd4183d42af5344ae9a977af4f4b4d17,False
v7_train_00449.jpg,train,processed_v3/train,5e58ac87c6a3abd4a22596169c36b67dc576b2a649039dac0934f6cd0480c35a,False
v7_train_00450.jpg,train,processed_v3/train,89181b23917f644a8f8cb96f1dcc0feeea95adc3d219b90acfe93c6fbf14e9c9,False
v7_train_00451.jpg,train,glove_detector,5994dd442ccc0b60bdf0935773c05ab449e0b918b66269f0a53077eeb1036fab,False
v7_train_00452.jpg,train,processed_v3/val,e3a94e30c1098af1be5cffcb435cb6171531fe407c0f13ca23b87bd7cc4fd9e2,False
v7_train_00453.jpg,train,processed_v3/train,653e6e949f69cbeab240474f1bbbdceab303b0f8dca77a3fd5dd07fd48992fdf,False
v7_train_00454.jpg,train,processed_v3/train,1508ba71caa56ad11056957e5a961cdee7321bc80fe4ed82de88f4aa4af6843a,False
v7_train_00455.jpg,train,raw/d_fire,42e18c63cf49e21f465501e259495ffcfe7eeebe870bd18b8bbbedccfed49ed2,False
v7_train_00456.jpg,train,glove_detector,c2d56873b1562de7c2f3c865975046a19ac5363e9f565689eb252e0cd861199b,False
v7_train_00457.jpg,train,processed_v3/val,fa04ec560de9be6e83ed3bb0e7b4fa6c0b618ec471385a69ba9144cb8f60867c,False
v7_train_00458.jpg,train,processed_v3/train,df3b49112be278e5e09a46e0d82f60176a3599478669370f039bc191308778af,True
v7_train_00459.jpg,train,processed_v3/train,51623535d16eb933f40a809b3b8604f0facfbaae4ad28faf79e8a34127751185,False
v7_train_00460.jpg,train,raw/d_fire,dbda340d883babd4ee2ff810d32864a6c9a88eb497cedfcc5d3683e0cb27c751,False
v7_train_00461.jpg,train,processed_v3/train,acd89659a7228b8e5a43485c93e5445e2f863411fe4e924a172a8922020b0914,False
v7_train_00462.jpg,train,processed_v3/train,5facd18e4ac862e76513f3d36f3a20e40f24847e603701835a74d989d0f7687f,False
v7_train_00463.jpg,train,glove_detector,8674a653b1e8797fea6c460103643900c31f0b200927744a94d36bbd7b5c9dee,False
v7_train_00464.jpg,train,processed_v3/val,3367a7a3c2d2069a5e348cb86d918bd1c8a0b58023499d4749c65e80190a6fbd,False
v7_train_00465.jpg,train,processed_v3/train,03d9ac3367c9cb3d3303da1eedddb37a706a290bd0bf1f6835591ad224dc5694,False
v7_train_00466.jpg,train,raw/bangga_ppe,7607c5ca58e55934ec3d0d4a131bc0599f26aa3b22bc8389e31c5325c58bbf70,False
v7_train_00467.jpg,train,raw/bangga_ppe,1fc220ef6275e8951d1dce5fc3e840a48203b00afbd0a1a431f6ce6438dcab09,False
v7_train_00468.jpg,train,processed_v3/train,8fdd98c10b25ad354800ecb0e4bab8786c81c891dbd08357fd0b170821af4289,False
v7_train_00469.jpg,train,processed_v3/train,a10438a96ab4733e7a1f339abbe42575a160c4f82697af4c4790844a640f6281,True
v7_train_00470.jpg,train,processed_v3/train,f33c5b70898aed486408a95e5210fda7ba1a6cc5f739df860b602ab101ee545f,False
v7_train_00471.jpg,train,glove_detector,6c2b1e1d9c2fea8dea0778f72c633c0a6831e619b583cd1a35ed937a6874d07d,True
v7_train_00472.jpg,train,processed_v3/train,358c0001d8e3c632fef42c1200c3fdbf91225a919d43427261ba01a4451568be,False
v7_train_00473.jpg,train,processed_v3/train,151d6e39d1bfa9cffd6210428db4612e3a11e3b7263699c0ce56cdc3470f3ded,False
v7_train_00474.jpg,train,processed_v3/train,b0d611efe8d1fa7b90ddc86b1daa634917fea397de8d30b94557ed690c9df231,False
v7_train_00475.jpg,train,processed_v3/train,464478228a852d8d2a3f9d818ebfc19696b4ff7b9c821d8deb4ba3a435335b1e,False
v7_train_00476.jpg,train,processed_v3/train,e422331fb08d2095411bcfb750024adb9981d8f90ed2ba744fcfdca84d0c5560,False
v7_train_00477.jpg,train,glove_detector,84059d922f62da6f18ea448f1e3b41d103049349ad9286dbf90f2b26a36adf71,False
v7_train_00478.jpg,train,processed_v3/val,44daa04d4eb9e9d36bf481a9c647f13325dbb591cc61f49b102a8971a16441bd,False
v7_train_00479.jpg,train,raw/bangga_ppe,7bab8fe2161ecc437babd51fd6cd7e74ef5954c97153c9faaa45918f700b549b,False
v7_train_00480.jpg,train,processed_v3/train,a7e3180085aac04b83e983c5f0bc5bfc282a636a72754a79e55362a0f61f2273,False
v7_train_00481.jpg,train,processed_v3/train,78b73c73532a2c7b7d25a55fc84b912733dde546fd303bd95c040193d5e42766,False
v7_train_00482.jpg,train,glove_detector,e2ecbf1725a995aeb332fb3be8b840972bccac791c8ea77f77938e7b82599b89,False
v7_train_00483.jpg,train,processed_v3/val,9472179ba9bcc53d22d569ff7846d3fff41f82beff24b05c71b516d8d613d84c,False
v7_train_00484.jpg,train,raw/bangga_ppe,5c882b07efeaa8dc5d6b810779d3cdb49a904bc07a10f999f4be8a08c78b898a,False
v7_train_00485.jpg,train,glove_detector,18418dd68c470f627a9b24cf273109f0a320fd9dc8bab8df439db2426fb672f3,True
v7_train_00486.jpg,train,processed_v3/train,7cd5485028d85cfd50c5e04a17edb83c8995a3fe0395c9b37f0ae94c4d89175e,False
v7_train_00487.jpg,train,glove_detector,cc71247ceda58900c029fdf65cb56ce4ca9b9f120507423e9858477b70444748,False
v7_train_00488.jpg,train,glove_detector,695d320538b05c9909b9f93ca1d01ec0f2cde22bc2c2cb52bcfd03ede071833e,False
v7_train_00489.jpg,train,processed_v3/train,d551f816bbeefa624ec2fd8105da24e1f35be2f0daabbfef0afded0b90bcfc1b,False
v7_train_00490.jpg,train,processed_v3/val,fea35faf25d6b65eb9635c4ad73eb81faafa8ecc0f761adbd14acdcaa810b49f,False
v7_train_00491.jpg,train,processed_v3/train,e790030b4f9dd7168dad34f9b870c97a69f9b20eb279c97d43cf3836026bfea5,False
v7_train_00492.jpg,train,raw/bangga_ppe,52b42444a084a0a1116a9d859a643faa5f2ab9db52f9f8cda9cdf40e5353b362,False
v7_train_00493.jpg,train,glove_detector,01c2438a4e5cdafcd9350286b6e322b90b548e3c207fefc9eedf1fcb54a85440,False
v7_train_00494.jpg,train,processed_v3/train,e596ad69421dddd943be693422f0c6614177289c97f29a80d866dba5d9d9d231,True
v7_train_00495.jpg,train,processed_v3/val,5c93e82d12022fb611c1bca9eed977d57eb52352cdc733eac238d2a46d80ab56,False
v7_train_00496.jpg,train,raw/bangga_ppe,d945d94b97d6880180de7ce584e9a1db9dfc808b77b30f79fec6bc2abc913ce9,False
v7_train_00497.jpg,train,raw/d_fire,af838255c5be553e77120e027c71556873d100c6420f70daa47e66064268407b,False
v7_train_00498.jpg,train,raw/bangga_ppe,72c9847ee0063619af5c3ac4eb3b043416b8be98b17f25a48f05be4a2a589de4,False
v7_train_00499.jpg,train,processed_v3/train,1a0bf167f93dbd021d8fdef73aa71a747398355ca672680510f5100b5206e4b0,False
v7_train_00500.jpg,train,raw/bangga_ppe,87e314977939300ea36bd0092a0776212a542b1724c490845ffdcccddc8a648f,False
v7_train_00501.jpg,train,processed_v3/train,dddbe0db4f65ac069673514f3b6002103c7d79c6571e6bd167537cb46b82503a,False
v7_train_00502.jpg,train,glove_detector,5b949ac3d64ad5a8a0e6e80e585ec01e99e96a52c2a183efb49e682a83ff5295,False
v7_train_00503.jpg,train,processed_v3/train,35073111f3f814a91da5acd4705d813881c03324c8c3eabc090350b50677f1e8,True
v7_train_00504.jpg,train,processed_v3/val,6ec8c951d82c001ff561867de3673069fb897d66f86390333b0b6e0708c755a9,False
v7_train_00505.jpg,train,raw/bangga_ppe,b2b760c30d9066273f0aff815243256fc298aaa4c8c2082e6ddf233b029b390a,False
v7_train_00506.jpg,train,processed_v3/train,3bdbe67e90de3fc19643fd59802955e55db950d3fa19883671b45eefa6a55f4c,False
v7_train_00507.jpg,train,processed_v3/train,4ef963ce003987a1c652fad7d4da1748052a2be93add11bfa755527f95d0554d,False
v7_train_00508.jpg,train,processed_v3/train,b3ab5edf6a52fdad98741a04ce178d9f157a196c35a4cacb5f6d667a176c0a0f,False
v7_train_00509.jpg,train,processed_v3/val,5c006d27adff8a2af46d1cbc904418a9026a54859f6707c47d7d24280f1cd385,False
v7_train_00510.jpg,train,processed_v3/train,982b2cb4b4bd08460fa040bcf6068f88dc9525de607ce35d171e925c422a1e2b,False
v7_train_00511.jpg,train,processed_v3/train,674d10240d9561fddacb76a8d3f0b9272344578e53c3e7400e58f8008c92212b,False
v7_train_00512.jpg,train,processed_v3/val,ed533fec503a40ebe1ae5973cf6a7e857d242fb0ce006ab8e4994c4c87b0c4c6,False
v7_train_00513.jpg,train,processed_v3/train,84de6a87263ad991048e5ef5a04d9d59ba60f55e01e299591197f5e3570e715d,False
v7_train_00514.jpg,train,processed_v3/val,7c8ccf1d9a203207cafc19e1f2fd7168b54a907db8fae47a7ab0b84276632dee,False
v7_train_00515.jpg,train,processed_v3/train,f4763dc5091e76b00424cbd3c721128300dfa87f2757815d0cb61e3e80c3f9e5,False
v7_train_00516.jpg,train,glove_detector,0c8d73e689258a2e533c281e91553ea05106a85a5b6c4d4fbbaeb24b7ffc5d42,False
v7_train_00517.jpg,train,raw/bangga_ppe,fdd22d879627955dc3eb37cccc0efa757b20156c9fab329118a3684bb74e5179,False
v7_train_00518.jpg,train,raw/bangga_ppe,5554084757841d301c8e42c4e8e9fdfe11dda72ae9da7fc758ce49895fb43e57,False
v7_train_00519.jpg,train,processed_v3/val,10ed257f3e0d9acd1074ef32e46e0087d871c969eadf25cc48ec12b09c9f70e4,False
v7_train_00520.jpg,train,processed_v3/train,f64c9d458809e766f136ad5f13b5987dafedf9abdccd38452585967fde29e6e6,False
v7_train_00521.jpg,train,processed_v3/val,09c82730452fcef66de977b7e7e19190dfdd5071946f357201b847810bbcefa9,False
v7_train_00522.jpg,train,processed_v3/train,1456228bcf1a731999f86262785e292afdb7b207141ea22323eb4a80a98c338e,False
v7_train_00523.jpg,train,processed_v3/train,523a7dbd847650e9fbbf8805e535d5ed979f8fd740c1c3887c79cbb55b8807fc,False
v7_train_00524.jpg,train,raw/d_fire,82a5fbff2bc6ad8e7ea0c064de3d48e3b2080cf428baa58c226bb5beb279ebc5,False
v7_train_00525.jpg,train,processed_v3/val,2866fb795583f60c353df4b0a75ad9cce159ad9844d39ef4400d753b132bcea8,False
v7_train_00526.jpg,train,glove_detector,ddec1662d95186b2cce5eb33d77aceb91aff1102f9ee07455000d54c36ce357e,False
v7_train_00527.jpg,train,processed_v3/val,d9cc217e2807a70bb8eb7c18ab968520b0294682fb63cb610e3690d716b5eac4,False
v7_train_00528.jpg,train,raw/bangga_ppe,ba15c4c57c5e1b8fb60b1a0a36b4a51d8c9253c157323200fe3badd4fa54b641,False
v7_train_00529.jpg,train,processed_v3/train,93f9c1d953e28bbd1fde9a5fef80119859b0aa67643a0d33d20538986a52de62,False
v7_train_00530.jpg,train,raw/d_fire,048a53277fe64f22fd1ba93710bb63a838b1fcc900f92adf642f358733e3eeb2,False
v7_train_00531.jpg,train,raw/d_fire,e74a867e67d36ce2632e6ac9e700eaf99e89397cca3edcb64970098ed195369c,False
v7_train_00532.jpg,train,processed_v3/val,25ed8b6f555b318d79cdbd6d297fbdd65e3d55247db021c5018b36748eec1c9b,False
v7_train_00533.jpg,train,processed_v3/val,56f345d22dfe46d65765b5bc72c784ddaeb736d70eb5199062fb0ee3d2b436a6,False
v7_train_00534.jpg,train,processed_v3/train,34fdd74c507f2e32a99dabacf32590734fb00dbbe6825d16eefeabcc3bd1c5d4,False
v7_train_00535.jpg,train,processed_v3/train,873e8cc35a3980591370271eb79e9c6cad81a982f207768eb0a7804af65c4a5d,False
v7_train_00536.jpg,train,raw/d_fire,3bbc5587c8fa557c2f4fb56029cf72c0aa425d2a0e354db1309e1d6077cf228c,False
v7_train_00537.jpg,train,glove_detector,7c947d72c2f94b6b564448daa2d88d3e5e16ef5741c49cb093f27c163a1e5c30,False
v7_train_00538.jpg,train,processed_v3/train,c9c3ac74f46a7522e2853f422367000ed9e2f0f3d23ab5458a071e428cea2d9d,False
v7_train_00539.jpg,train,raw/d_fire,5a5550078709d81e3bc1831918083228c5981c68680d6b632601b13d3e3bcada,False
v7_train_00540.jpg,train,raw/bangga_ppe,2b4bd9f21968cd2139dfe751b3bbfc64e189c195f042a9153c12ebb4a96304d7,False
v7_train_00541.jpg,train,raw/bangga_ppe,9c372f65131bb2e41fbae368baba0731b8c1da7098acba1d25fea2317f93d669,False
v7_train_00542.jpg,train,glove_detector,2b9d6447a63f6e287ce150199ea8011a118f2c1185e0fdc1a5a69b21ac3e1688,False
v7_train_00543.jpg,train,processed_v3/train,96ee4b0ef7f8fea4bf64fc44e31f96c150722e8474d028a087f9eca6f9c0d168,False
v7_train_00544.jpg,train,processed_v3/val,d162e58d8d2c36eae8c776192c80a627309bc044783b8a9ea5e8c83b05a812c3,False
v7_train_00545.jpg,train,processed_v3/train,ae2e811a6aa795f871edf6ad95b26061d99245dec2ede69bd87b7353a336890a,False
v7_train_00546.jpg,train,processed_v3/val,ac46f06bfc1e3d41ad56fb6b3ca34f87c05274da0d7e69a6af5552c5094e75ed,True
v7_train_00547.jpg,train,processed_v3/train,645c43412ce8ccb08d39968cde2e7273495545b1bdff65d52691f6a1931400c2,False
v7_train_00548.jpg,train,processed_v3/train,01d12fa9860ab3ad8b074af076520c2e9cd0bd5bfe007781d9319dc1645a4330,False
v7_train_00549.jpg,train,raw/bangga_ppe,4f3a5449438e82d73167255d17fa0f9f20604928944c93ce6a3147e6fb262fd0,False
v7_train_00550.jpg,train,processed_v3/train,0fe761f2c1208233c5986430f10fb92c06223efc57141e901b798b0312add9ac,False
v7_train_00551.jpg,train,processed_v3/val,d649abac9922a68769d8f503f7a9ebc8828d5904855bd3fb3716656e6f30b471,False
v7_train_00552.jpg,train,processed_v3/train,7b6dff44116e5bed66d360e26b0d583d6c2b555aad46b712324fbfbc46ee63fb,False
v7_train_00553.jpg,train,raw/bangga_ppe,c0ec8a645150d5d953f17d735683ab170c0c9c1d240f960667ba31377cf9e1c9,False
v7_train_00554.jpg,train,raw/bangga_ppe,ed44d5b3c7f6ed0f4a55a741acfd6f900df96bb1fd34056fcbdd472044f51a38,False
v7_train_00555.jpg,train,processed_v3/val,55f666f826f6afeb7ee9de0a53e51a26dc566487c1140c0bf08cdd2bafabad5e,False
v7_train_00556.jpg,train,processed_v3/val,eab79024a41399ae116607fd5271099a3b97789154242f562d88ee6540dc5c38,False
v7_train_00557.jpg,train,processed_v3/train,cb34eb2f10b76d94f3a13ba67243381e5cbd18b309fe8e9ca8e9f23fa694e53b,False
v7_train_00558.jpg,train,processed_v3/train,e2fb59d5ccb36dfd915a71c140318f6f6abf632d632c2c0639f52b487f5338dc,False
v7_train_00559.jpg,train,processed_v3/train,77f792919e864a7144ad1c3ad801839a608af71fd71b3198e984a7d3cdfc3c79,False
v7_train_00560.jpg,train,processed_v3/train,3a9430b4f9dd7e036d1918c72a15b3625b940c3491505c86a0ea9739b303e3fe,True
v7_train_00561.jpg,train,processed_v3/train,29ba77faac406357362fcffd3bf8a314281d8a291f3518e3a76f9ada6c06897c,True
v7_train_00562.jpg,train,processed_v3/val,223e032f53b6bbf47a819b67d53794c7dfdc40a3833434982851a2d8ec29b995,False
v7_train_00563.jpg,train,processed_v3/train,7869bedbaecaa8746e2c4998e5e0407f27d84eec769ac2a81921369958fc5379,False
v7_train_00564.jpg,train,processed_v3/train,2ac5bf09c5aa41e8de1080add1c67e448d2d238840f74480a318d0c2a6fc3cfc,False
v7_train_00565.jpg,train,processed_v3/train,2608b3117dec6d98dcdfaf4af747777dd4aeadd30adc8fcd35dd337de0b5e9cc,False
v7_train_00566.jpg,train,processed_v3/train,01b3ad4dbab8b6d7fba09c34bf480612dc5c803f70f1a9d79800056475b3af00,False
v7_train_00567.jpg,train,processed_v3/train,bdc002bb851abbcd4db87c0d7dd54d0bf12305a178f0e04cc4b704e08326669c,False
v7_train_00568.jpg,train,raw/bangga_ppe,93c2a1fa30859eb639a139cbfd702c68060f6abd6c1c76fe454ff8d8beefc1d2,False
v7_train_00569.jpg,train,processed_v3/train,b0865a25980ca66bcb9d5433d5e551756ce65c8549c57d8078ad00206365c1a1,False
v7_train_00570.jpg,train,processed_v3/train,8d4ae21d2cb734aab6df2584b9e53410cd30737d8a5e1b5c01de68e296a4d6d3,False
v7_train_00571.jpg,train,raw/bangga_ppe,c88c36eb2d8151c8fbc9aa83c5ed38dc92ab8e711e0a82c971776322c86a0899,False
v7_train_00572.jpg,train,glove_detector,2efe8653a751a294054d465781e509815e422d7150d8b1f1f0d875ddc639c725,False
v7_train_00573.jpg,train,processed_v3/train,10f96b8591da28295d36fc79436a5cab0fb874821ae8b0748161ec12dbd1c254,False
v7_train_00574.jpg,train,processed_v3/train,f4fbc637faaaf5d11b8dcae5253470cbd2107c6ebeae4e100f840720dff6f69c,False
v7_train_00575.jpg,train,raw/bangga_ppe,cf4bab83f1fb8a67836e549814cd1d8682a0ec356669f0051f85ffb150979c10,False
v7_train_00576.jpg,train,raw/bangga_ppe,19818295e2b97b50fcd19accf64e083a11316439da41312ea4bfc3a50145a1e7,False
v7_train_00577.jpg,train,raw/d_fire,e1d1140167379dd901b27fa6b1c31108c2247ba8620d92754f2996f22db21bb3,False
v7_train_00578.jpg,train,processed_v3/train,64f97994ed0146cf32999fb6513e7f6d93206ff609fee9d5a56b38b0905b6cad,True
v7_train_00579.jpg,train,processed_v3/train,8ee7fc3af2de7d50b170496e9a8ff85c6d23d9471a996e4d91abd26e34a20b2a,False
v7_train_00580.jpg,train,glove_detector,f2bd77e7ada9a5550c4efd363b553a7672e58a9c6e621698f362e4cb342243e7,False
v7_train_00581.jpg,train,processed_v3/train,9be56dcfaa206b17797c5aa613fe5ebaba2e938c47087918bb19af0debd99f3a,False
v7_train_00582.jpg,train,processed_v3/train,cfac4b527c1af45b212ae8630150569c26c25f009111d8e3fd45f6956bc62bd0,False
v7_train_00583.jpg,train,processed_v3/train,32fd6c05df2040f9387a8739f6c2d5de48a057103738cb2a8c93f7ba348cf798,False
v7_train_00584.jpg,train,raw/bangga_ppe,0f433a0a327d5f9e7f1e8d2a0c96c3b4c4ff941e92fff2b11f6623895807ab42,False
v7_train_00585.jpg,train,glove_detector,fe6187f66d1bcbe636c52bb77274634e57917fc8198f17f07ae5aa81f578d637,False
v7_train_00586.jpg,train,raw/d_fire,c62114399e4c458212e2fb118eaf01b129bf3bc63072cd24c92c72ba49c59638,False
v7_train_00587.jpg,train,processed_v3/train,b41ad7b4066c87b17c82a40ed6a02b5d9c733f521b73c125fbcd8d9993772928,False
v7_train_00588.jpg,train,processed_v3/train,e0431f7570def38ffd2a7658e18294bd2600ff87ae07c122e9fe75d47ec2534d,False
v7_train_00589.jpg,train,raw/bangga_ppe,30ef332858ec4d9deb3221bb9c9874d62b96bc60752f3b015e7f5ea215ee8b77,False
v7_train_00590.jpg,train,glove_detector,2ce1eb7c61c3000f7d6490a3e5ff9d3816d3f3c0d262c5384a01b1b6b112bc25,False
v7_train_00591.jpg,train,processed_v3/train,531f07a4f69e7289e28c64b6193da2ba824beee33d1e9f3e12b4abd4f2a08456,False
v7_train_00592.jpg,train,processed_v3/train,c553de0aec55f713a0940f38c59cc0688a72ef1f9e4ffdb5bdba55085bb312e6,False
v7_train_00593.jpg,train,processed_v3/val,614738276d3da5388db5a8c39c303a9e8aa0f3ab3a5535fadc44e8588cd73a07,False
v7_train_00594.jpg,train,glove_detector,e863d5d7a2b08614e0e9a6ac95b156aa667d7e8c7c4ba2fea63380a15b05617e,False
v7_train_00595.jpg,train,processed_v3/train,e2e82dc3978ff7f7da0ae72ff7162a87dee105d715d80cd0b4e22055f495b76b,False
v7_train_00596.jpg,train,glove_detector,4fc7355d1cb8cdc0c3e50349e3e67c98c8724f3575a17e5981b7643ec9aadf20,False
v7_train_00597.jpg,train,processed_v3/train,07d03cbe6a3ccb30d03a14ff3fc18d45368fb242b1c2a7da273922aea47a330f,False
v7_train_00598.jpg,train,raw/bangga_ppe,21ab52d5b95f340e4c5d5d24ea02555be3798790c49c2d392afbae61ae48f3bb,False
v7_train_00599.jpg,train,glove_detector,f8d4b2271ba97163ad8ed9e6db8e14704e1bbdd0347eb392eae6ee71d1033a45,False
v7_train_00600.jpg,train,raw/d_fire,d60f5a8ed3f02397534ecbed6d8b0df065c6bddad0590f123acc40ece9fd4239,False
v7_train_00601.jpg,train,processed_v3/train,38b4f0bd69c39f708e81962fdd1627fab3c546c16f40723ff1b8217a56d584b0,False
v7_train_00602.jpg,train,processed_v3/train,7d212f1012854dc1e7ce17ccb51f503c292421e56069ebf3bde01ba3b5f97ab2,False
v7_train_00603.jpg,train,processed_v3/train,d7fab7ebdadb09c764c38514d0ae171034814caa040df9019e1500f7067859ca,False
v7_train_00604.jpg,train,processed_v3/train,1775631b0515d845daf24f98814eac1452dcfa0953ae4d09512bdf3d50742449,False
v7_train_00605.jpg,train,processed_v3/train,77dc646cc5591a83dcd5907439cf8df32a93c148dc57489cc18134a6955e4ceb,False
v7_train_00606.jpg,train,processed_v3/train,90fe541ef23d28f3b5edf521ad6181e2b945738192114b966c13c006576c5291,False
v7_train_00607.jpg,train,raw/bangga_ppe,392f9847c5efabb6bb55ac71ebea625a463715c5773fed617e4aa8644e99a0fe,False
v7_train_00608.jpg,train,glove_detector,a776d03190a0f880d1a974f756a98556863a23b0cc84c721609a14857f1819aa,False
v7_train_00609.jpg,train,processed_v3/train,4a4c0d396fbaf5f7b4b9fc7bb04dd3ec2deafbca053fdccf6fd60d6f6300baec,False
v7_train_00610.jpg,train,processed_v3/train,cb2cad5441f4199f67d7d6ad2b6c5bfbb708694d04b7f60d3419016c87f4fd57,False
v7_train_00611.jpg,train,processed_v3/train,dac07a3c040babd831ecdd9700b863239afa346626e9c6d3645da484389d9598,False
v7_train_00612.jpg,train,processed_v3/train,02dba8a999a8aee8183f47bc4e2a6a97d97ec0afb055108e6570201b6b56ae98,False
v7_train_00613.jpg,train,processed_v3/train,c4393aa4a226a8e922b9058a9a7c0160ab75c18b604b8df26aa41506ac3421fa,False
v7_train_00614.jpg,train,processed_v3/train,98669dfb38c528e8df80c8f6ece9d10822a470d0724295ba8bb6336bffca5c56,False
v7_train_00615.jpg,train,raw/bangga_ppe,73b7678050d2527e6fb9ada313722ed91c1b74fe06eacc51b1076ed8b80a52d9,False
v7_train_00616.jpg,train,processed_v3/train,64dd0c70f9125a5e39b15e5ad6e82dcc796c81c4e551b9e8092784a924ea24ab,False
v7_train_00617.jpg,train,processed_v3/train,bc271ac7d9293c35173e0f4a329f70dc6c42f11a637a92b20c9e75c7ad268696,True
v7_train_00618.jpg,train,processed_v3/train,db30898a0ed80fd989c41ca649af517f69052f4568ca3c958050a633971c3dc9,False
v7_train_00619.jpg,train,processed_v3/train,399eed10df9df5a5c079425ccf86f18f5e6a6eeb3219128092ef46f8d5781bbc,False
v7_train_00620.jpg,train,processed_v3/train,d7bf39cf7197dfbb4d717669012be5cf4d1fdea2b5f0bf8bf4c943ad1209c995,False
v7_train_00621.jpg,train,processed_v3/val,1530fa2904feca05da4ac853ecc77873a152111aa053a0abf137de9f24fab4d9,False
v7_train_00622.jpg,train,processed_v3/train,093b5fd0cdda2343ab2ad9be70d226520f374e4c835eaf96529b44702fd9c279,False
v7_train_00623.jpg,train,processed_v3/val,1983c2c5ac5d10d776d9c1fbbf2c1b76c7797130028f868b69eb7635dc56c494,False
v7_train_00624.jpg,train,glove_detector,b76e354f809830a534c74a943232843937285c6a7114f3e3445d208c3b45f99a,False
v7_train_00625.jpg,train,processed_v3/train,fab3680d8e059af61f0254aad461de65445407bcdc65adbfd08a653b4b2ce804,False
v7_train_00626.jpg,train,processed_v3/val,85bd6b8dbb412b3a95a8bdfd44cd4f4203b7301f76654f258768289ee3d336a5,False
v7_train_00627.jpg,train,processed_v3/train,be8cea8fb8627e96f61ef39f4ec2c2eb2d0e23ce0e6073919de565a4979b57fa,True
v7_train_00628.jpg,train,raw/bangga_ppe,e3d6384dc7ff0b70b198f10857321a1fc6fb8777c17c22d0cfea12e750e8a25b,False
v7_train_00629.jpg,train,processed_v3/train,f0ac01d83414a368e9a7357efb7c0809c2f3b1663e1ed71de2dd3f4a9b1f65bf,False
v7_train_00630.jpg,train,processed_v3/train,3dc7d60f3cc6c783b0554ce134170bafa08e0168379a2fcc64511e342b31ceaa,False
v7_train_00631.jpg,train,glove_detector,6d3a448b09889093f8d5054c4e572be5f003b59a64b2f197fcdb1c86728cfbb9,False
v7_train_00632.jpg,train,processed_v3/val,1c63024008506264992a3ad177a495086b9e24bc966fce22ae4c6ca30e8c91fe,False
v7_train_00633.jpg,train,raw/bangga_ppe,ac5819e4fc996c718e952c29255c22a3ec3656cc41ed7054c7eb5e63cadc8d14,False
v7_train_00634.jpg,train,glove_detector,56dd8a5cda853b0ad7e0c3c59cf2d3816a9d721e931cdd30dc283c4129a9e60c,True
v7_train_00635.jpg,train,processed_v3/train,78416c0ce290d4dd5ea1b4e116275f173284a7e9aed0be718fc07af177e5d07c,False
v7_train_00636.jpg,train,glove_detector,c7c38b523d559af096245fa01aab0afe46f23b82f984a3b54379ba204e08140b,False
v7_train_00637.jpg,train,raw/bangga_ppe,8f708c84fea3205491614e12402f3e9af0919dd4e588a9de6a453c762c4d2909,False
v7_train_00638.jpg,train,raw/d_fire,fb5fc483b7a1fd6cccc2b7c3081bb6b1434fa02249f5505cc97792c817cdc78a,False
v7_train_00639.jpg,train,processed_v3/train,8a466d56aba792e2e09ed9a9c5fcf484549a0b0c3e5d3a1702b61fb9255bc819,False
v7_train_00640.jpg,train,processed_v3/train,409a60d451d2c253b247a68044c335bdd7181cafeb90490c7daa5f79a846e333,False
v7_train_00641.jpg,train,raw/bangga_ppe,c2202a18cae616a31eea677435cf464e1050c3026a51c0079205c2a961160615,False
v7_train_00642.jpg,train,raw/d_fire,a6ddf23c72e0ec4a44e2bbb46270bf92ddfe36fe585af8217d9b48344195b265,False
v7_train_00643.jpg,train,raw/bangga_ppe,8d74a378f782b22a8caa330d049bb6ce27b7d6dff824e063c471c2cb002453b3,False
v7_train_00644.jpg,train,raw/d_fire,245ef63355c47dd505f977b00fd2339503db0238f42e5e991185d4b4204bd867,False
v7_train_00645.jpg,train,processed_v3/train,890358165dec17ab3b3f95dca341b6f5c4d0981c75a6aeb7853d2b57e26eae99,False
v7_train_00646.jpg,train,processed_v3/train,67bb21fa71f1706d6b94ada7d38793a21af3b22088d96dcfa0ee6c18b2e0f2ae,False
v7_train_00647.jpg,train,raw/bangga_ppe,eaff51431a8f7e93b23d3980663633af9548650adc41b62bc1f708f04402e659,False
v7_train_00648.jpg,train,processed_v3/train,985fdb4365a574f772aefcaf61cb8d5f95f54a12d9fc917f871a60f94cde2e8f,False
v7_train_00649.jpg,train,glove_detector,58167c36a86105b45bfe85d6b6d88eb44b40451b9ca8e24332cf0a5c417444e8,True
v7_train_00650.jpg,train,glove_detector,970779967945f0098c90f5fc691698a49b0c4df34e2523d1f682d42f0c8c8c23,False
v7_train_00651.jpg,train,processed_v3/train,2653880b1e44a0ff7257ced6ee398e54c1533b2944a3507f504a008379d97408,False
v7_train_00652.jpg,train,processed_v3/val,c6c90a831c184519520d28040cdac6ac2dd892b3ebf15a7910f6be4c26ace060,False
v7_train_00653.jpg,train,processed_v3/val,04e8764b2a2a2129c543959203ac0530c47f50ce726811f8ae7417977f666736,False
v7_train_00654.jpg,train,processed_v3/val,927ea40da153f7db7e34de4942302c3356016bfc1ca299c94c6cde5d7b74cf80,False
v7_train_00655.jpg,train,processed_v3/train,90500c6d703ca7e7c24b32139275d446c2dbc5ba4cc29e679dd28d3fec4d1839,False
v7_train_00656.jpg,train,processed_v3/train,d9d283fc479a0f2775d8c9d2a43af713cd9f3474f0e670d5eea6240931fe1b92,False
v7_train_00657.jpg,train,processed_v3/train,fefe8fc55fdb2ad220652f00ea8ee8617e14bebf5feeaafc953bd140a558443c,False
v7_train_00658.jpg,train,processed_v3/train,68051030a6abc7ced14c33ff16f29f0d8db17cd598123a49e5f3921927a9abcb,False
v7_train_00659.jpg,train,raw/d_fire,35909211b96d0d21c854e6b6e49c9090f5511249ba766afe419cefdd930a266b,False
v7_train_00660.jpg,train,glove_detector,8fb50c06de71c7b5814f6c3b8a7f621ed72e8406ffc63144fd3559daafa07f28,False
v7_train_00661.jpg,train,processed_v3/train,4d7f1fa090f816edd117ad07fee5729d6363eb6f122223618f54c179f141731f,False
v7_train_00662.jpg,train,processed_v3/train,e30f7166dbe81860a41f5a6d166fc7961997efab2bb1592669c841555a1dc966,False
v7_train_00663.jpg,train,processed_v3/train,87046f44b436f7c2c7c2b82d1b2848d8f21aae8fd289585a238b981ee0fcf4c0,False
v7_train_00664.jpg,train,processed_v3/train,df2d6e2f4df2cfc6a1067717d6b54e7d55b91d5f0a155dbaa4517b5a528b938a,False
v7_train_00665.jpg,train,processed_v3/train,e09be5575b3bdaab711fa8a05c802de2a2ecaa62e532464b04497691934cf547,False
v7_train_00666.jpg,train,glove_detector,50f49e58ac11fa376b003656554fb628ca0b22c2faf6c24c78784a7977e9da14,False
v7_train_00667.jpg,train,processed_v3/train,54ab3294e620908611dc3d04c65b14530eed3b33b1172b4d30e30b6a89606635,False
v7_train_00668.jpg,train,processed_v3/train,b3161e299819e614d261791324ad5eb716e5e60d45d628d548f3499685059da5,False
v7_train_00669.jpg,train,raw/bangga_ppe,4063e34db35bc9c2724b88e6ec40b6ea6184cf341cceee121d707c06220240c3,False
v7_train_00670.jpg,train,raw/bangga_ppe,8e61d3ea351239acd527702b3d8f3bff52531eaad6b802bf625eea9f9eb07702,False
v7_train_00671.jpg,train,processed_v3/train,314be5f54994a08a172eca44a18abf74525eb0378fc48b18a57f12d694806fec,False
v7_train_00672.jpg,train,glove_detector,98557aed687ac72a1e8c871df4ddcac2cd6031ade7f433fd085fc4f3c50f4760,False
v7_train_00673.jpg,train,processed_v3/train,776144fff1da4beda458bf9580afed3db5a31608af5ecb39ee9798adfde2b42d,False
v7_train_00674.jpg,train,processed_v3/train,867cb4ac357eb7eadda389e6cec64d5c09dd367def043f53a565949279d31649,False
v7_train_00675.jpg,train,processed_v3/train,2bc5cc0845eea7bb233b5f2645238e614848727e4c5c5a969e5570b9bf7832e9,False
v7_train_00676.jpg,train,raw/bangga_ppe,08fbd6c56a38afaa2438fb9e6d233fb0d1764b72ba666e8a04a137e377cf27c6,False
v7_train_00677.jpg,train,raw/bangga_ppe,f333e706cf841e676c557efb0b11292420f75d4395091e64d1c7d66004887def,False
v7_train_00678.jpg,train,glove_detector,2f1281b22bc98c9e8f55d522c6269cbda706e8698bf43bc976622d0c2fee6103,True
v7_train_00679.jpg,train,glove_detector,6d05c9028177c07aca88439d39922d25eb764b6c36aed01d8da6ecff54adb06c,False
v7_train_00680.jpg,train,processed_v3/train,b4c42776638e57a49ae49146195fa18edb3dab28afe305c894352d0f205d1216,False
v7_train_00681.jpg,train,raw/bangga_ppe,cecd70efbc06d5c910e4c421c35f58a875943176d91ab19d1fc02be799bebfb6,False
v7_train_00682.jpg,train,processed_v3/train,3ac4ee096cff4eda76b1581ca8e7fd16ecbd5241b6653aa07684427c3ffae402,False
v7_train_00683.jpg,train,raw/d_fire,95e5878c2fea3aa1a94c43191134ddd1909b430c3ab25315b6bfdee0a52a1146,False
v7_train_00684.jpg,train,glove_detector,dc0554540fa3f73e3d9a7b212bfdcecb74b7ae66a6a5b8d3fcec82cd34b8e68c,False
v7_train_00685.jpg,train,processed_v3/val,aaf524c408dfaa6e50914c53d04414b38eaf64379e73d9e4e80b0ceb6ad37e59,False
v7_train_00686.jpg,train,raw/bangga_ppe,afd487a1b7840988d4d2e7703e6f9133f8bae20ca8ab26308938a1b87b784829,False
v7_train_00687.jpg,train,processed_v3/train,68a2d1d9672fc05e6a9f43a043cdbdcc69c7773610dea618d091b603681f65d7,False
v7_train_00688.jpg,train,glove_detector,33589f5f4eb114cab0a950fc4f65623b8d47b26c6474bfef50619790e1c5b8f9,False
v7_train_00689.jpg,train,raw/bangga_ppe,2d273670339ab9732ab3aa9927594755aa77cd200fd1b80cd28f2369b9b3f96d,False
v7_train_00690.jpg,train,processed_v3/train,306d61887f901b47dcf440567d23291dd47287412d37cd380199f1488aff1930,False
v7_train_00691.jpg,train,raw/d_fire,070651ab02b11c8f1aaf58a53732397eb92c5c080fdfc97edf795095e6ec9d97,False
v7_train_00692.jpg,train,raw/bangga_ppe,03912180d791283b23140a98950b0ecf971e6022cd2e562537e15a1cf49751a1,False
v7_train_00693.jpg,train,processed_v3/train,22aeed09fec9224e837ae04033133d067c60a8d52bb85b0f6432c336009b4e82,False
v7_train_00694.jpg,train,processed_v3/train,7c0b25904a35aace235a5e1f5ae979da58b7e166505051250618f95e9bbafeb2,False
v7_train_00695.jpg,train,raw/bangga_ppe,1fee7ab2d5732fd5cd6beac0d11c7a6528e6b2e69be6a05fd32aee3a9f6bbc49,False
v7_train_00696.jpg,train,processed_v3/train,950546c991c5e1925a2c400e81e68f1ea19769789d84a35553ecb87bccc5fcdc,False
v7_train_00697.jpg,train,processed_v3/train,051c35510b05137ecc869358093659ac9efa228d5271a358b7c21ab857dee817,False
v7_train_00698.jpg,train,glove_detector,9fe2b06dfba87926c02eee0ed8f7101fad3c3a36b4f4192aa9aeab869b137afa,False
v7_train_00699.jpg,train,processed_v3/val,8f6c1c01d144955f705ddb8b1bff966dc04c234187b8ce457d377b931403b58f,False
v7_train_00700.jpg,train,raw/bangga_ppe,36ad823b25a673e6752cbb11d701d102e1871a9bb63f563e28e22a17aefd849b,False
v7_train_00701.jpg,train,processed_v3/train,bf39f21e2099974db0bc0a8fec2e111df175735e878a10bd9a3a769264a5544d,False
v7_train_00702.jpg,train,processed_v3/train,60fb3bbda1cd174e96475c989786aa8761aea25d36e25b33c81315c8dd81d349,False
v7_train_00703.jpg,train,processed_v3/train,ea67b74e04b0a623b2bedbc9463cfdd40301cc1a354a3b5a8eff6115c4cea5a5,False
v7_train_00704.jpg,train,processed_v3/train,b6c9a21cc18cacbb75aa5e6a22b6956b1802ef9d2a9ab3165d45a366b87abbb6,False
v7_train_00705.jpg,train,raw/bangga_ppe,dc0074fbea0fd924771a40f94ef162b896b64b76cebb4cbd62f82ad71c036228,False
v7_train_00706.jpg,train,processed_v3/train,d9dc7c0927fe68d895167250919c279f26d0b8a9dc92e85d15d6598d644e6343,False
v7_train_00707.jpg,train,raw/bangga_ppe,bdd44b195d46c48cbaf0b16030f07a29a61962478af759e816e75b699cd5643b,False
v7_train_00708.jpg,train,processed_v3/train,40356f53317a130737e0ebd3eee0dcfb26d226bd8118e36657651508942500fa,False
v7_train_00709.jpg,train,processed_v3/train,2e1a7864ad2fd53b441fc4d2af27eba285222136c43926c93d01d14d2cecfba6,False
v7_train_00710.jpg,train,glove_detector,e076ce200b66d186d9d35b2224afa67efcc336ed961419db9f2b3e51d9da85b9,True
v7_train_00711.jpg,train,glove_detector,10d0a2e41f9ebced6e6c1d02ad56a713f4fbcdc3b73ce5304fccf603614a1773,False
v7_train_00712.jpg,train,glove_detector,1ef34ad7325f69612c8ddbe56e9768ef59a60d1ee8d3ebc9ef669e3b0c658492,False
v7_train_00713.jpg,train,processed_v3/train,d4318c8e0a5b471d580c3839aea11b7a4c6c8726faa5ef08eaec0b88fcf0ef52,False
v7_train_00714.jpg,train,glove_detector,b945409319e3df1d43df96e898c2f04825f14a2bed49cb2c8102bb10c32ce93c,False
v7_train_00715.jpg,train,processed_v3/train,446ff88050c9a1afacf4520b3af997a7e99f08e34e6bf31ef7a1d3fc22b734cc,False
v7_train_00716.jpg,train,processed_v3/val,32e929bf2c5c33e686e0192bf565d49dbb1115d8bf765324b4a61c95807af8ce,False
v7_train_00717.jpg,train,processed_v3/train,f9f885a74bf40f75d5507e063287543c0b05ec4d5b66c1ed78e1daed548acd8b,False
v7_train_00718.jpg,train,processed_v3/train,37db652260d09bfe06fdccf42ae1324cbe437f927e601626767612c2cd4500c4,False
v7_train_00719.jpg,train,glove_detector,c32ee0418afabfe6d6e80f9367c9da37e8168180fb1390266a1c245129876d54,False
v7_train_00720.jpg,train,raw/bangga_ppe,3dd8853826878310f3245104ad795a6fbd0b29dd72a18a9618aa14cf33020057,False
v7_train_00721.jpg,train,processed_v3/train,45ca82e2b2717fe9d89d8f67fe27e89a6307559bd9e4a58e8ac2a2b110e29dc6,False
v7_train_00722.jpg,train,raw/bangga_ppe,a8e3f194b612bffb76b605aacfb6577de0deaa858fe5fac0b727a36773c2059c,False
v7_train_00723.jpg,train,processed_v3/train,c3bf2db5314685658fe7e0ddc7fdebb0b28137413ed21c15b8046403beb981c2,False
v7_train_00724.jpg,train,processed_v3/train,4fbb517e062a2949747d6c86df48d8bdb5a46fadfb4838ab6ce7f5b8174e2992,False
v7_train_00725.jpg,train,processed_v3/train,e0439b17b1d1dab3078c6a0d42b4f099803590cd92ac6470ce3c899fa5b3d004,False
v7_train_00726.jpg,train,raw/d_fire,1bca2c36d39d0ca4f3a25aed6cfd863633484fd7c6fa5b5beadb447287bcafb5,False
v7_train_00727.jpg,train,processed_v3/train,421024ba2634eed85e1343e6b034d86843e67db4eecb0ef93c61e123ca7abd2d,False
v7_train_00728.jpg,train,glove_detector,2414bcb28954fb0510e55c3eec7ebe426709cda99d82a2bcaced4e8da646c761,False
v7_train_00729.jpg,train,raw/d_fire,12a490153d88f240335fbff71234d4a8312cc647fea62972cb26e99ea4ce2c97,False
v7_train_00730.jpg,train,glove_detector,967cfd17c2c95e0f908c7139d19389b3100432ef82219c68fa93aa480dc440aa,False
v7_train_00731.jpg,train,processed_v3/train,755a2bd3cfdc51859ffe43e0c04f51dcfbe9dc16d297453fbad4d8faaa5d6754,False
v7_train_00732.jpg,train,raw/bangga_ppe,b145c222d5f4d893ba15955a0427128562e6d7b84c497d1ce3e57842a74fdd0e,False
v7_train_00733.jpg,train,processed_v3/train,8b6b28e14e0e01bb8c2b3667e556a23236caeafc682014a5480d8717edebcd00,False
v7_train_00734.jpg,train,processed_v3/val,eabc88aac55214f7586bb2678247a6cb9d42948f9d5d9913a81369d92b0deadc,False
v7_train_00735.jpg,train,processed_v3/train,346c48267ca79599b8818ec51874c5a00ffba17544f751dfcb4268fd8d029703,False
v7_train_00736.jpg,train,processed_v3/train,e7d88e09c96fc578e96f067743a0b39447b1f239b6f0770aa1f3fccbb2175862,False
v7_train_00737.jpg,train,glove_detector,53f94f7c25070a2773c436ad038cc3fb3150a04b312c6b66ab928a352032f241,False
v7_train_00738.jpg,train,processed_v3/train,032935201552e7a80603a78e218fa4db3bb569373f21a48b192ccb9f30cedb0b,False
v7_train_00739.jpg,train,processed_v3/train,3c4df85897c16d7ccd23084bce3a4f80e0fb07efb5808acc60abae74275372da,False
v7_train_00740.jpg,train,processed_v3/train,16f7540f841dcb98101f6fc1f6f0e8d42f11e06031d6f364d92f61e37c9995b7,False
v7_train_00741.jpg,train,processed_v3/train,3969e286cbfaea367b4210ce168e7b8052243c7d8aebce3b17868dafd68edd3f,False
v7_train_00742.jpg,train,raw/d_fire,873de6edddb1c5a4f6610bf50a46bbbab38c4981c8294fcaa8db93855d45ed30,False
v7_train_00743.jpg,train,processed_v3/train,b76e4da821b48897e95b0b28bbe4c8e2a3b112c98db3ed666b2e7364300b848d,False
v7_train_00744.jpg,train,processed_v3/train,ad66aa30f92994cc5bb1cdd9c5531d05e18d97cdd9ba6b3353edd8dc8603f5c5,False
v7_train_00745.jpg,train,processed_v3/val,ec9e2e8eb824d0e1534d2aebef0aede20d0a07bfcd161a3935139b31743f0e90,False
v7_train_00746.jpg,train,raw/bangga_ppe,d928128536b856da58f1157b6a8c96f10151bf82638fc55d9f38dbc27ab839f4,False
v7_train_00747.jpg,train,processed_v3/train,fcf8afcacd523968e85f51ec263d8f7cc3dc6bbc6131f0314797599a5f462711,False
v7_train_00748.jpg,train,raw/bangga_ppe,c32ce4b30830feadefecd31cdd40df10c885602e259ae7a6dce2470e8d607fea,False
v7_train_00749.jpg,train,raw/d_fire,6b9f80c40ac52e3c51a09cddaf33dc1a09ad89349a14e756f8971158a5bf7435,False
v7_train_00750.jpg,train,processed_v3/train,e2fe008eb729bdd2f032a2e471aec06acfe1ce8a1d1427a418b633b5f1802070,False
v7_train_00751.jpg,train,processed_v3/val,678d46040b5ddf974a099c21eccb7ebedcf348732f7d0c2933c18b4f05747ea4,False
v7_train_00752.jpg,train,raw/d_fire,8c86ad9b39e960fc903c42d42fd87468bb6c5a4b78fcfb316e0911234b02d633,False
v7_train_00753.jpg,train,processed_v3/val,a83f786d14fcaad73714fae7c56168636f94fc04e16dd3dfa530f62252af038b,False
v7_train_00754.jpg,train,raw/bangga_ppe,22cc9a57f0dfeed420260c346b984682f4bb983c30fe8a224a7cc6dc4c7cf37a,False
v7_train_00755.jpg,train,raw/d_fire,c1a2b3381f4454b8bc3e6a1f1e22bd1ab0b736f5130326e2e37e702b93555071,False
v7_train_00756.jpg,train,processed_v3/val,2d934d116be8b7a1241a092f8234ac6409d6ebd2783f5844cf23a8092a9b10a6,True
v7_train_00757.jpg,train,processed_v3/train,b956de9c475b0306e7afeb953707392a51996202c52a75b5538a0998ff38af99,False
v7_train_00758.jpg,train,processed_v3/train,1700e5f07ffb841802228b6b8546b604f7af7d3700768ca33fc7d548624cf618,False
v7_train_00759.jpg,train,processed_v3/train,245450042bf61832823608d1c120c11295d0450e243e098df646ff9beacc3300,False
v7_train_00760.jpg,train,glove_detector,769e8e6eb7335aa42e29576edb197266a6118c5a361f060d5214beb35f175ae6,False
v7_train_00761.jpg,train,processed_v3/val,485c22db577fd9f7f7cf4b68c8fbeee790aa22be2aee476947b1262ae958e695,False
v7_train_00762.jpg,train,processed_v3/train,0c459cf53405adafff8c2fefe0f1871aeeb1ab7257a282fc56fa99c5f7893caa,False
v7_train_00763.jpg,train,processed_v3/train,a32bc9bfda6133fc3dfb3ddcc9d9770b2eaa8a5dc54b1b4d1c20a8c22d2bb1ea,False
v7_train_00764.jpg,train,processed_v3/val,c097cddd290233ddc9df6411b6f8027211288dc6f83024d2fae1805942a2fd8c,False
v7_train_00765.jpg,train,processed_v3/train,7b8b67e13db23da2b897b2a33a038ea1b6e3a8cb91e6187cae30a1b661e2ad64,False
v7_train_00766.jpg,train,glove_detector,6d6077be2a3dd85275df55678a059b95499c872669c9b6394d3ea1a63851e4c3,False
v7_train_00767.jpg,train,processed_v3/val,0e22fa8d8d8cf36c5520c4cd2e4e10fd2db6dad6c3e69408adec7760b76ffebd,True
v7_train_00768.jpg,train,raw/bangga_ppe,9b79688877bb615906057ca56a98e694456206e4d68c3812ca93ade71eb9e0be,False
v7_train_00769.jpg,train,raw/bangga_ppe,94ee12c64e37f33586284293eb233c49a0f4659e4c3b4a8a68db90a6522cfb34,False
v7_train_00770.jpg,train,processed_v3/train,65796d829baff8ed6d1b7320778a5f794a2a6d186f0c2b5e78db9d2fc60e1d53,False
v7_train_00771.jpg,train,glove_detector,0ec590d5fe215bfb0c48768e3051ac9b5c472cb4fb671b9cbab50a43b12351b6,False
v7_train_00772.jpg,train,processed_v3/val,2878f8a1b61263e0ecdeb1d07c1169ece40539f1ee2c54a3d21502139528b4d1,False
v7_train_00773.jpg,train,processed_v3/train,236594ec14eba825c8082b815673a1c37f7ba4d6ec8e77ed1c5e30d401b96abc,False
v7_train_00774.jpg,train,processed_v3/train,3729836e3b1b3c15216937d9eefed8880019d00a9efda889a9900b0daae2697d,False
v7_train_00775.jpg,train,processed_v3/train,7c41bbdffda666aced22f0c8b3b1cd4b0c48b410d0ca4781d5f5470f6c6e33c6,False
v7_train_00776.jpg,train,processed_v3/train,9f00550976e8a981fa562db2d353b246e902f7fa7befe4a5dcf037481b01f8b2,False
v7_train_00777.jpg,train,raw/d_fire,ee12f727a299836e9736aaa235f9694ad2af21e025dceb59f5afac49d2978d47,False
v7_train_00778.jpg,train,processed_v3/train,5e124bebf84fbfe9b7c8d53f73617ab2c20ec8ee4052f3e50a9044493482ddbb,False
v7_train_00779.jpg,train,processed_v3/train,36d1c43b85745ab298a1b3781d3c092903cc8fa0d360d1891524458ad9be4c05,False
v7_train_00780.jpg,train,processed_v3/val,60ddc483836a5bb93b6573ac88eb64ae786717f2f696e891504faf17691564b8,False
v7_train_00781.jpg,train,raw/d_fire,23cede9266c9971f24d9944c4f792b2a2a3831f4313c6818f86ad02dca0f19a3,False
v7_train_00782.jpg,train,processed_v3/train,d448c23d0fc92b411c19f46009519bdc24f877467d7beafbdc822c570a165c68,False
v7_train_00783.jpg,train,processed_v3/train,494dbf576c3129bfe91e10732374cb86b28c366c913c92c20db6feb70e644363,False
v7_train_00784.jpg,train,processed_v3/train,1e9d0d7cbd8c7572b4f14963585e42666edb85f71eab37cdc06c3aa646056ac3,False
v7_train_00785.jpg,train,processed_v3/train,63ba5634f56b744ced9876407b999c0e5328f6aa594053939298f65db4ae57a5,False
v7_train_00786.jpg,train,raw/bangga_ppe,2428883ba05df805a5135e61002fd131357c309441722b10f8d1651154fd877f,False
v7_train_00787.jpg,train,processed_v3/train,727e2951bd2bb6c5ef9f042254f8b58244c26481bf547a8c4163ba1bca9075c6,False
v7_train_00788.jpg,train,glove_detector,872f6a6f58f018483e51242dc09a7d5519b2817ba3f3ce8e59e0e69d31f056f1,False
v7_train_00789.jpg,train,processed_v3/train,da7994aed7044d036562b255b4154ce21fe532ac513e583b83b42d80aa9e2567,False
v7_train_00790.jpg,train,processed_v3/train,1998e5c8612529c15d540065ab579d730cfc2797bfbc627b3bcb2d9f16c9c351,False
v7_train_00791.jpg,train,processed_v3/val,266c0108d7cd7ba08c89f7e27a55bb74305c78a4e934a7432f51b4dfb9d1d21e,False
v7_train_00792.jpg,train,glove_detector,23faca888d4a2e4540bccb65402c4badbe3b3b5ff042b7cc47faee3d341468d6,False
v7_train_00793.jpg,train,processed_v3/train,042d612f2c856e3835662cd03b05ea17e4564cd95a2c1f13eeb821fc9e996b2f,False
v7_train_00794.jpg,train,processed_v3/train,20cae4af4c51bce2c54ea3969720323f3fb9b370479446a2c022cee3b3720869,False
v7_train_00795.jpg,train,processed_v3/val,0f56e093275191fe2d45f983f907479c0b9551cdad0255aa18e8aa22b6d027de,False
v7_train_00796.jpg,train,raw/bangga_ppe,6c663c53b662b1cb5b0080f3b059b7da4b13919511b60584f2000843fd0f5804,False
v7_train_00797.jpg,train,processed_v3/train,63cf0bceb284e9a4dc95dbef592e7a39f95d6174ebe5b81b52a5de7e9c27a788,True
v7_train_00798.jpg,train,processed_v3/val,6eee2171dc40fe66453480461e38172e774061f77d4eee8376347d490c2cbb27,True
v7_train_00799.jpg,train,processed_v3/train,19f604c5c21a59d3601f42de7d103e7916ab59f48013b20164ef76ed8b305e5f,False
v7_train_00800.jpg,train,processed_v3/train,7e77789d719890ff7f2811c20c3269d37ca83e2f1d90aebcfeae1461ccbd386a,False
v7_train_00801.jpg,train,processed_v3/train,577c98c1a0a8d27ee61cfba2244e6e7a04c47f76574f3faf6f005c2f44c57379,False
v7_train_00802.jpg,train,glove_detector,8ed1cb48085d1aede9ea3f3c121a6a57facd1da71c19681e5085546378dbd85f,False
v7_train_00803.jpg,train,processed_v3/train,33033e3636f9f67fa229c45382e1c4e9434a443fb000473e477bc77f7a078982,False
v7_train_00804.jpg,train,raw/bangga_ppe,52eda7224f7e4666f35795bcc28214b9e6b05456df9cf6f900061c599cc190f3,False
v7_train_00805.jpg,train,processed_v3/train,f2668e268cae743692bea1aab251b69b01a6d91d3da83890e07faf85b049317b,False
v7_train_00806.jpg,train,raw/bangga_ppe,dbb0e0a15e4fa3f6c9d77dea545767ac95ba82a7c5593d025084d6bcd875e5d4,False
v7_train_00807.jpg,train,glove_detector,98e1c129149cc287acefed9615611fdac5cb08390f26c5ee3235f525e71d718a,False
v7_train_00808.jpg,train,processed_v3/train,565ab7a9ce13f027352b221a61586bfefab97898b4ca26a37555ba0862bf732f,False
v7_train_00809.jpg,train,raw/bangga_ppe,8930edc7bf8e55ec68735844f127a0b51df014a17cdd2ff753da6be2a0286042,False
v7_train_00810.jpg,train,glove_detector,517726d7ba4817d54d3b81ec421760d68e612f31120ac4962a11ece0e60b5eb6,False
v7_train_00811.jpg,train,glove_detector,a0a98da3a334d3cbaa48973aed1918743b0fbbfbe7268d3b570cb16f140141f8,False
v7_train_00812.jpg,train,raw/bangga_ppe,4ecd23834b2c49ccee64bb7e090439051b83c209316f3b8c02674cb1ba34b670,False
v7_train_00813.jpg,train,processed_v3/train,ebcec908e3b8fc25b0858ed14f945fdc6bfc0fd6aaaa962279184c2bb9027a4e,False
v7_train_00814.jpg,train,processed_v3/train,155357fb820530e13263cb310f98a049911dedc0565e8536ca7fad3a82064c39,False
v7_train_00815.jpg,train,processed_v3/train,0cd8020e48ee1069a4da0ccf512a7c2e30f254b4a2c5b3f6493012d3cc414397,False
v7_train_00816.jpg,train,processed_v3/train,006c3a286367e2655d69245d6281d96c392e7eb5d05c9dffa2ecd78f85f5549d,False
v7_train_00817.jpg,train,raw/bangga_ppe,985004dbd4af3ec8387500e442ea4f7edc1c3507b5da851e49fd351b63d73672,False
v7_train_00818.jpg,train,processed_v3/train,3f97704248a11c6ef342b7a80846c496714251ef367b2a125cac45451bb73d48,False
v7_train_00819.jpg,train,raw/d_fire,236779c2dfbb95b141a87ab88fbd5cd0f5c3383cae99b317cfabf8dffb9efa6f,False
v7_train_00820.jpg,train,processed_v3/train,86bbb44f127e0a7ff35a9297d171b3560382a2776fd816dbdf8e5b856b2b2b8f,False
v7_train_00821.jpg,train,processed_v3/train,7e09c58fe87ce66d325e2db6be07cb597ec4702cf25092acf91d80a3d0865adf,False
v7_train_00822.jpg,train,processed_v3/train,9ba85649994de2cff1af280014eacc5622f90eade585e3d4ad3f2548f32a5a99,True
v7_train_00823.jpg,train,raw/bangga_ppe,48815203d9d3d206ddfc92daf212cfff0655505dfa4b393831d3ad26c8eb58e8,False
v7_train_00824.jpg,train,glove_detector,d959be3a4ba375fe56b7d4462b5ab9190f4c24cb452a260a457aff623a05f04e,False
v7_train_00825.jpg,train,raw/bangga_ppe,709b9f71dcec07cd3b473c42e82c9d80a97034794c1016a8681ca466453604f0,False
v7_train_00826.jpg,train,raw/bangga_ppe,aad914be621b75e0c88e2ff4c8a3df4caa5b43bd7857143fdd0382bc27d9ab18,False
v7_train_00827.jpg,train,raw/bangga_ppe,28a55824b9de3b13eebeced7c80b210d93a682a20358ad91d7d885755ea8e0fe,False
v7_train_00828.jpg,train,glove_detector,702ba3a1971b923d7e9c211b7801e934f184da1d4849e93188f47bdcc984e7f6,False
v7_train_00829.jpg,train,glove_detector,7c109804aafbefd3f618994988fc8f1521ba889a6a0260f23b72ee50907edb71,False
v7_train_00830.jpg,train,processed_v3/train,f74a56ef6a60fe4937b58e8b1c5fde6a82503168ed34b09d48dd597d81e59739,True
v7_train_00831.jpg,train,glove_detector,13fcd7fa15e81256eaeebd2227d0c77b29171f3dd46cbdd6b118f826f9e3a2e1,False
v7_train_00832.jpg,train,processed_v3/train,4f72c741154e48032044bd11d4d2870be157df5e028ccb92d762502e1c6a454a,False
v7_train_00833.jpg,train,processed_v3/train,04e97e2e6893a1092e5e03c5befad58ce52e1f2b4d4207c059be39e776dca8f2,False
v7_train_00834.jpg,train,raw/d_fire,d07bfec25e6c702f4cff3f8daf5a32803f2e5eb46ab2e4bff0ee0155055a0ebf,False
v7_train_00835.jpg,train,processed_v3/train,f6542f39b2b7ed826d905c89328dbfd017716f12adae9e3df2a984edc34c910a,False
v7_train_00836.jpg,train,processed_v3/train,d5f28ffa7f16192b4fef76dab20ecd4b7d151e213a65e79a48dac51bded05dbe,False
v7_train_00837.jpg,train,processed_v3/train,929770f2d9d38abad80470be6d476b97ab0544953c5ca50b900b623374542d40,False
v7_train_00838.jpg,train,processed_v3/train,636011df044bc66505e1cec5b2f244cc1d2870162b49ca0852e4c8901fc393ab,False
v7_train_00839.jpg,train,processed_v3/train,eba3dd7f13c7885f65ccacfeeb61d8d5c27f2aabea0d4d683d1aeacef593ff38,False
v7_train_00840.jpg,train,processed_v3/val,19bc3773e633a0046f0a957a931da8e6481d78af6607ac657332b38d4597c397,False
v7_train_00841.jpg,train,processed_v3/train,c7510e1baed7b780a2998ac3e07120fb9a2804cbf50669c0fa8c66e3016287b7,False
v7_train_00842.jpg,train,processed_v3/train,b6cae90bf2a1eecc217d31a14367d68d4a497fd95c293f3a8f419211622dd097,False
v7_train_00843.jpg,train,processed_v3/train,00e04a80fe53c2795911f94a3db9851e0c27ec5392caae6b37332e76e6840971,False
v7_train_00844.jpg,train,processed_v3/train,010aa68d43b371c285cfb8b5f07ba33cb44861426b3693ecb0fa0a3de9aed090,False
v7_train_00845.jpg,train,processed_v3/train,2a999d0b16a26e41c072cb3bf34884801708902f7ea27bb708abb9cdd7760050,False
v7_train_00846.jpg,train,processed_v3/val,debd57a8fab2e484cad7e259dbf3922710329fbfd259f0529c3b9f7af2430037,False
v7_train_00847.jpg,train,raw/bangga_ppe,1f807e531fec28c3a6aeffd65d90620aa509d483b8677a0b7e57fe3cfcabbc05,False
v7_train_00848.jpg,train,processed_v3/val,90b16ffd8f2f06456bc27c4641ad094b70635b4912d206a1f20fce3425fdcfe6,False
v7_train_00849.jpg,train,raw/bangga_ppe,ec1c50064c9962f47fd8446f38d7727aad7d922c94c7c3444d600a2bdc0ac1c3,False
v7_train_00850.jpg,train,raw/d_fire,080aed4b6fbca846a46f87cb51e8d9ea2f5325773fb552c2de2d52aa454d9a99,False
v7_train_00851.jpg,train,processed_v3/train,e1849d3758f7bf4414892ab03d467c9943d82c826848b33d4c22e592ce070e0e,True
v7_train_00852.jpg,train,raw/bangga_ppe,7b49075d8da3fcaed5b7a5adce7f575e7601ceecc23b418a80cf670bd3e465f7,False
v7_train_00853.jpg,train,processed_v3/train,e00119e1e96caa0b57fc1d1c97aa09f3da80f013e624c11384d2d5bf6432d776,False
v7_train_00854.jpg,train,processed_v3/train,1ae4f61aae9e859092fb8f02b30fc846319fb1987a85f933c772986a70b7d3f7,False
v7_train_00855.jpg,train,processed_v3/val,1c883d41d1790671c65573dabd2deda7bdf4230e11e4ec8d7957036382ef2541,False
v7_train_00856.jpg,train,processed_v3/train,905bccfaf7f56a8dedcf45d66553336e10eabe32f698ba411408c5b4f58a8408,False
v7_train_00857.jpg,train,processed_v3/train,5de070384fc25d09cb2fe7a412d9be5f798d8b99213c401a2c2add08966dcf59,False
v7_train_00858.jpg,train,processed_v3/train,5c5b53a35c6aac9a6068f58e1c2e85129e94c6f22a3e029fcc516e06fc117b17,False
v7_train_00859.jpg,train,glove_detector,eede612e92f18798e8b76d84c284bfe38e65d1365ca71aa7bbea36063c0cbe56,False
v7_train_00860.jpg,train,processed_v3/val,4c2d754d1d30a3d7cd0369a3a492019477f24a639736d393d8c3e3114edf806e,False
v7_train_00861.jpg,train,processed_v3/train,ad97dde618e8b255ce8479d8bc9ecd89a8ff554394fc1fbb347f4b6eedefd1c5,False
v7_train_00862.jpg,train,processed_v3/train,b2a0e6ccb5bf9755a3321f6c229344eb958babb99eb9f50789ba086f5054c9e7,False
v7_train_00863.jpg,train,raw/bangga_ppe,061a7e73db6249d8c5fd59f2138ae2dcd6298f3308660d6030c0cb750c7561bd,False
v7_train_00864.jpg,train,raw/bangga_ppe,c3ecc319babe059a212b2ada4b92dbc4e80ebc2fddeb8e6e0b1bb0e6ef99896a,False
v7_train_00865.jpg,train,processed_v3/train,c81a147c3bfc73bff1f6036d29b5b69257c554b1ed5104f508ab99b95afc9532,False
v7_train_00866.jpg,train,processed_v3/train,0df5535f902dbdcb3f189aaed23fcd2f50ca83c6bc48685ae10a3b727c738b74,False
v7_train_00867.jpg,train,glove_detector,71ed845cd2f3926d3ba6582fe5db627f177725c79b182a74d1dffd759d017bf0,False
v7_train_00868.jpg,train,processed_v3/val,1226e19dee5c9d639456d514c88c86211e7f7381512f6fb574995c0875aaf209,False
v7_train_00869.jpg,train,processed_v3/val,b8b4703dd5cc9207dfde96d55afd95ed55e846ad63d56bd39bcadf6ce1caf4a7,False
v7_train_00870.jpg,train,processed_v3/train,1e6b95c724f8451ebe051e544450365882874723101a222bcd4ef928b5ad7bb8,False
v7_train_00871.jpg,train,raw/bangga_ppe,1d0728cccf9fe725158366678e935773c96d03137ea3ffcb66923469eeca1bad,False
v7_train_00872.jpg,train,raw/bangga_ppe,eef6d95bc7da8a593ee3084bb0cb4ea9a0a6d95325a2b06c6714cef6e8e1e152,False
v7_train_00873.jpg,train,processed_v3/train,a94ae344ea74fb427aeb449837f221f9e8a80511449bcfd544260f2d71f1f436,False
v7_train_00874.jpg,train,raw/bangga_ppe,60b241d85da31d18cae74a731dc80367b2f38ec033bfc06ded7dbac636593b22,False
v7_train_00875.jpg,train,raw/bangga_ppe,93b845bc6c3d3eab459fff1603331878701b52f9b2f5fa7cb66a13b9235631ac,False
v7_train_00876.jpg,train,raw/bangga_ppe,3a49acddee1ae45c7518d0523063ffc9bbaebb194c218e961fcfdf278e56f754,False
v7_train_00877.jpg,train,processed_v3/train,632773e47e9027e91671226b9cbe4252fd8eea1a938087a85313e13625c299de,False
v7_train_00878.jpg,train,processed_v3/train,89fc5a0a7e96a987537bc7f26fbce2d3f6918fb9b2fa27aed1415a7ab2aeac04,False
v7_train_00879.jpg,train,processed_v3/val,286c1bb84c564f23d03aeaaa0e1c0a4dc470d804641885a4d2d6d6ea10382a3a,False
v7_train_00880.jpg,train,processed_v3/val,1bfd15e3426d1ceba2bc001a5d1c40d36fbdb585c88c29cd7465162909d82976,False
v7_train_00881.jpg,train,raw/bangga_ppe,8f60cb8f98e62c9f811e05f05ed870e34b27f58b946d77836f112c96a7dbec91,False
v7_train_00882.jpg,train,glove_detector,57dfdd58c281f2577bf2f404783eafc3e648272540b0e5ffdfa9554a689fb708,False
v7_train_00883.jpg,train,glove_detector,7d4ae85886007af558cfa055721a37ba7215c67199a4992124c056f381a72180,False
v7_train_00884.jpg,train,processed_v3/train,372fabefe688b2702b5baa2157f1974244618025b0a8e3b4ecfea72c3153a30c,False
v7_train_00885.jpg,train,glove_detector,d60c42ad11dfdd541a208908b0e99c7e2454bdb402a189526df9c7f9ef533ca5,False
v7_train_00886.jpg,train,processed_v3/train,297b9f5f0e6b27e57094666ef13f3ebb9b207c8fcbf04b71c971636561871b6e,True
v7_train_00887.jpg,train,processed_v3/train,ca694bc531cdfaccc78c043707746e9bb7ab4e679ca0888c1ffcae1946e380b6,False
v7_train_00888.jpg,train,raw/d_fire,8e0a40eb95d65a436ded306c2fa924230abb54ba6cce5d6fb76b0709e148f617,False
v7_train_00889.jpg,train,processed_v3/train,034e3281100af593232131b69d19ab2761a0701d36399183dcdb391fd5b2e41c,False
v7_train_00890.jpg,train,processed_v3/train,b720a5e544986ca467b53b4242facd301038766d56ff553fd8ba76906cd85140,True
v7_train_00891.jpg,train,processed_v3/train,890f0d147dd5a41178b467810d7f391166e4db706e4c4cd64a3e06fe402564e1,False
v7_train_00892.jpg,train,processed_v3/train,306559048e1f9c715d5cb612720442ff0c1f71ec0aa2acd2e951c5f9823a11a9,False
v7_train_00893.jpg,train,processed_v3/train,2ab1ab7981079da366cafd26cac9f667c20558403d2891aea4228d3fcd85b846,False
v7_train_00894.jpg,train,raw/bangga_ppe,de837a356832a4fc7ae4c1111257e6102de948f8cb1694e262563b433a22a471,False
v7_train_00895.jpg,train,processed_v3/val,911e0cf6bd7798b13ec71bab339132c148728c0d7234d3e7355322ca89d9dc2b,False
v7_train_00896.jpg,train,processed_v3/train,c1f7123f1c8d24bd1a6fa4ffcdc699f5a4efb99721c7adea51f315f38f4fb4eb,False
v7_train_00897.jpg,train,glove_detector,19e6f3d2cf153b0bf5ea2f4a53ac43e0a379952efedca208f929f7084232851c,False
v7_train_00898.jpg,train,processed_v3/train,4a62567fb90c62b0b4f899d6f25c80bd054fbe8b3a25dc5d2847fc65d2542d0e,False
v7_train_00899.jpg,train,glove_detector,cbf03477b897b89f1647aca4fb42dfc5bcc17ce209f07d99808681bb66c87132,False
v7_train_00900.jpg,train,processed_v3/val,cb778d438b3c465a0390955c7704481c688d2589eb9381eb2f066e5fa8c5b915,False
v7_train_00901.jpg,train,processed_v3/val,9bdc66c98011edee5cd53180e69f5ab29eb9748527c0ad386e1aee920f834b23,False
v7_train_00902.jpg,train,processed_v3/val,18e100c04cc1125179a71236f97d4caff466a7aff9972aab0ccfca5414de18a0,False
v7_train_00903.jpg,train,processed_v3/train,de48962a8c017e0276a14919136c2de69a09945bcd7b8ac0fcb606a6adfe1eef,False
v7_train_00904.jpg,train,processed_v3/train,d26258981439b2fbfedfeb99db7390213834ffe3f38e7a6ce99ce3f5bbf0c663,False
v7_train_00905.jpg,train,glove_detector,559cebd666f5e8b7bd770825068d34393188ed3adab2906c0b38cce877847904,False
v7_train_00906.jpg,train,processed_v3/train,d8b755345ecc21c4fad9dee24802e3e94dd7bdc1928f2e76f04e6ca2bc2eb6a3,False
v7_train_00907.jpg,train,raw/bangga_ppe,cad0820edbdb97a464b90f716698d676780463362e1c075eb9e6b546a7a975bd,False
v7_train_00908.jpg,train,processed_v3/train,3ae62dfb83bd1422fbb777182c12b9da0a246a4306527c68a7298194325e9a9f,False
v7_train_00909.jpg,train,raw/bangga_ppe,1b0152d3d19076d300bfeaacfa00999d572ce910c09a05a40bf6e52bf5c53b4a,False
v7_train_00910.jpg,train,processed_v3/train,e1af088cc407da2c45891248dcb1ea78add7a9cfb718f3c1ee5d48bbbf9615f0,False
v7_train_00911.jpg,train,raw/bangga_ppe,6046328b1fec5cbd42576e82196436268e2e652bfd70b4bd9c21727ab7dfaa0d,False
v7_train_00912.jpg,train,raw/d_fire,e4c531a0affa4ae195c0786bd001718fdb3362372bdfa0ef82034c3b18be6d34,False
v7_train_00913.jpg,train,processed_v3/train,ab32ec6c9242705639eb333f15357c0576d83523ed95a55d61b40c71460efdec,True
v7_train_00914.jpg,train,processed_v3/val,8a1f65375f1f63d9d12904476ea85b11962c048f81766495ea9d1bb1746210b4,False
v7_train_00915.jpg,train,glove_detector,6b751cf3164ac03e9490df811eb7414b9224aadc17f5d3cb07bdbacbf0170284,False
v7_train_00916.jpg,train,glove_detector,747a4402d516cc2fce180e46b2c8dc5f16e7208603de03db4ea19c6c659d44ff,False
v7_train_00917.jpg,train,glove_detector,7f3e08d38e618d30897affd1ffa3d6fa369a8fd6ed50985689b1b316836fcb3f,False
v7_train_00918.jpg,train,processed_v3/train,2f861b86531bdc4fa004e9d3e6694db7a5b056d175504e08409f855760e3da0f,False
v7_train_00919.jpg,train,processed_v3/train,c526a7a24d4a11407d22b5cf5b8963794d0b2ecc4381214f6453f6d74e8e33d5,False
v7_train_00920.jpg,train,processed_v3/train,bd02edb07db22fd2692573b83c623e8aa1e267fefb6f00ad1a086bb511cb8222,False
v7_train_00921.jpg,train,processed_v3/val,31758480f464b8e2539fb7801184d479f960bdf562655f232b747905a0d0fe57,False
v7_train_00922.jpg,train,processed_v3/train,ea8f6a32efd9d93ef955499ede0e748fbc2518abd261d1464be33639499c984d,False
v7_train_00923.jpg,train,processed_v3/train,acc65e6e58ee9bbbfd65bf1241f1399726e0312747ccd2254fc068be06b6cdfd,True
v7_train_00924.jpg,train,processed_v3/train,c534a1eb79b6e12f17969422bf61a2899ead228555eed74706218672499ddd06,False
v7_train_00925.jpg,train,processed_v3/val,ead1f06009b9230be9a37bb0dd0263ac70ee53f4958424ef1f1c24634f26006b,False
v7_train_00926.jpg,train,processed_v3/val,05b77da8d0833cd296ffad9c8bad9cc3eb8a3b4c05af12ed2d57d2f28b12de36,False
v7_train_00927.jpg,train,processed_v3/train,d63be9278b2d83297a400f95b54404edb4b1f8b959d5f49cc8348434fba96e5e,False
v7_train_00928.jpg,train,processed_v3/train,5aa97be623cfd69928f210e952675349e9bd7a15e00b8160d72f7173988b32a7,False
v7_train_00929.jpg,train,processed_v3/train,6f0ccb703445afb756914c73ad6c3538624018b8c4a58179ac3ca83b82f26c77,False
v7_train_00930.jpg,train,glove_detector,817d5f0629e8db7f73f9e268da943ff1fb162afc41bef6210304053bfca6ce24,False
v7_train_00931.jpg,train,raw/d_fire,e10113008772c29d9b33ee05bebcc66d0b0d0225e291bd64b5c2b45d65a89f9e,False
v7_train_00932.jpg,train,processed_v3/train,c8bb20b99967034d3b4b806d3c05eb0fdccd09ef64e33f3a163784b4f4575c83,False
v7_train_00933.jpg,train,raw/d_fire,ac29440e136df8753516657acdf107799359cf4c22a2811c695cdd20333c3ce3,False
v7_train_00934.jpg,train,processed_v3/val,2dd0975066c8a2bccd4763812834b9d87a32996d28210df9bec9e3d1c9e47f99,False
v7_train_00935.jpg,train,processed_v3/val,950f25dc713e7d951879cba8773e17b6e96d31334bbb6d39135dddfe1822840d,False
v7_train_00936.jpg,train,processed_v3/train,3557cbe76504003647e39548805266525dcc30ec3ba77255f219c9f76030c534,False
v7_train_00937.jpg,train,raw/d_fire,f7335914d3e2dd18af57032ecb1e45fe81ca65c642ab9b353c776fccd27c1d1a,False
v7_train_00938.jpg,train,processed_v3/train,a4df71e1ee3eac21b7749a19365e71ced2407fde87dd54199b2f019f4274051a,False
v7_train_00939.jpg,train,raw/d_fire,59692b137888e618afd5635f8f410775cf1370f4da5a8cc99a98172c7f9c7f89,False
v7_train_00940.jpg,train,processed_v3/val,d340996a41aa5f0025f5c9eb230f5ee90ef518beb8de27341d9cc5216f4092b6,False
v7_train_00941.jpg,train,glove_detector,b5dbe6f9f677d813f9298dd53123d653f6632cf53ac1f749e2c48da47d5dd84a,False
v7_train_00942.jpg,train,processed_v3/train,d136de9282a26ccf018d36084ebf60603907283a909bb0135645e62cdd64d1ea,False
v7_train_00943.jpg,train,processed_v3/val,d7eda3cc28635400e4f82939c04e2f90bfd52ee8a7e00c997a42ad6cfde80c5b,False
v7_train_00944.jpg,train,processed_v3/train,86aa4fc35986550856cbeb836f1d3d3adb3e6063b261613555e3669f83f37308,False
v7_train_00945.jpg,train,raw/bangga_ppe,e5ff482ffd0ee863c559421b17d8cab77389672a9826340690fd76f690f6d279,False
v7_train_00946.jpg,train,glove_detector,cc72dd3dda4d30928cfd6a4b54d536019086b9a43dfef4a9b3916d22dc91fe8b,False
v7_train_00947.jpg,train,processed_v3/train,d09636e049defa6206cd1069f036e616b607634613ebd2527d4ace107a4fbe9d,False
v7_train_00948.jpg,train,processed_v3/val,24a5d32a4d2f3de04b969ca6773d57557e4739b5308e379fbba9660f06de5f14,False
v7_train_00949.jpg,train,raw/bangga_ppe,d016369ae831e0a911f834b03faa8e6af56ecb3d4155537c6257721ae2e7051e,False
v7_train_00950.jpg,train,glove_detector,da9004e04190466cf88eeea3d3ac252af3351494e4faa135fa8b80eca0fd0ff7,False
v7_train_00951.jpg,train,processed_v3/val,b45dcedb91347712ec275b4c5f066356c6dc083512b03e40ada1d8039d359169,False
v7_train_00952.jpg,train,glove_detector,358e4a773221bf0fd47e898ed9c8fb641f0e7ca8e08a79a5c9d9aaf2800a9b32,False
v7_train_00953.jpg,train,raw/bangga_ppe,75ff86bb6a2fa91cfa427701d4bd03c1e89dfdabb9192bc4494da7655a07e6a6,False
v7_train_00954.jpg,train,raw/bangga_ppe,4b4e9164d2ce89e685290daa664ba3b1c64c9a32bdf1bb9142cbf4e616803ee8,False
v7_train_00955.jpg,train,processed_v3/val,602da77f66aa895ac286713bb55f1598e74e924bb83d001328e94dc821b02b46,False
v7_train_00956.jpg,train,glove_detector,49b7cd87989bab77358d26f30bacbdc3d41d65bc04866082f28886935e66072d,False
v7_train_00957.jpg,train,glove_detector,9e7630187a2aeb5f87d0e526926144832c5bec3f539f4ca877f834615fa7d348,False
v7_train_00958.jpg,train,glove_detector,cf75dbf219bedd1d16fa48310f5a4143ec04f4d45a622bf8c0a849b003004fbe,False
v7_train_00959.jpg,train,raw/bangga_ppe,5fac096c5c5b9ca7711a1428d4d6e14a3a99286a524795bc813e26f2345607aa,False
v7_train_00960.jpg,train,raw/d_fire,5c4ba9bb52b8f14a610086ad9f3ee01ae378b15f3719917bfd0ac69a757fce9c,False
v7_train_00961.jpg,train,processed_v3/train,a4fcbda992fe6c5c8127aa4a1dde0d9be3f2815128eabee140b0acdc8d05316a,True
v7_train_00962.jpg,train,processed_v3/train,f96b2ae74c1a0a1ecc3c2babad0aae11819c559a93927d5965ad8735dab434e3,False
v7_train_00963.jpg,train,processed_v3/train,c824601ddc82e9118c95aedf4cd327f3059c0c77696c84c4797ea683ac3c05a9,False
v7_train_00964.jpg,train,processed_v3/train,994fd1ac73fa958c14da8a78e0a76012f7b3b264d512694030b69b6b265b9298,False
v7_train_00965.jpg,train,raw/bangga_ppe,a166a05f159f486c0f9825bd2d1f0387345cda11938aee558d0b2d807f5b1d4f,False
v7_train_00966.jpg,train,processed_v3/train,f313a9cc40160d3b522fa6ab9b77fe72c8e7d03f6c2bba0e717e53098a65c6e5,False
v7_train_00967.jpg,train,raw/bangga_ppe,a9824ac6fbbdcd66bb9e8a50f1bb770f55085c6239237f29ebafe82a07153835,False
v7_train_00968.jpg,train,raw/bangga_ppe,67f048a805b377879213dec68bfa3a410a3773f636b1ffb8128195e5df001075,False
v7_train_00969.jpg,train,raw/d_fire,c983fea75331f3edc6379be8b1205b976830239486f35f8c5e60146bfff7a0f2,False
v7_train_00970.jpg,train,processed_v3/train,121ca533bf1b15731ed6d94d67426ec7a7748b0d877239511734f7d6eae949ec,False
v7_train_00971.jpg,train,processed_v3/train,b28b9580d835742ee076d367b9a10369cd75da51917c67fee8dbe9deca0169fd,False
v7_train_00972.jpg,train,processed_v3/train,491ba62444f52ff65257694e9a08c07ad880a6fec1e61ab44906fab3ac4f2248,False
v7_train_00973.jpg,train,processed_v3/train,c44b1a91a4f9c90d50ca978db3a4279acc9f472ad5a6562f2f45ee44064b2e30,False
v7_train_00974.jpg,train,processed_v3/train,55dbc36b801aabf0ddd009a4dba485f703dca682d6651a5f0b40eb6c2438e70d,False
v7_train_00975.jpg,train,processed_v3/train,7bb294f6624020beb9525d86e589ec4d6576d013026afd516b05f9e37de62144,False
v7_train_00976.jpg,train,processed_v3/train,4265c9f567dc3a45dc330461c86e111f9fcc41dee5b5bc10bb6a16d6c3253995,False
v7_train_00977.jpg,train,glove_detector,d57ff1870c0c1c7816dadbee38e864b7de6b4bbb3d089860a968d3df2283596a,False
v7_train_00978.jpg,train,processed_v3/train,295924d01651a374c0c06738b22e48d02ca8f839688cdaebff4d185afc00faea,False
v7_train_00979.jpg,train,processed_v3/val,e73d2c92f71a4d0a59e48c5b4d26753cef5ba812e0624ab572e5c15763f6105a,False
v7_train_00980.jpg,train,raw/bangga_ppe,3911ada1bd89ee412c943c64fa14e2be5aee67038fe10068c359e87915a856b7,False
v7_train_00981.jpg,train,processed_v3/train,67c7f2aa15ce173dcf0c52aadc377a98d19a5610c1d5afbb21dca5a614c4167e,False
v7_train_00982.jpg,train,glove_detector,db8fd3fbd396d2c5d212b31837f31296cb8745220f899acf543100b3cbe867dc,False
v7_train_00983.jpg,train,processed_v3/train,6d63ef61da85edac30a274fdd25f6df88f5f9ec7406ab346b2f36e2026d8ab0a,False
v7_train_00984.jpg,train,glove_detector,9bac23bf5faab0ebcd1d5a091a162712c0bc7097ea7b6c36ce804f86c475b529,False
v7_train_00985.jpg,train,raw/bangga_ppe,5001056ede7482713eef29a699dc6310010818a6f3608fac0376f67337ca5fdb,False
v7_train_00986.jpg,train,processed_v3/train,384817fde8f7d81102c60a86b37e928c94a2d2abc98c67cd4ebfca072bbe9a2f,False
v7_train_00987.jpg,train,processed_v3/train,ed3579224086a27c2c39772676dcd222866750ca2a2e59bf80dd1b30655a93bd,False
v7_train_00988.jpg,train,raw/d_fire,cb64823ddd4758fd8eb45f0e38e457bfc043803ca127162e0cad91098f68e62c,False
v7_train_00989.jpg,train,raw/bangga_ppe,fd16e0f3f52047c9fde71cedfb1dc398b4f6e3a7beb9980fb8c0d097b21904dd,False
v7_train_00990.jpg,train,processed_v3/train,7367d79dad67d66312b5575a24fe9991901b13218cc4718471f408de3d8cee3a,False
v7_train_00991.jpg,train,raw/d_fire,425a33fc44b31b2ac34149a93d51d9fefd12388d35a5bd8ad1bf9677126a9144,False
v7_train_00992.jpg,train,raw/bangga_ppe,c5aee12a5b055f616788ac3d7c54abe813eb145699a0f24cbdd545d9147bc1bb,False
v7_train_00993.jpg,train,processed_v3/train,4d0cccaf7dabcf2c8555063be66a28387c1f4800380687ba31e7a999c0e090ce,False
v7_train_00994.jpg,train,processed_v3/train,52bfed16d19af4cba6cf32e4663429a6b3f1043e6ea0a4051057f499134be83b,False
v7_train_00995.jpg,train,glove_detector,3e0da6b8ce33e2052fade7cb4bde0548a8132633a00725e4e49cf3245dd72109,False
v7_train_00996.jpg,train,processed_v3/val,ec425c1a60849ec1da7bcbcc249b1ab0ff185ba49465d71a5c0190faff79000f,False
v7_train_00997.jpg,train,raw/bangga_ppe,64fbb7d469edd2eac164d05675e9caa3c60683f05c5448122fd81ce077e811ff,False
v7_train_00998.jpg,train,raw/bangga_ppe,5d2294e5e09c719f5bedbd7f1db26625409ad6b2f8e5a51e739f84faefc291cf,False
v7_train_00999.jpg,train,raw/bangga_ppe,e87f537214cecf4fbdc71277ed8a417b21a00e3d44a3cef6a935ecf76aad6108,False
v7_train_01000.jpg,train,processed_v3/train,9575f8a8d9447e1a0ecf83c1f6bf778db58df81ec30f583510d5b0b81cc81fdc,False
v7_train_01001.jpg,train,processed_v3/train,eff2aeb3aceeb48d1f21b36efad8428ebac4fe42af6994c134be0d42ecfc6bbd,False
v7_train_01002.jpg,train,raw/bangga_ppe,010d60487dd25f5ce8bd39de27ed816c3ac3e7a9eec89732d97f9c30de2a7f7f,False
v7_train_01003.jpg,train,processed_v3/train,bd02cf93877b5b21a47f3f3ef354ebc0d0ff1a26e2e10960027b9180782a5e7f,False
v7_train_01004.jpg,train,processed_v3/val,9d1036a47531647546a1758672420ee75ed6a04f70959b440ec06af84734dded,False
v7_train_01005.jpg,train,processed_v3/train,81e4e8330e6f5319648700a670ee047f1bbd7334139a33474d6b27f0a6ac60b3,False
v7_train_01006.jpg,train,raw/bangga_ppe,bd359130f294f3a7df6fa55dee7063baed31c88da5760cd940cd6e8cda2ed259,False
v7_train_01007.jpg,train,processed_v3/val,01acef66a721f96e4f58c5ba7bdf0e6bc9bab60f936c6c9ec1e5b1c90425d243,False
v7_train_01008.jpg,train,processed_v3/train,9af706f2a7f69ba9d7e93a834ca472a5f6e8234a114b2919a920d96b229dbb0c,False
v7_train_01009.jpg,train,raw/d_fire,babadd8a41143c4aa9576a66d42a28fa48ebc1e35c33496c7bc2ea87b597a11b,False
v7_train_01010.jpg,train,processed_v3/train,a2fcfff0e17a69c3eeb57d1e25aced3dbc89e9f680fa299f15fa975215215621,False
v7_train_01011.jpg,train,processed_v3/train,2c4ef5df9a1e4f29c036d74512c40b1b13663bc3d740ec0f788589d60f7c7de7,False
v7_train_01012.jpg,train,processed_v3/train,88595f7b047ba85a6140044c016b442e065ad866e5ff8a90fb980656da91031b,True
v7_train_01013.jpg,train,raw/bangga_ppe,000239e6a1eb74af4a512312d47acf7fd9b4e130a196ade1b2da022847c29609,False
v7_train_01014.jpg,train,glove_detector,dcb344fa6a2760d13912c21e164f68a3aa4d18d46d5a66bbf83c5acc989931f0,True
v7_train_01015.jpg,train,processed_v3/val,03d310472762e50f8ca42dd15e71906d6351c65c36a37ba30f5ad7b9b3fb48fe,False
v7_train_01016.jpg,train,processed_v3/train,130279b3cdeebd30bf22e29514d6c40d44b578914e7b9ccdc181d4bcee3cfabb,False
v7_train_01017.jpg,train,processed_v3/train,6ba930bd661a96dba2481db1a390bacac1b46fae127a835bf06710a95c7ccf26,False
v7_train_01018.jpg,train,processed_v3/train,8b42c15f682992559e05ac92717fa1493335d872f7384348dd2779dd45b412d6,False
v7_train_01019.jpg,train,raw/bangga_ppe,c9c6441e97d825a5a874c55e23f7a2ffe46c99227b9e230efde8846ed7ab29fb,False
v7_train_01020.jpg,train,processed_v3/train,03dfafe8129c923443aa42f8f54219263a416122385a2b77f69677609dedbecf,False
v7_train_01021.jpg,train,processed_v3/val,ad3d5567b803394091fd4c8dd0143d49a43e7a4ce814a78848f19c70db330891,False
v7_train_01022.jpg,train,processed_v3/train,6210d2fb2ba9c51a9a70638ac8ce8ea36f21a746c4b603951b8d77fc775bffa0,False
v7_train_01023.jpg,train,processed_v3/val,7344a26b674dc02f94964a76e6f9700203da52fa3c8041250a8b03a50a1c2713,False
v7_train_01024.jpg,train,glove_detector,0333f6e8782501132ecf4e0596b5cc1667e8049e800998335f7252237b50fd93,False
v7_train_01025.jpg,train,raw/bangga_ppe,a4a14d68617f49317b3cc8f535baf0fa152ad88d0244bf5d1ee1d5d2316a4712,False
v7_train_01026.jpg,train,processed_v3/train,b470697259a522e5209dd0abd9b252e62847bf45684a53052e45e3c35cb68ac9,False
v7_train_01027.jpg,train,processed_v3/train,30276388e116fb73db38db41699dc04893e86e64964cbe8ea44bdaa874e332bf,False
v7_train_01028.jpg,train,processed_v3/train,8dad2f0683acd81c59d60021df94669e627454cd9e004bf8cd4055268abb216c,False
v7_train_01029.jpg,train,raw/bangga_ppe,56c66b6aa554a97fafd575762ce55d46f001678db08af3a8653ce1c16d1f7883,False
v7_train_01030.jpg,train,raw/bangga_ppe,33e209d4452c8494786e25936a9edc74105caf45f0882a2e0de97b68816ca639,False
v7_train_01031.jpg,train,processed_v3/val,8dbceafc883fc12274b1024718f92d9b586483838e8734d89be99832c366c014,False
v7_train_01032.jpg,train,processed_v3/train,bc2e99dc054c2ff9873e3a762ddbeff275fc53223e55ea94598b562cc8c6c90f,False
v7_train_01033.jpg,train,processed_v3/train,eb99a286f8d9204853842ee1e156093d1af4fb78d62f91498048b2ce89b70bf8,False
v7_train_01034.jpg,train,processed_v3/train,dacbc56f978076cbf8d081035ff0106ada70c1f52e78561357e0561b13c5467c,True
v7_train_01035.jpg,train,glove_detector,a2f7c30becb6cb9872188efee3844c78ab95821d23110397e614f230e1589b19,False
v7_train_01036.jpg,train,glove_detector,45c6fcc8db8c5776a944561f4b86977e95936f5ad9c529410dfb8fe6b6911ba7,False
v7_train_01037.jpg,train,glove_detector,97e50d84dcdf35896758c84223d9f21516a77f2be876b8aa69a8f4b033ee2b09,False
v7_train_01038.jpg,train,processed_v3/train,60de5e8de886dfeb78fdcf4a1914744caae4707e57aa7356a66789090a5ff292,False
v7_train_01039.jpg,train,processed_v3/val,9777224738f2ddc2fbccaf9d6dca6500d976982e3a481a9ef94969d8952209e0,False
v7_train_01040.jpg,train,processed_v3/train,ac0bfa9293bfeebfaeec9af3456efe98bd37618337e7ab66c0cb8d39764eb988,False
v7_train_01041.jpg,train,processed_v3/train,f4b2862ef38988068c989b8bc431b23b79c03bdd208e7951329404cd86c2d74a,False
v7_train_01042.jpg,train,processed_v3/train,d6e9e80b0d23e01922447189c1b630154a30b9c5388ee4b402d30c02e0a5de25,False
v7_train_01043.jpg,train,raw/bangga_ppe,37a47fbbe31bc5f7f819634d6fb76fe570fab70b99d66a202a8f59af8e01e9fa,False
v7_train_01044.jpg,train,processed_v3/val,3dd857bf4eb0de5949d4f48a5497b3748b5acf6374e9c348da4658730a5adef7,False
v7_train_01045.jpg,train,glove_detector,3a46046bf1a1565be801c3cd772491fddbe2596df44fcc2dc2b8f2ecc6a1ec8a,True
v7_train_01046.jpg,train,raw/d_fire,986d04385399ffbf371c7f14061e880637f7590a330148c5eb43414c4430ff5d,False
v7_train_01047.jpg,train,raw/d_fire,6d26f1dbceefdaba13101fd51f4c3293a8ae9958119364c42cbc2a0487c22bea,False
v7_train_01048.jpg,train,processed_v3/val,17c4c5555a0d8e9d3f85302c3b5c863532e4399d1e6e482f7f81c76f12476355,False
v7_train_01049.jpg,train,processed_v3/train,e0a01f590b10a8c488630c70c2c2fc4abd09aa2180396c457545ad5de7ed3214,False
v7_train_01050.jpg,train,raw/bangga_ppe,fb4857a20c45407b0ca94c4451571905ce0c455a30375f4c5b59dbbdb480fad4,False
v7_train_01051.jpg,train,raw/bangga_ppe,85ebdef8ab71acda6b0f09b1286c577b24a3ba048a1b590bcafa608255c9874f,False
v7_train_01052.jpg,train,processed_v3/train,138e854ba8d8a716e9a040e029a2c9405c1c322cd7d84fd2fc106b5bacae802e,False
v7_train_01053.jpg,train,glove_detector,8a378630af36fd3fce7a05abb1e705d909c418df0363208903291d4d5b7a89ef,False
v7_train_01054.jpg,train,glove_detector,d3fd47605e0bd46b08b0e2f658795cd896dc83e72935fcf741c1d8067e8cade3,False
v7_train_01055.jpg,train,processed_v3/train,43bd33a167938a19364167938dce7403667bd849ce78c8d6cbdc83e519972bed,True
v7_train_01056.jpg,train,processed_v3/val,7bffe3b4810997905b2ab096dd31c2cefc1489f808df256ebed9be3e507342c7,False
v7_train_01057.jpg,train,processed_v3/train,9429b7ef1e4888b6d13f0f82948cba1c623433b779c9915b545812a759b7379b,False
v7_train_01058.jpg,train,processed_v3/train,eb72ec17d1da81aa3f63e3ea4bf6e037bc3d0fa0be69eed8dd5f61201006a038,False
v7_train_01059.jpg,train,glove_detector,159ac4810400c1b4a26fb29f556843264307ff8ae56569b7edbb060a33ad67fb,True
v7_train_01060.jpg,train,processed_v3/train,92a8dbd401b51cb11052c0fecc157520ba04920c2a643da2ee042a510f767afe,True
v7_train_01061.jpg,train,processed_v3/train,dfe4ced5390c52cb3b4dbe1be587fd889123d25cecf875e4396bfadc95e1e496,False
v7_train_01062.jpg,train,processed_v3/train,c52c4d44178354bbea32c0b1f6c86ac688a264b0c79a9e9c036307b575d9d5a4,False
v7_train_01063.jpg,train,processed_v3/val,f3a9d8e7dc75293702ff45906e0ab50016c0de4eb847bcb4e452ac830de1c7f4,False
v7_train_01064.jpg,train,glove_detector,b3e7b21aebc383c6d9c9d781b40c57fd0a5c3a07acfb39975da68e0f19206885,False
v7_train_01065.jpg,train,processed_v3/train,ccdbed37ca6304b024c39f1cd3dff48ca8ff98099cbdb6469cc5750951a773a0,False
v7_train_01066.jpg,train,processed_v3/train,85c01ebd57b0ce524f4e895100d2bc0d1b12f42d279035843afa1c6eabc8c5f0,False
v7_train_01067.jpg,train,raw/d_fire,a26bf8c6eee95c5d031710b02dc9d17bf894183966a4b29fa56da6f103476bbc,False
v7_train_01068.jpg,train,processed_v3/train,168727f3bdc91f764144dc451153570dad9a17da3f693533198ed540d9e997fa,False
v7_train_01069.jpg,train,raw/bangga_ppe,6fe62712e17fa9e595e312729d1d4ce6ffcba786e599062cdf5a5be09c1efaf3,False
v7_train_01070.jpg,train,processed_v3/train,5acefa80bc821dec4f339eb38b784753c548938b0ab469532108b69559b86c30,False
v7_train_01071.jpg,train,processed_v3/train,d8f5f5c88fc2ef1a1925f5ee3ee99fa093ec2165a7b18e21348b08725d3ac20c,False
v7_train_01072.jpg,train,processed_v3/val,bf6ad6b024886b46566420edb3957e28409d992b9388feb52506d2542b850f65,False
v7_train_01073.jpg,train,processed_v3/train,383877d3cdbab8edb91ffc2fdeb6f96f156aee652a4315dce202b089a6d85cff,False
v7_train_01074.jpg,train,processed_v3/train,f0797677c06186924d962867f4a5f994edac602b02bd7a019fa0237784570399,False
v7_train_01075.jpg,train,processed_v3/train,3bbf23a4ecf6a0ac8a8ece718a0bb10919434bafd884af0dc08c693d8d18c8b6,False
v7_train_01076.jpg,train,processed_v3/train,5a6e6a3581c55fefa35ce77d4449d98dada859be7cb91708428a0ae82b4f1698,False
v7_train_01077.jpg,train,processed_v3/train,923e520e9030c707bc8506c6d6b99b8da237da8cc98d60f267f34733378c4f16,False
v7_train_01078.jpg,train,processed_v3/val,355fc9fe3bce4d2b46ad09815c59875433a828733fb1a5517cb36179e13e7477,False
v7_train_01079.jpg,train,processed_v3/train,516f47db1752644c5a79d658fd209049901a7aa280291317d2a76d1ce51e066a,False
v7_train_01080.jpg,train,glove_detector,c8e4060daf32f8c0fe7496bafa682036f06490beaf005334a674bb65a9392b83,False
v7_train_01081.jpg,train,processed_v3/train,c3d5d972fee48c4cd1667b8309594a9bb037d4c39b3c3e39bf6124eb2f495364,False
v7_train_01082.jpg,train,processed_v3/val,e6211b3c4c2f4e750bbae83cb7718bfd7ea185d1b03180b2191d5f5b69ec212d,False
v7_train_01083.jpg,train,processed_v3/val,8aa23a6dd780816205e0d3fb3d47150da15822309c0377aa5d6d6dcc0a25d46a,False
v7_train_01084.jpg,train,processed_v3/train,54b17f3afd444e12972d68f29f6574c2a06c67bb1a30f6885f99e1b5289cf26a,False
v7_train_01085.jpg,train,glove_detector,2d22145376baaba6814f5bb14d30fcf48a5e722c3dcc87b74fae0895441d6e62,False
v7_train_01086.jpg,train,processed_v3/train,1d6243843027b34665a478f42326853ed670b8a94460c6567bcd2f4595abf2e2,True
v7_train_01087.jpg,train,processed_v3/val,0a264e351a5c2e4e3ca307fac019a7bacf43d9a3e1da34a6ec43eb11845a98b3,False
v7_train_01088.jpg,train,processed_v3/train,a12ae30090dec40fae87c044e7e2c9a8517db9f7ae96279ed87e788baa03ef05,False
v7_train_01089.jpg,train,raw/bangga_ppe,cfb8d26b027a1c7abc2dd53b1aede6313de5c4e151d71301160600aeb39944bd,False
v7_train_01090.jpg,train,raw/d_fire,054c19b107f4f49d90355fd43f32c3e9e28137c71e4c2c91132354d16aa3425a,False
v7_train_01091.jpg,train,processed_v3/train,86a31210a77e9a95879915f49dc25940b33b59a89518632c9b1a984fc875581b,False
v7_train_01092.jpg,train,processed_v3/val,200523f49c70774d29b1dccb1f1fa7256deb9b3bfffe5bd467c30b40e349696e,False
v7_train_01093.jpg,train,processed_v3/train,581899b6b048e1e10003e2cd1c993e06f507785ebd55509fd526184ec8078e1d,False
v7_train_01094.jpg,train,raw/bangga_ppe,625d57d2c90c0fa03af39f79ca89afc6c7eeb2cbf08e42fe42db41cb1b74e1ba,False
v7_train_01095.jpg,train,raw/d_fire,76ce80ead4ea57dc2e34034f2623a82ac7090bcaf1e2419c2616bd10133c58e0,False
v7_train_01096.jpg,train,processed_v3/val,be9e8c634477241ef50fc0c1e5f7bb0db9f1fc1498966edaaa4f17c8b9e3f0ef,False
v7_train_01097.jpg,train,raw/bangga_ppe,f48c011ae99f42970d56990fe0a1c4880d0fe38e4ca501ce7aaf84510b9bb556,False
v7_train_01098.jpg,train,processed_v3/train,d0caf29411d7a3700d8651e6bc7309fca153b4af3aac2070efe6b98f6f30d210,False
v7_train_01099.jpg,train,processed_v3/train,1f505d90f6ba4661a5ae63fc2241de4ba2bd16a7e49f91da7d505dfb72834893,False
v7_train_01100.jpg,train,raw/bangga_ppe,8d136b8c25cedce93c76df3ab5297dc6cc6f2189d944f377a5a6c105357e7f04,False
v7_train_01101.jpg,train,processed_v3/train,0c3f6b642fbd2e1b65b4f0bf3e788606bcbd849eb1932ce7f3133301a01a7ae4,True
v7_train_01102.jpg,train,processed_v3/train,8fe6b3798dd600588a426fbf18f0e5f8399921b028b95256a424d600eb690ba9,False
v7_train_01103.jpg,train,raw/bangga_ppe,56f3f1f21bf2f5a2a3dff29ea3f02af9128b2ef4bb0f440ae5b02a6bc1277425,False
v7_train_01104.jpg,train,processed_v3/train,0b1e9bf1b3e4b36a3e806ee3a748e2dd86597ebf1543c690443b3a342d91608a,False
v7_train_01105.jpg,train,processed_v3/train,45d467a9c8812a157cd1ed42bcdae11d03cf763a690259e208dcc29cd709f336,False
v7_train_01106.jpg,train,processed_v3/train,e4d4d18226021c825338c7ab0bdce4b73dfb255168303bb45fa7f120c1f525a5,False
v7_train_01107.jpg,train,processed_v3/train,5b401a7b392d9a1357e59971472de217b53d1d5c478885320389ec95fbe7d840,False
v7_train_01108.jpg,train,glove_detector,53a922362cc0c91df2dcd92fcc8f9aca1f0b7cb1cddc5a0e749dff1ebcc406e8,False
v7_train_01109.jpg,train,glove_detector,b434a02214616e7f936ea2be1962548afb91094279533220dd16d06d4ebbfb40,False
v7_train_01110.jpg,train,raw/bangga_ppe,d60d98ad41386695ab79c0b6430225cbc503b2fa3b37d353ae2cea63c7adee93,False
v7_train_01111.jpg,train,raw/bangga_ppe,b4eb884dd9099f427aab4ecf904daa57e22026217198b8c411bcb49dfe89407f,False
v7_train_01112.jpg,train,processed_v3/val,f2212bde492d3291af63ce902f1691909296a584a599f2f71081b864b00982e0,False
v7_train_01113.jpg,train,processed_v3/train,1f066b12756bfbbb5a68f244e196c86342be5ef3ecc5c2f4f7d2873049dabe19,False
v7_train_01114.jpg,train,processed_v3/train,2d1b578305193475008eaf7abdabff5eb46e23420773431feb0f3fd65cdaeda8,False
v7_train_01115.jpg,train,raw/bangga_ppe,69e262eae49d5c284c8d3ad7460db86f0d210674c40e2faaea6183c2bf2f13b3,False
v7_train_01116.jpg,train,raw/bangga_ppe,015cd3188ad0dc64da59b26eb1b06e5a91f164a8a5881b2aff1a045abee83b0a,False
v7_train_01117.jpg,train,processed_v3/val,e113b6603c9ad44770d8b68314695d1874e33f1c3de10a21c702373a923d150d,False
v7_train_01118.jpg,train,processed_v3/train,d1e33f7f0d005c1b68690a35568159cb13adcc12731d93ebec4d2339351ab491,False
v7_train_01119.jpg,train,processed_v3/train,c97784f7000a62c2eb6478c981e561453e0434ad08daed3c3d591ca438eebf8b,False
v7_train_01120.jpg,train,processed_v3/train,b1f9d51a39741bdbec2e78a22b12a49fdaf6c8361b65dae7d54ad21d78a6d9af,False
v7_train_01121.jpg,train,processed_v3/train,75347694ba107e6c3189da7e68df3408b8842f3eb142a1a57bcc630ff3b18c85,False
v7_train_01122.jpg,train,processed_v3/train,601d6395f1456095d69043d5b7d7d92fbfb65d211e63198845de98593c9395fc,False
v7_train_01123.jpg,train,processed_v3/val,06d861ea5a4257fa39feef04738f5e061e8282f8e0526b808901141516d6360b,False
v7_train_01124.jpg,train,glove_detector,beecbc6b9d18505d53b227fa9e22904ba8912c99a1061e79b7ddea4b29c07713,False
v7_train_01125.jpg,train,processed_v3/train,fb49739b495cb6e014b6ff00adb226bd0762757d3a983b92c830d3706d5978cc,False
v7_train_01126.jpg,train,processed_v3/train,adfd7e8da0fabe65e4a9086850f2bc0f03ae60275763d2448c03377a5412c206,False
v7_train_01127.jpg,train,processed_v3/train,5419c2f1ab2c1cbd5c8181f545875f5dffc5a9d1c7cb163592fcab4ccbb99e87,False
v7_train_01128.jpg,train,glove_detector,8d6262ddfeb1631ef04f2850605a32686c8ead087904e1d3e6936cc0f59fe06a,False
v7_train_01129.jpg,train,raw/bangga_ppe,793f6829c07d36a2eb7163cc31a6dac5cd79051b2a7f18cee5e297b816fbed57,False
v7_train_01130.jpg,train,raw/bangga_ppe,4ae3eec2ca66d48fca79fa404563f5c8b5024a58090603b9f10d8bece42afe5f,False
v7_train_01131.jpg,train,processed_v3/train,93095d8746ae59ca9e3cac09e4ced71515e9400f60ea8c10968010605450c606,False
v7_train_01132.jpg,train,processed_v3/train,ed72ceda35494d04ec439d34187f4b40b9eec7f016d1b6d2d02221baeba3615c,False
v7_train_01133.jpg,train,processed_v3/train,10bae8cf1381106d4ac294544ba5f49dc3a1b2fee3fb746646e8f2564060089f,False
v7_train_01134.jpg,train,processed_v3/val,c0a73d6e19e8fbe9aa67f482ca29c6b3cf86dc82773e8b304d4bcdd5b8daba21,False
v7_train_01135.jpg,train,processed_v3/train,70d50bab8bac4479ef2ce2d825c5d07303217fd239f362d4a6e4d34399591743,False
v7_train_01136.jpg,train,processed_v3/train,86d41a77508e357186206aaf6eabc05f7679cf4d9757833c148f049a379b0313,False
v7_train_01137.jpg,train,processed_v3/train,9ad5d80089536a791c01ea99ec0174306becbfb7b19ebe9d4dfe2aa40ed81706,False
v7_train_01138.jpg,train,processed_v3/train,2818e10772479f81bfd68085db293fd10051704e3f37f245a8a44b31a3f00044,False
v7_train_01139.jpg,train,raw/bangga_ppe,8db6a94f8ed516469b7ccff21ec71eb34d17cf79dc6bca652e00e1efa60d3c66,False
v7_train_01140.jpg,train,processed_v3/val,bb2ec9ed3111ed2aca5ac307e9435ce61df640bdc884082924230d50509fb326,False
v7_train_01141.jpg,train,processed_v3/train,b8d6bc396124a1f631138f03c5bbf02978f2a53b6964793ea92cd8f23583a093,False
v7_train_01142.jpg,train,raw/bangga_ppe,8bf67fa6eb94c5fe46a955b70c8d5e645c9058fb2e1712d79084c5bccac17e9d,False
v7_train_01143.jpg,train,raw/bangga_ppe,9d7b44fef3d2c5e579fc3dc45545c953ba74ffaf77e42fdf00ab90374d28915a,False
v7_train_01144.jpg,train,processed_v3/train,8c397c29ede1e9eca45cdf14aff6dfe3527c06d94625345f9ae0d1ac8443798a,False
v7_train_01145.jpg,train,processed_v3/val,0c9abfecc94a837e8323cff35d2baf2602ac340e3cdd63154e58beb28efea7ae,False
v7_train_01146.jpg,train,processed_v3/train,9a3320c03b3f8ba7512f03099342a37adad5a815911e44f2adc61844e47ca20d,False
v7_train_01147.jpg,train,processed_v3/train,185553538c5ae8dde18e77870e140f651450224aedd9c857cf89c1a8801d4258,False
v7_train_01148.jpg,train,processed_v3/train,9000bc185fd73f16dbb1dfe68ade7d24541eb559629e0da620510bcd0a005755,False
v7_train_01149.jpg,train,raw/bangga_ppe,574241f94549e9e8d44729eb9a06b0b0b1520fd22a80846160b8b805e489ec77,False
v7_train_01150.jpg,train,processed_v3/train,1753fbc9ad16fec0810c996d8061a1b62efef57f2e3af35414d176328694ff73,False
v7_train_01151.jpg,train,processed_v3/train,fb39e5fd7a0f6ff1a0d887736ad76745be637abc69aea1c8d841d4152b7e881f,False
v7_train_01152.jpg,train,glove_detector,3819392f57f7e79c252907db4f069c3cbb55588befc570c324be6b41765fa456,False
v7_train_01153.jpg,train,processed_v3/train,995db73a75581304764269166603b44c53032b935da32e19ec0e2e428cba2d37,False
v7_train_01154.jpg,train,processed_v3/train,09d9b4452dfedd022f73b36430700b8fb5e164963f7056d65163f8f6f18b57de,False
v7_train_01155.jpg,train,processed_v3/train,557203f1584f7ccebb78a5a1dbff8acf517aac5ed7a6c8b8d58e2f52011b2982,False
v7_train_01156.jpg,train,processed_v3/train,6512bf1cfabc14ed294cdebcd1cbc913f820a3746b44897f9d39681175e31412,False
v7_train_01157.jpg,train,processed_v3/train,a5f4a855830de2fc47943b465be28b679d1499665b01bd662153f84d704a12ea,False
v7_train_01158.jpg,train,processed_v3/val,8a347fd503749ba4f8748daaf61aeba54dcf0c59ab518bf9510161a3c65ba8a1,False
v7_train_01159.jpg,train,processed_v3/train,5145181cbe0daede215533b499ca8a4f67f1f4d2b4c04cde6984266bf0c4969c,False
v7_train_01160.jpg,train,processed_v3/train,6ebf750bdef72f03f6a1bb40b402d674aaa09e22ac66f89249c748845a58537c,False
v7_train_01161.jpg,train,processed_v3/train,9d9c605f830b7ff0d31b0dbe0c1078642f9e82d6c09e629fff06f5ff96f90385,False
v7_train_01162.jpg,train,raw/bangga_ppe,0944da7692a685bf7fe8c7ecb973117a0f3c120a2e3dfc4a43c2e143246d217e,False
v7_train_01163.jpg,train,processed_v3/train,e3e01798e4db184018251e159abef0cfe2c52cca64a825c15ca847f8042cbdad,False
v7_train_01164.jpg,train,glove_detector,1b41b0507d02862473e720b8ec34db44de68235c30f671ddce884f91809e2ccd,False
v7_train_01165.jpg,train,raw/bangga_ppe,440f7843479fcb187a611e4abca53abdfdfd45bbc70cffdef5f63aa8c4aae710,False
v7_train_01166.jpg,train,processed_v3/train,a261dd62fc6fde0650a132bda0594e47b34be9bcccee5fac62fdc81ca549d641,False
v7_train_01167.jpg,train,glove_detector,da2a0f8b970c1f905f625fb61a901d6d6978d09456a9a0b89b18008c8f2bb21d,False
v7_train_01168.jpg,train,raw/bangga_ppe,227d0ae5600e2b1d4877a825f9d118c092f58bbf9ae4dafa2eb14f9527d14bab,False
v7_train_01169.jpg,train,processed_v3/train,dcfb46537ba52458bc190690d27410de49e62e3fd6c6ac6cda8280ea15740c6b,False
v7_train_01170.jpg,train,glove_detector,6fb62891276a779979e9a1334aaec0b4941b633747e8b573f9f1cfc63ea2816a,False
v7_train_01171.jpg,train,glove_detector,011e768bf8501cd8ec1166f2adf0558ee6571f23970f435e3bdc2416331a1bde,True
v7_train_01172.jpg,train,processed_v3/train,fb593c6b95e5dd60b09787590bc0454522425d3042a81479128c673c6a025fe3,False
v7_train_01173.jpg,train,processed_v3/val,f09c08a8e59824ea868cbd1925d5891b7cd0bbd0a05a6f8eebe59886599a11db,False
v7_train_01174.jpg,train,processed_v3/train,b9248a79d3ecb864febbdaaa6596a0a6ee94c1f2aa41adeeabd044c0931e1c73,False
v7_train_01175.jpg,train,processed_v3/train,f169c38d93d5edd9e7c09843dde907675e6e68f560f5f517aa2635dc12d5a09c,False
v7_train_01176.jpg,train,raw/bangga_ppe,281fad7118f7694bd49f4047c77fa2109e0a5d31b94adddf4340f57bf9fb2e28,False
v7_train_01177.jpg,train,raw/bangga_ppe,1a1e98857c24cebc3d55e3945658e54718b0fc1725f6ed0b87d5ca5bdeb78060,False
v7_train_01178.jpg,train,glove_detector,1b3acc6d96120dd1e8a60d344333628c7a9426be3d84500083666ae2f6a649fe,False
v7_train_01179.jpg,train,raw/d_fire,55aa0a4ead30340566cac4bf981c9c552478789ce91a51a50313f0a6fb8fc599,False
v7_train_01180.jpg,train,glove_detector,d360a019ece4b107238f9a397cde6dc61997035d2aa68f808b0cc72bc6151659,False
v7_train_01181.jpg,train,processed_v3/train,5d41d0f4de8aeb6d49335a8f664360516db9d01b268f0b47fb54cd752755a9c0,True
v7_train_01182.jpg,train,processed_v3/val,85d0ae6f8b03735a3917cc91da02f705ce76f656baac628e8285330350a1d870,False
v7_train_01183.jpg,train,processed_v3/train,da5dcd6911480b803dc2ef735f9422e0edbc2eaeb4ca60162aa9d198f97e87c4,False
v7_train_01184.jpg,train,processed_v3/train,1dec6e5c291ff7b6879d7215b54d4193a963e214d8dfc7a02aaddc5bd52ec3e8,False
v7_train_01185.jpg,train,raw/d_fire,fd6d731114a3370ef668164ac5e13692d4c4a3ebd7ce0df1a54c077d4a3190bb,False
v7_train_01186.jpg,train,raw/bangga_ppe,4da792ea974672161df4275527ecc21c65bb4663ac0408b2e3917c4866262106,False
v7_train_01187.jpg,train,processed_v3/train,db91393180994265290cd9f9b93724ea08e830100bc65db85f771c5aa63382cf,False
v7_train_01188.jpg,train,processed_v3/train,eada77bc412cb55e554c364a7bd839c1b8bc1e090705fb3a178eeb88b5d1717d,False
v7_train_01189.jpg,train,processed_v3/train,bd6630d3432b88673370265b9fb0f07770e4e2def163a5ec70a8ce37c0b4808f,False
v7_train_01190.jpg,train,raw/bangga_ppe,510331cfd578af52ab332ef167740122b56afbc1c43d5605c0dd2984a830d7df,False
v7_train_01191.jpg,train,glove_detector,6c0f2001b673555fb871cb2cea148c671d3fceb7f1c567f9d365ca24fafccc8b,False
v7_train_01192.jpg,train,processed_v3/train,c9555fec080b1bff8f82e751f1251269b19515fb0035848d66ea5458122072c6,False
v7_train_01193.jpg,train,raw/bangga_ppe,27cc33ec1c9960ab20cce8d4812682e1abd227bb6f2ef7d703356f1688e6ed76,False
v7_train_01194.jpg,train,raw/bangga_ppe,3ecaadc74d14a20c12d71c7d82041e8e13ac7987b0f6ada340cb916d76f0b873,False
v7_train_01195.jpg,train,processed_v3/train,c2731651200c05bdd7747dd8052285bbc8287e59567ee3a95eb5d250f5e54caa,False
v7_train_01196.jpg,train,processed_v3/train,845a55f1ace842b10a4b055373688d9bc28aef31d60304fe89b917657583cbf0,False
v7_train_01197.jpg,train,processed_v3/train,7a37ff815bb9dad9c98aa605b7429927ad8f74379dac9e0ca33c0be4e45f8763,False
v7_train_01198.jpg,train,processed_v3/train,c8b804fdfd808b44fddd6cba788b1cd2696803f4a3058167d2d50ec118a2edc9,False
v7_train_01199.jpg,train,raw/bangga_ppe,be7ffe72fdf20bf61e54b5f9e2972bc871fbfe68b19b3cecd8eed418fcb853fe,False
v7_train_01200.jpg,train,processed_v3/train,29b3f8328c080397a3108ff9daab6172c862aeb8e003904e77221d5224cbc8eb,False
v7_train_01201.jpg,train,processed_v3/train,29740caaeb397cfa3d33cb22da8c536211958fe036f2e192490660a1d285c156,False
v7_train_01202.jpg,train,processed_v3/train,8bbb9cc4fb2d79d9790ee6c62a0e68f5de82345149df0a2e17bdbb56a78dc701,False
v7_train_01203.jpg,train,processed_v3/val,6ee60701967b6cb1ca56fb881c93a11fa6b15d33ad563bfc0e50a3d5f97e97aa,False
v7_train_01204.jpg,train,processed_v3/train,30b3f44b4f5f361ff24bc3cb67104eb81058a21e03cbdcca73190885d074672e,False
v7_train_01205.jpg,train,glove_detector,50d07d70bd88368ad7eefc0031f4390fb4a604d78f2bff2c72825978bff520d1,False
v7_train_01206.jpg,train,processed_v3/train,279206d332e6f145bb6d81f95f355694ef7c79e1d65a9f10159fccea065bc823,False
v7_train_01207.jpg,train,processed_v3/train,1e74cd4ca3c7b63feca11d14120595ea9289ab0e8258a2ac280293cc2686f292,False
v7_train_01208.jpg,train,raw/bangga_ppe,9860cee532497b334c2d996e60adf4e80fcf3282b51d624b3621187c7e9d9c5b,False
v7_train_01209.jpg,train,processed_v3/train,529d688d61c1d8405c7a1f85436f6b97daee0267c888b569396c6c956db45304,False
v7_train_01210.jpg,train,processed_v3/train,5e650c81deb61633292cdd89c09260107522c09ad82c54e6be7d09f6de191d54,False
v7_train_01211.jpg,train,processed_v3/train,401d543e9a68fc3a4489dd2a1cc8ebc9d09488e531c24eae510f6a3400cc3f7e,False
v7_train_01212.jpg,train,processed_v3/train,06f341a05dbfcd43d6bb2f727911e4739a352e5cbcd605e7863ce042b9132312,False
v7_train_01213.jpg,train,processed_v3/train,68fd43fa9c3b1e8d9a9dfa5f1df91e30a3013f998fef93ae5c195312b7e3af95,False
v7_train_01214.jpg,train,processed_v3/train,de9b2567eec458d6f1a20f29719f536483c2a159542f55664c7a646ec00914ce,False
v7_train_01215.jpg,train,processed_v3/train,8673ee7612bda3dc5579fa184ccb36e2f077f4445cc81ef282bb5d5c6ef48c8a,False
v7_train_01216.jpg,train,processed_v3/val,d9652b413fd0546f80d4267d706c1a5ee27f6e6f4ee9fca480cd0312fd0e939e,False
v7_train_01217.jpg,train,raw/bangga_ppe,385b05063577471a9e7535a5e8d8b84fda1537bce2466fcf7e4fa9a9a2b6c885,False
v7_train_01218.jpg,train,processed_v3/train,76bf59e16e5a61f81314f1c5aaad43802403afdaf7e93d3e81b6f99d24e01720,False
v7_train_01219.jpg,train,processed_v3/train,1af95b1d392f13cf87f61b5bb85ee41a48f438f08104694158b8fd3105f1c9c5,False
v7_train_01220.jpg,train,glove_detector,8a4f1d3d1f8cd4ff925b606fca292c0db95affc6ea8aaf32a050997fd25755cb,False
v7_train_01221.jpg,train,glove_detector,701a6e9a014f0bcaf228c6e25b9ed9837f56a4489a9709b3e4d920bf7118fecc,False
v7_train_01222.jpg,train,raw/bangga_ppe,0e76c879f5c663835ce5985e0cdf1a738034443ecb5b42cd45065235f7dcd400,False
v7_train_01223.jpg,train,glove_detector,4923ec5351da325621c6d207bf52d9cd8efbc7f2951c059e851f584e37127b21,False
v7_train_01224.jpg,train,raw/bangga_ppe,e6073f98e694616b5a1190e6a5c5a55e79c9430e09aab6461799ced295c9ac43,False
v7_train_01225.jpg,train,processed_v3/train,ffcb3ef4d5064de560d609c52dc2768a2af0dd2e5df5d318ddc0262a4ad6e944,False
v7_train_01226.jpg,train,processed_v3/train,b6f79db5cbbe53c933c46cd2b84d8aa8c823cf90bca3cbe55d1ac1786a0bbba5,False
v7_train_01227.jpg,train,glove_detector,28b4ff09658ab3acc39701a72aa4f21804759f79af9a4dc91c910bf305e82117,False
v7_train_01228.jpg,train,glove_detector,cdc02f29fce2d4742ecf2ba148b4c4b03a2075ae8aa3aad5c76a4d94ea3bd9fb,False
v7_train_01229.jpg,train,processed_v3/train,9639489937190a8b9f3401b3288ddb712ed8993e47ae6af810827a70404e2825,False
v7_train_01230.jpg,train,glove_detector,dc71f6d4275046226dfa82c02ee418b84f582acf326777c8bb5cfd7668a88c01,False
v7_train_01231.jpg,train,raw/d_fire,ea0a73b34cf26f73ba25975496a91b98a48fd9f1be5f28cc166a07c5f74e2960,False
v7_train_01232.jpg,train,processed_v3/train,80d92cafe3557c83b55bd2629174b7672b1f329e0ac2eae20affc68e9be9c13a,False
v7_train_01233.jpg,train,glove_detector,45fd570a12f628a8e15ca377085260c42ec38b566048c58971b1789653cbb0c3,False
v7_train_01234.jpg,train,processed_v3/train,f206e2b3232e03900a0621381ea9d07cd60152e484f58f8489899565c7882c60,False
v7_train_01235.jpg,train,glove_detector,559f026e8c059e2d48cc34373cc7280de9ef8c08292ead4d27a37037b2fdf991,False
v7_train_01236.jpg,train,glove_detector,e83a7318ba7bbfae911e582c082deed207b0f1e4606b8025a09348097540f861,False
v7_train_01237.jpg,train,processed_v3/train,e2589722a181ec7237a724ec541b88ebc79845451901e27a7a7dffb4419d6920,False
v7_train_01238.jpg,train,raw/bangga_ppe,e8d3d6abd948542d69dd27e99d0e43b96d25123951ed09fb97a07fcd32ed9177,False
v7_train_01239.jpg,train,glove_detector,5d566c558c216b5d7f7896f8800e34692813fafa9cf67b1db7277dff7dec0996,True
v7_train_01240.jpg,train,processed_v3/train,b336451954b8215641b66e1c75d29e3f9c172b35af7e01a938a8a399a4b60943,False
v7_train_01241.jpg,train,glove_detector,08e90379600c9b3d682f491c2ce8f1d5137251108dc71b2e9a72bd4f86bcf5b1,False
v7_train_01242.jpg,train,processed_v3/train,66da418145a3bccb434efae6cdec271e57ad44fad2ebd58ecd349d1972e345c9,False
v7_train_01243.jpg,train,glove_detector,4e5e36551a38b5b501faed6bc643c6967ff3be2d7127dd90b510b8efe5da7d89,False
v7_train_01244.jpg,train,processed_v3/train,45e75a99054fd60d4d19aa162c5d6bbaa894d4fba4abac4364355e15f07116f9,False
v7_train_01245.jpg,train,processed_v3/train,8d86d322088b9fc6514d05e1d31a6741db79d14a0091739b07a65db582127a08,False
v7_train_01246.jpg,train,raw/d_fire,21c09e4bcfb64f476961c4f08e21c6acc075d157b1b5ad75a0bd865043683716,False
v7_train_01247.jpg,train,processed_v3/train,0366a90111e2700f03cdbfa1f8dbc52a1dd0dbc72d6f05f2f5f2080c7883d4d9,False
v7_train_01248.jpg,train,processed_v3/train,9fa48aacd89db82f2da723a624756f7b259f3e7815ae3ad39a49a66db5986dd3,False
v7_train_01249.jpg,train,raw/bangga_ppe,9b3e373a084396dc175c7fbfc7600162527627bf329e85bc13cabf3bcb93ec04,False
v7_train_01250.jpg,train,processed_v3/val,a4fa8f102c33da87a9fea8a08ece5ca45a0847ffa6f6dae1d575ac75bf073f62,False
v7_train_01251.jpg,train,processed_v3/train,bc977e9bca024727f219db7791363425bae381bb630bf3958ce81cb100cda627,False
v7_train_01252.jpg,train,processed_v3/train,75fbc037b0f144a1e68ebb10e1c9740560451b2f978d78dd3db4ebc54d41d82d,False
v7_train_01253.jpg,train,processed_v3/train,7239c76b8c7e8005b5785935caa2004fb30673dc909ae61f442207a19e1950f4,False
v7_train_01254.jpg,train,processed_v3/val,dcadce2573425bc43a0af08441e10943b06a2344bd5484f3373007bca58f81cd,False
v7_train_01255.jpg,train,raw/bangga_ppe,feca9000f5c5c0b52a1f1070b7af1239260678b49deb4741e43d7c9a606f22e5,False
v7_train_01256.jpg,train,processed_v3/train,798c805fb89b77b2405948300ce18cc2092b307d9911de1cb55302d670d74349,False
v7_train_01257.jpg,train,glove_detector,758edf6f5a3ed2af248fa56cc66122c417b2922d7494d5d06527aa3f888f0129,False
v7_train_01258.jpg,train,raw/d_fire,a3c40233964358e2281eacef4c1bd42f69f0e031908b3a4b5ac8ba7650cb9cbf,False
v7_train_01259.jpg,train,processed_v3/val,e3808912aa7d84cbb518b73928aa4c6cc137832dff4736e1030504d407f3a419,False
v7_train_01260.jpg,train,processed_v3/train,3b87f7917687837e3e4a70f1760510d8924d3e4f4012bb57fc9df40726a41063,False
v7_train_01261.jpg,train,raw/d_fire,073e86451ac4caf32b3b609fa9882515bc52c83360ce0477e9a6a4c477dd3fae,False
v7_train_01262.jpg,train,processed_v3/train,6ffa988d9135633e8fd17dd6754d0f4535fa2867c0031444ce2288414fbfeda4,False
v7_train_01263.jpg,train,processed_v3/train,c77b5de63c1af0701e74f7280b60c7eb2852fc3832ff7fb7a9cfafbe14316ee1,False
v7_train_01264.jpg,train,processed_v3/train,2d9aa1a3b5fedc6a8e5353823f64ae70de44fb029ef159e444132cb452e27b06,False
v7_train_01265.jpg,train,processed_v3/train,0ed19a2969ea857044d248c0dca6db7045bd6b7fe03079d3c83c8391e634c6ac,False
v7_train_01266.jpg,train,processed_v3/train,16f51b56597f7fdd45e33a87ed2b1caf22995bd912f3f002d0f7a7adc1d87437,False
v7_train_01267.jpg,train,processed_v3/train,c81b5b7161f064ef6bb0031bf144daebfce151ccc06c85bd9a6e17ec54b98a69,False
v7_train_01268.jpg,train,raw/bangga_ppe,1eec09c0008ed72ccb86d729a020cce7945cb46a7a98f68b937ea4ee5764ea5c,False
v7_train_01269.jpg,train,processed_v3/train,1f70681efe2288847389a1c3876a11c4db2c1498da7c613e168cc36095be828b,False
v7_train_01270.jpg,train,processed_v3/train,b89ce9977fb6912b01729d79f4fec6d8054c4afee04d522eb72468797881d7e1,False
v7_train_01271.jpg,train,processed_v3/train,9519ca2886de77f9693ae8390324a3ccaeb7e64f788a00957e51e8f7b8661044,False
v7_train_01272.jpg,train,raw/d_fire,b92122dbed9d599b96edb2c3fc178d8188eaea1cd59f68b52c0db4e945a164a2,False
v7_train_01273.jpg,train,glove_detector,123ca395dc94e7df17dccbca63eaee64c9803a61ce6d3fd2e1660a53b216e640,False
v7_train_01274.jpg,train,processed_v3/train,be8717ddd0cac54e7694bdc517accb208ea33afd71d3adcb98a2bf2796d01977,False
v7_train_01275.jpg,train,processed_v3/train,e948c9b65487b15fc6463afc55c442aa6705497ee1e6b1c323a68e369f2d8826,False
v7_train_01276.jpg,train,processed_v3/train,fde31ab56248bd09e5e19e4e3f12cf526f9d4c09cced12627cdaa905f3523cab,False
v7_train_01277.jpg,train,processed_v3/train,a253c764dd5742bca4d7a8e838761010a54c4c6047cc87471037e35652065e3d,False
v7_train_01278.jpg,train,processed_v3/train,07284ae06c10c96b00abac2c1996ce59eb9a8cfd86c53827d42243fe6a7beb80,False
v7_train_01279.jpg,train,processed_v3/val,5d45f80e3ac8e65351b113ec9198ecd3285f7827089396eb7e48d547f00f142b,False
v7_train_01280.jpg,train,processed_v3/train,303d8ae40d78f16e7cf09951448d0b6f795de062d10416c4344b303dd20ad1d9,False
v7_train_01281.jpg,train,raw/bangga_ppe,341b725491d455b6e5cb44a99eb86738db7fbc8443e8081068a5b97a46e0d9f2,False
v7_train_01282.jpg,train,processed_v3/train,8d1f9e4fea1f15863a2796003d54dfdd6690f83a7379a5a0971bc35fed2e5ff4,False
v7_train_01283.jpg,train,glove_detector,fd7d4e229e7a0ffe7f33fbb1a4f00cb61c352b163f8b530fb9b145177328eea3,False
v7_train_01284.jpg,train,raw/bangga_ppe,cc2a2bd810554de5c5157c45b5927412173f6a8e68ac9abec0b6fec3e7ec5586,False
v7_train_01285.jpg,train,raw/d_fire,3c8e70a847faef48b8ae916d68c1b9869f7ebbd4ea0ea36eeed90009386f31c9,False
v7_train_01286.jpg,train,processed_v3/train,fda465c9147cbd68911fb9af48d64bd293aa86ef9cc40697d9df0d2930408e54,False
v7_train_01287.jpg,train,glove_detector,f6a3a149bd40d3351a64bd9218d0b8a9808f754eca2e2b5f9207ab6572bdce50,True
v7_train_01288.jpg,train,processed_v3/train,9a1bc93cae4497e5487aa4f8d43198f17dd79ee7a4c301e2177d48fc0db57373,False
v7_train_01289.jpg,train,processed_v3/train,7123fb8202bf88326c766ef22da5adb210e55d65607b889ebeae5257cf05d1db,False
v7_train_01290.jpg,train,raw/bangga_ppe,6662a6b36e9b23b5fee53635670f5489d352f4fa427da38a784f40fff43560c1,False
v7_train_01291.jpg,train,processed_v3/train,296e565a35678c424a086154e8a4d1834a9ff1a7ac0c66d104361a8a68429dea,False
v7_train_01292.jpg,train,processed_v3/train,749adf558a97f220a235f806fabe79b77b80a981e77ea81cbb459e555d2ff296,True
v7_train_01293.jpg,train,raw/bangga_ppe,3a5ee55e8dc4cd15e66723a69fff690e43c3e2e03921824c0833348b5f30c988,False
v7_train_01294.jpg,train,glove_detector,9a7675fcb7997b649c4c41aa75c9bba6ebbd2acdb0f00cb5302c9400e2ce9922,False
v7_train_01295.jpg,train,processed_v3/train,336aa5a638d70fb734bab6fb76c9c1d165f1d5b03afac73a2ad7564971c4062b,False
v7_train_01296.jpg,train,processed_v3/train,84f367eb02e3cb7db559a4db5be8bff6b1da94bc1b1512a42e48361945ec9776,False
v7_train_01297.jpg,train,processed_v3/val,3ab0f59b4c5bcea8e207d7511fb220205f5ec7ab3b70c7eeafab0aac084c917a,False
v7_train_01298.jpg,train,glove_detector,b424ad717743fb3889759a6711891b66c0f9e7dba6408c1f5edcb3dbc667c3c9,False
v7_train_01299.jpg,train,processed_v3/train,fdee49db7a018b7e645f079032598cee9e8cedaacf8f3d1abe32f92391d8ede1,False
v7_train_01300.jpg,train,processed_v3/train,8d01d74ff31d8dfa8c87d8d252f9349283cb7a4ccb1c4f6fa13a1563274446f4,False
v7_train_01301.jpg,train,raw/bangga_ppe,885ad85b007adac7d6ff7a1925d6ad065712af97c863b2006dfef9cc8aded810,False
v7_train_01302.jpg,train,processed_v3/train,231b401e83bb7e7772909fc43f702471a6dda4c72f2d07f2d234c4ecf2d99468,False
v7_train_01303.jpg,train,processed_v3/train,baf437cbf4f87ae7ca3845394e87182ff30d23b80e571945a54daaf3a7adee7c,False
v7_train_01304.jpg,train,processed_v3/train,99dfd87da0ddb0766b0b08610ff52d925f3ea95a855120fc0e2643bd6a4a0e9d,False
v7_train_01305.jpg,train,raw/d_fire,d7eff01bd193c825520b3e6c70ac3b6dd3017969bb0b70cc27797b042b022ff1,False
v7_train_01306.jpg,train,processed_v3/val,6415cc8eb79aebd20364776aa6d932489aae069ca43d7622a0c76f5dac356bf1,True
v7_train_01307.jpg,train,glove_detector,6d393e54de5b78103a68c43ba378e7969d03d0679424fab0a3af38adb67bfa39,False
v7_train_01308.jpg,train,processed_v3/train,689a028fc7a25dcb5a1697af7933fdaa0d0c483a72093f41af1abc2eb01e013d,False
v7_train_01309.jpg,train,glove_detector,35fb19afd49830a2784071b8cba46037b01bcc4ad31c551a469c22fb4ca11404,False
v7_train_01310.jpg,train,raw/bangga_ppe,9e573528b9b6c22bde00b896bb48ff3be58beca5ed4fdef0f7b118a8aa2fbdf3,False
v7_train_01311.jpg,train,processed_v3/val,4b7d01c806b76cb9765c66864b263f0ee254f5ddb28f2312506df939af0a6536,False
v7_train_01312.jpg,train,raw/d_fire,2488cd025f63601415fda26977ceef8601aac2d2f5579da6a3d8822402db6f75,False
v7_train_01313.jpg,train,processed_v3/val,21b66b710655390ec6e5aece5bd410d84b02e89dd803551d31a7530c0dacad3a,False
v7_train_01314.jpg,train,raw/bangga_ppe,dddeb0801885be718c8eee627294394dd4dbe37b0d80d149629a99921a9fb6db,False
v7_train_01315.jpg,train,glove_detector,4c855ab55ee7b1c8a8318f821953aa7e3a16912514f62eb24f4a4f3abbe57794,False
v7_train_01316.jpg,train,processed_v3/train,c9c41c93b09b5bce895926f67f6faae0166996417ca529caf4d9efd5bf260064,False
v7_train_01317.jpg,train,processed_v3/train,062ffed1744984496b0b864a53faf3fc6995b75238565a675990ab1905ede59d,False
v7_train_01318.jpg,train,raw/bangga_ppe,c6bdcc30e8ce7d36e299dc21ed89fac7f0d1b194463579505b485317bbe7c6dd,False
v7_train_01319.jpg,train,raw/bangga_ppe,be61b981977ce97bbdcee42b105d1c2039bee6009f95a3b0da92753a1bdf106f,False
v7_train_01320.jpg,train,processed_v3/train,51dafc1fbacfd55af9281223856ad83db68ec41c96f46ca1904b28d783681b06,False
v7_train_01321.jpg,train,raw/bangga_ppe,8a41689a9ab2f8634627dac1fe108255104e8e5424853b28fbae76d012180744,False
v7_train_01322.jpg,train,raw/d_fire,b1ae42a8be45518dde3d0de2c68c5d465972431ed1bdffc4b8085729fab399de,False
v7_train_01323.jpg,train,raw/d_fire,aef5ab8f06e83cedece8b787e9a7a167700908bf91c687611093dbe8cfd5a485,False
v7_train_01324.jpg,train,processed_v3/train,d588b9e89b46b5b8ec7eefcf113d5e6e28a445088ec61d5741c545dd202c6b0f,False
v7_train_01325.jpg,train,raw/bangga_ppe,533d5ac0f5e7605ff6d3010a7733ad360d80ad0b7b06377553ccca9579536a7a,False
v7_train_01326.jpg,train,processed_v3/train,4b693d9e53e6359bc6ecfe0421fb19ca02aa5d2f42da91778aa5903b313137f3,False
v7_train_01327.jpg,train,processed_v3/train,ae8d5f27144f9d7e89292fadc3d114a53b2fb26e35180bed5fe512b2969a6805,False
v7_train_01328.jpg,train,processed_v3/val,b5cd0ae0a9abe68ddd4f0afd978a666e26376e2d8b6e37e89b3b45322bcbf72a,False
v7_train_01329.jpg,train,processed_v3/train,c2b0965ae66101996864ceaa7433b2b1cc90944156c0e6fe8719334ef087ac3b,False
v7_train_01330.jpg,train,processed_v3/train,5d34bcefa5b14a432ddf6946c5a46807f033b0f66f175ab315f4f36c8b02e11c,False
v7_train_01331.jpg,train,processed_v3/train,e6036e26aedd0e5685bbe00733c8a43832721f66fc75ac25d6ec4829a34c1c1b,False
v7_train_01332.jpg,train,processed_v3/train,74ccaf800b8727c3622d8cc9ecbc5abe06a85a173a5c7a9cbe4bd89bf71ca616,False
v7_train_01333.jpg,train,raw/bangga_ppe,3193f5cf490578aa4469f4213daf95ace3cd6ff042168bec900eefd185bc856d,False
v7_train_01334.jpg,train,raw/d_fire,3849941c74aa07a0e9183fe818d87575c526d145de69f947870487ec0b01a1e1,False
v7_train_01335.jpg,train,processed_v3/val,ea8505e7f00db0493fa3d04c95dc6ab7bf2cbb17191c23e8d77a9f93cae679c5,False
v7_train_01336.jpg,train,processed_v3/val,7f38efadcdc7c5a80e9383af9ff03300385bd17d7eaef12341c79c774634042a,False
v7_train_01337.jpg,train,processed_v3/train,3315db77bbefdc25b4e2cccf015513c885ae05053d3939eae96fe157ba3d4571,False
v7_train_01338.jpg,train,processed_v3/train,187f1505e971f9b217c9848fc54e572770400a39102334f8eaca28f40e2b014e,False
v7_train_01339.jpg,train,processed_v3/train,62e41e47d9f6bb383e0591e5a6cbb04c0207fc1646a7b8349330b42b5f9106b8,True
v7_train_01340.jpg,train,glove_detector,53eaf9bb26836df362fc299e8c4443e529584b41f02eb1af79e5fb0071aa69b8,False
v7_train_01341.jpg,train,processed_v3/train,b9eae5ac17bafec7f7c48ddc37fefdc4b35b828b95563a311e46da992a32ad3d,False
v7_train_01342.jpg,train,processed_v3/val,e21a3a35363447748c32387e9e388c6f1bce74010876b3cb805ff9511eacce5b,False
v7_train_01343.jpg,train,processed_v3/train,d57c370197a17b008bce5e2388fdeed3e57150376d4a2c0818dd25134fee7587,False
v7_train_01344.jpg,train,raw/d_fire,0ad37178dae2c78e057cb6a5f2fd80dc165e947f7b15bc3f9a8ce35e100c9302,False
v7_train_01345.jpg,train,glove_detector,e8b5d19d758ba93e61c18e620c35551c6110e1be7fa4df09c9417583077023e4,False
v7_train_01346.jpg,train,raw/bangga_ppe,18d0495892fb904d3a564ef85d1d1778cfdd008b7b69bffb1355a2df3d34a72b,False
v7_train_01347.jpg,train,glove_detector,c8edc541bd718b00a2c0a9315b0fa193f64986ebb6c3f305ef7feb9ceb77ff39,False
v7_train_01348.jpg,train,glove_detector,206ab7168acb80622494a7fcffc2b27b89afd0a60b39873b1885a6f4da9bf7e1,False
v7_train_01349.jpg,train,raw/d_fire,4bc4efd61f0f3b3a47bc2861b2cbb02a109d2e1327b97aff14b8ff4cd74a0406,False
v7_train_01350.jpg,train,glove_detector,531deb8667e36182c6e0d52af3a527d6f23dceac6ad72480de2556768eb3f92b,False
v7_train_01351.jpg,train,processed_v3/train,2cdf3385bed34e40e61b290c061332488bdd570d2187be3daa1869630dca9ecb,False
v7_train_01352.jpg,train,processed_v3/train,9b6171aeea6fd7f8c8617b159bfce6885c772392625c4062766e140aa602a390,False
v7_train_01353.jpg,train,raw/d_fire,545599ef2e2234939f37ee657dc37119e6bc4f16083a0433a555b5d86d2954ed,False
v7_train_01354.jpg,train,processed_v3/train,9218636353ed9a6c8c12b6dd914f905e1cd4c6c639b3acef1aeaa521a5565a8e,False
v7_train_01355.jpg,train,processed_v3/train,31c10823692f4b9e46b47b9d825d581d54161c51487f87e79ce084cb96dfd0b0,True
v7_train_01356.jpg,train,processed_v3/val,e8559c0a651f61c595a15968b0c15a4ab88ee45f34fd202832b33d9e606ed83b,False
v7_train_01357.jpg,train,processed_v3/train,413854c016766455ffcfd690df7f3cf0ee3f0cb3bcfd6c9d5b2d7d6bc477210d,False
v7_train_01358.jpg,train,processed_v3/val,ebed85db929050add93b0ea9784d32fe8aa054a9a952b71d1f02915fbe0cdca8,False
v7_train_01359.jpg,train,glove_detector,5d0b558247cb68bed43b50b518bd6b1796fe8c25bc777e5e5c55e6ce4f95159f,False
v7_train_01360.jpg,train,raw/bangga_ppe,87a6ada673595b84851149742fb41716ef3f5b3f73ade9e990228b14e09aefd9,False
v7_train_01361.jpg,train,glove_detector,5a28dc4491cf1c31c461cf9220f0123eb2174f45e14f5e32695ed6d613ef0bb9,False
v7_train_01362.jpg,train,glove_detector,b947be8935838c65ab2b5bb0a8c499ecc8520d3ed7c23f961d3e782084a51be6,False
v7_train_01363.jpg,train,raw/bangga_ppe,2bc6f80ce271b39d9d5b208bca974f4b6ae4d13389ba8099432681414051ab4d,False
v7_train_01364.jpg,train,processed_v3/train,776dcfe9b7d97e0c8b50e0b4f61b31c6f1e183986cbf79c2eeb3fc8c9d065dc6,False
v7_train_01365.jpg,train,raw/bangga_ppe,594a5747a9e25a8c01dd51b18ef7749d6c2138d4eec741e6b42d9bbcb008a0e3,False
v7_train_01366.jpg,train,processed_v3/val,fc70263f462f1bc052c727d22aa3bea270108a54a500d628b0106e7019457b5b,False
v7_train_01367.jpg,train,processed_v3/train,5a784139dce07b7e30d683049a8d9ebed5917d023c53008371c5739f560da67c,False
v7_train_01368.jpg,train,raw/d_fire,56bf85b9c6d74620c336b5fb9ff30403352e4b3a33e9807d53ea0adc58ed557e,False
v7_train_01369.jpg,train,processed_v3/train,af2078dff7baf8c5513f99eca0ff905f542bad72519badc86490464244f0dee8,False
v7_train_01370.jpg,train,glove_detector,e7d7d026d000b47288f17bb6a10cc66cb9fb461ab420285718a90068252bdbc8,False
v7_train_01371.jpg,train,raw/bangga_ppe,64b0c833d0aceede247230d7a6a1ba71609d630d7048997fea77538176a9afec,False
v7_train_01372.jpg,train,glove_detector,02474927612cf7c8ff7e44ddd149427714cc061f2f364170f67f959b2c687e7f,False
v7_train_01373.jpg,train,processed_v3/val,da3b020e5fa43a235c11e8ea72b7e3ce626ca04e68a2f437fd7006e197f313d1,False
v7_train_01374.jpg,train,processed_v3/train,57b5bd938f46c3a3da38b5fabd5dfff0250881bdfc43eb19eed6880f4b73ea2d,False
v7_train_01375.jpg,train,processed_v3/train,a438c43566739d254624871fdff229a0ffca12f765a28da9ac6f0ffe086d2f98,False
v7_train_01376.jpg,train,glove_detector,a8e340357df6cb198bc7a93fe32dbfec610add05af70658627a883de62efddbe,False
v7_train_01377.jpg,train,processed_v3/train,7442e15c4b26f563ffe0ee77d2f558bcf750ed7d6b25da40bd787c3b8ba37ea8,False
v7_train_01378.jpg,train,glove_detector,6208d317e768c8362f2c0188acd0341f9aa74ac77d304040a4e61eaca2df0c98,False
v7_train_01379.jpg,train,processed_v3/val,8d780631134aebda47d04f6e2afa6b7c66b9d90ce5a7682a295c4597f3fcec04,False
v7_train_01380.jpg,train,glove_detector,422ca296ccb154bc50d7ac247cf53e1ffeb827cd17932e8a7a88824d585bbffe,False
v7_train_01381.jpg,train,processed_v3/train,c80d8d2fafa300c36842d710a5eba97eb849132c40313e233651e5500579d54a,False
v7_train_01382.jpg,train,glove_detector,f74dd3d9f0a7ff2daae34fab8341210ae806686bdb7ff858ba423fa36b61952a,False
v7_train_01383.jpg,train,raw/bangga_ppe,a73770e01c0670a0ff9d0b76eb851ce11aebd18456bf0888acddff9e70e5c91e,False
v7_train_01384.jpg,train,processed_v3/train,ffc4c1e7b7e91f7a2e899d5e3616f79230eeab4968bf1f05b3de502da2597e21,False
v7_train_01385.jpg,train,processed_v3/train,2b0757e77bcfdc849c6db93e8858e92bb65158f7274e74667b159e244679195e,False
v7_train_01386.jpg,train,glove_detector,fb4e6190d78bebf6c6aee1414e884d0b96059dc95b47112e433016079cfe31dc,False
v7_train_01387.jpg,train,raw/bangga_ppe,0d8865d4ad4e47bd364dabaf2875e1b3084f55798ac40cc5c3c674cd63605380,False
v7_train_01388.jpg,train,processed_v3/train,82d07f13a9341408729f12fabba73eac933dd238158002572e560e139e897cc7,False
v7_train_01389.jpg,train,glove_detector,a53703407988e809c2699baaf20f587ca889edf36267a88ba830f34b118eb519,False
v7_train_01390.jpg,train,processed_v3/train,31950dad0d4be22a380b3e875af6a0aef05242581b7032c9ee170b345d5faeac,False
v7_train_01391.jpg,train,processed_v3/val,febf39e9e8801ef9e2ed1d9647bec864033f334aec02be7979952f7bbe3e363c,False
v7_train_01392.jpg,train,processed_v3/train,10f0cef87bf5a69ea18400a5adee458aa2b7cfa71bf185756126f21d93348808,False
v7_train_01393.jpg,train,raw/d_fire,2b779a3a4c7a9be5e95a93ab11c10337fd24d310e1a2f6afdfdcab230ebfabba,False
v7_train_01394.jpg,train,glove_detector,d612c716fb47e7d9e4a4763e1b444a6911d537d0f783d9a52ff1888aec23976a,False
v7_train_01395.jpg,train,processed_v3/val,d5375105589fbb8505a33fc21c2debf9546785cfc3e9379fa46ce941191350af,False
v7_train_01396.jpg,train,processed_v3/train,ac3387c911a718b95205785d09d8abdd146ecf4655c8881b1ac13748047035c0,False
v7_train_01397.jpg,train,processed_v3/val,6267f59e074f6ff200bb28f86f90fa952dc93bfb956d485d23744d2a4bbb31fb,False
v7_train_01398.jpg,train,processed_v3/val,e57ec30bc90ae3ffc959bcc126efbadf4af8915dafc3228742ddda3984476778,False
v7_train_01399.jpg,train,processed_v3/train,ae40b031a763b4fb378cb2a8f7a113b7bb0c9e1ffc0e4d989e41d4100d1c79c5,False
v7_train_01400.jpg,train,raw/bangga_ppe,e7eb266d00d96f27f6483d51d53a161ca0be343bbff07d2fff0e16c48bd1bc78,False
v7_train_01401.jpg,train,processed_v3/train,6c7edca1aef9a35b967c8a3e5ce823420dce183a6540bf51ce7d04eac5930644,False
v7_train_01402.jpg,train,raw/bangga_ppe,709ab130a69f996f54521f9b56ccc887321594890c394a7cfb6badc7c77ae2d7,False
v7_train_01403.jpg,train,processed_v3/val,cbc5e5a35ef82f789e8c2ce23546908398af562f41fa5cf980a76a4e3870be20,False
v7_train_01404.jpg,train,raw/bangga_ppe,f44d20d46946937016128dbe02cc8d939dbdd8f684a574cbe53748489b066089,False
v7_train_01405.jpg,train,raw/bangga_ppe,97d8e0d49e4c83d3df615485b70108ee1d64e52ae5d62457ae7bb879b7e6e40b,False
v7_train_01406.jpg,train,raw/bangga_ppe,2a77ae05b09016e5f814a2f4e2d82fc4e99f32f15e939a820e8efb6fa289ab9d,False
v7_train_01407.jpg,train,processed_v3/val,528e57d78d65e875955269d16c74c775eee568f1412fa2562b2aac3739fade42,False
v7_train_01408.jpg,train,processed_v3/train,730e9e4e8ed0f63df900bb24b87ca1ab9e217930a6e8bbee00576c42c0bedf9c,False
v7_train_01409.jpg,train,raw/bangga_ppe,dc6a43c16e68b025cea6148e8e4ddd61d3756c4c791681da290be91783c77866,False
v7_train_01410.jpg,train,processed_v3/train,54d2a1b47579bd7ea5171969a41a3e6253370aea5b1b444d360755d6d92606a5,False
v7_train_01411.jpg,train,processed_v3/train,2d04572f204efd86fcdecff338a122a23324311f04bb3f2d3c6d16daa760c98d,False
v7_train_01412.jpg,train,processed_v3/train,9d2dba6eb85a393cda88324a1d705b3d860bce9e9f96c6dce801034e9c2a0d16,False
v7_train_01413.jpg,train,processed_v3/train,95ced120a0aa8f053dcf4aadb3c8f55f1b53fce28d42aab85d08ed4c7099dde5,False
v7_train_01414.jpg,train,raw/d_fire,9a305a2f28a350da585a564264ac91cadfe72e862deda5e288cf7756b63aeba2,False
v7_train_01415.jpg,train,raw/bangga_ppe,c97af51def3dc947b2622d060598928f9ba4ced6492acc6fb24dcf272cac7d05,False
v7_train_01416.jpg,train,processed_v3/val,9d04c5d9d85be01fb46cec03437b51af5a9ad4d932c0167a1b0e4541863d6378,False
v7_train_01417.jpg,train,glove_detector,a7ecfcc57fb7af576cba0542b7e53efd7626762e95700f274f91129652980ab5,False
v7_train_01418.jpg,train,raw/bangga_ppe,d08bdb88221b2b6b38c9c3f0092e3e1064fb2be943717b9746bbd8d5a4b225bb,False
v7_train_01419.jpg,train,processed_v3/train,8077803068ec66297d19914d73ed6ba8b971ad62d4e5f16e91334cf0a2e4401e,False
v7_train_01420.jpg,train,processed_v3/train,8707af7925b0bc6a2367d8f8ef5fe764d6966d5516951d34fc1f24556ea690a8,False
v7_train_01421.jpg,train,processed_v3/val,c4becc252aa00cd5cbfa2ec3d98cb65c451ecbb70d83bec51ccc3fca788ff13e,False
v7_train_01422.jpg,train,glove_detector,c0f80e4bd0015555427418e42987577371f98cfff4688d2ba1769cdfa01342a8,False
v7_train_01423.jpg,train,processed_v3/val,30c03150764cd664deb3d265598e6797e0a68c083c62ff6d3309c3f733b49f1e,False
v7_train_01424.jpg,train,processed_v3/train,7eaf2b4db4f519ad65659f64e85bfef537783f58464f006c368f991b90001f95,False
v7_train_01425.jpg,train,processed_v3/train,c827b7ab7654df7c11db13f2b5b1f6c76146519b5c46dfba2e5bcfd8c2e6bcbd,False
v7_train_01426.jpg,train,glove_detector,67ef9354709247ca5b0df7ab481fdbc4d69810dc4319ec0bc18591ad9c5d9846,False
v7_train_01427.jpg,train,processed_v3/train,03af3877ff5b8b24ce9219053d0d130badeb3a2ae0eda948cdc91b20d12af0b6,False
v7_train_01428.jpg,train,raw/bangga_ppe,430c29207308e467ba37711278e0a20a9acfc7c25b9b6eb02780a0e877de68ff,False
v7_train_01429.jpg,train,processed_v3/train,9df7ab5837f396da41c6ecb826dc3099d1326dafd1fe1483f2d830ae3cca6884,False
v7_train_01430.jpg,train,processed_v3/train,6217a270daac217221b28782a9c5c32df0b53651d35a7eedf98599a5a7b0f366,True
v7_train_01431.jpg,train,processed_v3/train,de2950ca48c02f68c7b9dc9245e0c2ca596d8d6a0ab469f862712e14a87d429d,False
v7_train_01432.jpg,train,raw/bangga_ppe,c09ffbf6b5d51c9e495a816e51e19e4953425e151624b60471c0600c7e2623d1,False
v7_train_01433.jpg,train,processed_v3/train,8815745370686e297dd07a49e2903670f2f193f132bc3158f4da78ee37b87e7b,False
v7_train_01434.jpg,train,processed_v3/train,53825f0c3fdcbc4ce4460301da799485ce956c7df60841397efc2d6df5352f59,True
v7_train_01435.jpg,train,processed_v3/train,1d6b3941ddce9979c3c3579c1f2aed36ef56e59351715ebfd617bb96152997eb,False
v7_train_01436.jpg,train,processed_v3/train,9f717c0f8cc9d14b776e855c20ca2636dfb8c8b55a4ecf75b6ef8d142b483167,False
v7_train_01437.jpg,train,processed_v3/val,31a0cc28def745790b563928a222056ceb67e9ba4d62c2674532f703a3446558,False
v7_train_01438.jpg,train,glove_detector,6fbe748af48f7a85c6098ea9f286dd45aa2c0fd8b4d10f9b076622460a6b967b,False
v7_train_01439.jpg,train,processed_v3/val,dba0b68a070741a7a6af80857ea38bd7b1eb3bf9b71aeeb1e25401b6c5a7c1e2,False
v7_train_01440.jpg,train,raw/bangga_ppe,2445b3fa3f67e2fcfe4f63bf839db3481ec5f9e445a81a6d26273d9e96b83eca,False
v7_train_01441.jpg,train,raw/bangga_ppe,265d9dbe7dbe6ede24489a41b980b198b20881698e97894f4d9e865d3aa12462,False
v7_train_01442.jpg,train,glove_detector,03f481ab637428037a32927f45656d8f45763d6b8f62efb3d64f3e197bd53f5d,False
v7_train_01443.jpg,train,processed_v3/train,e87def4cec8d401ee57e2a86cd5aefefccef3dce946f84b4116787b180f1492f,False
v7_train_01444.jpg,train,raw/bangga_ppe,38f5261b266af19967f34a5928fb14ff1a3d3221e47288d641704e989c65c6bb,False
v7_train_01445.jpg,train,raw/bangga_ppe,ababf9203b9550ffec475fb6f9d047bb03a16c16be539f5e24944b6349d3dbdc,False
v7_train_01446.jpg,train,processed_v3/train,6f0d3ddb6e926ec940841a6a51b223ee87939457a35c68a93b1919eec4057ceb,False
v7_train_01447.jpg,train,raw/bangga_ppe,35d5f906bd62d0d3b5417db11d28c00f26139657b940b8aed8e9e94728964b79,False
v7_train_01448.jpg,train,processed_v3/train,24cd7da5711be44568cb7c13ba55d0a7ec08397b3680ea0b24b7b6c03161d0bc,False
v7_train_01449.jpg,train,processed_v3/train,8fd21e20422d4675a713574cf9af03876c1cfd13f3727aac1729b12e12037ef6,False
v7_train_01450.jpg,train,raw/bangga_ppe,69649414577adecca7e900748f8facfe6f355b796c47e83b577f93faa683e715,False
v7_train_01451.jpg,train,processed_v3/train,3e60d18e7f4f74b0b59750d51873b9b9cd040ab896a15bf60ecc89ec3c110bb3,False
v7_train_01452.jpg,train,processed_v3/val,f5fe18f2da6d2cb307d586f97050e849649ab47f228c3444a008fdb22f8ec2b7,False
v7_train_01453.jpg,train,processed_v3/train,30ad63e4b24809dd7b8793a2edb811e6ee612d0c2d412348a0c4ed3689f9354c,False
v7_train_01454.jpg,train,raw/bangga_ppe,e87cefa1f516d60b01d6807ff7d30149fb2936402f280360c6d14e8b9a73e076,False
v7_train_01455.jpg,train,glove_detector,099e78fd5983b1a919a8d26395c534d1c280c749dcc713ffda846d35b7223c75,False
v7_train_01456.jpg,train,processed_v3/train,1ae90bb93bf7582c4df5202080f73549d5c7b492467611c9a1f867c5937f4f2e,False
v7_train_01457.jpg,train,processed_v3/train,2af22265f701b23202ec652bffd4b95a476398964e6ee00ccb9aa82279e374b7,False
v7_train_01458.jpg,train,processed_v3/val,7c7e0a991838c9868c24309541dc8981a1393202c4f28664c5aa94d433a68cf3,False
v7_train_01459.jpg,train,processed_v3/train,d39df365b7e1b1882bac52a2b18ffd046706d1548d64f091b4cd4a4f783f0ea7,False
v7_train_01460.jpg,train,processed_v3/train,bf5c5fe7567e40d7bf995bce1ebae5b923024cf52a3e16b23301e0cada24e9f1,False
v7_train_01461.jpg,train,raw/d_fire,0eea5cd3ade42eaade2f18e6be2e031237d26e27d0e32926134e6273d65d86a3,False
v7_train_01462.jpg,train,processed_v3/train,fcaceda0e33b167b7b53cb552c0f7aebc07f5b7203c36ec4bbe89fa7652a56fc,False
v7_train_01463.jpg,train,processed_v3/train,ab04c4113a0e7a72a98098281b913b7ccafdcf3dfb2a45a829da7e9335d6cef8,False
v7_train_01464.jpg,train,glove_detector,6d31fec7eb57dbd3f18f6b9f89d0b273ab5f85393e54313356a92079a1832f96,False
v7_train_01465.jpg,train,raw/bangga_ppe,bd6b9abedeab884801e991bbf73316c0e92aedbe37b0ef671e40c4fa6d6dbb06,False
v7_train_01466.jpg,train,raw/bangga_ppe,9bc1c434c2fc4a8e7e1592545ff0b8c8c5257e756bca5b7f15f32a6d39eb1fcc,False
v7_train_01467.jpg,train,processed_v3/train,c5fdffec60e7ba961ad5a1900a73a092eda67aa9e79d1eb87f687605e49f78b3,False
v7_train_01468.jpg,train,processed_v3/train,1e8ead5da8ee770a8a0012faef0d1671bc7d0a4411a75686f068abac5f149916,False
v7_train_01469.jpg,train,processed_v3/train,73f1242a13c883303d1e91e49889ef522d9ac3d0dbe1a429eda3e2b0630f97e8,True
v7_train_01470.jpg,train,glove_detector,46a3e649c0f1825569b03dd83a4a164e982aa30b092819be05acfb9773fe17cf,False
v7_train_01471.jpg,train,processed_v3/train,4d06eba0744996fe15b6a1e06376b77c2a65b872e7fb9da04a015d0e142f533c,False
v7_train_01472.jpg,train,processed_v3/train,84c20fa7004886f1187bfcf0c814c251701d6f69c78ca65a872272c85f42ae44,False
v7_train_01473.jpg,train,glove_detector,07d24e2af03e9a8cf7839d44da0ab357ba163d1566bdae8acd0e81ca9ec69f1d,False
v7_train_01474.jpg,train,raw/bangga_ppe,118d68df4548fb21640bea82250b0bdcb31ca227dcf2c114f892ed6e436a85c2,False
v7_train_01475.jpg,train,processed_v3/train,1310e18e20f439466400374c7e22c49bd53182475940430519170bfae82e18ea,False
v7_train_01476.jpg,train,processed_v3/train,233c08994d0310b3229679342dac18df6519e561b3bae31b07c53f08458ec969,True
v7_train_01477.jpg,train,processed_v3/val,2210581d0df9aa7f16758d7215ba141e5eec6f0a469115ffa0e323c7d0cfdbd1,False
v7_train_01478.jpg,train,processed_v3/val,a88836016aab4787229651a3f977317a9c691947527a3fe6dd2b3997395a8469,False
v7_train_01479.jpg,train,glove_detector,78be06282727d25caa4d0c22f1805b233f8c0eb9736701aa2bb742ed5055bfe0,False
v7_train_01480.jpg,train,raw/bangga_ppe,96a3dc28f48c83dc27383e02846fcacbb17bb363ab57869a14d42f8dfd8b0668,False
v7_train_01481.jpg,train,processed_v3/train,70e76f9cb67d64a3fed4e17ae595773872223d5f8368582125d3e8c0e6a676e9,False
v7_train_01482.jpg,train,processed_v3/train,6b67aaede00ce4b6987df8c74ad0b6728723b3060a56d46b950accd5bf237561,False
v7_train_01483.jpg,train,processed_v3/train,81954028bc34e42a1bbbd4f1d9dafe43bd43c9880a2894b5bedc23bdfe0936e8,False
v7_train_01484.jpg,train,glove_detector,53a4383c848b8f37782d5ef53e4e4d0c35215c86d241e5c90bf961d4dcfd2234,True
v7_train_01485.jpg,train,glove_detector,54e6be5b914f0b7f2c90d6cad26d72ab542eec39fa2255b45ed88bc441e439cb,False
v7_train_01486.jpg,train,processed_v3/val,bc2fb0c216b6d62e6193907f1b0e7f835f92c4fe2ecb4ccebe0051c47f3c90dd,False
v7_train_01487.jpg,train,processed_v3/val,42c7ff0ea73f56e07a735cb7d713f6d975e4332027c38ac8c6588314e1421d6d,False
v7_train_01488.jpg,train,glove_detector,3899da84d248a05ad9aaafca53eec5cd889c91617c5db6c8a6678cb6e15b2a5c,False
v7_train_01489.jpg,train,processed_v3/train,821703103847adc6ca0d50346e55b15fc89a434044eedd12e78ce1f6024aa22f,False
v7_train_01490.jpg,train,processed_v3/val,c4697cdd0ed21f756abe7cf12383b08835c20499ca9e972d9a93f54f690ef448,False
v7_train_01491.jpg,train,glove_detector,63a34db143dc931cc1718800052cb6ab52c8b36ed041c36f5376c04cc1277580,False
v7_train_01492.jpg,train,processed_v3/train,746dd3c34c22b4d0a0acc0774d4bdcb9f0cbe3ccff8da79b64e648b1e202248c,False
v7_train_01493.jpg,train,raw/bangga_ppe,1c973a3cc5aad2739c64869ae4ff255707e6842d279e95ed5724b98121f96bd4,False
v7_train_01494.jpg,train,processed_v3/train,6a4b13ff4560e92c2c1bc5a8d5a61b2496b541c57e26d37cba97847ef1d9d7ad,False
v7_train_01495.jpg,train,processed_v3/train,eb8cb11747a4051fa9443d6add20a98596bb6e325cf0081c2b98cd3062092b0b,False
v7_train_01496.jpg,train,processed_v3/train,860d9e7551601e21f9188342094ba8298bef0d8452a356a9159a240d26a42d2d,False
v7_train_01497.jpg,train,processed_v3/train,3ccddd3c11de2e0c2444eb093c1a2d86b5e5a1dab302e623b6abe43be12b7b66,False
v7_train_01498.jpg,train,processed_v3/train,56f27bf0f199fc509a6659c057d286844b0c4d52ac2c6878173a2681fd8407e5,False
v7_train_01499.jpg,train,raw/bangga_ppe,963de3409b9fe73fc9147b18966f142e23d71fe8a6e0e5e3c6d223ad01d563b2,False
v7_train_01500.jpg,train,processed_v3/train,a81b6dc0c6738ac153d8a5007c78805059accdb8c880c01cdade38abb0b27007,False
v7_train_01501.jpg,train,processed_v3/val,67f18aadf7c73c372d63773132a8aa3f947649701dd51baf0472d78792aa361e,False
v7_train_01502.jpg,train,glove_detector,a8b15719d5f12808a148ff60158b41266abf571275bb2d1cff74aef09177a97d,False
v7_train_01503.jpg,train,glove_detector,554349d219caa018359ef5db6b5c431e4ef931b95eb4b8569ff37d1ea047c888,False
v7_train_01504.jpg,train,raw/d_fire,1e888f42245584d7b8ca05ad83d353a25994dcf713ea5c01d52c024735d7235a,False
v7_train_01505.jpg,train,processed_v3/train,74f07d5c2e9c9dabb4d43257530adc6c9b1bc5ecb3dcfd7fcf5883d9cf7a1b83,False
v7_train_01506.jpg,train,processed_v3/train,d511ecae008b2c0bb5a319344eb1cba6145cff05b4842595386b601ea8a9899b,False
v7_train_01507.jpg,train,processed_v3/train,158536202e51b98d6c9dc7170b090b449900b7ad87801d9aa932a50e75ebd861,False
v7_train_01508.jpg,train,processed_v3/train,eced0b00899cfee7b65f4725e578a0e6db76c180fe810e15d8e2eb2186aeda79,False
v7_train_01509.jpg,train,processed_v3/train,4d2b40e6efab9ac968a7d3b54b3c019c3f86b3a59c8439515a354fac2b7270fa,False
v7_train_01510.jpg,train,processed_v3/train,a33b8c7ebcff0362766f5d4a21167f29b754509f378e26206793fe5d30af7abf,False
v7_train_01511.jpg,train,processed_v3/train,c5011602108be940a5f184c9cfe2a8861a92d4580cfde190b794e55858dd6d39,False
v7_train_01512.jpg,train,processed_v3/train,614c6ea61c1e4bac611263a26113ed30bf3224dc1c22f0d26fb30b7b54ecbe57,False
v7_train_01513.jpg,train,processed_v3/train,b58bf049e579300a77701dddf8a3fffbda2d04c740b46db0ad6a9114171220e8,False
v7_train_01514.jpg,train,glove_detector,5bb5f1957ace3c0ce004d28a9b49f2cbf2dbfdaf07281658c2958c2c65e7bc6a,False
v7_train_01515.jpg,train,processed_v3/train,c3c86dca95eff729125bfc9d4fd8df348898ae96e239187c3de7c82fd7b7504c,False
v7_train_01516.jpg,train,processed_v3/val,b6dc339abc9db8582e6b52afc4f8645760d3cca619fd0bbb9d4192be5b0328ec,False
v7_train_01517.jpg,train,processed_v3/train,6a3833246db87ce11d834624e3063cf2969890adedcff2c518e194229ac74d78,False
v7_train_01518.jpg,train,processed_v3/train,a981c40a29a1460be5ff688bcba549b10a76e8f07a32cac2f53e173d2f89a15f,False
v7_train_01519.jpg,train,raw/bangga_ppe,ea4cf155e2df8609e906d1dc1d3458b5d39b934b9c8b68e544c4a42ea997a8cc,False
v7_train_01520.jpg,train,raw/d_fire,01c45bd6caf11de7b85fad9d17cccba2a5620420cf98a9ca67d6529b285afc2c,False
v7_train_01521.jpg,train,raw/bangga_ppe,d957885d98f518e90d673654faa4e7fe98accf4f8ae3541cedaf3a040e0fdc57,False
v7_train_01522.jpg,train,processed_v3/train,e674bf60d0942af7f26e915a870c5e192a2624e3f1dca90da1ba3b5f8b975ab8,False
v7_train_01523.jpg,train,raw/bangga_ppe,f0fae4d61d897de96cb7f7a2515303f5b11bb3cf3327328c98c3de0ff62e5564,False
v7_train_01524.jpg,train,raw/bangga_ppe,fd91184ae48c0dd581106fa99c76f34f01f607805176e351f599484e380571a0,False
v7_train_01525.jpg,train,processed_v3/train,edcf6cc74ea7d0f503cbca5c0875113ddfb5807eab54315c531927b6948b09f0,True
v7_train_01526.jpg,train,glove_detector,aa56a7977d5fa649a0e50c2081c459c35dbf19df8a6d69b0b883164db3184737,False
v7_train_01527.jpg,train,processed_v3/train,1e9c6671bd6d614ed0483ca93852c8fbbf5c642e3306cc8a34f84dc95c0b073c,False
v7_train_01528.jpg,train,raw/bangga_ppe,91f30e7135bc1e679492b9c1fde99fac223bedebda3713cc1115a9385cff37e7,False
v7_train_01529.jpg,train,processed_v3/train,1f17381129fb0c760359007da9a6d4da9d84bca14cb68167ce8cfd63054d3e1d,False
v7_train_01530.jpg,train,processed_v3/val,275798e0a92eb3aa8cf574c3ca13e10781eec436cf900d27f342503232be892c,False
v7_train_01531.jpg,train,glove_detector,78a017db02bb4bfa2a82c628e2d16bcb4c5149e2f1d78cc2357b3de34104f56c,False
v7_train_01532.jpg,train,processed_v3/train,91939cb6de27372c58c0b8629ea0435eb6ff3e47c46ae12ba63196ab63f3d408,False
v7_train_01533.jpg,train,processed_v3/train,514de269c175cb570785d6c7d23df03e68d69cb4c69424004bd5162755ced9bf,False
v7_train_01534.jpg,train,processed_v3/train,06560bc1563e62485eb2fd2e02dc02af20326393f8777130bee3e03d562e7dd8,False
v7_train_01535.jpg,train,processed_v3/val,0902a2547c5e7fb07a7c5d50fdd837e41a8df51ca35ff33fc75e29d8690eeb7c,False
v7_train_01536.jpg,train,processed_v3/train,b0827b05bf0eb834e7d147ccf00660a93abf480a7d0d6f20d428fb669ae0329a,False
v7_train_01537.jpg,train,glove_detector,76ae697d079e5539b32b541599ba99bd64fa5e1256578fc4140a55350171378b,False
v7_train_01538.jpg,train,raw/d_fire,853e21b1cffa6dc45bf70bdeeb001210c505fc0b321a0749425967cf6a540838,False
v7_train_01539.jpg,train,processed_v3/train,dcabd7a86bd996ea865dde2c2ecd94dad8508d39a4246ea0fff0befa6ea57e76,False
v7_train_01540.jpg,train,raw/bangga_ppe,c7363886a1a98daed9dcb706d8b0f701a368ae646fc18dcbbd8c20e4d59979f2,False
v7_train_01541.jpg,train,processed_v3/train,ecfbf7be2d53e304a7e157d8699a9b3f5970c9b3cbbfb29c5eec74ff0f8c736e,False
v7_train_01542.jpg,train,glove_detector,ea4cadf950509a1a600c2825f207a799bc09ede37a7faaeef9531d08b6d9f664,False
v7_train_01543.jpg,train,processed_v3/train,044f5f68ccb26319ced3870c2d5754854e71c3f4c35b1d2ae40c9c6e80da0831,False
v7_train_01544.jpg,train,processed_v3/val,4a2a9cc5ba2e6f5733792ee6deae4cfe3eac46379ace44ff59530d22ed0330f0,False
v7_train_01545.jpg,train,processed_v3/val,2e72e9eda4f55d52958fe242362cdbe1072bed86fea73f1e9d0a926bffe70313,False
v7_train_01546.jpg,train,processed_v3/val,2572206485aaa5d1fd4579f7b52162e3fd0b6153db498da060f3b63392797b80,False
v7_train_01547.jpg,train,processed_v3/train,cbe94c226eb02b6ad41029012b27801132b0bb76eba843df09f11ccd4be395c8,False
v7_train_01548.jpg,train,processed_v3/val,fbad8df083bad20ef14f815a7bfcc19c15e494808d95d7c99bbe64a080ca4739,False
v7_train_01549.jpg,train,processed_v3/train,4ad7d7a28ebd1853810db29bdc794c5c99a9525b04059d4a56192563ebf89c45,False
v7_train_01550.jpg,train,processed_v3/val,a8918c199b9d86ba6dbe6e87b22aaf4d7443065b7a75e973be2dcf1e349e89e4,False
v7_train_01551.jpg,train,processed_v3/train,a88b274a7ae3ec21b62cfd3d06041401652a7de51d8fc717becd306b0b687525,False
v7_train_01552.jpg,train,processed_v3/train,c8be1d013b51b53144233c90c39b9b2785f7c828b3d31d5f7550af3636f09ab7,False
v7_train_01553.jpg,train,processed_v3/train,2cc1f37fedd9027832d54a14c25571fceb1ade51f1d2805d1a87d54ac52f3ca2,False
v7_train_01554.jpg,train,raw/bangga_ppe,a52674c38eb36c534f31c250704f403047ba03793353dd80070d45d159fc1a73,False
v7_train_01555.jpg,train,processed_v3/train,d5324f64d6916b65d29e5af62472e74e2acc4f7b4d1c5d8fadc8b206c82607d0,True
v7_train_01556.jpg,train,processed_v3/train,5cadb7572a8e3395eec2f5e70768f6b49e4262105959e0ab4d74a39c14d1f2ce,False
v7_train_01557.jpg,train,processed_v3/train,557ef3e3e60c8701a18de8e80d852fe39992d45294adc24b4564e86178f1b0bd,False
v7_train_01558.jpg,train,processed_v3/train,71df19c046678884f9d9e89da7ebf8872080689a83d491d74c8d5ee2e45eb317,False
v7_train_01559.jpg,train,processed_v3/train,3d0b4fd3f353730c6d4ad7663a0ecbb7ad2db5b5e6dbfd9586cfbec6c01b0d23,False
v7_train_01560.jpg,train,processed_v3/val,6a78acc1a2c3e682bd3cf1e50141ad1554e556a0c1e8a55e98b4a8a0500cdf81,False
v7_train_01561.jpg,train,processed_v3/val,a6c36c4270c497a2540c591e584d0bdd45ae5a91c8ebf0931bb862fed000a90f,False
v7_train_01562.jpg,train,processed_v3/train,c0b939436545670939ccb02b4e9907bd733c68e4c97c65085ab9e737b4a95165,False
v7_train_01563.jpg,train,processed_v3/train,4f2520ff34629fe930d7e083c2a82c6736e93015755a8e67f20f46a0cc4f2236,False
v7_train_01564.jpg,train,raw/bangga_ppe,90ccf3be786744c0765d25bf3d419c3a0606c46e2b86216eafb5cba1efe402ab,False
v7_train_01565.jpg,train,raw/bangga_ppe,f5671b85177a570e5438e886378383c3c190930a064807fb24dd1f62f55adefc,False
v7_train_01566.jpg,train,glove_detector,47bbe2f69fc5cce235823b33d889d14a7c982c86fb1c8e6aa1e823816269f0be,True
v7_train_01567.jpg,train,raw/bangga_ppe,4002af11d01087d7ac0b12cba5015a23e98cbb35180ce2aee740eac8d7c71675,False
v7_train_01568.jpg,train,processed_v3/val,27d85e5037097f6c6ba0a2092064cb8e1c8d4e19c0df4aa75ee3b537bcc58d20,False
v7_train_01569.jpg,train,processed_v3/val,01d0f69c5f0c1756fc39e0c2966681abddc2436f68c0347afa8660929d5468fb,False
v7_train_01570.jpg,train,processed_v3/train,6be2200b4cda90a97dcc12256ee09658373bbc7e9d24607ec65ce2147753fcd1,False
v7_train_01571.jpg,train,raw/d_fire,db5347fa381bc4ad918646d3028303454f5ace7f2dce1382cee5524f053188e7,False
v7_train_01572.jpg,train,raw/bangga_ppe,d17ba34728b29a344745c96c5e9f45b2f53f8e1b719047a335f74aeafb29ff0c,False
v7_train_01573.jpg,train,processed_v3/val,1c0bbb90a7e6df0c5aacfac19f4f4b18f3903fd272cea5b8511941d1fae7d59b,False
v7_train_01574.jpg,train,processed_v3/train,e5d9ed988b0c1ce63f287c304b79976a38b424fa5338ffa0edfe6d2fd0da39f4,False
v7_train_01575.jpg,train,glove_detector,90a1fcb78734818367299c96e46051c4b8bbb7138cacd9131843c32a78be4e1b,False
v7_train_01576.jpg,train,glove_detector,a9254d80bb771d1ed3d9dc9c21b4eeb97bb8d1e2da00ab7b7b8691ec3b14fcb4,False
v7_train_01577.jpg,train,processed_v3/train,5fea3bf3ef71859da170b5590132af759ae446d69910378221decad6d6b5ea4b,False
v7_train_01578.jpg,train,raw/bangga_ppe,3dfeb963ba1e334729cf5e90dcb24dba4ab89862e42b0438e76635a12bf49f59,False
v7_train_01579.jpg,train,processed_v3/val,f4240f837c5d6dc80adc6e977e5d184347bcc4115e8daa8d78d04837ad841840,False
v7_train_01580.jpg,train,processed_v3/train,43561330692343d1d635d8225f425c0c06dd2449f81f93f178de3d22e056d529,False
v7_train_01581.jpg,train,raw/bangga_ppe,310b8b25e35084941b420a941cda906023c195e99aac92e99da21ff1ad68894d,False
v7_train_01582.jpg,train,processed_v3/train,791c6396c64d95679eecd18b48eca7958c79fd5dc9fdf3922590765d2d5b3c1b,False
v7_train_01583.jpg,train,processed_v3/train,0f042bb05c95e0eb035c1921738039e747986bcb3530a881f74af579ab95f149,False
v7_train_01584.jpg,train,processed_v3/train,d50880aa40292c0643172c7bb98d9fc5da01ffba2b94f32a708318a8bc341d2d,False
v7_train_01585.jpg,train,processed_v3/train,e3999ae92cf0760ce83602e9bf55487a1b72a7164e7738dcbbbc4759ec7c1152,False
v7_train_01586.jpg,train,raw/bangga_ppe,3a2020a59e1fba458fcf889d9ffccc2797c48106f7ba0bd95f2fb242fdc87bd9,False
v7_train_01587.jpg,train,processed_v3/train,a2b446fb0a9ef1126daa0ac3026e2a51c62ba415aec70321151eef0a8db113a5,False
v7_train_01588.jpg,train,processed_v3/train,567808c4ef614dab357a2bbd40efbc815d6f067d61156ff7a73b62aa08dce81b,True
v7_train_01589.jpg,train,raw/bangga_ppe,4bd6842b8ca6329460c5fdcbc814795bd1533447149d470ced7bca9e60d4d8c0,False
v7_train_01590.jpg,train,processed_v3/train,97ed760922d441aefe6e64e9e2f5f5ab6dcd075ccff5dc813d9e381fd31b563e,False
v7_train_01591.jpg,train,processed_v3/train,a7928923e0a2dd5d4d60bf8f1befc6bcd4d34909f2849a4e470e47a7ce946d02,False
v7_train_01592.jpg,train,processed_v3/val,1d05eedadc6031b453fb4ef15358d98f5e95d00039ad15cecc0328a17a5df45e,False
v7_train_01593.jpg,train,processed_v3/train,ab5a7a28d96a2119e06c2c6a329fc33d1c522a14964d146d0a7724a1e273722d,False
v7_train_01594.jpg,train,raw/bangga_ppe,b3f0ad2debd5698f0842cae883533aafe4df6786401c66ba18f9549b48aad723,False
v7_train_01595.jpg,train,processed_v3/train,0db2696711913d2f28e9ae32eb33e803a8f34672e7df54b971d897b4cf9e7190,False
v7_train_01596.jpg,train,processed_v3/train,a6b06b7fc11954d39c19f86a86d9cf1dfeb6c41ada949603fe91f593f3798838,False
v7_train_01597.jpg,train,processed_v3/train,30e7225eb8f477564a86327cbc0358a9e9ccb60730dd7d8ccfb299be1aeda615,False
v7_train_01598.jpg,train,raw/bangga_ppe,1182fd609ec4489db72d7c37a704a2a211832e119af54cb77d7140cacbbd5a36,False
v7_train_01599.jpg,train,processed_v3/train,48c42adde2cf71703744487eed58a2af94dd6d67acf63b299b717933d6834e2a,True
v7_train_01600.jpg,train,processed_v3/val,05bfea548f15a6e671aaf1e1acd1fd815bfd1ad77253181c27418a6a65d0a98c,False
v7_train_01601.jpg,train,raw/d_fire,1f21d31a452945a20444793b78020454cc980088347e067ab1a6c1f41cfb88a5,False
v7_train_01602.jpg,train,glove_detector,40e7c0eb89f0ec54d5346aa06915c64d0b8e4390ecc08acb82f67027f37d4c19,True
v7_train_01603.jpg,train,processed_v3/train,bfd2de7b2767581b10b4e9fd5c9ce69ae93d1216a92df37767719beb94153319,False
v7_train_01604.jpg,train,glove_detector,e072500da02c657e0046d1e59ffe52f23574cdb465e2c699754d9f4693591844,False
v7_train_01605.jpg,train,processed_v3/val,4ef6e7aa0b23111d41ba062c985f48d6fa772f7eaa62db7b75e6060b57b2fe9f,False
v7_train_01606.jpg,train,processed_v3/val,a6b88360867e1514e5f8a2d057d940ee3a1893535d86459bb1e58509076eed82,False
v7_train_01607.jpg,train,glove_detector,696e8281b7a943a134786269203df48828ecd68a446ed63cd7cee21dac2bacb3,True
v7_train_01608.jpg,train,raw/bangga_ppe,bcd0d54789f16473476a20ab460d1a22c55a09ce58e10975a2953a0c10791a67,False
v7_train_01609.jpg,train,processed_v3/train,9a7e5dab6e45f67b6674923ab13f38cac9f79c9c0430c16a44b14d0f0f83d1d3,False
v7_train_01610.jpg,train,raw/bangga_ppe,b79f2ec9baba546e232093099345fc3cbf9b3af6aa375682429e29b3cd9b6ba2,False
v7_train_01611.jpg,train,processed_v3/train,10d7d2d40791752eea5a0cb0f92c512c168ed60988b0275cb37a7f3122e059e6,False
v7_train_01612.jpg,train,processed_v3/train,f59c2d2f2ea9cc4d099575d1ef8df7e4b0ffa38251e7a4c88c7f06babeba7b84,False
v7_train_01613.jpg,train,processed_v3/train,aeb679b2a4e4609055ac18ee9c675ce40d197a4a2e1aa204353903724810dee6,False
v7_train_01614.jpg,train,processed_v3/val,65341d06cf63135bf436d1e79673b6e6b579fd1f3875024979677187d6d7e413,False
v7_train_01615.jpg,train,processed_v3/train,d33d5905d78760e1d7fc9f5a84cdc75ec1f59b30da5b474e8c2d4d4a08e985f3,False
v7_train_01616.jpg,train,processed_v3/train,8e819348641d31765387736d9ba7906a5f546e46394b3dba988c1c22253eb664,False
v7_train_01617.jpg,train,processed_v3/train,52fc7838652c93a2ef1d385525dd1c02e92325e45b1364ee61123979a3c0aa68,True
v7_train_01618.jpg,train,processed_v3/train,1d29efede4023bff31d72c6ccfacd1b9eff19174dcd51dfa9a98d4abbde069e2,True
v7_train_01619.jpg,train,processed_v3/val,69e58b474bdceabfc6b0f063b64f63cf660f6644bd9bf50bca30d7e6d3ce662e,False
v7_train_01620.jpg,train,raw/bangga_ppe,20f3f604588c9d6421c7aa0ecf3430c2cc3b92a31572bf05fa61b8b09dd89556,False
v7_train_01621.jpg,train,processed_v3/train,f89e3e1705f4d61baad9cef526fa48e4fe72bf7fe4017e9201a27e6eb8c30324,True
v7_train_01622.jpg,train,processed_v3/val,8674f27be9d0a43b3469e8883472e98ca46962d6712c18dff24c9f5f209e16a8,False
v7_train_01623.jpg,train,raw/bangga_ppe,a2da6c6689252ca3001c3891a11ddb6c652d472ad3efbef80dfce11bc45e5cd2,False
v7_train_01624.jpg,train,processed_v3/val,a7b774d25429490a594ce5249e3ee149e3fe824688494e803f8f81ad97a7fe11,False
v7_train_01625.jpg,train,glove_detector,48d8fc53cc4b932a24241e0b5b44e9bc10097922f249f48946861f9d50a088db,False
v7_train_01626.jpg,train,raw/d_fire,01c72c345a6cf46fd3dfeff7aa58fcaa8bd1480ac2f0ddbcb1cf4a7159c8f22c,False
v7_train_01627.jpg,train,processed_v3/train,1ed3630b8bcf999495c35994dacadc55e5d09cadf14528535d25cc43952f6bd6,False
v7_train_01628.jpg,train,raw/bangga_ppe,182309f0cc4bad5c87c9dc75900f05350468cd883234421dddcb84a5573e4395,False
v7_train_01629.jpg,train,glove_detector,2bc62639f6825383e912bd57163f70306ceed31205ec92e9292b57af420ae93a,False
v7_train_01630.jpg,train,raw/bangga_ppe,fa52fb8effe764eac63092358049c805b2044d01b89664dd61ba644ac656a854,False
v7_train_01631.jpg,train,processed_v3/train,5acada8421e30a9c154b79a55cb727e6a071a5bc5c2635df2108ae86d3f51487,False
v7_train_01632.jpg,train,processed_v3/train,8bbe5fe6bb10057cf7fbc535717bc7c6af3108603dbcacace3aaa5380a1dc57b,False
v7_train_01633.jpg,train,processed_v3/val,3a848f4a5e2cbffcc13ef78dfffadff6eed136d2ab067e3d00c5bf788c7a575f,False
v7_train_01634.jpg,train,processed_v3/train,90ffe151d492e4dfe7cf28493b96ed125c8a02fb64294f7ead9f7c8f656703a3,False
v7_train_01635.jpg,train,processed_v3/train,58666a7c258f27bf5351c6d493609a0d9dcc5fe42513a2e001aac53f284e372b,True
v7_train_01636.jpg,train,glove_detector,659d5f402bb82b12d5e84d3be4ef1e326d2a28ca8d88d44d251ff04f2b2fdcc0,False
v7_train_01637.jpg,train,processed_v3/train,21f57a50384a5e7a01454806aa6e8c6d3a46e2acdc64374dc570244529c81aa7,True
v7_train_01638.jpg,train,raw/d_fire,82455d511f4155f9731070131d3f3da14eecd0b8fb810bfef8e70367fb35048d,False
v7_train_01639.jpg,train,raw/bangga_ppe,e15d3a62c25cbc23eed72d1c4a66a9f3e6eba5d407a89c80bb25f1854fe6922f,False
v7_train_01640.jpg,train,processed_v3/train,d55ed7acf4ceb91ea9bab50437777ff284c803b86dfa9e3acc07f1ca6cd0ad2e,False
v7_train_01641.jpg,train,glove_detector,8e693111ad39de065e851c68693d0690ae05afef3fb4b32b0d2f06b13fa449f4,False
v7_train_01642.jpg,train,raw/bangga_ppe,206ed7b0320a75d853e172e20e0b0ff764616b8a530faa4773b6f32af85572f4,False
v7_train_01643.jpg,train,raw/bangga_ppe,4ae5040d6c37bc1e4b01b2afac99db05a2adc21b54e6a3ead01130cace4984e8,False
v7_train_01644.jpg,train,processed_v3/train,1181753e98bba53985793fa566de6360376ddfad5fb1b4e6ee99863919b024c0,False
v7_train_01645.jpg,train,raw/bangga_ppe,fcbae9764cc6cdf1b9851cdf8033cbdbf4e9c7f83eafc63dd4fc2372c7d89aa3,False
v7_train_01646.jpg,train,glove_detector,edf0168ae1ac21ae2790a2502fd6f5c5db28d6202882eb9f7230f3b4f278323c,False
v7_train_01647.jpg,train,processed_v3/train,03e823ff3a2ff1e3640a41dae4b981258f5849abb37f120a03c3893c2d041d30,True
v7_train_01648.jpg,train,glove_detector,83a50ab94db65bf5119e6e15f43d710dfb2adf1b9ee26ec2c56ac7f37405ba1f,False
v7_train_01649.jpg,train,processed_v3/train,eb44310e6dda4d68f420860765b3a7f948d8fa3de2741b37c364e904b8bb2626,False
v7_train_01650.jpg,train,raw/bangga_ppe,088f2047c42226bbae9c8d712c98f3e74074239f9ac6521d427be9f4d0d1ca16,False
v7_train_01651.jpg,train,processed_v3/train,5b59832c36d183eeac222f6ba89bf7b5216ade8c1d54457ae2b6bfb5f70ce338,False
v7_train_01652.jpg,train,raw/bangga_ppe,0124e3b4d9e420053fe6ab132fa7561d6e6d4551a354cadd7b66f226749b0b60,False
v7_train_01653.jpg,train,processed_v3/train,c1710ac1754336f8b141dc678d721be924541a51c50e09465f9fcc7bff4fe900,False
v7_train_01654.jpg,train,processed_v3/train,6842c64c1fbfde35d650f46bd48e3e69dbbe21a6cd1b5ff949764ca83d5f7c12,False
v7_train_01655.jpg,train,processed_v3/train,ac53ad6ad963ca7cb52e85e3984de03a29dd74e5083822a372c9c30b786b0031,False
v7_train_01656.jpg,train,glove_detector,7c169daa104753f4236211dc81d847462a6800f48ebd9024f6bde51e9cee8fba,False
v7_train_01657.jpg,train,processed_v3/train,f4d7fccdfbf9717e25d80dfb63804ed40c90d90846883104cb7d74465955689e,False
v7_train_01658.jpg,train,processed_v3/train,bcbca3803c64ea32ae52fbbc77a507cd251cca57069b536fca09e19217332df7,False
v7_train_01659.jpg,train,processed_v3/train,91d19d499c601e4f1e97a1bd295248dee3b0c0de9155c7553d463a8d8d9ffe57,False
v7_train_01660.jpg,train,processed_v3/train,48b43b235a375c90d6a68ffbb604faddd601563a84680141658b1479b7adce4b,False
v7_train_01661.jpg,train,processed_v3/val,0ffd004e5212e40e2a6519dc8e0163bf752ba6b6c5ea7f20eeeadb6aad485ef1,False
v7_train_01662.jpg,train,raw/bangga_ppe,52d1edd0affeda8e9f63bf83d0b2a07689664618f649a63f5595f3fcef5c92fb,False
v7_train_01663.jpg,train,processed_v3/train,231d73e92b30e73ce6f1e2ffa6087fcd082a047d15c2cf5b1fa5cb4f7282f5cb,False
v7_train_01664.jpg,train,processed_v3/train,32b322c498fb6247b25590f15688fe15e6041d827fe939d0d4baeec6a2e79328,False
v7_train_01665.jpg,train,glove_detector,1460403f6afc91531bf210b19b2be905f8a661258c8ea5d68ded60cb80bbe2b8,False
v7_train_01666.jpg,train,glove_detector,eec0a4ac8b8d2118ae2838ae6816897d919d57ffbeb6a5df7f3d267caf170570,False
v7_train_01667.jpg,train,glove_detector,c7571cf34e3864660d24c60d9f147f88f041199b144f901dabb1b79613074a9e,False
v7_train_01668.jpg,train,raw/d_fire,ef1997bf88f8ac79fcab9012b15a490bfa08685ce7f3854a8a0d4af3b06ea126,False
v7_train_01669.jpg,train,raw/bangga_ppe,165bf9d5593b9589d56e3782216c99cf0f6097cbb01033377b8a85d8b26ced96,False
v7_train_01670.jpg,train,processed_v3/train,978ed8c8088bbb0e606388aad0b3bf5e45455d1077338068560de7086a274750,False
v7_train_01671.jpg,train,processed_v3/train,d14816c2f61a45bf8395774c3aa651f2423628b4849e276b063c763345482888,False
v7_train_01672.jpg,train,raw/bangga_ppe,f01d44d95ac2e13fa0f2f69f76b4beaa9949919b48ee57e3dd8e288ff41ccc35,False
v7_train_01673.jpg,train,processed_v3/train,27690e34c06ba1559904d2a82c8e362a11b99da2e5caf3cad266e5ef1ec494b4,False
v7_train_01674.jpg,train,processed_v3/train,533e40b7de6559b4dd2ff158895e185a0a775427a8474272bf58237ceabaada2,False
v7_train_01675.jpg,train,raw/bangga_ppe,f08e1c61c95c02de6509b1b5f86d15aa83ed65927255db7304704c34b7a6272d,False
v7_train_01676.jpg,train,processed_v3/train,ce183eab0b0a89accddc7b53e459c8c02e03511f1a4b6d92052c1696798690c6,False
v7_train_01677.jpg,train,raw/bangga_ppe,8c92955d0a07d719d86fe1270981130e432f5897251cfa85e9973e3d5b2d1cae,False
v7_train_01678.jpg,train,raw/bangga_ppe,3554a64b3eff650322273054bc804a227a8e244398bc50d83d0543f1ad485934,False
v7_train_01679.jpg,train,processed_v3/train,cc8b070042d038483a52bcc00b11bf2be1490f5b127325a69d9326e4ad5e6ac0,False
v7_train_01680.jpg,train,processed_v3/train,53fd9e0ef2672fc4ecec4a8906a16ad9b8c2feead4d41b2d65e3fd96739c7998,False
v7_train_01681.jpg,train,processed_v3/train,f8e3ee75094a91f40bfbafab06ac6c17012e6a227d7eca0d101551edb0dbc5a1,False
v7_train_01682.jpg,train,raw/bangga_ppe,216f4121919fa9f8d2a611a77b35cd0db2a117d4801ac7b3ddaf1a2439dcd89b,False
v7_train_01683.jpg,train,processed_v3/train,609535244bfd261e66e0f5cafd1e618f46763a03123cd5465d3c70c2a761111d,False
v7_train_01684.jpg,train,processed_v3/val,f6f1b11216eab7fb51eb77518d153cbb63323f2eb718dc4c41d05cbd7c49a474,False
v7_train_01685.jpg,train,processed_v3/train,e71d219b6fcad9ad5e265f99400909ec9ec3fff95f96b3447b400ade392dbd2c,True
v7_train_01686.jpg,train,processed_v3/train,9b864e93a0220ec7ac7ca2592f39dc3392115ea3cb25df3480b9b072f4d0adc4,False
v7_train_01687.jpg,train,raw/bangga_ppe,6c5aa0d99cb00dd24e12bcedf043b760f8e554cce0c8353ab05a9a44ad6483f3,False
v7_train_01688.jpg,train,processed_v3/train,45aaecc0731ffce96b7fab1b0fc1c5e34c1e61a0a5f9cc837c5ca5cf1cb9f901,False
v7_train_01689.jpg,train,raw/bangga_ppe,cf7931c844649b4a1bb07aa7b6c0d78b3a873204f9535b6f5a4ab840d3cb9d0f,False
v7_train_01690.jpg,train,processed_v3/train,971f1b67eb997864fdf556f3c0d1b18bf3f2d237a66f11bdadaba11c1476ceb9,False
v7_train_01691.jpg,train,processed_v3/train,5392f1e6656c08abb2f48a864665196d049c0c656fc2de86d0c67872b1fa2767,False
v7_train_01692.jpg,train,glove_detector,3c622f17e944484ab6d63e46b54fe2aa5b49dd1cd44dc0ebe61064a5db993514,False
v7_train_01693.jpg,train,raw/bangga_ppe,4b3fcb56079c9e8468ffa2f17da82f505597c44d47a9dd6a13b8222acd404102,False
v7_train_01694.jpg,train,processed_v3/train,dfc4664db7b8dac39127c4828f6a90c18c83b93cfb609318d0fef8431358aa7f,True
v7_train_01695.jpg,train,processed_v3/train,9aed02110f9fbd1a3f4da873565429d460b3ee33fb08f3d4eb7c40837a8396f3,False
v7_train_01696.jpg,train,processed_v3/train,56e682e9ce3c9fb3917792597f30529e9bb912f8e26078707638e6e918730f46,False
v7_train_01697.jpg,train,glove_detector,c3295a8e35dddf69b853a00e7c7efb99a35498ed1a88fdff5ef94bb0db1ccb92,False
v7_train_01698.jpg,train,processed_v3/val,3d3b2697ef3daf90594d43d4317afea0bcc2eee7f95e24414cf29cb3007fe227,False
v7_train_01699.jpg,train,processed_v3/val,e6eaeb3126b47c38d6e909fa2345cb51f85c4616649dec791c54dfdee996e5e3,False
v7_train_01700.jpg,train,processed_v3/train,b8eb1249b89fe58a5220c9f3a60875f247332cc38407a2a33c87888dcf3ed283,False
v7_train_01701.jpg,train,processed_v3/train,f2b933743c698766b108a4be419224290252cb6b29239ef4020090e7dc5c7035,False
v7_train_01702.jpg,train,processed_v3/train,fc6873084467790a6f4aab344e3802c205a7e4ed602cbf2c1df116d8d9d10530,False
v7_train_01703.jpg,train,processed_v3/train,99f1f338683192bd9a9b29824fd56191ac31ceb3404f2a7dc68fa9fd76375bcf,False
v7_train_01704.jpg,train,processed_v3/val,8caea10315ee4d674af76b82b82f99aae5d2f6a275b5f926213b038e354bd5b0,False
v7_train_01705.jpg,train,raw/bangga_ppe,e779c3792768fd47cf9131b12b5712fa69fa057538819ec572221fac0d1f6e06,False
v7_train_01706.jpg,train,processed_v3/train,41380c7d0e8d970cdeb81d71191dc277f5fe42cca0610c62fca7dbcd0b1575ef,False
v7_train_01707.jpg,train,glove_detector,7ea6b402babb6738141b4ec92cb46d81ad749ec6899754a39fa79dd8839a677f,False
v7_train_01708.jpg,train,processed_v3/train,6b98a0abd7183b0f86d356a243d86ee72e7475b6c93bb3aca6f9c5e5346f3247,False
v7_train_01709.jpg,train,processed_v3/train,4d6ef83e66e3763e282326721e7f2a7416a098241c1917008cd0c948fe2c2ebc,False
v7_train_01710.jpg,train,processed_v3/train,75f617c18d77452ae527c2474c591592ecb1fab400ec2911c8264ac2a1d97d4e,False
v7_train_01711.jpg,train,glove_detector,64ba908a3cc72e39f402c2d436c1c708671168674c23d47a3c3c2e05980098bb,False
v7_train_01712.jpg,train,processed_v3/train,7afadaf021b97028ebafaa26fa57f28ac346e73799be05542bb9da2e9b70e45c,False
v7_train_01713.jpg,train,glove_detector,9121ef9c805cdf833ed3ca5839099fbab3ae13681a0fb6f916843f2aa460c40d,False
v7_train_01714.jpg,train,processed_v3/train,93ef2bfde00b0d47386faf145f14b3f383db92e8acfbcdfa9760efc7b785d5a0,False
v7_train_01715.jpg,train,processed_v3/train,476d6fd4702a0d93e94654428972921810b994f45ab52e342967c135aab73b69,False
v7_train_01716.jpg,train,processed_v3/train,daad4724661154bcc76399f12f7bdd5e6d720831a14d34253c9ce6b3e6413e7d,False
v7_train_01717.jpg,train,processed_v3/train,3ab7d4f55ce9746367ae7fa747409da48af3e7b5050244f50be95bf57a49728d,False
v7_train_01718.jpg,train,raw/d_fire,34463688f8b5818f1fef7f56cb15cdb3632756a9a47b0785e2098a10eee1aced,False
v7_train_01719.jpg,train,processed_v3/train,aef4d29258b7e5b6b598ed017aa2caf6c0aa1aeb444d53c21ebe4da61b76e8fd,False
v7_train_01720.jpg,train,processed_v3/train,bedbefd0361ca5e136229b90783319eaa4923ef78c18e2dcd6f63e6e732ad1d1,False
v7_train_01721.jpg,train,processed_v3/val,6801eb31a29bde0b769d38ac3fb54696d4bac130619ad41a1fc18769b6369011,False
v7_train_01722.jpg,train,glove_detector,da3baf0b2b8bf673ab1c39ea69073797a9bfdcedd8c7df3068851b476b6d117d,False
v7_train_01723.jpg,train,glove_detector,8b3c6b8511a68cbcc7adb4753161b0ecc4a54b96ff7b13720cb7200ed44ab471,False
v7_train_01724.jpg,train,raw/bangga_ppe,7f3f818296267a3ffadba6aa499344c9a741f7dd3a14f254d8497f7eb0312ed6,False
v7_train_01725.jpg,train,raw/bangga_ppe,0b184dea0dc0493ee9c22e0d316a914b77d7980c58ee80f64417baff89198f2a,False
v7_train_01726.jpg,train,glove_detector,f9287a78f4cbda2e787b5b9115b5a56486a10cbdd24e477629d44cdc5243338e,False
v7_train_01727.jpg,train,glove_detector,20809a0b8eb7ffa873ad88852ca6085ddc57385191a784e279843e47bf04fd23,False
v7_train_01728.jpg,train,processed_v3/train,eada0c03da9d2879ea627c69b0c0d630a73c006ebb069aab17fe26471ebb239d,False
v7_train_01729.jpg,train,raw/bangga_ppe,459724ea1657e3b2d280c0b32b353c4414a2755af321f3bfbd9fb9dbd540b953,False
v7_train_01730.jpg,train,processed_v3/val,573cd57838b61c208bfe9fc894c35a77be74e44bf1366670dfcd41ca1790a692,True
v7_train_01731.jpg,train,processed_v3/train,434db3b939cebdf9a535148c8208eedb3284c173144eefab5ad8ff4c47d4b8b5,False
v7_train_01732.jpg,train,processed_v3/train,9fb425e06e07f5e94bd1967d101a038d151ce14578500589cfbca7862f203fb6,False
v7_train_01733.jpg,train,processed_v3/train,f25c9755366ab6bbe10052c0db01c526466b1f3e849b4e3d09ca36eca366aab5,False
v7_train_01734.jpg,train,processed_v3/val,a23ddc19c0f8f3e40a32c591fdd7c595ed65dc7adea03a7be1b7742b0db56c83,False
v7_train_01735.jpg,train,glove_detector,ee22d3279fc0d435f1f9bb5f5c2ffccb4973933affa910dc2ac662ec78b7c9a1,False
v7_train_01736.jpg,train,processed_v3/train,c37fe6466c08a81f3b3da51582b023291f5b02f711dc6024fe745826fa9022b1,False
v7_train_01737.jpg,train,processed_v3/val,bfb123efa824b7b3fdef4d6ce4042c94ef52d1bd4c29e5cb7cee9fec2c8e6ea6,False
v7_train_01738.jpg,train,processed_v3/val,017cb2fe94c25d66f193d59478a26d9f851817e9393458e4e0dd83bb463fac51,False
v7_train_01739.jpg,train,raw/bangga_ppe,ab65dfba3a3e82a3e44ab91a24c0e2b48473646871cbe3ec929e418b9303d774,False
v7_train_01740.jpg,train,processed_v3/train,0e78d74bfca7ccc390b41932318a6285ee23c74fba1be08d12617d31a8338a81,False
v7_train_01741.jpg,train,processed_v3/train,5ed24fec0c74b269efa85aed6227fd026ce5a8a686872289ddbabb5a9e30be23,False
v7_train_01742.jpg,train,processed_v3/val,14c0960abb92779312362e1e109e8043b3c9af4c72ca579859ed13840038dd6f,False
v7_train_01743.jpg,train,glove_detector,9fd815e88d826f918f42b338c93f0fe8ff53d6bf2ef7e450a8e6fdc94b857a39,False
v7_train_01744.jpg,train,processed_v3/train,95a8d4d1add7d3f00c8c563db61c673b80b795b218840b13f3f7507fdc15a021,False
v7_train_01745.jpg,train,processed_v3/train,d805b25c00605fb483ba402ebdc9b271668c2ee0533103c12fdba621c8a9e3b9,False
v7_train_01746.jpg,train,processed_v3/val,e043361b325567abbe1f84c3679041bd590ee60f5086790c24e14920a83d5412,False
v7_train_01747.jpg,train,processed_v3/train,5e8a3e2f5d3a763ade453cc8cd27fe1942ca7a622399962096db0f0701cfa590,False
v7_train_01748.jpg,train,processed_v3/train,d07dbf25223777f4242573d5935c56ef7ee495d9a821007be336a9939df8fd50,False
v7_train_01749.jpg,train,processed_v3/val,40e17e2cc495c5f99f535c960b788cd0935affd57e87790f4a424701ecd6bdaa,False
v7_train_01750.jpg,train,processed_v3/train,8cacda4dc98adcadf16ac1cdd073cd6cb192d67ad3318ea44f453196dec12786,False
v7_train_01751.jpg,train,processed_v3/train,363783938e339cf7927c4e086c04c6481854ef39de5ad00c4994f89cbb33771f,True
v7_train_01752.jpg,train,processed_v3/train,808bbc1f85fef2259b39b117946f1cc6571a764623f4b8124d44eefea9b4e8e3,False
v7_train_01753.jpg,train,raw/bangga_ppe,be20a402dba7cad80d7a01001efb4f09915ed922476d56e59cecb173b225f20d,False
v7_train_01754.jpg,train,processed_v3/val,bb17851b547f3eb741ecc1dc6980c006b4925e54878d24889caa101c598a57c6,False
v7_train_01755.jpg,train,processed_v3/train,c6db4ec77066a227563ce762214349275acb0affe78c11bc725e218a0495fee6,False
v7_train_01756.jpg,train,processed_v3/val,89cec5e647ef432164fe383b30bd2ce215bc43b66876f990f8fea4e846f0df9e,False
v7_train_01757.jpg,train,processed_v3/train,368d1ae9c1ef5991b3f8379386c018451f8f27d600af65f0c00028a1545b25de,False
v7_train_01758.jpg,train,processed_v3/train,ad5c09888cc954308a5843c1fba7121f7a10eb8e1be9297900c44fa197362ffa,False
v7_train_01759.jpg,train,glove_detector,5837628d0c19891807677715da510f903eb2dedb259eac8a14b991fb58e2abd2,False
v7_train_01760.jpg,train,processed_v3/train,90be0f843920734007a214ee0b75636fa8b4a522e043d682eb0b58c876620721,False
v7_train_01761.jpg,train,processed_v3/train,34d572e51122b79c061eef04b28e669e4a8b5fb2f7d70d528837cfa1b0ea064b,False
v7_train_01762.jpg,train,processed_v3/train,d8554de2a180d692815b3f79d528c70918fb3e68d46c0cbb82cc53b8b70846f5,False
v7_train_01763.jpg,train,processed_v3/train,1bdd297e7a4d6589bc9cfd775e00e08a4bc28049659024e9ee3e7680026f3214,False
v7_train_01764.jpg,train,raw/bangga_ppe,b6ddecb78d080d1eceb655b1b13192f5050825eb1c922e896722b58ab293ca59,False
v7_train_01765.jpg,train,raw/bangga_ppe,127eacdee3064acf1695c7e0b1664da3b855cf5bf41389e7d06a6c1af52b7dcf,False
v7_train_01766.jpg,train,processed_v3/train,f6744d1e3c099586645bb9c6e62baf7bd8883a4b9f72d5f5f0e058b1585fbeaa,False
v7_train_01767.jpg,train,processed_v3/train,acd9603fa662c8f9e316a783ece29cc0b05fd41d6a95b5340e5c93034952a3e6,False
v7_train_01768.jpg,train,processed_v3/train,f1879ae7a62d5637036f24ff371ae44922edf5d09ee4355163071898588f647a,False
v7_train_01769.jpg,train,glove_detector,68ef1e0efe60c19807de69f4a9fcdcc6b2cbf432f7cd634581d55914973b6489,False
v7_train_01770.jpg,train,glove_detector,b50b053f01728d318aa1c246de5433387eef2e270f6e9ec5563b04e8082d18a4,False
v7_train_01771.jpg,train,processed_v3/train,6e802e7c0ec05bdb3dd978f249f5b13096db0fdfb159bba212a502d13917eedc,False
v7_train_01772.jpg,train,raw/bangga_ppe,bbe954ca559b1d9a3a01afeb9dc54f9981b6d2420c52c16cf0baeb8ed58f32a0,False
v7_train_01773.jpg,train,processed_v3/val,a5ed860a673e567fd2d1856c277d3f118e09b1c51a436933337a43e96d19e111,False
v7_train_01774.jpg,train,raw/bangga_ppe,7d1938d2b72a7ed2434963cfe02c2f85e54b2d89a63baf2a5a7249362557f3d3,False
v7_train_01775.jpg,train,raw/bangga_ppe,f6fcfbd25049de6558d3aaf2061ee34782c7153c15b34834833af7a037a87f23,False
v7_train_01776.jpg,train,raw/bangga_ppe,8ff747ae0a34d9e70d592c372ae5dc980b67a887efd1954ebd5b108f34152113,False
v7_train_01777.jpg,train,raw/bangga_ppe,cd667e595fa88a483b16be62572761998fc37f5f9b97f5767e636e290d7a99b9,False
v7_train_01778.jpg,train,glove_detector,bcefd36cc9eb8da5605ef6c2154740dcaa3aa61a7822b10d52f66d05dedd4639,False
v7_train_01779.jpg,train,glove_detector,1a5f65c82e8ecf97c25fc63a710359211cb531c5dd84625b7707ab282023537f,False
v7_train_01780.jpg,train,processed_v3/train,760c039ef0188ac9ad1d2f7d985fb87904cce78ee11eb9752e5f028b69faba4c,False
v7_train_01781.jpg,train,processed_v3/train,19c2c83826f0e8ac04d0963becd52bb5eb37544728c0a07e1246234962148a0f,False
v7_train_01782.jpg,train,processed_v3/train,f643a5b0cc7172f9a59696a75d906af4434563fe711c90bd1380549b1a9bb8f7,False
v7_train_01783.jpg,train,processed_v3/train,3a5230c903d89365129c349ce5464f13e2327c4f57dcc02a7d637d0f0173a496,False
v7_train_01784.jpg,train,processed_v3/train,45212a03143d96db62c7c91031f41ed9340d92e364d017eb43b0b325f2a3b174,False
v7_train_01785.jpg,train,processed_v3/train,0d1a6d9e1fd11c9124d8fc830ea06e2b768d1e4fcffa023429dee0cab21d34e2,False
v7_train_01786.jpg,train,processed_v3/train,786ebcb45e1e36b0b0ce059248a34fcf9c36669dbf6146fea7f53cc4b2d4f2d2,False
v7_train_01787.jpg,train,raw/d_fire,11a24e1b617f43564eaf23ffd4465462f1a13036797766179e6d34264ee37715,False
v7_train_01788.jpg,train,processed_v3/train,f3c2229a6b4b8b49d0d7c111d93f026d12282735a5b4c0b9b3161b3c0dff6280,True
v7_train_01789.jpg,train,glove_detector,35c971f35928b6b07c3b90d02003b941ae86f27566777be501a0bb29957b91e7,False
v7_train_01790.jpg,train,processed_v3/train,a21a9c825ae49a445c81d493ec2af920a5ce63513563ed8268f750192ed0169d,False
v7_train_01791.jpg,train,processed_v3/train,83f42a4d5ae58fad7fe69c4f0ce57b457a7cc6aef58a58f4f43a173db54c7550,False
v7_train_01792.jpg,train,processed_v3/train,d3f52acfae9ac3abb4c448e541164784bf35e99c7a1ae39cd91e2e1885d61f7a,False
v7_train_01793.jpg,train,glove_detector,8497d60abd6ff416290f9fd5335a169cdb4ad9df0ae015f8a62ce2729a11dd3a,True
v7_train_01794.jpg,train,processed_v3/train,c2609f17f27f5f92c42d819112cc0e2b39431fc5ee315dd7e5c25236b052b124,False
v7_train_01795.jpg,train,raw/bangga_ppe,a2175f73a0e35b78169fad9ede59e08f8dece1820175521c8a64c3d233f7ff72,False
v7_train_01796.jpg,train,raw/d_fire,b4d79e8e8f8a2ef1726fb8c26f66e74b937e775284682226a106876efa1f8b3c,False
v7_train_01797.jpg,train,processed_v3/train,4b287a2c76eedcd8518ca9330088d5b85d6179180377a7e93e05c04a76dfbcf3,False
v7_train_01798.jpg,train,processed_v3/train,139f0d51925d1f4493f0401cf00d8ee7fd0edccec90b66ce9f8bd408f0f33a0e,False
v7_train_01799.jpg,train,processed_v3/val,ffb388387e3a59dc0f00b646b6d7368e665102297ea407e0081fe013114f16d7,False
v7_train_01800.jpg,train,processed_v3/train,759ad27f312a5161b77e6cf4a4f6fc683c421bab0e979c5d5a117ba8ca629b1e,False
v7_train_01801.jpg,train,glove_detector,d1cbeeea4a6ea45456bd86773a6dea7b484dde017d68dfcc5e54b2276e97d9fa,False
v7_train_01802.jpg,train,processed_v3/train,3bf6aa165f5a1feb341c5d2fced8bad67ab3667f59ade7108f42279856f75b32,False
v7_train_01803.jpg,train,glove_detector,fa84bf12b639b0a80cd7c56c467a1c5b8ed6c790f06e2f0e0eb8e853d2eb9d42,False
v7_train_01804.jpg,train,glove_detector,abfecf267b1c57b9329c46ccc7db5860dadb4df0508fbdff138325dcb2b9fbf8,True
v7_train_01805.jpg,train,processed_v3/train,0b5b43b155e269058c3a5115d283ec61faabc1c107c5e98da1d8e492fcd476ff,False
v7_train_01806.jpg,train,processed_v3/train,d7f84b6f8eb234780a3fb3b2bba429e742b88ab8fd40a169ffc9ba91f13e8860,True
v7_train_01807.jpg,train,raw/bangga_ppe,6c505a4e7800f592191c4ece5da61100fdfcde1971b37b7a202796c174435c75,False
v7_train_01808.jpg,train,processed_v3/val,8be53e64f49ff09ecf17524b0f883631269e7e1b62ccca562526f33084f22fc5,False
v7_train_01809.jpg,train,raw/bangga_ppe,5e914100554fbfe3a0bcb5581c506ce3ac50953a2fefaf09d038c73af1bfe090,False
v7_train_01810.jpg,train,raw/bangga_ppe,64ab9c5f2a50708009916e395f9b00e1c6ff008822aed9c4a7cbe4ef7eeeb993,False
v7_train_01811.jpg,train,glove_detector,f95d7f399b381bc42fd6d7b33b60c9c48fc86ffedf10930344f7074b1bbb6726,False
v7_train_01812.jpg,train,processed_v3/val,9969179f81c5ce32671175f2e11487116524939c6101d9a9da319f6c179b9e92,False
v7_train_01813.jpg,train,processed_v3/train,c4a2807d96839b03dbc66d3b15f03964398210764561ef238e2a1f8c820e7445,False
v7_train_01814.jpg,train,processed_v3/train,95078ca25db627dbcdfa96cd57882abd7d7bf62a3283484f6ad8d8545edea773,False
v7_train_01815.jpg,train,processed_v3/train,cdba1698c1cc6de51df1b5d216a029270e7f6d76c24c44b8a56b5060403e5685,False
v7_train_01816.jpg,train,processed_v3/val,779c735226e928982d3d7ed278cd7b55793fd016c77362005973f0bc846a2cac,False
v7_train_01817.jpg,train,processed_v3/train,207e2812024ba11f46af290d4f84fde0d3a7091ccb5b391a8e6651f8bfb7aefc,False
v7_train_01818.jpg,train,processed_v3/train,8783eef1b49a893a41b65c8639eefbf06d9722d2fde6d0a84719cb7d2a5e5d53,False
v7_train_01819.jpg,train,processed_v3/train,3b759782689fdf9749572e13a2689cbfb93c82a189d354431b254715c1a72326,False
v7_train_01820.jpg,train,raw/d_fire,0426897152745884ce5bea98e9c146b7f0ad4775c1cce210b019430f1ba8455d,False
v7_train_01821.jpg,train,processed_v3/train,76cf10244ec7e03367ccda78cf46e4cca77defd3a6060925bac8455291e94f3e,False
v7_train_01822.jpg,train,processed_v3/train,312dbbe0b9442ee1cbdc37b87832b6d9d1722affe6c38bd12dd2507864e351db,False
v7_train_01823.jpg,train,raw/bangga_ppe,130339134d00e97192ca44bb3dd76c667318429860625030891ac998dea51974,False
v7_train_01824.jpg,train,processed_v3/val,e9feca97690318eb9253e8a5758c6108600f854286d8ae37cbc3dafba88dfd88,False
v7_train_01825.jpg,train,processed_v3/train,09f1f023fd39eb08a7ad720e868137bb3211903c783915cc0342945a6cb52879,False
v7_train_01826.jpg,train,raw/bangga_ppe,bb8241c21533b7627e48de20a497f6125e09219004835549c6a6b570faa2e4c6,False
v7_train_01827.jpg,train,processed_v3/val,9c08b7c28a1fe805d09eb10e45aa7f62cff3822f3a640fe952a390b1319c686c,False
v7_train_01828.jpg,train,raw/bangga_ppe,e61eee07290a3a94537f96f429c29fc379851edeb57af4e906a9a3cefacc6d9b,False
v7_train_01829.jpg,train,processed_v3/train,ac77fd0502fcc9bae402f01e5fbc927f4a49b1cae3b23a349b3d6f3ad4e69293,False
v7_train_01830.jpg,train,glove_detector,c97421cd5f6817373c818dcd93987baae6b0b16b801ca3ae7c6b7d6ab6a169bf,False
v7_train_01831.jpg,train,processed_v3/val,98d500a7cf0986379192a6b5c5768edab153ce75dcd731e7ee03cb16a2ecb37b,False
v7_train_01832.jpg,train,raw/bangga_ppe,2669ae273b9c6473a4a8c34c9b20ec76b9cbe8e093ec0b4c835a7ec3d515869f,False
v7_train_01833.jpg,train,raw/bangga_ppe,9ceb55d55b148b9a4dbd63ba1bf8bc32424ef53be0ddb7d3a7250e610f3ef63d,False
v7_train_01834.jpg,train,processed_v3/train,6b746c78f71c08b37d7422397a8569a1f49dfd277f0bc699e84dd2de1434bb15,False
v7_train_01835.jpg,train,raw/d_fire,271ec046dfc7db42d42856f65cdd63d878413c1318baa4ccd02ec044b4cda4ae,False
v7_train_01836.jpg,train,processed_v3/train,6dedb589dfb5f42c5286d5f91eb5cb958ed88ef3b956e18de1ae85b674105082,False
v7_train_01837.jpg,train,processed_v3/val,4e12e0a219e160ebe958142c5bf977ed3a4d8a528aa0053de3c080e92ed8170d,False
v7_train_01838.jpg,train,processed_v3/val,2ff9bc7f35f7fce0526a904fdfac24dc7e18ae8c57855588c2c2761c8425589c,False
v7_train_01839.jpg,train,processed_v3/val,7efa11da2b45aa4874b3aa9d7ba1ffd5a824c208fd5a4e027c7c99879abc4b70,False
v7_train_01840.jpg,train,processed_v3/train,68c21ae93c53b6e1c68432181a6a87f5ea30bc37c97e2615a23c9059a9412b43,False
v7_train_01841.jpg,train,processed_v3/train,754ec92a6be28ac708667d35de35d64d0d7cf3f13e88463fa5828dacdbfefbbd,False
v7_train_01842.jpg,train,processed_v3/train,c55d2d3b0c3f92686814e82dc7d098f86ffecefb6c4ea0dfdc5aa5e4c5f125f0,False
v7_train_01843.jpg,train,processed_v3/train,0ba56598f5b4d8089aa32f97a9136c89db99605905b2153f90d5826aefdf2f5f,True
v7_train_01844.jpg,train,processed_v3/train,a3194f9b228e0fef8bc28e18fb3794ded92427b7d41c6d050aea0fd573447104,False
v7_train_01845.jpg,train,processed_v3/val,867679d8ead051f18a2e3a0c1ecf44355cec17f354ad77cf52e1eeab7781ff6e,False
v7_train_01846.jpg,train,processed_v3/train,581f0e70497ad5c855b4a16810da93c4ddf5cad712b6d8cb2c9ab20857287aca,False
v7_train_01847.jpg,train,processed_v3/val,436302a9dbedff75f5f1c25ff2bcce4bd0dcc2b9d0ea75a90751db4c1570e53b,True
v7_train_01848.jpg,train,glove_detector,1d4d7200fd6e397fca5f3c7c166e6acd8e34667f8c93eb12b8dd95e274b45779,False
v7_train_01849.jpg,train,processed_v3/train,6f3cfd4cc499b1ab981c79697badfff612381753fb07783b17ba6d3587bfa9a6,False
v7_train_01850.jpg,train,glove_detector,7000ffbbc7ed6a5c7912687e5fd198a24489dfd6dfd7037d5c778ed57f017ce1,False
v7_train_01851.jpg,train,processed_v3/train,58a84f8acb5fac57f15e6e45a2a544d8119706c679a6243e65f0148a94930161,False
v7_train_01852.jpg,train,processed_v3/val,65e7cd006a108682866d16a55070e57f07f793bac7c624a53f1509468ee5d19d,False
v7_train_01853.jpg,train,raw/d_fire,fc22e724d58358275e07d8c5d70403193bb605006c9da94afa4053634185e879,False
v7_train_01854.jpg,train,processed_v3/train,b108cabe1721b00a8388a267a3857da31d0f005091ed5dc66f4b8696947e01ac,False
v7_train_01855.jpg,train,processed_v3/train,8bee0da8778f8a8e77fb2536c129955307c04937150deff696888c0e7304c4d5,False
v7_train_01856.jpg,train,processed_v3/val,e2f6ffef46da4b9317037af8e42ef84220cab164e955e211462e509ea6178dab,False
v7_train_01857.jpg,train,raw/bangga_ppe,894522555cd1a5958c5d0f4a3ad295b61e2798b475eb108a331a59d6002aeb5f,False
v7_train_01858.jpg,train,glove_detector,f76d5f05e1560f8bef088970b0751d97577b26eac59cfe0ff802a76240d278bb,False
v7_train_01859.jpg,train,glove_detector,3a8a88c0626d1ffb380cc93bf190d7401037e665fad5e1f9acd678077dea812c,False
v7_train_01860.jpg,train,raw/bangga_ppe,bf6f2f805fbd621c2bf1aa2b55bfb8bf157b4307960127d88d9d36199a774ed5,False
v7_train_01861.jpg,train,processed_v3/train,6933dde74e538590ce60a552d74705fb4017cc1a4f7a289e786aec48411eeab4,False
v7_train_01862.jpg,train,glove_detector,79b3c4d5085ce1bb05a81d10478186ac27a43b2c97e8fbec42d446a865401366,False
v7_train_01863.jpg,train,raw/bangga_ppe,b665f7b3eb6faa3f4df503d3d98b4cc27cb3e998557015673d37a7fffafcbe5b,False
v7_train_01864.jpg,train,processed_v3/train,9f278c92ec4800aa2f50705e6b7a2969da1acb5f93a3cdb97cce4c6d2bfd5ee4,False
v7_train_01865.jpg,train,processed_v3/val,76667a4fd83443a95260d4a36030c520b063e87318228b95585459680ea33883,False
v7_train_01866.jpg,train,raw/bangga_ppe,5d6e6d442353eae7931eb6ae87188c1f3d5e58f61f32c4e36dff27f4d77d1228,False
v7_train_01867.jpg,train,processed_v3/train,753a04defc8b8dac9157561bd8520a79ae330d9b237979dfea53a6727a8810f3,False
v7_train_01868.jpg,train,processed_v3/train,aef9f5aa9816818b7a29ac0e8800f58930a680f10020705874ca666b41b5df3b,False
v7_train_01869.jpg,train,processed_v3/train,166f9bb8837833da5451c63a23b71710f7ac4e0a69031f9e6f116135291c3e1c,False
v7_train_01870.jpg,train,processed_v3/train,0d14bf762b92b45292364e2cc5ca8b8a2a1d11dfe5476aac85a838c6705b573d,False
v7_train_01871.jpg,train,glove_detector,a7763f65e9620f449796ef644ead2f2190cef6c35572c4d041585857298f2f7c,False
v7_train_01872.jpg,train,processed_v3/train,8efd3c8c4b7f486a2f1b3536168272196c010aaad26dfacbf9b5741369497c35,False
v7_train_01873.jpg,train,processed_v3/train,69794646c6e5b17ce3807ea3799d39f98af339ba12a9a513d0747cf9141d86b9,False
v7_train_01874.jpg,train,processed_v3/train,2493fbadaa8e934371b7bdc0c1d82e51e29537c871b5c0dfcd443012172989a5,False
v7_train_01875.jpg,train,processed_v3/train,31cee9ae00449380918f394f415f74f2c9a409c79ab4eef7594b449d9bb61a16,False
v7_train_01876.jpg,train,raw/d_fire,5646d6ea3bcf27eeec7dfa0fc4100ce6b38e472cdabab30141a2913fd694d8b5,False
v7_train_01877.jpg,train,processed_v3/train,da94486aa9d60b662a8bae6ce9309ad190e57d8188895c22f5cc5d8d66ef4568,False
v7_train_01878.jpg,train,processed_v3/val,1fb21918866e51cfa1aef722752a4cb40edbb38a620cd9f56886ea5df5933ce8,False
v7_train_01879.jpg,train,glove_detector,d3db7d2f4ca5d17008169f7f6bf8ef3f6270566cd80bb4f4887923c03711c68e,False
v7_train_01880.jpg,train,glove_detector,2a2a3ca182fcd16809c59c29205b0d9ec5399d7965de5bfa8727b1ef181b058d,False
v7_train_01881.jpg,train,raw/d_fire,af15669a4fca47f8c5105bf0099cf4c91e5c2e0a541068c6bf082f4e7813a956,False
v7_train_01882.jpg,train,processed_v3/train,166ff5554c551903203bed772da0bd27bf5e0e0a7cf84c46e3e2b64b7e956048,False
v7_train_01883.jpg,train,processed_v3/train,8f6e29fc9315dcfe0ce5546b4587394a913f5d91c74f6be9cabb100ab5911407,False
v7_train_01884.jpg,train,processed_v3/train,78be4f8fdcf6e8aa0543ed80ed901fc585ff58669130535e01d564a8f9f2969b,False
v7_train_01885.jpg,train,processed_v3/train,54115443a8b1681373af26aec42489aadba30615f9c23d889f033f08359a97d9,False
v7_train_01886.jpg,train,processed_v3/val,5f6e7f125ba8688f14e322a078a35070a13885dfa36c1bf532194c7530f9965f,False
v7_train_01887.jpg,train,processed_v3/val,9da7e8d182249675afa34eab4bf7b9dab504b376574baa768ee39145c591b8fb,False
v7_train_01888.jpg,train,processed_v3/train,ef0935b53bab03ace4a6148c7a16602ed2a91b57f39aa275be9eb7f18fd66799,False
v7_train_01889.jpg,train,glove_detector,8a48580acefd032d2f5d333788c833bf232d3cdb8e9d6024d32f102f9f6ac8ee,False
v7_train_01890.jpg,train,glove_detector,12b798a97ec6e4e147428768d8cfa05699844029d12f02ea50d1820addcf06a7,False
v7_train_01891.jpg,train,raw/bangga_ppe,18ecf547230e6811427cc9b34becbc25af323cb93f20f7af92eee2339aa7c9e8,False
v7_train_01892.jpg,train,processed_v3/train,f091d31aa089713e0395e1e59f45339b80bec876613834976ec88b9573cc9ad9,False
v7_train_01893.jpg,train,raw/bangga_ppe,349a45663a1f1a994343e3d77a60b7ed58b23e9ddc847693c419af098247814f,False
v7_train_01894.jpg,train,processed_v3/train,5aac8c218de46e75204e2bc670d158789fdc9ed6a5645bb4b2edc51bc54318e2,False
v7_train_01895.jpg,train,processed_v3/train,b0ab05a130707e5d0fff06eb7a23c4574e54c4076f85ebe452ba6799cb4fb615,False
v7_train_01896.jpg,train,raw/d_fire,6ba7af99325c08d598873ea49c960fad85cd9a31502a860050614fdfc9dcc64a,False
v7_train_01897.jpg,train,processed_v3/train,02620d000f88296502d1673db6defdadf27e8388dda994362251555e9707f390,False
v7_train_01898.jpg,train,glove_detector,f0088d049de7e8c41c9b5639ce436427fea1ba87507f498015115d82fbfa91a8,False
v7_train_01899.jpg,train,glove_detector,b39bd231f9dfd145d526798dc5b7469e76c2b11d28ef2044521a69acdf9f3a31,False
v7_train_01900.jpg,train,processed_v3/val,8e5e9c9909230e66864a3b6b77a6b95bab8eabd5c308e5f67dedb4e756e54372,False
v7_train_01901.jpg,train,raw/bangga_ppe,a71b12cd6a3dd098cb31a95a52dc7c043caf543ea5e4bbcb0be4911dbaf04985,False
v7_train_01902.jpg,train,raw/d_fire,e5728df883611e97b0a42a43ccd2aaab7a4a83fe40fd51ff8547fab765fd272c,False
v7_train_01903.jpg,train,processed_v3/train,c4ae76e21af118a2994059d5739a2e074f2cb36f8eface40bf0dc2bb054aca53,False
v7_train_01904.jpg,train,processed_v3/train,6f8c64da7173a21ab48fc0452450aa87fbff9dbef7cdfea3918a30d0931ec0d6,False
v7_train_01905.jpg,train,raw/d_fire,be4105096fc760eb3c0637f1b09a292a19ce0f06524d0a6c05d768945e410bc4,False
v7_train_01906.jpg,train,processed_v3/train,18e52f615766e7314bdd0edc1df0a80e91f439e64ed53ed79e429ec0de56ecf1,False
v7_train_01907.jpg,train,processed_v3/train,67bec69bceff44a9eccd361cd0fe9264fbd4d817ec792cbcf01df028e3648e38,True
v7_train_01908.jpg,train,processed_v3/train,0f8e4423baa25120b477662d792c1f838144182ae106768717215d56aa6ca236,False
v7_train_01909.jpg,train,processed_v3/train,360600630112a55f242648ad41134d57ee0371cfc3b672f1c9868e9624858860,False
v7_train_01910.jpg,train,raw/bangga_ppe,35eca30a3bab566bb267fd6316a1f1131bb3c21835a7dcee5005f02a51df16d1,False
v7_train_01911.jpg,train,processed_v3/train,348588c2503eecbe85c788a6dc3e10128867153938495ae757f16f07d87bb800,False
v7_train_01912.jpg,train,glove_detector,b813d18196fc8ee43447b0db861087b121333cca64023e140961b891717025fc,False
v7_train_01913.jpg,train,processed_v3/val,d140634bf12e64f46c4a24c992095cf5041c2b3e01d0ad9d0e600e40a77d7046,False
v7_train_01914.jpg,train,processed_v3/train,8a22e65e5850efce2ed19eff8ab3f4bb4698014d22b231790278a9db8c81e597,False
v7_train_01915.jpg,train,raw/bangga_ppe,0b214a904a74530dcdaa7042ac4a58f7fad7a0ea0c99af974778fe16a001e2f2,False
v7_train_01916.jpg,train,processed_v3/train,7c919bd5f880639594d8e672e79bd3e059e9bda867e019330ef5d57c96158c65,False
v7_train_01917.jpg,train,raw/bangga_ppe,c0a1b13454acf8ec991860443606e600c285ae2c5ee9d5fbe84cc9c82be96564,False
v7_train_01918.jpg,train,processed_v3/train,05be6f2b55dcfc5a54e514a75248ae993b9b102be3f1311815741bc7704eec51,False
v7_train_01919.jpg,train,raw/d_fire,e89ae46be310cb34d297d8b2ee97b7c4acc8172c7c98bd28a19ac22219ce3817,False
v7_train_01920.jpg,train,processed_v3/train,cd3e229871fda8022ee9c515d137268f51e1a04520e364d5357d403fcf7b469f,False
v7_train_01921.jpg,train,processed_v3/train,fa9b5c67815a68b7ef708555cc67965dc55aa2eb592b82ce6205366d9197d47b,False
v7_train_01922.jpg,train,glove_detector,40b88b18361c55374a9c83cf0bb13ea12c1e4fe58923ff3436b37b398e422b21,False
v7_train_01923.jpg,train,processed_v3/train,7fe74881c854e864a24748792155f31a1f064bc72105c66c36defe910b5301ab,False
v7_train_01924.jpg,train,processed_v3/train,78ec5ec1effac7eaf4ce15c665001f5c6222ec7aab3a3500af846b1f0fee0c73,False
v7_train_01925.jpg,train,processed_v3/train,ffd7d70c2b6d1de02b3a8cf5776b45d2cf9896cb6dd6b0f0b861c40c9aeb08e5,False
v7_train_01926.jpg,train,processed_v3/train,0048b89fc9993ec06cc35c958c9a013de646e12721a0f418d9ca24c70383c1a7,False
v7_train_01927.jpg,train,processed_v3/train,b02b1bd7b038ca25ade2330be8030f7b4a13d313a64c4868135830978db638a0,False
v7_train_01928.jpg,train,processed_v3/train,230267e25ab0989a5853555cb754df71fdcce5551f34c6b14f73cba5fc76aaef,False
v7_train_01929.jpg,train,processed_v3/train,c80ee2c6d083cdd1af7e0262facc041f4422bf61d0f7583e2dd9511b9ffbf081,False
v7_train_01930.jpg,train,raw/bangga_ppe,b720f76b1a9f4dfb0071b15d8f89f0841aef8b2aeb78a3e7616dcc0f5c8f8a41,False
v7_train_01931.jpg,train,processed_v3/train,ff1f8429550d04b7ea31457e2a2b8e269f47a54730a96b134761ba26fb651e32,False
v7_train_01932.jpg,train,processed_v3/val,ad1466610dc478846bb3db116070f35141e8c1b9da3e3a6ff588304207ca5f5e,False
v7_train_01933.jpg,train,raw/d_fire,73bf28c985d259b651de33bf2e6e58a55ca2923e8feb6f2924dd00516f4e239d,False
v7_train_01934.jpg,train,processed_v3/train,35be623852bcf48618f0b4c2e5d135a9c5e754aafc1da6efe658efaf64f3f464,False
v7_train_01935.jpg,train,processed_v3/train,26bcc418e80871e7d67c14b46a860a23a4e8207aa8beddf4e4c1e867792b57cf,False
v7_train_01936.jpg,train,raw/bangga_ppe,8500ad615059a3d4d91e0a150d258b8da8633174c06c20ae4b971bdf26f4c602,False
v7_train_01937.jpg,train,processed_v3/train,af31371847eb296a781f5ace352780224d88f21345b65e83468f0d59b5c4200d,False
v7_train_01938.jpg,train,processed_v3/train,f4d4f197a477d3e4ccbc755e9e1bc446692637f516a1d65442c5ead1b19a79b1,False
v7_train_01939.jpg,train,processed_v3/train,3cc18f00b6a22429fac2d4b9238a9b7f7a5c0f1d07d4e2e24b869222c7871dce,False
v7_train_01940.jpg,train,processed_v3/val,ba303d085501d132a9e04154841973c0ed0ef90ad43651518312667e723c8634,False
v7_train_01941.jpg,train,raw/bangga_ppe,46e627593290d85b8dec1ae0c6e30cc72302735efac5425d65cf2e89a750ef47,False
v7_train_01942.jpg,train,raw/bangga_ppe,7647166b957542290de800eaaf62dc3140134f9d948b4a53fa6ef7725d65c7aa,False
v7_train_01943.jpg,train,processed_v3/train,a31f9c544937f09c7778f8a75c5618c829359deec55f0ad0528ca40b1d124043,False
v7_train_01944.jpg,train,glove_detector,1f8791e82f50fed2098e640c86dee4557305e73cd0b103ba80162f112f73c5b6,False
v7_train_01945.jpg,train,processed_v3/val,a8ef02e29eda9af25df19cf9dddc6c715a41603921a9e1054bff222c03c90e76,False
v7_train_01946.jpg,train,raw/d_fire,020233df94f5d3fd56eb4a943ee0c6420b3fab5b7a8d45c37dc7457f996f4b79,False
v7_train_01947.jpg,train,glove_detector,93b0cdf44aef98c64bb71c25d4f6c97fdffb561c24a5a9852ed67377730bc22f,False
v7_train_01948.jpg,train,raw/bangga_ppe,2c339be9bcdfbb36b5c335caccd0c5bd0552d02cd3d1021501fdb91a7552864e,False
v7_train_01949.jpg,train,processed_v3/train,fd246286627cb415ee0a35b69ce3fa11d5f3d99aa6c988ff6b8e94086cdacb16,False
v7_train_01950.jpg,train,processed_v3/val,3fa1babe4991b76fe81a7c9f677caff2e698a5e069a90d9580ce6cd0cfde1f36,False
v7_train_01951.jpg,train,processed_v3/train,270883dc89cc2fc5ad162104b224d0e2f58524bed6a0910147c544aba9040350,False
v7_train_01952.jpg,train,processed_v3/train,ff1ef0a27fcd4feb8df210c93231044cb5d13a103086c2015309a7b277b4dfb8,False
v7_train_01953.jpg,train,glove_detector,f5ec9ebcaab069a17b23ca78bbe53ae15e415b0cb2b497d8ca93e201fc5911ae,False
v7_train_01954.jpg,train,processed_v3/val,498a514287510130538c8ecd46793a7037da135ce299a4647a78db65bdc05105,False
v7_train_01955.jpg,train,raw/d_fire,7d45ad6d16ff9c55d5e8d819f7db0d0e147392bb39154e474c062ee7af0cac1c,False
v7_train_01956.jpg,train,processed_v3/train,65b0198be06581231c19a74e2b309b59b170c49aeb01034b75edeb9caba0a057,False
v7_train_01957.jpg,train,raw/d_fire,639e1a5b1087b1a66fa1ac8bd311085971c59f142da93878f74078b5a3b8e7aa,False
v7_train_01958.jpg,train,processed_v3/train,040d563a718ac79d0db10ce72795d17084a856f3d303bb608948ced62c9c670e,False
v7_train_01959.jpg,train,processed_v3/val,a7f85dd61732d7c02701a689e32aa15fe7ee0c06a5a4dda66f1887187780fe10,False
v7_train_01960.jpg,train,processed_v3/train,5e33205b522606b9a2516d1d7c3f71d2c10895047123730e09b0a8721e31c126,False
v7_train_01961.jpg,train,processed_v3/train,09c5f96a59a1195a7f4d0c598c67b0d3fe30feccdfd678ed4174c496d4d9403c,False
v7_train_01962.jpg,train,processed_v3/train,17b73c513ba684d7b4beab6856ffde831107e3d464a983ee445fbffe84895563,False
v7_train_01963.jpg,train,glove_detector,5056d7d553a5927d5954fd82e435f5d9e81d08b85444ac4951a434da07992dbf,False
v7_train_01964.jpg,train,raw/bangga_ppe,a73fbfa4074058000640e372f6a9607479bb51da7370778e9cda67834298bc5c,False
v7_train_01965.jpg,train,processed_v3/val,690ad1e526c9b745186b8d7634c4b71162c131573dadbe1a93a865def62b7f9d,False
v7_train_01966.jpg,train,raw/d_fire,2086422f6f47bc96feaaf25cd9f88a27a5a16d518976fb7566301203ce8b8f07,False
v7_train_01967.jpg,train,glove_detector,a6edd9f4e5aa05f7dd53d47a49ac3313dcd71a6fd77bfc5bbd3da9c7b878a1ff,False
v7_train_01968.jpg,train,raw/bangga_ppe,0e7a13cd801c157a8650d8e4b9dd1bea049b299a8939a68ec8bcf17052f969db,False
v7_train_01969.jpg,train,processed_v3/train,d4730568d843b29d639766f5e142abfed9c94c8251c6d01f8b17d40a5e79fe08,False
v7_train_01970.jpg,train,processed_v3/train,607a96155037337cbe5a78e4edfdddbf7df32bcf302eac7c9e48803416afca88,False
v7_train_01971.jpg,train,glove_detector,f32e3c937174c9ec1fa0d9ab1664d1d1e380f0264c548ae99a5d93fe31536ca4,False
v7_train_01972.jpg,train,glove_detector,2bb71b9d8e6d7e911fe7337f6d15c320ea73ee909ec96bb771a0e5755a4f20cf,False
v7_train_01973.jpg,train,raw/d_fire,fe8a2b8b4cb6e588d474c4e3c3e07e0b327fabe9882e1a2f887397c731e619f0,False
v7_train_01974.jpg,train,processed_v3/train,cdf629b97da4e216c319a8a679bdcf995d5468f26ae530568a8892258d9a9191,False
v7_train_01975.jpg,train,processed_v3/train,16d5e208f8d97a69ebd7f2d2f05f7187b0017b1189cefaccb0acbf95f0e916a0,False
v7_train_01976.jpg,train,processed_v3/train,84c86c87ac32a47b5da5e2ca319a2e95f2205fcd6d8bd586ae2b0c9b9f0e3787,False
v7_train_01977.jpg,train,raw/bangga_ppe,6b3cb25229092b19602c78f9b74ddb2097bb46632698cb5c4bb112949f324d92,False
v7_train_01978.jpg,train,raw/bangga_ppe,52114d04e86114de7f4ec239a65b4634a324f34990ad81bedabbca54d6ba7d06,False
v7_train_01979.jpg,train,processed_v3/val,5eac011279dfa1795df22933b2bdaf3e72654b4b302b5181d406058cc42434ca,False
v7_train_01980.jpg,train,raw/d_fire,44bceca39b88bc35462c2172dffc216f442a2276a387dfa2e8b6b330509ef9d2,False
v7_train_01981.jpg,train,glove_detector,f369af00f73a632afc3bcb0544744bf5f72c3f73a4447a791a33295e20b87ec6,False
v7_train_01982.jpg,train,glove_detector,fd10c1f750808b3c5ea299ccc27c9cc590492066c6f215ddc63c8eadffddf7d7,False
v7_train_01983.jpg,train,processed_v3/val,5fd0860d1e708a476546a47b061d4da22a096ba64cc2781ffae523ae51553cb7,False
v7_train_01984.jpg,train,processed_v3/train,2abe3631abd1c582f58cd7287f3f4dc45b3940d4c687bf3338c9ba2c28d1adba,False
v7_train_01985.jpg,train,glove_detector,2248c0b9539056d3d1d6001492f3ef161bbd31924714467dcd5ef41cd7f0a1a2,False
v7_train_01986.jpg,train,processed_v3/train,cab20faa29337488a2040642facb208cf37c82fc88f6ab57721d5cb256fc1e05,False
v7_train_01987.jpg,train,processed_v3/train,5fee7b2cf3642c689a2b9dd0695fef30ecc9b5e351a9dc17b9491fdce52bc483,False
v7_train_01988.jpg,train,raw/d_fire,6e3b607e879aa3de22e036612c7ae54d1123b1ae7c07e29aff178532d82f42fa,False
v7_train_01989.jpg,train,processed_v3/train,5659eb7f15d56abe7fc3a2fce93af642ad9f74f96ab50fb3698e296ec6ff46bc,False
v7_train_01990.jpg,train,processed_v3/train,f2096a8b6e5e419ef8fdad0a6ea6422d02ccee1cb560611ad2061b165ab431d9,False
v7_train_01991.jpg,train,processed_v3/train,6c368675baef6bc5e74fb3beac5daae19d42ae9dafdf9f35fbe8d5c0d96dc71f,False
v7_train_01992.jpg,train,processed_v3/train,c1d558963a43ee521ecb2be567af98120728b7d253bbcec224ee78a7b5ffd8b2,False
v7_train_01993.jpg,train,raw/d_fire,3098b8118a50124ad7fd5d530afd7aed23be5e9b900f268b050fa06a8e23aff6,False
v7_train_01994.jpg,train,processed_v3/val,c94cbf99c4be84483d123b4f011bbf66df96112362b0c2d7a585272208a9c22d,False
v7_train_01995.jpg,train,processed_v3/val,a5385d5bca6f4ae7ee68de63aaabc5535efd46a98b64a46d57a6225766a2c3e2,True
v7_train_01996.jpg,train,processed_v3/train,13d57e231629c611b801588835433682ad528d17b1d1f3a9383395657e9a9ead,False
v7_train_01997.jpg,train,processed_v3/train,3fb68988ae15494206919514e2777ec0cb85ed45b6b1a12840485eea2f79631d,False
v7_train_01998.jpg,train,raw/d_fire,dd6d46c59f5ac30a84b07871f4ec3da2aafdbb7faab28bd1065c766e1336994a,False
v7_train_01999.jpg,train,raw/bangga_ppe,cba1d3af23d21556292d5f1d56a39ada4ef5f49cd00325880ef5423e38cca7c1,False
v7_train_02000.jpg,train,processed_v3/train,1342a5c9cf48520242b6d90cd455b2592c7c09fbfc296efd080972f36aa8ed9c,False
v7_train_02001.jpg,train,processed_v3/val,40294af9c007a7ab4f310dece2f31ec7a4204adf921a21c3b542392f55e60b4e,False
v7_train_02002.jpg,train,processed_v3/train,acfdb97eccb9535349840b561add74ab7ed148c45e1bec159ace42a479e166eb,False
v7_train_02003.jpg,train,raw/bangga_ppe,a7f1e98e5edf2c871378146f4b77dd24c60c320455c3a58f985c4fe1049141f3,False
v7_train_02004.jpg,train,processed_v3/train,db34a4f092d737ed49f49ab9d4461b236a19bba4cc9a2786ad0eabc82f7dd05e,True
v7_train_02005.jpg,train,raw/d_fire,d7c3bc4e38342355b16903ff790547440343f2e7d5a120fa56d295d40037119f,False
v7_train_02006.jpg,train,processed_v3/train,0d6ff39b32684282141540ce463ad61c506fd52d22dc44c5a0a0dc51b0b7c467,False
v7_train_02007.jpg,train,processed_v3/train,9cd4f94c3f769d754f063d34b9716aafc7480a6656d446c36072bacd96f368a1,False
v7_train_02008.jpg,train,processed_v3/train,a083c0370403f918a788f57b7f82dbd464388cae0f2a86fb4f6674c753e83d48,True
v7_train_02009.jpg,train,glove_detector,f0abda59367f505d511701f8717bcbdfa5d3986fdf1cec1417834c890faee7ca,False
v7_train_02010.jpg,train,processed_v3/train,f136e4fda090ee058d76b31faed605c0aa5af28d54ee5ac4db5f0de97711bd6d,False
v7_train_02011.jpg,train,processed_v3/val,171af5f33193f53e2869b1708feada28838e36bd8cf680ce9c987b7e667f848f,False
v7_train_02012.jpg,train,raw/bangga_ppe,947302e94f54ca69a9406f73de0e3355552f8591be2813ac968f35fc70ede56a,False
v7_train_02013.jpg,train,processed_v3/train,fba8b7baee8b6a165bf9b6ee61c34f2d0f213852698da29f1ff4de5db7059683,False
v7_train_02014.jpg,train,processed_v3/train,898cc0827f4777d7e9d9aec78bb4824f4f3d57e5c35204da3c535fd93cbdfeae,False
v7_train_02015.jpg,train,processed_v3/train,486454d43f8607aa810b7b10bf5ba6f4ae909f9ab660e68c9297e13a4c55bf54,False
v7_train_02016.jpg,train,processed_v3/train,c1e5b4aec89be5188da71ca2d3364785680d5c05129a84ac32105d593cd33007,False
v7_train_02017.jpg,train,glove_detector,bf146586661ec0b47ff770a65e6cc1d4a00d6520537cb9a2b4e61c3a42d4fcaa,False
v7_train_02018.jpg,train,raw/bangga_ppe,b4dd45df164f6b566cdbfec52b96f414d78af33125850b2a6b215c864af106bf,False
v7_train_02019.jpg,train,raw/bangga_ppe,21b6ff96bae1b90537fea060736c698973b29f7121b13f6249d0ce0334d53ac6,False
v7_train_02020.jpg,train,processed_v3/train,31ee318608199b5d283f7015eb7bf4d1d97debb7e922b69fc4a23fb212b987d0,False
v7_train_02021.jpg,train,raw/d_fire,bc9b006f8b50101df3023d75aaa85be7d524c98481b79a63c2b72a2d18f9c3f9,False
v7_train_02022.jpg,train,processed_v3/train,08a7215f89ceb429618fb5df4f4fb7a6066a84f70d3f3dcf476d501b6f0fe42e,False
v7_train_02023.jpg,train,glove_detector,849d4c2321d828d1faf7de8787d1879565e89267ee9adc0cb0be1ee0593e1456,False
v7_train_02024.jpg,train,processed_v3/val,0caf85138baff8c1dafa13ec0c93571700e161541865894dff7b3f4bfc7ad1b5,False
v7_train_02025.jpg,train,raw/bangga_ppe,882161907cf634515319b95437f9f54394d94341ebc68d135c345dce5f535a0e,False
v7_train_02026.jpg,train,glove_detector,3a9fc77f98284acb1035fe47c947ff23ced1dca9e58ed9c2f121b7de31e5347c,False
v7_train_02027.jpg,train,processed_v3/train,ae1c7bf007438bc96ff9c1a8f0982f7e96848d2020e82717279c360353278ce8,False
v7_train_02028.jpg,train,raw/d_fire,6fd4d691d11a697973f1308ff91ad545e97367eba77fc28b15a468d31c58072e,False
v7_train_02029.jpg,train,processed_v3/train,24257fa8520e1675f9ad2d4d580fa106c771520c80c7e767b79630ab720d9e75,False
v7_train_02030.jpg,train,raw/bangga_ppe,fb71cc1cecf28eab7cfed353a3f8a772fab5788260737f5bbf2fa1a1855efb61,False
v7_train_02031.jpg,train,glove_detector,bf01c980eecb6ad35883373a226e0b19f653201e7107cab214fe4ee56f733696,False
v7_train_02032.jpg,train,processed_v3/train,318072579a90180154f5ea9741cc70b42c1d9364e3f9caee97890c3955a0662b,False
v7_train_02033.jpg,train,processed_v3/val,f4b19f8a5ae2eceb6448c1c88c7d391259e3eec6621869078658a367bebaf0d6,False
v7_train_02034.jpg,train,processed_v3/train,8d99d20dc113465c4394237cb8cbbfc20e83810a632e5abff677ca9f7586e447,False
v7_train_02035.jpg,train,processed_v3/train,7b771b3f45113e22af67b00de113a2ba4086b66f798b50f3ba586bc3bae77b39,False
v7_train_02036.jpg,train,raw/d_fire,9f30d041e8c94e2cd5a8257aee3d66698cab9e0ca08c01ac756dd2014fe994ba,False
v7_train_02037.jpg,train,processed_v3/val,5e04dad026ed6b38e34d72edd94b14e60b3ef3b3c19697268ac1ba6da2547ee0,False
v7_train_02038.jpg,train,processed_v3/train,84f2b327ac6c1aa740830de54183c62c12ba7349ce00949b46dc8a665b9d0ba7,True
v7_train_02039.jpg,train,raw/bangga_ppe,5dc3e649be4eac791b98cec792373855cc935963c55f91de05883551d8df4b29,False
v7_train_02040.jpg,train,processed_v3/train,587b44b7527ac82d4f0b0c48eddb6c4508a4ecf879096a3e4857d862137ad327,False
v7_train_02041.jpg,train,raw/bangga_ppe,11219aad69f214d4b03e1ab3ddc6262564eac8fb8af7a7f14dc61bb8aab0bbf0,False
v7_train_02042.jpg,train,processed_v3/train,e0ad0bfdb6fc5756a8aa8194e3e2aa005b0c67b4d2a327b89cb49022d9c8db93,False
v7_train_02043.jpg,train,processed_v3/val,871ef65e3353da6e442f5054fb87101f9e3e04fd7c2e9daff2ff8355f5f8d692,False
v7_train_02044.jpg,train,processed_v3/train,9e6d05e2ab5cb397f2a7a6d36659cf755f75836527430cd994dabdf49095b8c3,False
v7_train_02045.jpg,train,raw/d_fire,0a7426db5e7165a93e2391ee50812c32a77345228bf82bad192c4cbc4c2b381a,False
v7_train_02046.jpg,train,processed_v3/train,2c81c6abd384131f1f14f18f5c94052e33dfdd55e09beb751de87f3f4b249728,False
v7_train_02047.jpg,train,raw/bangga_ppe,f43ce1e95ccb02858986e9eebb8a80e8ade682037de1a375c6e382149b61af9f,False
v7_train_02048.jpg,train,raw/bangga_ppe,de4b7e0b571ba80d85f14f293c2cb0f6f7be81f354b14e9ef817ab237b463796,False
v7_train_02049.jpg,train,processed_v3/train,ae7933b8769a98beb622ab98297673005ead0915367ef5aa0f3d697fd93e382b,False
v7_train_02050.jpg,train,processed_v3/train,03e3597204ed0454704e88b7e9efdb6e405e13bf15eaa19ad32319f25041521e,False
v7_train_02051.jpg,train,processed_v3/train,b19bdb616f2235d4cbd26e22a736f0f70dfc2aa456972cc0ce3857e0a6e24fbc,False
v7_train_02052.jpg,train,raw/bangga_ppe,f065e7831db8ba9b1bc75d98945102260d9cd70064a081fab94d3c17d7aa5cf2,False
v7_train_02053.jpg,train,glove_detector,6cfc9dd3e9f662f8e9e4680b87929a05d160058edf9c446de3f9dbe53962614e,False
v7_train_02054.jpg,train,processed_v3/val,9917b3af2955d76c0d8dd6a89901773691f83d451f659c11cb58bacd82abc0fb,True
v7_train_02055.jpg,train,raw/bangga_ppe,662b94e617d785984ddaec0a654b7c20dedb01d0384efd6f1e3f96b12c6b3df1,False
v7_train_02056.jpg,train,glove_detector,7e3e2d1c3c1f1ecb18561ab0f7f3625b9b47e00f15fe0c8e7d115e0a8b3aebdc,False
v7_train_02057.jpg,train,processed_v3/val,a648ca694f07ee9d8d6028b0837975d806d8edc89ca7956e50584a3d75c15400,False
v7_train_02058.jpg,train,processed_v3/train,430f4579f5b0b4dc9e1f3cf8f37566b33baf3e54fccbf7639de38cd39af10992,True
v7_train_02059.jpg,train,raw/bangga_ppe,db1cb1c37e4ee5c165a1c54ab1eaae6e830049a56687b4d085acb711d820cca0,False
v7_train_02060.jpg,train,processed_v3/train,a198fa0bfb1b2b28420e1f1917899130dc73ca82b8b5b73e75d170777f75393a,True
v7_train_02061.jpg,train,processed_v3/train,bf274b5d870bc94d45fe57e67a17e90006d4e2bbeb5b180260dcfbada4009028,False
v7_train_02062.jpg,train,processed_v3/train,129cd35635199930372cbfc4ed75d1a7ca930d1a37e330692b2936270a457e07,False
v7_train_02063.jpg,train,processed_v3/train,1573586a995ae5b06dbb109ad62b3c08829ec34a190a6a71470a6af8a6486a4b,False
v7_train_02064.jpg,train,raw/bangga_ppe,28733f715cc89b3b934ac8d3572aff9a3b33ffa07b2230fa1b4b8f5c01a733ce,False
v7_train_02065.jpg,train,processed_v3/train,44780dc5b832d6c320462616c9f06439ff6addc05c7641142fdfa9a47459b795,False
v7_train_02066.jpg,train,glove_detector,204f9d3b14d33c7b74af281fde7ef69de99b2789ae175fdc4323cb05599da0c2,False
v7_train_02067.jpg,train,glove_detector,2bf4e08bad0e5509abce6e33fc13cead504e149f7f5792c8ff169eca8654753f,True
v7_train_02068.jpg,train,raw/bangga_ppe,4395c55a9010ab1be3a170c6caac95591c69049056215f0d4716e05d626e7f5e,False
v7_train_02069.jpg,train,processed_v3/train,0b047ddc523a31979acd3f0d044f8b88e16aca0f09acf7d77d14db68e77229a7,False
v7_train_02070.jpg,train,processed_v3/train,8dcc369977f7db6787263db6167bedb4a04be5d632f072632e90a67acafb581f,False
v7_train_02071.jpg,train,processed_v3/train,d886969ef3f296021e1d610a2d61b99ddb35148b4be3fa1a4080877a575b4049,False
v7_train_02072.jpg,train,processed_v3/train,cd0b2de188633f8d369a165dd924d0b0f9c4d5a440ecf92785b25ddeac1b7a37,False
v7_train_02073.jpg,train,raw/d_fire,e2c64e353d9394702442821d5902215f9304af64dec00685cc29f1ba7c06af7c,False
v7_train_02074.jpg,train,processed_v3/train,d6cf6beb8eee96439c80d5d5ed8cc67fca33c639f6b5a81fe488c302c698a5fd,False
v7_train_02075.jpg,train,processed_v3/train,4fe9b2b9d642b418a2309072b592274dc82552fc6f31e79942396fef860b3260,False
v7_train_02076.jpg,train,processed_v3/train,c46c8032426075f0560299324cc88ee9c6f1a1810812c256bb01a7c058fbca2b,False
v7_train_02077.jpg,train,processed_v3/train,901312ec030bc438cd83b67e69af6a51af129193d5b3cbc73a54e1f351b69060,True
v7_train_02078.jpg,train,glove_detector,9f9e6cb18104de9ab2aa0e17dc8db1bb0f2f8ecf1ef9fb7e92ee31b31b8a761e,False
v7_train_02079.jpg,train,processed_v3/train,5821c8c01dbf82207c92aac20c86ef4c0d7a6f651e94d39c181a36be8a34cc2b,False
v7_train_02080.jpg,train,processed_v3/train,fbbe0f482d5a6f3db13db230e979c80acf2cd4d6879726b683f805ff225654e7,False
v7_train_02081.jpg,train,processed_v3/train,4461f859ac44dad9ea25e2acf3df37ed092757f7dd4a074f83c3e505b419ab44,False
v7_train_02082.jpg,train,processed_v3/val,2975186212ce4195763a5889cf9f6a6a62108eb23440e38fad21508c86cf2721,False
v7_train_02083.jpg,train,raw/bangga_ppe,9689ee50ddc8d52d8165cdf4792826e269ea2acb8fa0b3384073cd4fe4530155,False
v7_train_02084.jpg,train,glove_detector,5315bdc58a9e700b93fa503b72c0d073e064a1440c102b45f7ae6b6fd6592a47,False
v7_train_02085.jpg,train,processed_v3/train,38cb7e5b4ba16bb751a65eb4ecc27e550610baf17d0aed0deedbf2de6b8a427b,True
v7_train_02086.jpg,train,processed_v3/train,95a44494b5ba52418911e2120959101e86e9d08186ac8ac6a342c7eed86d8a0c,False
v7_train_02087.jpg,train,processed_v3/train,aa2342d03cb181ac4b61f80097c9a72cf5584a94c25ba5917c061f14251bf84c,False
v7_train_02088.jpg,train,processed_v3/train,d4069979961b87a1ccfe8528f8d352843972f5368a0a13d40e3240125f9fd137,False
v7_train_02089.jpg,train,processed_v3/train,2abfa3a6a758c9a329ffd43016ed946eb5646a45061b2c176c8819352c82ee3d,False
v7_train_02090.jpg,train,processed_v3/train,26a230f4a899a6d37fc0b3ecb89702685d5babea40bbbae8fdaf9380668c7daf,False
v7_train_02091.jpg,train,processed_v3/train,f38fd126b33533c62794fc4e27498cdde07d87bbcbc22246ce18005f30c6d215,False
v7_train_02092.jpg,train,processed_v3/val,9809ed6e883e3d8fab1bd408302ae06cbb37a264c6da7238b73778b6e5ee2a40,False
v7_train_02093.jpg,train,processed_v3/train,37e9bc626046ed0bcad60b8453eb1646f99e008265707910c6f8bee5fed631fc,False
v7_train_02094.jpg,train,raw/bangga_ppe,b7b5dea6209ba332af5e5dd718900722a5a27db96d9d103c57b1179873fd0e31,False
v7_train_02095.jpg,train,processed_v3/train,e489f6c001a1bd3fe22cdfb4245b6c6d67e027f36a4ffca3226213cadcf56dfb,False
v7_train_02096.jpg,train,glove_detector,0b3df448ba7da28472545480cab11e3765f2bef5138c518be7fba4dc4b04a9f5,False
v7_train_02097.jpg,train,raw/d_fire,ff72eb9d9b50c75d711897f0cf4deedc1977b91b048698656fcb738b17784b68,False
v7_train_02098.jpg,train,processed_v3/train,48a77a9b42a5b1a10b1d4a09bfa48339324c9a61e50b3f73929e8eb7d6824f59,False
v7_train_02099.jpg,train,processed_v3/train,af9e0f4f2182f6a61fae2b7b0c71358867be4b935cd73c7e7a3946491546fc10,False
v7_train_02100.jpg,train,glove_detector,36da4174d462796dc10dceb3faf286a0fdb019e5e3a392a62d1ded43bd721a42,False
v7_train_02101.jpg,train,processed_v3/val,6f345376253f2665519323e2e3fae7222314d09eeb1f23dd38a070a966d11740,False
v7_train_02102.jpg,train,processed_v3/train,a584038fa7f88926f449003a589d18bf8ca377805cb586c326cd2583c0815635,False
v7_train_02103.jpg,train,glove_detector,69a96be126238ca351cf070fcb6e372504cf882ea6817ee2e32c129dc7a2220a,False
v7_train_02104.jpg,train,glove_detector,bfbb2915434dd3c873a2966604f75308eb9dcbb3d0abb07d9e293d86887f6ab5,False
v7_train_02105.jpg,train,processed_v3/train,aa01a7ac42e703a8272128c0dcb463435c081897b54ac01c33857f2d5cce72d0,False
v7_train_02106.jpg,train,raw/d_fire,f31d078bc04fdf8deacde497540d15ae85be735e9cbf49f5710b82f7a0dd72d7,False
v7_train_02107.jpg,train,processed_v3/train,e074c19d9530c4f4bc4d02055b6f02720a71e027dd23c1cdfd13e9d6c30256df,False
v7_train_02108.jpg,train,raw/bangga_ppe,01ce496e3e79d478f02359be04aaee7fdd34d62ce4f7564bfd84f4bfcdb63c32,False
v7_train_02109.jpg,train,processed_v3/train,9eb2c48e6f75d0e2bba1827197392d3dae1b6dd8b295b5d907dd363b71cefa17,False
v7_train_02110.jpg,train,processed_v3/val,8f348cf93df5f943290f43421f95120a659d370c9f997a3e4695b78533d41a6b,False
v7_train_02111.jpg,train,raw/bangga_ppe,a0f21d5cb59c038207e4681c265ed5742fb318d3db08a778eb917d85231b4b1c,False
v7_train_02112.jpg,train,raw/d_fire,74dca7fabf573fb6d9fe85c3bce9ec183030828d47ba1de2552ac15795f6fae1,False
v7_train_02113.jpg,train,processed_v3/val,9d66b0cf694bdaf0ee990095eb0a6b0f0786198ce9164e9d12217c3cd1c9fcb4,False
v7_train_02114.jpg,train,raw/bangga_ppe,40226b9e77ad8d492c4e917ddcbe21a8f1e1bfe8ce9fea9810a9fde1e6c1cb55,False
v7_train_02115.jpg,train,processed_v3/val,02de67f39e35f96cd34ea6e730208bfbdb735f4ecdc6c56cd69fcf1cad70c45d,False
v7_train_02116.jpg,train,glove_detector,c9bd843aba46fa454c3a6376313d7211834a1e67873184e74c2b1fa8d62c52a5,False
v7_train_02117.jpg,train,raw/d_fire,a6c1d1907d98f3f060e5e1339ef5635effa181b14610a4705baaa81502611694,False
v7_train_02118.jpg,train,processed_v3/val,d434de3d637e014da2fb3a9f4f837b2fadcb038f904aabd4c4b5b85dc6549eab,False
v7_train_02119.jpg,train,raw/bangga_ppe,f05404f9153cbd93b6f02a54553d91c184056e5fca3029fd3e0648391a826ddc,False
v7_train_02120.jpg,train,glove_detector,b5e786efa0bc9aa22bdeb836ec338bae70f48db8b563f66ee83358ffabf87529,False
v7_train_02121.jpg,train,raw/bangga_ppe,c48a3df07c72c0afc77533927d18ef92b51283cd46a60683accd27de70b8e901,False
v7_train_02122.jpg,train,processed_v3/train,04c6767c95490a87b27fe77b3f3e60086a54ca2ad3f65d2b3b8d480b4c356fd0,False
v7_train_02123.jpg,train,processed_v3/train,893526a11462471024c557a38e78834a8f903954f5e9e054eac54fc151a86029,False
v7_train_02124.jpg,train,processed_v3/train,ebe9e23b832ff07eefa567fc5253c2bed0c4d77aee6fc5d708074e382c881ae3,False
v7_train_02125.jpg,train,processed_v3/train,34dfdb01c7827c904f33c3e6bac212db2b1f64d3d6de5bf53f99a3a520a30a01,False
v7_train_02126.jpg,train,raw/bangga_ppe,1119a28cf7aaaf91aa6c3978ca6f95307c71cdb1406923406ad2dd48de8b39bb,False
v7_train_02127.jpg,train,processed_v3/train,0641bec907547b5cf537a5858d9525150ba44a9c9d979af57db81c6ea3dfbf3f,False
v7_train_02128.jpg,train,processed_v3/train,5b0bab8f26a0cd7c69fb7b1ca7d317c515bbc909924a18937f65a396f5ac82fc,False
v7_train_02129.jpg,train,processed_v3/val,571f8b6b4fb5a6b16b27e1945122e4a785841debfaaae276c446071deeacf431,False
v7_train_02130.jpg,train,processed_v3/train,50a60e5e25f1849209d3848ae3c2f028dd369c5abc5e61241adac4bdd8b610ae,False
v7_train_02131.jpg,train,processed_v3/train,0326267cc04ff2342e4a2db6d76685dee89278a656af90cad22778605b55faae,False
v7_train_02132.jpg,train,raw/bangga_ppe,90d92daf63406a99e8627b08b390ec8128e951d1e4b4768a0c7be07a69bdc903,False
v7_train_02133.jpg,train,processed_v3/train,2bffe7521e5eeb6de949ce2cef1f8583abf30229bd2d2c416eaf8c10c5ea3d6f,False
v7_train_02134.jpg,train,glove_detector,2333a5cab973e2b1e5a16ab2f5344eba228cb57cde34e847042014752fd11a86,False
v7_train_02135.jpg,train,processed_v3/train,d24ae5fe468ff47963979c3010523c279cb1c4f5c70120af505e095fdf1b033d,False
v7_train_02136.jpg,train,processed_v3/val,7538c0f8317e3b8ba8c6b7f98fe046a293e2a73ddd4a9a7106c4422494c2f335,False
v7_train_02137.jpg,train,processed_v3/train,d9a0ace9782516c57c50c2012b559de9bb239246256af41c27ff24acac817f69,False
v7_train_02138.jpg,train,processed_v3/train,0537ab5e5f9f81a3374892ce8403ee770311d2429f171c77bc47071dbccea7ce,False
v7_train_02139.jpg,train,raw/bangga_ppe,2fa5785fb2c7dcc186ea5e4d557632ea54c1ad199010c05888806570f28bb23b,False
v7_train_02140.jpg,train,processed_v3/train,828d850c4067377968418d1083308e2f0aa275b97f685660d0737b3f8b700351,False
v7_train_02141.jpg,train,raw/bangga_ppe,c4012aac28069395b20df8ff3d917a34ad186fd655c5858b8d526667c8cefc2f,False
v7_train_02142.jpg,train,raw/d_fire,1fccd47f6aec15f7031245f01cdb7032ee74da4f5e732d019518656f8c117b68,False
v7_train_02143.jpg,train,raw/bangga_ppe,a25c14e5627498f3748cc557cfcbbb3d35ee6f8787993fd6aade3075bd412d1f,False
v7_train_02144.jpg,train,raw/bangga_ppe,55c379adf38eaab0d273011181d82f06a06173c1730f0765cf534d33f0a9cf08,False
v7_train_02145.jpg,train,glove_detector,ab482c08b881111ea40b7722125cd8365d1466f87a48625742b9e8532e2b638c,False
v7_train_02146.jpg,train,processed_v3/val,fca8494ad1833b00e91de5dc43bfb19f5ae11a2bc2d7a600260587de6538ddeb,False
v7_train_02147.jpg,train,raw/bangga_ppe,50bdd52ccfb6c97670512aa9133bae0e7f9f770ab5463126fe03258422de0f80,False
v7_train_02148.jpg,train,raw/bangga_ppe,f48e1483efcbc5c063de95ce74c377f80334dd0c82748c46af06ff946682f392,False
v7_train_02149.jpg,train,processed_v3/train,541ae4642099cb9841d4d82186c7d1a50b54d236303a090efa2e3ab6cb73c021,False
v7_train_02150.jpg,train,raw/bangga_ppe,37f83136c54f5d744ad94ba7b13290f368f782334792f2854bca365dbdbebb34,False
v7_train_02151.jpg,train,raw/bangga_ppe,e8a0b17ead8b02bbebda822783383d60a9e380ade70a17e8f2ead9906c3d9da2,False
v7_train_02152.jpg,train,raw/bangga_ppe,fb4843cf503df3a086de6d55d53a87dc90ddb23a54b4df928a3dee2f3e994743,False
v7_train_02153.jpg,train,processed_v3/val,549f85ebc5ce0b03ecad58dcb55abdb1a30575109daea3c5947893c8347284ad,False
v7_train_02154.jpg,train,processed_v3/train,4ae931af409c9b40a068b18c91fadf98cab24800645726251ac8edb2d7db7b02,False
v7_train_02155.jpg,train,raw/bangga_ppe,d1c8e6891e74b6e9369decfada17df7fc7616d589e42a625b87b0bfe7faacde1,False
v7_train_02156.jpg,train,processed_v3/val,a477a259c8e97ec22c2d599c9b830da9e3b31ff7c0d6c338ce0dbf3bd4010bab,False
v7_train_02157.jpg,train,processed_v3/train,56ceb2fbfd09bbe2bdac0c68bef3e55ea495af858a7357672a6c8100c7250778,False
v7_train_02158.jpg,train,processed_v3/train,af300da767460ef7eba9d150ff57fc8da3ea7c5863c8c579566705bbb76fa039,False
v7_train_02159.jpg,train,processed_v3/val,80e5087cb1c06f8f50757f8393ed19fc959a75e26c840d0b85b896756d1f4fd6,False
v7_train_02160.jpg,train,glove_detector,6baa85de657c3c389565277d5de3a3c80f719a09002469f5126533726ce95f8d,True
v7_train_02161.jpg,train,processed_v3/train,4ef888c17054e9194898cdd1c73a8275483ba60ab601cf5005de5cbe8cb590d5,True
v7_train_02162.jpg,train,processed_v3/val,406133646d4bbbf362ae741cebfc8a1075dc0771f23c70f6bf727eb27e6cfda2,False
v7_train_02163.jpg,train,glove_detector,26b1a6fa3bece95a9eee007eaafa230e6154bf0817baade56ac59437bb29dc46,False
v7_train_02164.jpg,train,glove_detector,819eb022137e3c3a4a3e48e8f0dc6fd16da159713e4d13f9fb1b95daec9659be,False
v7_train_02165.jpg,train,glove_detector,356b6d995ff9897cb0a606c85d8d1c06de743af52f010664c44f63c1a7592300,False
v7_train_02166.jpg,train,raw/d_fire,535881e3f2a0f3b468c8c668f56a0717ef70e82138d36a88901b8038d36528d9,False
v7_train_02167.jpg,train,processed_v3/train,d42f890d8e2f2e9c3e57bc113681dd03d90f0e42894b280fe205294981d7946b,False
v7_train_02168.jpg,train,processed_v3/train,f080dcbd90ea07f3aebda354e7f0a1fa5e7bae60c3914f1453ccefe81a056553,True
v7_train_02169.jpg,train,processed_v3/train,5d42bfdbd370f38950ec4db7dc695834a7d0f63c2d6096486304a4f8f8851a5f,False
v7_train_02170.jpg,train,raw/bangga_ppe,cd452d2c98cec7fe3157a1fcfa01aee95d06d88dd93ab3f97cd232974f20560e,False
v7_train_02171.jpg,train,processed_v3/train,860d8031d210504e1635f581d0e57aa65bc23b710026a2ded1156f104f07b967,True
v7_train_02172.jpg,train,processed_v3/train,cd076bc76ced2d9dbf743ce5bf84934232738c7296e206465dfa3dd4d6e47177,False
v7_train_02173.jpg,train,processed_v3/train,0b914bfa6ccec5bde80da49f276dd39a1c2861d2b4ba3c301d497db3783f79b7,False
v7_train_02174.jpg,train,processed_v3/val,e4f3719999c6042ab94aa2eb7b4d2aafbe8d32c68e17add000dd81250360f138,False
v7_train_02175.jpg,train,processed_v3/train,bd86f1d1b61c237b0f7ad1dc836d804ba960ca3ac99f286cb8e3163d171570b3,False
v7_train_02176.jpg,train,processed_v3/train,777112c3b55ccb30678a7c0db3e37c77d659c34f62608b6ae6c1c9253aa02633,False
v7_train_02177.jpg,train,raw/bangga_ppe,c1d5b6b5e997a6603ec52771a2889598cdd3e44d4f1a074b667f48d04b3caa2e,False
v7_train_02178.jpg,train,glove_detector,55f69f69b24d1e8ea60a02ea1f3e35badeedffc8dbcac47b97ad483eb4f94d7b,False
v7_train_02179.jpg,train,processed_v3/train,aaa1880704c252dbe69e497d51c1ea6a9151c0524054bb6cbf4d79730b05151d,False
v7_train_02180.jpg,train,processed_v3/train,a8f6020c18f1a499ac805a12f4c26dfc2a33c3abf8e100bd131fa9c2d25b3cce,False
v7_train_02181.jpg,train,processed_v3/train,536f6a7d009987b49c77fa9c596c3f1f07a53fa15e3ba79f10b61d06a0108110,False
v7_train_02182.jpg,train,raw/d_fire,a51d2916038ce66895aae700555152cc043a74133b90f27466bb530fecb2621c,False
v7_train_02183.jpg,train,raw/d_fire,611b8c38293bd9eb0d3434f0c2fa1214040e5571d0031e5e8c5878df55fcf064,False
v7_train_02184.jpg,train,processed_v3/train,bf36ce4dab45dd1cd58c7bde1632fc5de2c34e5e05ecb49d41e064d078380ddc,False
v7_train_02185.jpg,train,processed_v3/train,3a16e1448a63cedf58e1e5e62c92a328bd5691775e0559b506628e739f7d7a8c,False
v7_train_02186.jpg,train,raw/bangga_ppe,fa1f6c66251bbdc0d58b298aa99a313d99d87e5dbd8ac99833f95d6d25658635,False
v7_train_02187.jpg,train,processed_v3/val,bfc4f0f9a47ee8e4043ea4e1d50336cc29208aad722c1913cd33537bc08227bb,False
v7_train_02188.jpg,train,glove_detector,3f775a9f44c928c423a0284edc449006d578311f296cecba3c9cf24e09f282b5,False
v7_train_02189.jpg,train,glove_detector,5eacd5396212cda7f2deb9431d54216533fc76ce753fae8427ef1555183f70ce,False
v7_train_02190.jpg,train,processed_v3/train,b8d75792d5582cc80283e909dee0764a6d47630e063d929cf3c8e144e8d77a3c,False
v7_train_02191.jpg,train,processed_v3/train,00f0101b3362b7e0c2db980a09d662d6873051fa50b30916f251d1bc2f752fe1,False
v7_train_02192.jpg,train,glove_detector,d7e9bfdcebb319171ccf53dada86aa0833101c078608bb63ddac08b1139e1b6d,False
v7_train_02193.jpg,train,processed_v3/train,545322d1f252e4de2a75e9a46899d63ec7befa42ebcd57e016f2903eba2254d0,False
v7_train_02194.jpg,train,processed_v3/train,b82d7302da0014019f7c090d5617ad2aa9ec1bd871a0f62ac0d8ad897ae9c69d,False
v7_train_02195.jpg,train,processed_v3/train,d769bee936ef65df6ed52e2e9c431d9004fb0ab347751bef2f15171c2f8e6a83,False
v7_train_02196.jpg,train,processed_v3/train,a05868ae75fc0651c93bb4ccc366fa6c47b682dbd33410027fc75b695ccf618e,False
v7_train_02197.jpg,train,processed_v3/val,ba170a6e0972fce0b4998894731d7898c0193ab0183a5cb2524b4fbf67a524a8,False
v7_train_02198.jpg,train,processed_v3/train,3ac0c03ece10b2c9a68f6b37fce3c33721eaed1a273353a7ffc900509e21a807,True
v7_train_02199.jpg,train,raw/bangga_ppe,084411e88cf0b5387f575f4c3c9a650621f9a26319db24e1821db63f42df6b7c,False
v7_train_02200.jpg,train,raw/bangga_ppe,8768b6c622fd00ccd366f10a2f0b1ab795007f0cd3b66c14ee1dd57215ac582c,False
v7_train_02201.jpg,train,glove_detector,c9fd80ee5afb7a18fb922e15776c54a9f27caa352f4e65cb2aa81b7988c99313,False
v7_train_02202.jpg,train,raw/bangga_ppe,bb9fdcde360ab5cf275a01a51bfd09c5f832138212cd845a8e8dbd8738af9df3,False
v7_train_02203.jpg,train,processed_v3/train,dc14604868e33c700242e2c605761cd01bdb67f9e39696f6e24cfad36d52901a,False
v7_train_02204.jpg,train,processed_v3/val,83c319d1eedc6898c62161f83c4da2d060c875278cdc5eee5555959e64b42bcf,False
v7_train_02205.jpg,train,processed_v3/train,998199161f98f47644f100b67294c602eb06004d4bee293042abf89cafa0da4c,False
v7_train_02206.jpg,train,raw/bangga_ppe,11d34e2a63d26560f8e9e61c8cde6dc7415cebaf117a68df8044ddad57d04ad2,False
v7_train_02207.jpg,train,raw/bangga_ppe,5eb73e65af896c96ee7e79cf15155f337e7105a7ebc59aa4b52522418b8a56ce,False
v7_train_02208.jpg,train,processed_v3/val,dd08725043c9da431bf74139149ae85b824100af0a4b2cb427d3aac3266edcd6,False
v7_train_02209.jpg,train,raw/bangga_ppe,eaee0ad6ca67410fdc58470726db5548327e97725ee3e88aab7cc4bf7cffdacb,False
v7_train_02210.jpg,train,processed_v3/train,5df7c7db687b45556260b500f0c962b14f842de4f516491c8bc300ea925c265a,False
v7_train_02211.jpg,train,raw/bangga_ppe,d7ed8ff083cbae4fe0e36c760595b2a1fda9b2f14c84505f4f2e35d1459c8c89,False
v7_train_02212.jpg,train,processed_v3/train,1212887253ce307edd34d6c614b1b03194c9d40010d664ee860ed37a5c629a45,False
v7_train_02213.jpg,train,processed_v3/train,b6da5d3eb94c792b92cb77b9d673a66605ab657d38dd11764e46ff3bedcb21e8,False
v7_train_02214.jpg,train,processed_v3/train,b3ef5fc9bc866ccbd039c48c2cf08835535f252610ef97da9511f7507e731563,False
v7_train_02215.jpg,train,processed_v3/train,5f34622f4005b00a35253561847e0196859597d7d38d274b79c598c7cad7d3eb,False
v7_train_02216.jpg,train,raw/bangga_ppe,822df16530a48e1dcb157bb0851fb0c92fe6427293760d97a951808af44ca031,False
v7_train_02217.jpg,train,raw/d_fire,16ac9a1c640f6fec21ee554176e943ca02c6f957ce8ea0928c0e44eb3375877b,False
v7_train_02218.jpg,train,glove_detector,e33311357c2173fd36c9009161677a4680f134d2e4a76f83e477bfb0a24870ab,False
v7_train_02219.jpg,train,processed_v3/val,6055911f3b23191e0bf14bda7bb98c5ec80bcc28275620d15808787b3dda2a62,True
v7_train_02220.jpg,train,processed_v3/train,4d091147e0eaf8eb22bae9e9820ade648044e059f74b85f475e1ddb89b5eca41,False
v7_train_02221.jpg,train,processed_v3/val,811815ea453c231135ab2c33cc344525f05020ccc13d243ee65fa0631e66d558,False
v7_train_02222.jpg,train,glove_detector,606d0c7cef1663bc00c3fd154076dbdd5b5f58fdf2f1c1b86883e4db24e94039,False
v7_train_02223.jpg,train,processed_v3/train,e7e7c071dbee9a332ca181d1d1561fdcb557bf3759726818b7577eae5a026825,False
v7_train_02224.jpg,train,processed_v3/train,8f3ee32e134980b11e2eedfabe44d59ad1c87e27ee45f4befda707a84cdae97f,False
v7_train_02225.jpg,train,raw/d_fire,aca04030e6117cd4ee09c7cb36322f36c764b83ab80d47868cf4de668dcd0a55,False
v7_train_02226.jpg,train,processed_v3/train,3af4751b88c4795672aafbfdb235a93bc46cad702233452a86e92e2e87708cdc,False
v7_train_02227.jpg,train,processed_v3/train,f5907c1059e733139eae135da20441dac2399102f92841733df6c13f9ea6ef7d,False
v7_train_02228.jpg,train,processed_v3/train,2cafa8ed916bbf9c9b7b643a3ab962b33e10fefe26d92c4cca634cc5bfcb3f65,False
v7_train_02229.jpg,train,glove_detector,cbd7ab99297e6888d2583ea4bdbba81ef468aad946960c0db42de07981ff880e,False
v7_train_02230.jpg,train,processed_v3/train,d4850c426cee82a45efcf263b9af3f1a0f64f9c8b2f25080f8beb7751e1eea50,False
v7_train_02231.jpg,train,glove_detector,45059692f436a0bc80bfeda16b10a9b102fcf590940e050db6b7ef4030a9c53d,False
v7_train_02232.jpg,train,raw/bangga_ppe,4c653f34ebf5927a049a0c373a6da273188df51f96e550d914fa61f977cbe31c,False
v7_train_02233.jpg,train,raw/bangga_ppe,f40e2f09594f83eedef0f2ebbde458cf4f6604df8a689dcf726e68fe8ae83324,False
v7_train_02234.jpg,train,processed_v3/train,d5b231a1f22ac83f8444b54cb36c8e7e7da45954f9da758c84c317fd037d8ace,False
v7_train_02235.jpg,train,raw/bangga_ppe,3f98453206102de5f1b7d1b114b4c1b14155155631ca5689618b6f78e15ec6b1,False
v7_train_02236.jpg,train,processed_v3/train,95913106f1d68cca7043821d1bfbfa0a43cca2ea9aca4a1407a55242c4e32f1c,False
v7_train_02237.jpg,train,processed_v3/train,f9d4ba3a4860bc42252deeefef0af1de57d2778198f169a2f444efacaea82597,False
v7_train_02238.jpg,train,processed_v3/val,c25bfe0fd4adeec656a05033600f5579645f24d7b529a568a78df5e1d9b0331c,False
v7_train_02239.jpg,train,raw/d_fire,163ac92f2c052b6bd8f9b82283eea7c0a55df387c1d69baa6b622a3e13d425f8,False
v7_train_02240.jpg,train,processed_v3/train,3784c03328416e4a95f384b4c15750bbf42f7df0c131b2a8138bb4841c538f5a,False
v7_train_02241.jpg,train,processed_v3/train,69189ade764ce15c4120afa0396a711c96bed87d068ec04821dcfe508235fc19,True
v7_train_02242.jpg,train,glove_detector,e56f8ecebddbfe102969690694e7e174c1afd35d2e527454702ff28385fd6a90,False
v7_train_02243.jpg,train,processed_v3/train,e5414139b076366ebfc4063967c95e7ae912106e2adda65577a86cbba281057d,False
v7_train_02244.jpg,train,processed_v3/val,a3153bd93b99cd29826230186115c215d774fd40dddc14f8e12cf55c94f7d950,False
v7_train_02245.jpg,train,raw/bangga_ppe,c7ce83078394297f558ff99dca430df8864d1a60826fc898a662bb3f6b79ceec,False
v7_train_02246.jpg,train,processed_v3/train,23b8b3a57e81020c086793e200cd3767dd5baf4ab04e947c5b0aeff6a92f9ec9,False
v7_train_02247.jpg,train,processed_v3/train,cfc6276be989551e070cae614e26942d3c9beccf2c976e57f3d831e9c61864f9,False
v7_train_02248.jpg,train,raw/bangga_ppe,42afa92738012bc17b107972a2128bafbf9af9f6922b7ac28546a7a8a2856f97,False
v7_train_02249.jpg,train,raw/bangga_ppe,0098197e83de2acf65c3fe000e9744e591cc4e75595174b2fce130f6f9b71899,False
v7_train_02250.jpg,train,processed_v3/val,2bdef6858554dd81c5c3fcfeeaca2130ea545e5dfad4e97458810c325e54c9d4,False
v7_train_02251.jpg,train,glove_detector,0cfc6b2b112f60fa72d218c1d0c2ff4219be12624bae1cb3a54bb01a6be400b3,False
v7_train_02252.jpg,train,raw/bangga_ppe,49fe98abf0a27b323ba8aa9f0c4d097e02a5ac09fdc3b29f8ea293d4317b4be0,False
v7_train_02253.jpg,train,processed_v3/val,120c2763e512e6af0c97ade1c8816e6ff047c746e7b027ad3184ee568135f140,False
v7_train_02254.jpg,train,processed_v3/train,d40f9e77448a072a295f95a3c716319e096a60a855d107cacc7c169e3808e94c,False
v7_train_02255.jpg,train,processed_v3/val,2b20692e1c1a294b53283ad45317bbe3ffc59fcc111a831afae29c60af7697ff,False
v7_train_02256.jpg,train,processed_v3/train,7ec19d8aced9e9e8677523d71bff24918f6ee2f7ef078d25f2b02c3ab65d5a67,False
v7_train_02257.jpg,train,raw/d_fire,d1ecf5a0ecb1d3256660373886b23ea0f000e06b13d47ad1d53b4c39b9274af1,False
v7_train_02258.jpg,train,glove_detector,b1d023bc7454a458dc3711894cbb42d991dcd800278f69c4941da6ea11a315a5,False
v7_train_02259.jpg,train,processed_v3/train,bc0d35f34550e9996b4fcb728d66130aece850ee071d0de0bbf0c183fa256e4b,False
v7_train_02260.jpg,train,raw/bangga_ppe,50945bda786eabe3f931d4349f385e6ce1497beaf1f2b7bd26a3d9f2708dfb66,False
v7_train_02261.jpg,train,glove_detector,a312f853eed5b79cfe1a310ca1aa90bac708d62e7e4a06a05eb4c9474f5a828a,True
v7_train_02262.jpg,train,processed_v3/train,4fd9bb3582b618ac7b7b224ea16b4215b5961a4881fefa96eefeee97751c38b0,False
v7_train_02263.jpg,train,processed_v3/train,5d28a143d85eb84c4b8fc0f4946b6f01f8f8a09b1c1f1043582afc367cc1aeb8,True
v7_train_02264.jpg,train,processed_v3/train,99c80b4790ba66303ba416a6cbe85d80d42ee206e0e7952f773e4602ca46906b,False
v7_train_02265.jpg,train,processed_v3/train,dd78fc779129a18fd94308faf0d19b125720404e63d576a264eb68d8da8e7a89,False
v7_train_02266.jpg,train,raw/bangga_ppe,d9c7ec7c434c36aa6e4a6911c22b8d417b34cf8b66c578cd6d69b7ca3ac29f97,False
v7_train_02267.jpg,train,processed_v3/train,6bee8202df0597975eb0b799c4fac4acfade475b20e33e4ec68f8819f6b0df8e,False
v7_train_02268.jpg,train,processed_v3/train,10199f6b3b55a1a0f9c4d81c45cb724bc87cb5640ef4f3c82a9bc8eb1bebd5d0,False
v7_train_02269.jpg,train,raw/bangga_ppe,d25b3c49168f5b0df1de20f83f42c197ff3098164612e7d2cd6cd11f3d4bfc6a,False
v7_train_02270.jpg,train,processed_v3/train,762d84c14538209e551608a18586bedd749aa2fbe9e147829dc6bcb305babfeb,False
v7_train_02271.jpg,train,processed_v3/train,a44bcabf0e2ce7e98feabf2bc90f10fe4b5c7e02ca5cfe6a1cd0a289f03a9fa5,False
v7_train_02272.jpg,train,processed_v3/train,708d0272404988546fc09f2b512409c5905be871bad6583151c8162310913cda,False
v7_train_02273.jpg,train,processed_v3/train,8f954a816930a1912cf8fbebde0886d8f8e8aacdf0399c2365778e6a156aea76,False
v7_train_02274.jpg,train,glove_detector,30c3d04a1974b38247becfcd1ca4660c72a77fbce24961c3a7147061b9d6ad51,False
v7_train_02275.jpg,train,processed_v3/train,a6b53c29838d11eee14cf806d094c847b8e70ff3bdb31b7cf53e73491b7042ad,False
v7_train_02276.jpg,train,processed_v3/train,94bb0529f131d37084e26ee1ea48d259a4c6000dc54b1a03aed8f99c306fe6db,False
v7_train_02277.jpg,train,raw/bangga_ppe,6a714167f15076ac5954aa09469d8a2b9dbe741bda1811bb39e67f59898eede8,False
v7_train_02278.jpg,train,processed_v3/val,1426465442722ea6a0a4b743577949a9de209bf2da808005c3566c7d72440cbc,False
v7_train_02279.jpg,train,raw/d_fire,959f540de5da7dc33503ebb4b92e4f0e5428a1e87fc491c5902dd43265577bd2,False
v7_train_02280.jpg,train,raw/bangga_ppe,c933ac0f926f3a6d941845208c82a7e4d97c8028401535debbf8122fc7b093a7,False
v7_train_02281.jpg,train,processed_v3/val,496f0b897fb4711612b43eda1fce3d9e55381c7da2f3ea18b2dd174eb1accb39,False
v7_train_02282.jpg,train,processed_v3/train,aa141e49723e64b6c17274d9a6eafd2b950c6f253f9f2362b82f5e9abcbe6649,False
v7_train_02283.jpg,train,processed_v3/train,1bb725319738b793d4db5cc63198dfa4ae055aa48651b4cfd1d0aaaa37d8e4aa,True
v7_train_02284.jpg,train,glove_detector,ca09ab318c587913a84855c477b64d8655fe2f03a8764496269af20edfc7d75d,False
v7_train_02285.jpg,train,processed_v3/train,2a96e6d74a9941c303f63bad0547753a6ab400b6bcf07d302d90a276a7444275,False
v7_train_02286.jpg,train,glove_detector,25bb6f2dfef4600ebd90a1d71461bf8b1405673e61af80b367f23aa89ad14f4d,False
v7_train_02287.jpg,train,processed_v3/train,9c7dc6636e83606cd2eba27ce9dd5ad9a25507bf731689233bedde0079015b78,False
v7_train_02288.jpg,train,processed_v3/train,4755783bf4407ed62cb07fac223899692c9912f51ff48ed005eee62fb13537b8,False
v7_train_02289.jpg,train,processed_v3/train,36803cb5f9f1f7131f1fb2b45288fc779f1053f4253794d88556dd80b58aa591,False
v7_train_02290.jpg,train,processed_v3/train,5705086ee8da1345d24b361d3d0e670ca9b582e71717d43d8eb179d7c4b2a4bd,False
v7_train_02291.jpg,train,processed_v3/train,32ed193aefb2e549a1c5a00e5b96a929fb0a1db4b9351fa2b87ecaa77b8b8bc0,False
v7_train_02292.jpg,train,glove_detector,a9051adccd213ee49c7d3b932cff7475d6da20806dc72610cf99db9164a6e2e2,False
v7_train_02293.jpg,train,raw/d_fire,fde5f08905e6f9cf37de4108f87747108da73ec5d63b43db7ecdac6b3242ee97,False
v7_train_02294.jpg,train,raw/d_fire,ea9b82176746bcdfb110a1eb63bfd4c0d5c6fe3ad204db844693b0cf7af38fdd,False
v7_train_02295.jpg,train,processed_v3/val,2c751fd2e12fb4d844b1491d29a4a00e8d1d34e15397588c73477d08fa724e6b,False
v7_train_02296.jpg,train,processed_v3/train,d57d99843cf3151270521cb270945a0690f5919d1c2969509e7fc4e4742da855,False
v7_train_02297.jpg,train,processed_v3/train,c382fd5b95e011f4bbb7d20d7e0c4c7fc2fd5c0a21995e5fe069865e8ebee773,False
v7_train_02298.jpg,train,processed_v3/train,8a4f4a56efc965c0db527efb546ae93ad4e39dee743021574d91e3db0343d686,False
v7_train_02299.jpg,train,glove_detector,2400ad620c5bda343da42687ae59f848793ed276e9b7df0a3e8c8ddda83ec0e1,False
v7_train_02300.jpg,train,processed_v3/train,f814a1d4c30f21e389d8c0d60a479e31f7071c8129fdc29636afd71d8862d3a8,False
v7_train_02301.jpg,train,raw/bangga_ppe,ef433368a79acb6c01e204fbd9fe2c3ab94318c3d0afd4d038ce1f33d7300f44,False
v7_train_02302.jpg,train,processed_v3/train,3352d9b1a5711b6437bd5fc60dc985ef202ff2800eeb99d322f06c8ee0a8bb5a,False
v7_train_02303.jpg,train,processed_v3/train,799216599e19ef77858a06e4b2170215007243e3ccd9801938a7a113a7dfe4ab,False
v7_train_02304.jpg,train,raw/d_fire,441640856c13efea68de3039bfc0d711a3b71632358cbf2bb749bf8a1b3961cc,False
v7_train_02305.jpg,train,processed_v3/train,f4ff5ac4eaae41444ee8dca5852974af61133c33dd79f5ec336ad55312bc99e3,False
v7_train_02306.jpg,train,raw/bangga_ppe,98012ceba09997bb4e21f37eabeaa8d6c340e0179a770d8c0f1f01ba847f5ed4,False
v7_train_02307.jpg,train,processed_v3/train,9c3bb87843c30300b03cdaf5e5122f303a642cc7160ad63942bfa9881f30fe4a,False
v7_train_02308.jpg,train,processed_v3/train,d92904471765524c5df00982c3d58485038c312f41fb235c563cdac3f24267d7,False
v7_train_02309.jpg,train,raw/bangga_ppe,a75133a3655007601530ffe427d011715f99705b5527edca80d09a96989f989d,False
v7_train_02310.jpg,train,processed_v3/train,21faba821137a7a043197bbc2803e60d929acc661a286098e1bb9b53dcf77c8c,False
v7_train_02311.jpg,train,raw/bangga_ppe,f94aff6c10680ade288b191a6d9978e7dd8862cfa89d11a619bbda36ab4acaaf,False
v7_train_02312.jpg,train,processed_v3/train,500c62beebdfea86d85dcf94c731cde7f21792bb41e6ecfd1897cedc5198e025,False
v7_train_02313.jpg,train,processed_v3/train,31ca1c95462db6d5c7bfbc4f1de17b365197f52e27a4cf4eb7a0ed230d6b238c,False
v7_train_02314.jpg,train,processed_v3/train,977acd50cb5600896a1a023d37b514e0d5fc391738c03b385d16d4a8fb9a888d,False
v7_train_02315.jpg,train,glove_detector,235b738fe0dddee17f5b86348d94e8c33d10332016c3328c2648db885b40a1b4,True
v7_train_02316.jpg,train,processed_v3/train,4269d2b189d602658d48966075457abe0fe630eb8d0fa09431dc57bb6c4bed97,False
v7_train_02317.jpg,train,processed_v3/train,7125ff08564fecbdcbd12443517fe359fd9514e6ce9bd3c7d8e125ec0a75e23c,False
v7_train_02318.jpg,train,processed_v3/train,9476180992a1812deb7751ae154676a37705774c174042df844d95bf0300c1a5,False
v7_train_02319.jpg,train,glove_detector,828936a016b1dc8a811b689db4204bbab103a10e57b2fc1d08deba1f3ec66018,False
v7_train_02320.jpg,train,processed_v3/val,e82c8d2baec9586804d4b7502e83fdf00ad9855cefeecb6ed30c28f125bd70b9,False
v7_train_02321.jpg,train,processed_v3/train,ce129760c86c1eb6a8302c85b3f5558b69ad117f55f6ccef9580b761df6f3fc4,False
v7_train_02322.jpg,train,glove_detector,162ac12b0dc3831d5692098608e6a81c53389e12eae2dc44be6a4c83ceca6e8b,False
v7_train_02323.jpg,train,processed_v3/train,41074c1031b1b4244542d26b28305b87cd0ad2d797adb66434791ea297cfc70c,False
v7_train_02324.jpg,train,glove_detector,3cf13a63004b44f26ebcd0f172db3ef04fd2f6eeeb867c471185cd2adc5af766,False
v7_train_02325.jpg,train,processed_v3/train,8c5fe60b731f07809b2f92b76117b6ca4ac8c25fcbc0693db8516ab4653b8991,False
v7_train_02326.jpg,train,processed_v3/train,f1cd2901ac65bc4babcfc56dbb23a8dd605cd2590db01c60d80af95ca10e8e5f,False
v7_train_02327.jpg,train,raw/bangga_ppe,f86af7070c3050f6e95ac0723640bf93975e56f9624177f15fe71ceab7bb30a1,False
v7_train_02328.jpg,train,processed_v3/val,23d447a14375adcef355852c5488274860e3c5ad7bccaeeac60a34a71c6691de,False
v7_train_02329.jpg,train,processed_v3/train,68949ac36038e1203dc8a521325748b939a531fd21da3f32d008582dad32a411,True
v7_train_02330.jpg,train,processed_v3/train,5f12154d9a6c7e0e6cec230024ca9b604f2752acff4375e05c6a76ebf83f3751,True
v7_train_02331.jpg,train,processed_v3/val,586e31a98edaee7f54230bb7abb18e14014679a91e021c307db539887e52b677,False
v7_train_02332.jpg,train,processed_v3/val,7c3cd8f393d4ddbd425813dcff7957b36e3a1e03e1879433456453052728f780,False
v7_train_02333.jpg,train,glove_detector,53cea9709290a4b77027a90e304af06eaa3451d9173e9871ba4e4956a45a2ed2,False
v7_train_02334.jpg,train,processed_v3/val,f5aa01b3d6fea3d13c36f8b52928c0133aae7f6fbb7bbcde6d0e3557d888fa51,False
v7_train_02335.jpg,train,processed_v3/train,a264ffd7da2b8fbc3422ba9d4265a1fc9f5980de84c9f621fe88595f80500441,False
v7_train_02336.jpg,train,processed_v3/train,bcaa2db50414a482bccdb7c965bf76a072588cbd6466766d9278c8306a317d32,False
v7_train_02337.jpg,train,raw/bangga_ppe,ac437e9204863e6d2450a31292b19885d917b7971c60a479e88c7acb8a5b4736,False
v7_train_02338.jpg,train,processed_v3/train,38d367270c878dff4896015b9e6d7a8a965f05196ce254bcb3aeeda41c6f3440,False
v7_train_02339.jpg,train,processed_v3/train,5597b3c7d7ffcfb70d1a3776aa80455a60c0b7dde4a3996871c372277d65793c,False
v7_train_02340.jpg,train,glove_detector,edbf849f26c9b5a9c10b64d944026fa3807a9dca2a8930411e9832d83cf53d04,False
v7_train_02341.jpg,train,raw/bangga_ppe,a4af1217a0df8c2d9754437a964a93bbdaac6b7b532add73ff39bbe5e5843591,False
v7_train_02342.jpg,train,processed_v3/train,9a7ff15042ac1256ed5578ef81c9536fe2bbf7ec9d4633df7bf8f0f53f2d613a,False
v7_train_02343.jpg,train,raw/bangga_ppe,8c50a251cf9182f830f577b748252a8262e2ae6fb1e7d386b8946d05806aec68,False
v7_train_02344.jpg,train,raw/d_fire,ac6f6ff921510830105d2c6974aa15f88e40d39d62d60de08293173a1418bde0,False
v7_train_02345.jpg,train,processed_v3/train,2e0bab115d431533d649bbe658c25c71f319e112c64e84eb119adcf9f5f85c06,False
v7_train_02346.jpg,train,processed_v3/train,bd3d7af084ae25bea946cfed4dffd99979658315000aabebfb7f75eb46f54634,False
v7_train_02347.jpg,train,processed_v3/val,003f51925b62cbfb1c9dc3254e28ff13478b2f19155fc126d87546029104910b,False
v7_train_02348.jpg,train,processed_v3/val,3d672e33d60581dfbe41345d43f91e10858f522b61b43049dc62c2204cfe2701,False
v7_train_02349.jpg,train,processed_v3/train,071f32ebf13440a4b6b2d201f2377b41b339a84b1ce2b8cf2abb3a41b39d124b,False
v7_train_02350.jpg,train,raw/bangga_ppe,d37105fad465dc9ceb2d76c01cdad85c81204cac3147c470e2f88b2958aec114,False
v7_train_02351.jpg,train,processed_v3/train,cb85d64d1671c7042499ca92a94ac83861df1c205fb25aa0d8197490b267c9e3,False
v7_train_02352.jpg,train,processed_v3/train,76b3db6a27c6937626b762ed5be5a60903b61f4ff37553012c07466a798f01ca,False
v7_train_02353.jpg,train,processed_v3/train,cab35bf6f523a7d399187751541de65b09cf4f619ab0916e6669ac41df4c3964,False
v7_train_02354.jpg,train,processed_v3/val,284f366b711802621a746a8123b6ee1ceb329d43cc38f24045b17863b5e68cef,False
v7_train_02355.jpg,train,processed_v3/train,04f2fc3907c36dcf411e4ef94ea3407369b8f9dbf1d43d63a04431af4e3b443e,False
v7_train_02356.jpg,train,raw/d_fire,58b300499cd4c23d8b23d91c01436ab725078fa2f055ca9ca4f9832233d91ae7,False
v7_train_02357.jpg,train,glove_detector,c138aa36d17ee7676559e1cd742459aaf8493640f4774738c59ac22487c88bc2,False
v7_train_02358.jpg,train,processed_v3/train,ab8a96823a7a485c114e7286c41eb9f8a48a7085a4eb03ad13b70fc5895058dd,False
v7_train_02359.jpg,train,processed_v3/train,05263c2d299a44b7c9bf6c2e576a6a3fbe01f623dd396df95613000619e17cb7,False
v7_train_02360.jpg,train,processed_v3/train,99bb23c449dbcfa8cb8f439d877c2b33741c63ddf4fba027377aa4c1dac69f0f,False
v7_train_02361.jpg,train,processed_v3/val,ac297fa1d6e7f448a51539c305c396e300aede72a34b298a9baaeef3dab814e5,False
v7_train_02362.jpg,train,raw/bangga_ppe,039da821928f86a27afb6f12d45d7938a45715fb6405ff0050f29f1c260f11f5,False
v7_train_02363.jpg,train,processed_v3/train,85e392f524c9969c959ab544e87c28c82baefb49df9a5d7e8d720a5030f83cf0,True
v7_train_02364.jpg,train,processed_v3/train,740ae4cb512f12f929b893da55b83083cc1aa1bc38ae8d358816a1192e926af3,False
v7_train_02365.jpg,train,processed_v3/train,955ea826f0bb78f68787bf5304dd0b9f89693ab66bd997a17802dc3195f1a300,False
v7_train_02366.jpg,train,processed_v3/train,9ae61bb06acc97065d5e2673ca1f8a25eac8b7057b8cc980a39b9a1b09aa6c2b,False
v7_train_02367.jpg,train,processed_v3/train,5052c135477f76afcdd62e77ba08e09227d19b1feac73e08c43bd17375d64585,False
v7_train_02368.jpg,train,processed_v3/train,bf70e4168103fe0e42fb2d2d236a2958a9d91a508e4d8c3b872a817b1941f6d4,False
v7_train_02369.jpg,train,processed_v3/train,bab928c946a0e24d7cb8146b6e810e89b3eaffeefae8b0b1db1f34264308424e,False
v7_train_02370.jpg,train,raw/d_fire,cdf7507da9089f5ee4bc61af90d32feee85dee597ed57ec12a40de2e23f97879,False
v7_train_02371.jpg,train,processed_v3/val,1952b77961ed6c4d13938bdfecd572eb7198ee455b3f470b2c6aee40e06a351c,False
v7_train_02372.jpg,train,raw/d_fire,a85d0f0b9905d7fe4987e8b3cae50b4293f05dd801413972c81601b8af85638d,False
v7_train_02373.jpg,train,processed_v3/val,64b77518d5c65fc26ab0a78df1859d00f5a66508dff8d84936091fc510be7f29,False
v7_train_02374.jpg,train,raw/bangga_ppe,cf5e82422127f00324c4d7ba011f72e58c183c5726432e50112bd6080f1ae4ba,False
v7_train_02375.jpg,train,processed_v3/val,3df103fc6fc2c3c07cd6170f55eb48c3ffd3c590fce83c194c4582b32cd492a2,False
v7_train_02376.jpg,train,raw/bangga_ppe,868ca5d1ca24483fcc5fda83eabdce75a54200c664f6c1d89b7dbd14a85c0b46,False
v7_train_02377.jpg,train,glove_detector,27567cc239f782f1124fb4f78c7698eda4f0846087611de7585c0e5a58911ba2,False
v7_train_02378.jpg,train,processed_v3/train,93f151e08c81234611ca9fadf5207c7c103f568a02ee2d0eae7c55ea320784ba,False
v7_train_02379.jpg,train,processed_v3/val,0708893f45f5cd362fc4f0bfe434485313afc5434fd656280719730574eb9480,False
v7_train_02380.jpg,train,glove_detector,65d8bbe40c98dcaecb7a79af22e6424b858feaa25f7da0920941f0af2967f779,False
v7_train_02381.jpg,train,processed_v3/train,5c11c22488d6725b8711c0542bf92d52ceafe8bdef4b380c287edd55a6fb5ecb,False
v7_train_02382.jpg,train,processed_v3/train,d1bcc81b6e88fb1202870eab83f869028910c8d81bb24adb189eb031edd91c9c,False
v7_train_02383.jpg,train,processed_v3/train,498d3d1d0ccad57c15f6354605f2cf33dc73342772da256f2026ef6b37be5b01,False
v7_train_02384.jpg,train,glove_detector,f975c88e48927df664d5cf4683c41d5384c2d0964f300449a1524138ae5f0435,False
v7_train_02385.jpg,train,raw/bangga_ppe,511bf27af2e4cab550f4b275b645c80ae7cf2356da5beef0a76aa791fd7991c4,False
v7_train_02386.jpg,train,processed_v3/train,72de282dae4b8fb0c468e9a1d90870c3a9f5c17de2f711bae8c9d007689700c3,False
v7_train_02387.jpg,train,processed_v3/train,cbe342099d5e7447fac02456b1ff4b37dba86351ae62983f42bfae4c52853700,False
v7_train_02388.jpg,train,processed_v3/train,1b4da076183f715c87e408a9e05e07a7b191ead9eebfe27f0667ae8731b11b28,False
v7_train_02389.jpg,train,raw/bangga_ppe,6487c3a421900a0659053911b5c12d7d80b5a561320233ff0677eba0caa723a9,False
v7_train_02390.jpg,train,raw/bangga_ppe,420e1a796ca4888ab949aae61f5740d8ac033d336a52931e740f4f7a2a620ced,False
v7_train_02391.jpg,train,processed_v3/train,fe6724f9bdd17dc3edba9f4c170e74a919f59bcbc2b70d3e7b7786085b5590d0,False
v7_train_02392.jpg,train,processed_v3/train,04782867d601c5ece1bef12928525d0663134b6844863c5ecd0ec849f44b3313,False
v7_train_02393.jpg,train,processed_v3/val,9c6d4e50052afa7e0e6908a6f70520ba64d1ad81e32c8065b38af4522c813c3b,False
v7_train_02394.jpg,train,raw/bangga_ppe,470168efd14ab8b4e95f99d928e648d77486cedcd487e2c69773d5068c7bf11b,False
v7_train_02395.jpg,train,glove_detector,a336bb97fa7884833da97cfa7583f578ce247ce1b1964d92eccf490cf2113a13,False
v7_train_02396.jpg,train,processed_v3/train,2e245b78ba12ab844fb820bf1a9e9c7615aef304f72dd059b0c7ee7f13caa851,False
v7_train_02397.jpg,train,processed_v3/train,8f4d5daa57f91ffad87c96bbb81a297e2fb43b7a524c61f1cacc593b93406265,False
v7_train_02398.jpg,train,processed_v3/val,1f0043f5465707221214c7cc5f27e60f7f88c3e33a8e180fa4246d5c70864446,False
v7_train_02399.jpg,train,processed_v3/train,9a9d95aada65f5b4c6eb72c18b27d3aae26d83e9efa39e134ec07a42f54e26e6,False
v7_train_02400.jpg,train,processed_v3/train,d201df9c53e6db24d9c045e4a69af4e6d690c6e7a9bbd7477d169358ede3feb4,False
v7_train_02401.jpg,train,raw/bangga_ppe,2539f9cffb828c423ff25f11d6acd3c796dd35b98c805ead85d6b4dd20cf5c0e,False
v7_train_02402.jpg,train,processed_v3/train,6b863699f22f617583557e1b0f5f1049bd66a8d04a76527ddb55c21ad036ca37,False
v7_train_02403.jpg,train,processed_v3/train,cec45ef96be6b3f7a7c00dfdc86a4889fe45bf5178e519ca5d5c15c8a999e42e,False
v7_train_02404.jpg,train,processed_v3/val,224633947e89892043fbc835de35b4a7b736a4a449e31ea750fead571b71c03b,False
v7_train_02405.jpg,train,processed_v3/train,1b96682452bb3a62f4ae34a713399b42100d72cdf84df216dfb04e338632eae6,False
v7_train_02406.jpg,train,raw/bangga_ppe,85dde035321071e6110049e43e52a1406fb821c3f5a809df544a3500f6c2903a,False
v7_train_02407.jpg,train,processed_v3/train,5f210d49ce686745d139eb26fdf5915ce93d9ebc7662d870379a46d25b0f5d61,True
v7_train_02408.jpg,train,raw/bangga_ppe,4a63633c036c7e84bcee91d420e6282de9e4fe4d5cd051df6b0e1c77d569d40b,False
v7_train_02409.jpg,train,processed_v3/train,c18040d3e2f8b21ecf42366d2bb3e4441fdd4aefbf5e597c3c34526f172374a4,False
v7_train_02410.jpg,train,glove_detector,4182a3ebe33667740975c40c0d84e2fe7032b00b0f0d93d8c6eb02c5d50d353d,False
v7_train_02411.jpg,train,processed_v3/train,28014d97b59ef6955344c2ff632872a178469e95d2b57fa5a1d8e03d08780817,False
v7_train_02412.jpg,train,raw/bangga_ppe,cca82ffaf13e831016dfe9ea45e0f661b5f83dfa8a9634f475a7b7e1e0bd2b03,False
v7_train_02413.jpg,train,processed_v3/val,19d17cbc5ade405cd9c4840fe28693df3f1303215fcb90c970edabebb81c02f0,False
v7_train_02414.jpg,train,glove_detector,b2dd83e62adf5d686d2fdd2b4c2f4d90d573e2cd098686b2cbafade093e201de,False
v7_train_02415.jpg,train,raw/d_fire,5e66283ca1447d349103b6218029f293c329f88ec687a598e72f324667a5100b,False
v7_train_02416.jpg,train,processed_v3/train,01c8377569e4e86f9855f7bc3347854a722ff9b1556e82fbc78f9062697fdf9a,False
v7_train_02417.jpg,train,processed_v3/train,e2b171afa25d0193ba3d8226670ec3a7f69e753f71ac33970b9dd868ae84b7ac,False
v7_train_02418.jpg,train,glove_detector,3156ba6ae9c3bfeb46ed13faf70c6b865b5840633b6d3a8df422d36abcd84534,False
v7_train_02419.jpg,train,processed_v3/train,67f96f402d6619b6f026098902aaa74538897840383f29ad9534d14c2413b869,True
v7_train_02420.jpg,train,raw/bangga_ppe,32a8a099934f95fea122f5c478c1bf4cd250922827c0099e4de5381fda9a3640,False
v7_train_02421.jpg,train,processed_v3/val,a566fd7786f3e5f9cbe665dac2e818171167502bd03616c9d2cd71962e1ac953,False
v7_train_02422.jpg,train,processed_v3/train,5ec8c79a79e208b641363ef4443e008d63acfd9615c273ac9acdf0400efa5991,False
v7_train_02423.jpg,train,processed_v3/train,ca2a3f6d72d85f7d03c4059668e7f2141b2e3b4d3d82cc0159f57d6120da3c1a,False
v7_train_02424.jpg,train,raw/bangga_ppe,8b919aa0251fb167bc07b26879ed0bff63c6e8f03f3a96a30ef42637057092a0,False
v7_train_02425.jpg,train,processed_v3/val,f102389deeee165eb73596b7272e355b037fd80c6ea6145b14b570cd945c8126,False
v7_train_02426.jpg,train,processed_v3/train,93c11ce50a967f60a83981bb5e284bcfb1d5c7f15b2db5e00f3b480ec47fd1f6,False
v7_train_02427.jpg,train,processed_v3/val,4453c14e1f9d9f58013c5fc1b85b9a7251d5a5824d5d79d4531878fbdd70e64a,True
v7_train_02428.jpg,train,processed_v3/train,29fc4f4d29d9b86275b000c9021dcb3b927197e5627dd2561024c8ca4d20a3a0,False
v7_train_02429.jpg,train,glove_detector,196962a0763db9af9a66ba820930c31d0c08188bd7c6126537f0262eb49538a9,False
v7_train_02430.jpg,train,glove_detector,d2f771a123e1c67d42d6d404a501650b2e585a2147d81e37d4e64b9181f91c19,False
v7_train_02431.jpg,train,processed_v3/train,39c2c0e2e4dd6b034b158ed8dc1acda6cf0677bc4aa62aac509d5f84c3b581b2,False
v7_train_02432.jpg,train,raw/d_fire,79f8fae46a8eef71bc73c6d58f1adf9f78c2236f57cbb43f8e50a4bde6e48104,False
v7_train_02433.jpg,train,processed_v3/train,05d42299921747d9b819c794ad00338b3cda4aee26cd80a33772fa2799130234,False
v7_train_02434.jpg,train,processed_v3/val,e1f6c001ec069ce814a1a4f9a4962a5fa8fc5a59c78e356bc1401f57aa5a32a8,False
v7_train_02435.jpg,train,processed_v3/val,3f0dcb08592ebd2ce4d83b31bde7eecbb4aacad1d4c88db031edd609476f93a1,False
v7_train_02436.jpg,train,processed_v3/train,4c47b08561ff7dbe7acd305fb024d727c9212c821cae8c2231a4596651cbe8d9,False
v7_train_02437.jpg,train,processed_v3/train,94da189417dde09ae61ba1fdb4f3636f3e714234920b269aadf8b6fe4b02d784,False
v7_train_02438.jpg,train,processed_v3/train,04ab604ee7a42e0513a98d83341c295db7929fc3143404449295e5729534bc53,False
v7_train_02439.jpg,train,processed_v3/train,6123fd72ab1217740db1019f99c497a1dc5959e1760bd2a16a577719a662eddb,False
v7_train_02440.jpg,train,processed_v3/train,2680bd8ae5e38805c1a368a96fa0dc0eda04fa5e38d85310770cf2f29cce7993,False
v7_train_02441.jpg,train,processed_v3/val,04e0d609e92d1f130a1168b5c81ea7d3af67a8dc69ffc1ed17cd1df2e4cabb17,False
v7_train_02442.jpg,train,raw/d_fire,7b3d06ef293a9acf1fe7b1f40208f2a0abd8c553ec5ecbdd5f19e7b01e3e62af,False
v7_train_02443.jpg,train,glove_detector,c87e47a7f81f8b25f019bc42ddc07f3c26b95b2606788c1195cea8d5d94c373e,False
v7_train_02444.jpg,train,processed_v3/val,0a69840e6f2ecdabf371803582c197c420a73857a9dd75843b7c03a9fa5c599d,False
v7_train_02445.jpg,train,raw/bangga_ppe,1939369dadab5f900e7e0a13cd97fef178b609bccbcb917f5f23a200a9a29a0e,False
v7_train_02446.jpg,train,processed_v3/train,c15fc093660014991e49dc1bd406a07ca9807cddc9c2323511220f7f2087338e,False
v7_train_02447.jpg,train,processed_v3/train,501fb79afdea10d2e88f1a987dfd775ebd8fe1f80b9e3ff76c1d00661d66a229,False
v7_train_02448.jpg,train,raw/bangga_ppe,a86a0161520f332cadcfc63e29936e833b38741b890ad0c9564f86228d35dbb1,False
v7_train_02449.jpg,train,processed_v3/train,1d5e57779a421da28ff8576c1f7ed7e6795b208290725004cbf2b20679a29faf,False
v7_train_02450.jpg,train,raw/bangga_ppe,6fd42149692aa89c7291063a7efaab30b5321cc630dae4c41929d322f957c94b,False
v7_train_02451.jpg,train,glove_detector,587985b9a94b00beb1adba64aa4458523c19ad7f1491f69029f27fa2ac1531b9,False
v7_train_02452.jpg,train,processed_v3/train,76f6c280526988c93d15e647dfba6485a615e2086b224e84005851342fa3e07b,False
v7_train_02453.jpg,train,glove_detector,a0d2369c0139fe1d458b79635988137e7adfbe2fc44466b6db2738291f5b1f00,False
v7_train_02454.jpg,train,processed_v3/train,8a5c898e77cafc5cae92ad518edc8ed06499e22bf31b17195163d351f55f5093,False
v7_train_02455.jpg,train,glove_detector,dc5cbb956a36ce17271e8fd46245542b871fa113353a8c457f84cd33230e6cf6,False
v7_train_02456.jpg,train,raw/bangga_ppe,7b8f74918fd64d422ff6b8021cdd828d5928c814b47ea098484a85b470ac72a2,False
v7_train_02457.jpg,train,processed_v3/val,875ce29c5f8919679511b35480785e5d37c0d1723d409aa9ddb2d56e230b137d,False
v7_train_02458.jpg,train,raw/bangga_ppe,42708350fb65c502cdb101b94d3d426937cc004d49e108d562dc3e4cd58a834d,False
v7_train_02459.jpg,train,glove_detector,77a0a33ea44f7fdb3c5753100a3a22b0a123e56f3a8555eab3fd6dc3d83f2164,False
v7_train_02460.jpg,train,raw/bangga_ppe,d394af3b0bfb2ebfe03a0ef975695667f35f0b1258e09b2d2d251e9dcbcdbd57,False
v7_train_02461.jpg,train,processed_v3/train,08ee0ec6dfcb15d713dfe2c14b792d676a0beeedcfd68f858f5d06cad01a92cc,False
v7_train_02462.jpg,train,processed_v3/train,9f00d4df457a0334a26d473962141416d0301368943d4c5381ba55ff67040e7a,False
v7_train_02463.jpg,train,processed_v3/train,9ee47af70c43efea968ac545c940f486118dc6cd636a9d8b8157b65a3b0f26a5,True
v7_train_02464.jpg,train,processed_v3/train,6c618f1f1a054a2edf7f1e8ba741c94fc4a92b66c7a2ec7f69a341a7a5dee134,False
v7_train_02465.jpg,train,glove_detector,7dc8155b2e0ad985899a5b6d7e641291204bfcc7381cee135e883f6c1bcccfaf,False
v7_train_02466.jpg,train,processed_v3/train,9656ef2f15f59e561e0ce904836f1a669d3f7ca99e9bff8253a00fa4942b0e6e,False
v7_train_02467.jpg,train,processed_v3/val,a32590681296cd4405baa26223a86b76df14eaee0372f16e476feacf07323432,False
v7_train_02468.jpg,train,processed_v3/val,82b94f51dbf97d2f3cb9fc4f5475561efafe80f9b3858e89b90217d358842bb1,True
v7_train_02469.jpg,train,processed_v3/train,b22f80bb637fbea10dc77c4b9ff6d32a9f7e963d75c790cbc3fe8be967b57808,False
v7_train_02470.jpg,train,raw/bangga_ppe,6f723a25fb77c2d340d084734bff53d0229db8144d878821c7d0fb7022a820ad,False
v7_train_02471.jpg,train,glove_detector,d1b80ab489f1b6074f576c4172d4a336ebcf72f214c216aa73bbdf0373f11e1e,True
v7_train_02472.jpg,train,processed_v3/train,9e6861e6033f3fec90b165ab8f91cf13d68fed5664983ac63102c1e6b95def05,False
v7_train_02473.jpg,train,processed_v3/train,25ac0f2b037d539758a1f7980c9c4e707be0f59c208a041c2bb79d5e5d3f05d1,False
v7_train_02474.jpg,train,processed_v3/val,f306fef4330f3861105e28371240c2951d9bcd8d44f3389686b9b3777994681b,False
v7_train_02475.jpg,train,processed_v3/train,1ae558ee8f87263ba9ee2611f25f3a1df960bd21b5cb0f5982537ff6e0b837ab,False
v7_train_02476.jpg,train,processed_v3/train,77189de8e7466dc38b5b8cc5f6aba9c5874e18daa07be226fd385c9353e4a482,False
v7_train_02477.jpg,train,glove_detector,a2c7820145188f202f6346220c9af356704732af535109efc439f2196e832edf,False
v7_train_02478.jpg,train,glove_detector,257c37e5c1f55b0d607c25d50c113d25a2454a5377635aae931470f8a63e9e43,False
v7_train_02479.jpg,train,processed_v3/train,31d433d0f22079e6b48ed09cb2f7442bd71417eb386722f2cf1793ac1f00d76b,False
v7_train_02480.jpg,train,processed_v3/val,27f37a4bd25e69b28c8003a098f7601b88af634f78d4a10d6df7051b46199ac1,False
v7_train_02481.jpg,train,raw/bangga_ppe,e6eedd6787b9a2b9f121ad532a08ce12526b6374ae111efe3185fdaafad69c92,False
v7_train_02482.jpg,train,processed_v3/train,94e25bdf73580b4428c1fe6002a563423007eb82f46854f252b6aec00a911cce,False
v7_train_02483.jpg,train,raw/d_fire,3bba680d56836524998adb68b5d48c2ca9742fa95490e36d12a7cf031df6d62b,False
v7_train_02484.jpg,train,processed_v3/train,aa5219891cf46255c2640df03af578862d1500ab43f491fc4b7e985f10395dab,False
v7_train_02485.jpg,train,processed_v3/train,bf04a613476722655af8c0894032c1197f62194ce24c26ac9def4f173ceb964e,False
v7_train_02486.jpg,train,processed_v3/train,867dd506942062ead4b046548cc098e0e73de9a7ee305b690a294d5a61f0130f,False
v7_train_02487.jpg,train,raw/bangga_ppe,903e3abdf8da6639a1a91b62d479ee4d57beb29f9b8d4f3f5554f5f3c5d09206,False
v7_train_02488.jpg,train,processed_v3/train,57b9d4a06deb1526cbefca198dcb5776eefc7a448145188696d90efd517a4cf7,False
v7_train_02489.jpg,train,raw/bangga_ppe,e0f6d4ebe397f881ed1016e5902f3d2acb6737cc7e5d2ded617ab4aa68981a92,False
v7_train_02490.jpg,train,raw/bangga_ppe,d310b6cbf2f75156c20ea389604a11078147a34d2a00d4b0651efdd1510012f7,False
v7_train_02491.jpg,train,processed_v3/val,af4c51f4d2ef1f91385e1890947f0511392a780926c945586ab6ffb79cc31018,False
v7_train_02492.jpg,train,processed_v3/train,223b2521f0c21d57068ffa64c5beed6dbeaa329f89ebd75e357d5aab5a22acdf,False
v7_train_02493.jpg,train,raw/bangga_ppe,6539b027faca989b7e3d592c933e2e055d42578a6d62e2fbf281ac93ea563d68,False
v7_train_02494.jpg,train,raw/bangga_ppe,7416fd93d98f50eb326c787a5b18369cd5ba6657b8e10b4239c8929fb825c9fb,False
v7_train_02495.jpg,train,raw/bangga_ppe,c5e35f706c365d1f5bda36b04f009c00b8018269cc5a4eb1453a0a8a5152ecea,False
v7_train_02496.jpg,train,raw/bangga_ppe,4cc2b90e41370fc7c424d4280acf4f4a5cc1e119dc860b351cd650866cd4fce7,False
v7_train_02497.jpg,train,processed_v3/train,b3f7db3d65894ccd9217002a8984ff4c52d4cb7e141ec264f275c878b1f408b1,False
v7_train_02498.jpg,train,raw/d_fire,3e5d043df8cfa2915f0bb05a07ddc659cd133f6f4acf35fe3213d4631965e4d0,False
v7_train_02499.jpg,train,glove_detector,2c8c6da1264f4954d3892d4e35a23e634518582d00f50d1f73e9bccf0cd0e949,False
v7_train_02500.jpg,train,processed_v3/train,ad2c4455f70242f94ebbf3c51a4702b6c0da26cf89927471813e96163b636d10,False
v7_train_02501.jpg,train,processed_v3/train,9096f8ce5a5d65054bcd67e9472a948e7cc77561d22ac717c4e1cd2bd00e9e86,False
v7_train_02502.jpg,train,processed_v3/train,3316ba4ee79a5aef327f60c72c91ad0994db715791dbab14b3db1ec338b85c04,False
v7_train_02503.jpg,train,raw/d_fire,8578e72f4d164c029e5c6c582c46c869086b33768a011bff26c2ce2922b37d62,False
v7_train_02504.jpg,train,processed_v3/train,5751b016d57cbef15fda058aeae10184ab7eb1c9d30c36ef0e66b8090e616eac,False
v7_train_02505.jpg,train,raw/bangga_ppe,315102ffd968be19a1579dc6c83bd0869af4595bae451fcf1506db451c3d3071,False
v7_train_02506.jpg,train,processed_v3/train,8c5a224b6dcf321fd66ced7cf731fc992ceaa75780cc5ee1025095ed2d39ebaa,False
v7_train_02507.jpg,train,processed_v3/train,1813ea99398703705b713b7c286cb462ef69de689126634602e3887ccee1f631,False
v7_train_02508.jpg,train,raw/bangga_ppe,0d599bf69c66c3a150bfa9baf1115170163d1a51f5a2acb0278b5beb07673411,False
v7_train_02509.jpg,train,processed_v3/val,2a19205bfb63838480a622b54fe73c584d2367ad56c1f77e5955d82df0f71ded,True
v7_train_02510.jpg,train,processed_v3/train,60e699b638d7e832fd9d8ff2235cd02bae11d4f6c267b50bc08e5215b4267868,False
v7_train_02511.jpg,train,processed_v3/train,4b5f41da4cb098620fe679f639230e95dfcae8dbb8365b5ea62b320ff0ec734b,False
v7_train_02512.jpg,train,raw/bangga_ppe,077489253a77dcca3f5de320db9ab46443daa1dfafb4110aabb2e4bbc4d880b9,False
v7_train_02513.jpg,train,processed_v3/train,4ba910b82a34de0131f3618d84c561cd5255c2841fdef160aeda6270499b380e,False
v7_train_02514.jpg,train,processed_v3/val,44d11596b6d47989474f50e8ac02c2911a82c38e17255d4ea25291bad3a7d847,False
v7_train_02515.jpg,train,processed_v3/train,b816b8fde29d14d26f8cbde0eaeab0c7c602c326de1af4110eb80d63f3ef9175,False
v7_train_02516.jpg,train,processed_v3/train,ed87292c8c2d815bfe9766c13591d5925572b473e6654502d26f9d6325ad2043,False
v7_train_02517.jpg,train,processed_v3/train,8846e4c1e9caa6adb4a53350d8401fd394477e3256e435d4dd4a077bfe94f8e7,False
v7_train_02518.jpg,train,raw/d_fire,c0a0ad3f9fe2d0a4edbd752ae706c61738f0e69d10074e043badb2b21da22b5a,False
v7_train_02519.jpg,train,raw/bangga_ppe,46e27b674f7b875ef9d242463b96b4ac2471dc9de8b1d6cec69e0bcfcf096185,False
v7_train_02520.jpg,train,processed_v3/train,f193bae174d31e76b5f8b68b13dce7deede3fbbdf3daffd022da529157b90baf,False
v7_train_02521.jpg,train,raw/bangga_ppe,993b930382ef2484b699333f3b0499b024b705aae16f3f2631e1788247095500,False
v7_train_02522.jpg,train,processed_v3/train,7738bf2780e639abdb050efdf4fdb304d661f379ff19badbdabd3f3e37866c24,False
v7_train_02523.jpg,train,processed_v3/train,76a175db69c62fc0a8147ae074b0e27f0c071df857a717eea00cb4308b1f1506,False
v7_train_02524.jpg,train,processed_v3/train,b66b261606e6b38448af72f33cf2d85f9aba5f625df3ad715a8250b154b1569b,False
v7_train_02525.jpg,train,processed_v3/train,9bc15e0f6fd260571237dc403c4757da5a9279a9fc5a9e470f84fe7d9e6caced,False
v7_train_02526.jpg,train,glove_detector,13622575dfe02c42694333e0eca4a056425713856cff1fb56756368603dcb082,False
v7_train_02527.jpg,train,processed_v3/val,b9afe89dae354f563743e37b455c47331031eb1bdfc001af1b198473f9fee2bc,False
v7_train_02528.jpg,train,processed_v3/val,f380a4b0dbd5dd610b0405c226574ea240e3cc577de5c8ce65b412f35a41c031,False
v7_train_02529.jpg,train,raw/d_fire,7fa957605731e6772b2af91526ed8c432c6964bdb4dce73ccb9d4b2c26934de3,False
v7_train_02530.jpg,train,glove_detector,88d8f54958f07a9ac0abae8a143676f4543f030914ad7182de9ba5d130a340a3,False
v7_train_02531.jpg,train,processed_v3/train,295de1fcc7aeddea2cc522b998d306dabad22f44a58bdbe5cc6e3edcc5013d6f,True
v7_train_02532.jpg,train,processed_v3/val,99a5605ed99d0a5f3f410d717b216acd130321b1dcfcd8f1d096fcf1d3e90e9d,False
v7_train_02533.jpg,train,glove_detector,0e4bd8e3c7a8c89132393ab418279bbf9275c4ce40a3e2240923992ac07a3ae9,False
v7_train_02534.jpg,train,glove_detector,d1d0fdaf275fd14080a91d344c7076c92bd23187c1ba8561a4636199144a735d,False
v7_train_02535.jpg,train,processed_v3/val,dec23548035e2676e2c437fcba01230074131bad14cb395477b5470a22bb640e,False
v7_train_02536.jpg,train,raw/bangga_ppe,41e3274edad1e05f2e4622dc0b1e5c90a06c9c580486022e62941bc6bb18b54f,False
v7_train_02537.jpg,train,raw/d_fire,8d51df88035fac9209eace7bf0dc1de95311c25dc24566c8bf3b3d879a9ee8ef,False
v7_train_02538.jpg,train,glove_detector,794fc0fc844a0201d4d98d000db8fb293c9eacb20dab539b5dce712c91920a3e,False
v7_train_02539.jpg,train,glove_detector,bfd80a98b3a5be497adab74b7f6d06496e60263a1719569615e1f194bc58a2f1,False
v7_train_02540.jpg,train,processed_v3/train,e3ff9c4f988e197c4fb8624b6920a40ce2d1c0384e5a66f1c6c1f6eb96a28e7a,False
v7_train_02541.jpg,train,glove_detector,d412aba71904b0c98ba3931117354f5be9ee7da0bf2d495ac3e446e0300bfee4,False
v7_train_02542.jpg,train,processed_v3/train,3d1b26b085ef87a56149302042eb312bdc0dd374e394e7b0d38bd4b35105b496,False
v7_train_02543.jpg,train,raw/bangga_ppe,648364ba546b053bcd92f792eaab1fa52679c90b16e262c7dcd34dd38428094d,False
v7_train_02544.jpg,train,processed_v3/val,759112a992b91da81d80c2d33f8d68a38f4635ef5bc2956184668bb5a2584882,False
v7_train_02545.jpg,train,processed_v3/val,533032a0c15df9fccada568a1a08dcbf3d7181c38b3dcf70ef402b16c203e917,False
v7_train_02546.jpg,train,processed_v3/train,a9c780d0f360ed9fa03ca6caed3d0ce6e781625be3d5342f36829769585c3949,False
v7_train_02547.jpg,train,processed_v3/train,f9c472db0cd9f6263e02bee134f4710acdc036b085b94ed64e9261a49ae75fe8,False
v7_train_02548.jpg,train,processed_v3/train,96634f1c2ae3ac068d63a1014ed6038dc9c998dac9ebf0141db28c07f6dacacb,False
v7_train_02549.jpg,train,raw/bangga_ppe,731bb2d6cc6d06e64a6dcc2a6b0f5455131a6bfaa512660992811e3ca0b80405,False
v7_train_02550.jpg,train,processed_v3/train,c6d3262ee7978dad3d34e699d2e24f3ec0556d16a7979e5aaca04b79936e8d13,False
v7_train_02551.jpg,train,processed_v3/val,c84efeee369a533ea3a88d424b624108e395b87a8fca5d17b9cf29505cf8a0da,False
v7_train_02552.jpg,train,raw/d_fire,89c7f77b1ee125f6dab32d0d91ea2252e6d634ad9f31679569a027398d784727,False
v7_train_02553.jpg,train,processed_v3/val,c6abef1cafc12eeb2c06265f6b2c1661229091d07409a0312c7f8504b7befa7f,False
v7_train_02554.jpg,train,processed_v3/val,8c5028f2bff169953177bf4f352f4b278abddb49da92da009fe42e7a9392e82c,False
v7_train_02555.jpg,train,processed_v3/train,924b638ec788103b26729ed93ad80942b6cee2cb6d5aff6af04d62dcdea255b6,False
v7_train_02556.jpg,train,raw/d_fire,b3af9c7b8f5a42b7f8573a50434a3dad0131e4092261b73ef2ffbebfed751366,False
v7_train_02557.jpg,train,processed_v3/train,bf4204703c9c1a29df43d2bfcfdb9494cff8cb9062741f7bdc87edfab011d2d0,False
v7_train_02558.jpg,train,processed_v3/train,90db9fbb9bc8159179b8b406bf5a9ccd492c29fdd7125700b48b03610dc05471,False
v7_train_02559.jpg,train,raw/bangga_ppe,21140b7d3c14c15056cd84f0f93094dc312cdb285d5bacbd54556cbd8f59f284,False
v7_train_02560.jpg,train,processed_v3/train,754157d06a33728004e8504bdce6d5f3c04723d5145b05a1deaaea68aea912ee,False
v7_train_02561.jpg,train,processed_v3/train,bbb01df17a2c7d16ae49c840494528f699ff7c6d76863e75c2542f53c21bb758,False
v7_train_02562.jpg,train,processed_v3/train,7e0a1be9d68e4ae9f82fcaac37889d06ecf92d83f1f759241d6be367366a7b82,False
v7_train_02563.jpg,train,processed_v3/train,cb2748a9f74e98bcb2be09ee61d38c6323931480b5e44abd50e1fad11c726d44,False
v7_train_02564.jpg,train,glove_detector,2141c372ec038219954f815141a8b8cce3e2490562393f8213b9cbca0b111035,True
v7_train_02565.jpg,train,processed_v3/train,fdbb99c28580550ef0554ed2a249aa34f881da3a57a789921f6d16b7c8b6e621,False
v7_train_02566.jpg,train,raw/bangga_ppe,2d9c4de14a07ea74dca97816d8776c103d51012ccbeeafcf6b591d3479e0d76f,False
v7_train_02567.jpg,train,processed_v3/train,30c64ab9fe3e7b5981fb5b60a0a1d0aa6394c1fdd971d95fd1bd0c86c27af9cf,False
v7_train_02568.jpg,train,raw/d_fire,09e17a7730bcead02e1c2a29e38afbc7621af067fd37c087839918217728c403,False
v7_train_02569.jpg,train,processed_v3/train,d8b1e69a45db2dbe6b595f95ac14c8db5bdc427dad0dcc7ecd805d47b021104f,False
v7_train_02570.jpg,train,raw/bangga_ppe,fd3bf76d27045abe0a05a213ff5bf9c09ade6cfe703f64cfad32d5c94e361cca,False
v7_train_02571.jpg,train,processed_v3/val,7318feaa72893d58d47453cf91366b21376f231fbcbea9a292ed344fba8c8c25,False
v7_train_02572.jpg,train,raw/bangga_ppe,f7d2d2da4f82dfb2541f2190de2ec7bec6399fd63811ec0058b3206ae4ab965d,False
v7_train_02573.jpg,train,processed_v3/train,c7b0d49e53fa18c6e3f87e6844f83e3299b62196c640ae305bf6684dba52752c,False
v7_train_02574.jpg,train,glove_detector,fda5402cd2b675ef357a8fd1c011e5f4a789bffd56458e247bbb68b78d579fb2,False
v7_train_02575.jpg,train,raw/bangga_ppe,c0b3c07e68689d4c6b54ec7f619279c6332f5f1f4cdec36c8ef02e36e3704d33,False
v7_train_02576.jpg,train,processed_v3/train,05a59d4a66fdc594cbc3dc1cd345a4773b60e8e6c9622f27dd90f806b42d4bb6,False
v7_train_02577.jpg,train,processed_v3/train,bb39bdf1c0e746aa63f27d278dbdef01509573bb82903f949538e393807b3ea8,False
v7_train_02578.jpg,train,processed_v3/train,dd4b5419741e2864c4036ced6ae669f93ad018350c84e795cddadb86e4353991,False
v7_train_02579.jpg,train,raw/bangga_ppe,2e1b684e698fc3db182df6c62b4df8a215f2394daf684c7f0dd75d855e271fde,False
v7_train_02580.jpg,train,processed_v3/train,bf534d41c98b170e0595b8155da5888c97bb86a497da8b46d53d8d78cb27c936,False
v7_train_02581.jpg,train,processed_v3/train,98911976ad1d2d9ee61b44ffd8dc67caa0a045a0c4990803c68fee2dccd903fe,False
v7_train_02582.jpg,train,raw/d_fire,7e81da926cf30e2aa2ec2c057fe034ef40a2d9bb583f357170acf2f7b9077998,False
v7_train_02583.jpg,train,glove_detector,9890a6f787c204a57c53f8447b07e1b049db40c0f8d7e02223d6784d46d8ab0d,False
v7_train_02584.jpg,train,raw/bangga_ppe,559d17403083459c999270105db29f9751fad0d59ceea6493f139b6e70893499,False
v7_train_02585.jpg,train,raw/bangga_ppe,dd102be1b74b200526655f658d0f8c3dc6899a6825d145b7001244bcb4baf8b2,False
v7_train_02586.jpg,train,processed_v3/train,56201e66ba8d144d77193bcb47df957ecbe579c8a6e97009435792062d755661,False
v7_train_02587.jpg,train,processed_v3/train,9788cefae851629198f6d69bda95dc2cdcbc30c44470d18597be9a3d439ae6d9,False
v7_train_02588.jpg,train,processed_v3/train,68a50514b79926d8a6ce4c04e4d9269ac8dd35a605d2614d9b9ccc103aefea95,False
v7_train_02589.jpg,train,processed_v3/train,4e392524121f4e47657b979d32e3232307bc7bdb6c3e67af9e1d65792f0573de,True
v7_train_02590.jpg,train,processed_v3/val,29ca0d4d876138484425c9bbfb2346fc1109d085fa61e012934aa88ac0db8ebf,False
v7_train_02591.jpg,train,raw/bangga_ppe,2b99a033eb70e0f970aba2c46a32dc4c21a8716ef5f1ebd8490dfba3d54dbe9e,False
v7_train_02592.jpg,train,processed_v3/val,0ba779ca249219560533ab9be72e98c63f0ec3949945a6ffffe6cf41c32a2a1c,False
v7_train_02593.jpg,train,glove_detector,60c37af5915ff5adb348c72bf361e44eafc9868fb01da976608714501645036b,False
v7_train_02594.jpg,train,glove_detector,bdb1716cc6f29d98434498c64c42344d72697469b84d4e00776b63bc54ef060c,False
v7_train_02595.jpg,train,processed_v3/train,adab273e1cba3c7102802712945ae7f97c3cb36234867e8b003e156125d9cc7f,False
v7_train_02596.jpg,train,raw/bangga_ppe,711fb96c0c672980beb931818b61dde99e1fcabe04f1bc3f820d118a89de3339,False
v7_train_02597.jpg,train,processed_v3/train,a298b55242a0dcf7b5de5f69da7596588fe0449e5581086b3c3ce7b2509151f6,False
v7_train_02598.jpg,train,processed_v3/train,6ca69986e71b55b630b998b088027b06bd56197082ff25145f5f6401952b8559,False
v7_train_02599.jpg,train,raw/bangga_ppe,3cea300bb06d3f3a8a3ccd27bcaf4125e638da3a6925eca9cc9d5c5974cb9d26,False
v7_train_02600.jpg,train,processed_v3/train,4e93fe0de3f6f5bd6e393e2202842beed38b2a1552a9dd1503e3394158dbfcc5,False
v7_train_02601.jpg,train,processed_v3/train,b071d5fcbbe5f1c6e9b9c1a522ceb15a213369c6ff01543596581802491539e1,False
v7_train_02602.jpg,train,processed_v3/train,f3f8b0eea401820aae62251215db21ffb550794675b9c724d7b97507632fd866,True
v7_train_02603.jpg,train,processed_v3/train,1087ace4189c2ad48f16c642fca7f9dd538540105a7eb442f33a57a5af5031d6,False
v7_train_02604.jpg,train,processed_v3/train,82e7597128272c2a34d007a418fb774de82328575c1a58a78cd49ff441bb2344,False
v7_train_02605.jpg,train,glove_detector,6b19f30fc9f8ca63ce6b9bfdc9356d33976d332e531a119528580503cec3d24c,False
v7_train_02606.jpg,train,processed_v3/train,75946694fb2dccbc32f8658187b9f3fbd61d8414864cff34a44754daf1aca323,False
v7_train_02607.jpg,train,processed_v3/train,932b6dd9e1b2702aa4a4592c2c689b7ec3d7ec9214a0e7ae6d1e6181bf6fe4ef,False
v7_train_02608.jpg,train,processed_v3/train,b4599fad87acde3519126804f5c8364a1b0afff18de24109ac1549f5b04e6752,False
v7_train_02609.jpg,train,processed_v3/val,8733e8b4a3029e0748fbb3ff94ee80b94131bf0b0b2235c21e782c3ac822af13,False
v7_train_02610.jpg,train,processed_v3/train,82cb8d7c57cd7ab0cef970b2ce5ebdd6c9dcca064b9b666f4d551332be36f53d,False
v7_train_02611.jpg,train,raw/bangga_ppe,25c9b88adfe15eff9c64e6e45177242e4dff739d2c5113216872fd8d57c3fe98,False
v7_train_02612.jpg,train,processed_v3/train,5d8c6c74ae36fb7fc334baccbd0372e71466510f1473088552dddd6c5f453929,False
v7_train_02613.jpg,train,raw/bangga_ppe,094b12365677234572d5320a2ea27b4e830fc62bd8514508ca1ef7ba7470573d,False
v7_train_02614.jpg,train,raw/bangga_ppe,c8274d763bf143115b4bceafef7b50e7ed6392bc17f2f506f7d0ccf4e0b0cfe0,False
v7_train_02615.jpg,train,raw/bangga_ppe,aaf343102585864939bd073e08eb6b320a446d367af923652fea71d558454a0a,False
v7_train_02616.jpg,train,raw/bangga_ppe,9320a4aed7c6b1527d6253bef05455e1a365abc02b379ecf47e3a07518cc605e,False
v7_train_02617.jpg,train,processed_v3/val,93b07335f804d153d7c07a16ceb90608d12a8310d1838b01489839416e0be3a2,False
v7_train_02618.jpg,train,processed_v3/val,be7440190472d935b067486582c4d357f8f2d265fb19351b779f03af7827f84e,False
v7_train_02619.jpg,train,processed_v3/train,2e0fe1343b6e70b2841302456564c6576773568f7e284fb14f338f378e08db5a,False
v7_train_02620.jpg,train,raw/bangga_ppe,54690ab6b7be3e7ab1db0ef5e8ed157cfcc7b819b5360fc486bc037b722bc8f2,False
v7_train_02621.jpg,train,raw/d_fire,a4dfad009295878cee78384e627cc868cc93fbeb5093ba08fb5e69eb872b72af,False
v7_train_02622.jpg,train,raw/bangga_ppe,37b18b466b39bc271df34586ac003c604900809af993e0d4224ecc1c1f2bbc5f,False
v7_train_02623.jpg,train,processed_v3/train,c1c03b57fc9aa3e3064a8273408f6331c3c35eb2dcd41bb0b7573b1768125e29,True
v7_train_02624.jpg,train,processed_v3/train,bd480bea76a5a9a4a3a2081c5c805d2e026a247c5d379afa8a86a5c145285d73,False
v7_train_02625.jpg,train,processed_v3/val,2497783baee51c38a8d5a4a5e9f098710ef4fe915e3665e40643fc118de64bd5,False
v7_train_02626.jpg,train,raw/bangga_ppe,d453b956b6e2b3f231df0bb5e1abc2ad8acc88473a27dbd16581be98002e26f1,False
v7_train_02627.jpg,train,processed_v3/val,8d8bb24e6a5a7bea9042ac4bdd1d96a7af7edc4542f05efbbc892546ca9ecdf6,False
v7_train_02628.jpg,train,glove_detector,9b7c1e59c821776af937b8e42d342faee4aeeefa8a0cc585627ebb717cc14731,False
v7_train_02629.jpg,train,processed_v3/train,33cde1814c82ccaf98f200c8d585494dc519c5f0bcd874879f9d949b66b542b9,False
v7_train_02630.jpg,train,processed_v3/train,51cc3c549e1bf42b930bb658b99f1eb10a4bc9b0be4e5215c2189cdaa132794b,False
v7_train_02631.jpg,train,raw/bangga_ppe,6d7362d3820844a045a8a64c416819ebb148ed5c9acf42d2fb185598e3741bd1,False
v7_train_02632.jpg,train,processed_v3/val,625cd451b99fba87a2da14bcd6c9be020db142e2b1b4178e21d593b50aa28000,False
v7_train_02633.jpg,train,raw/bangga_ppe,556c451e09c2f89b23b315949067b8ed615ae9800f777491eced4b9e50e6bf09,False
v7_train_02634.jpg,train,processed_v3/train,91861f3f5c80812433e6148dcadacd6250a3c57623bafd6f5b719d05e175b4bd,False
v7_train_02635.jpg,train,raw/bangga_ppe,0eac04d5436dcc735fbe651a197d20132b24f410f897246298f7a725ce3d468a,False
v7_train_02636.jpg,train,glove_detector,8ea40619be6131f8e57ebce94f6ada6d302d79924ba2d36a6c1bd1f7cd36abb9,False
v7_train_02637.jpg,train,processed_v3/train,4ceff765ccf9f7b51105dd759e152ee61a0c857b2dcd9b885dcbb248e926efb9,False
v7_train_02638.jpg,train,raw/d_fire,4f245c59cce1d8ce4550281d617d4c2dbb4d41a78309df5ef54117804ef493f1,False
v7_train_02639.jpg,train,processed_v3/train,dd78e8e7ca4940283b825ec84cb859468e73b5fc7b4a173b3e6991a7ad9cf118,False
v7_train_02640.jpg,train,raw/bangga_ppe,f3250e77569beddb28df55e34032294f4f9020593229fbe0297731ad1637ac3f,False
v7_train_02641.jpg,train,processed_v3/val,6374eb4d72b41611214fa4eb1197c6ed26040e71db1304f6be97161d225e270f,False
v7_train_02642.jpg,train,processed_v3/train,3bf2089445f73356e2c76b09c8000b2fe9424855c87809f30dc5e3fc42e848f3,False
v7_train_02643.jpg,train,raw/bangga_ppe,6f08ba1e6ce773989442a3c0f889365c3298e17fe1090a3a90cb6fe18ead1404,False
v7_train_02644.jpg,train,glove_detector,3661110dbf68325206e5d20d3aad3d8a30f9b41f85ffe11b29f52e92a3ad2487,False
v7_train_02645.jpg,train,raw/d_fire,1304acb48d2ba251bf3218d9ea7f5c5408250ef9988b2a2dc12ef78251ce83d9,False
v7_train_02646.jpg,train,processed_v3/train,595922fafbe2bc7d5b3051ec94b919bfd252f59dde4cfba619b26e133230f678,False
v7_train_02647.jpg,train,glove_detector,1f932928e8473b5f9fb45662c32b9d3c6e37995010d2bd040a64208aa445f00b,False
v7_train_02648.jpg,train,processed_v3/train,4cda4c02508dd1c8be66af6afa0df6f618156b3512a856f63a4606b9e1557bd8,False
v7_train_02649.jpg,train,processed_v3/train,0ac55273782f8993cbb97eb4a9a6923e3651d7971f6924e0ee58c0dca09eb18f,False
v7_train_02650.jpg,train,processed_v3/val,c292a566a7d0c1fd467db5222a3005e82969f843fe3d5d33cf536bccb48776f0,False
v7_train_02651.jpg,train,glove_detector,b535e4d65a724f31d9074e2f13753b7aead0880c5ff3eb2e3253c74777ec8bb2,False
v7_train_02652.jpg,train,processed_v3/train,2dcdbb0d098f6fd178704c71e94a557897e384ec50d471c179d852903cba800a,False
v7_train_02653.jpg,train,processed_v3/train,59e61567dec011c0019501ab1c78bd3410778cc5d63d1b8856cb9cc2b39158b8,False
v7_train_02654.jpg,train,raw/d_fire,0cfb5833658b58b37ff6a7faa5d65b2e254ca17381117878ea87b323c9457fcb,False
v7_train_02655.jpg,train,raw/d_fire,6ba9bfc41669acda7d2ebeee6df35d49827e9ecd43364c5faea9c4203f026ed2,False
v7_train_02656.jpg,train,processed_v3/train,7d6f012a48fb770162a88862307aaa4252bd754d8146c317a431f4d720af381c,False
v7_train_02657.jpg,train,processed_v3/train,2835f5a2e7133a96996e7771d4c9b48b64e1129ef976197611fc388e8a9df61e,False
v7_train_02658.jpg,train,raw/bangga_ppe,5551cd683e5fbab8c2f6f01a1f1075b747dbda944d6daac23b82f0c0c5a431e9,False
v7_train_02659.jpg,train,processed_v3/train,f162f0033b859aa320e10fc94fc37c5d982490b5f07ebe3a0b8acdaadadcffcb,False
v7_train_02660.jpg,train,glove_detector,defc8f696c09dd3fd876f7ab60c6ca2c0cb3b89908c8fdab13f4366b44c5d24e,False
v7_train_02661.jpg,train,processed_v3/train,3305a467fdd8dd7189e563bc2300769fa94e1df326ec44e621c869670510d12e,False
v7_train_02662.jpg,train,processed_v3/train,2fa47b237c25bb226b57e92bb2364d2bbb75e77453062f0519723a53484459c3,False
v7_train_02663.jpg,train,glove_detector,ff576d94fcd744ad80d30b4f5c48e2d3e682cec393c4fa1296f0df637df6cc9d,False
v7_train_02664.jpg,train,processed_v3/val,11d3c72efe612d9e9895f4b6b39e10b70f10096d6536431c843c7440c1b122fc,True
v7_train_02665.jpg,train,raw/bangga_ppe,904a5fbf106cdf25096f2d82da7f91160527c9904f4b746cef7b701769e69e85,False
v7_train_02666.jpg,train,processed_v3/train,a51fd4f67412130ff405199748df4dfea41195aa481a9835f6543b727ed860df,False
v7_train_02667.jpg,train,raw/d_fire,06d90d311906b789841913edee4034cb9579fb22deced3fb2ba333c21c9672a3,False
v7_train_02668.jpg,train,raw/bangga_ppe,e74be5b32179c7efd046a38a48c282387b4b2aa586332d48175706f779e1839e,False
v7_train_02669.jpg,train,raw/bangga_ppe,8f69a14a63867971a2b8d692715c6384cb9b34067d2a72653921282f6f9b6e51,False
v7_train_02670.jpg,train,glove_detector,0fd52dc9be74d89162b1019d8a1708de252f7efec37fef9f4ffa63cd6750315c,False
v7_train_02671.jpg,train,processed_v3/train,978b317a61f6aba325fce43c3eb2ef6ff4e6af09ea84477317c3475a81077471,True
v7_train_02672.jpg,train,glove_detector,152df7994d9ea63fda921034106f049ea6165e25dff378e95d81238bb08d3be2,False
v7_train_02673.jpg,train,processed_v3/train,56f0aebb0b9e2735bc60e1f2308f6c365bf847958412865e0888964dd11bcd8d,False
v7_train_02674.jpg,train,processed_v3/train,c3e7dc930fa7cc371334196cb0a84dad1180862df305383ce5c0a93fc158abed,True
v7_train_02675.jpg,train,raw/bangga_ppe,c4f2b71083e91b6db502f2eb1e0c05cb131fe2026aaca9a5dc4046171c656aec,False
v7_train_02676.jpg,train,processed_v3/train,40b4956e151dbd81a816fa3a35d235672486cff498440c808bafd7ba18b75450,False
v7_train_02677.jpg,train,processed_v3/train,d9b4a7796f264d3b9445686f45f86d7e436d137ff710a798612560763865a2e5,False
v7_train_02678.jpg,train,processed_v3/val,c56fd80bdb9e1209e66852c3f613c5b4a2e2a915cba954a4a7f94ec570c4b738,False
v7_train_02679.jpg,train,processed_v3/train,2c9ac39ff7886330d546b2625b3bc56eee4e7dc6d8c6497bf113121c8f2641dd,False
v7_train_02680.jpg,train,processed_v3/val,b5b19673acbf8172bdec8ea24cfd8170bf2c526e78f83cda73827cc1315bbfc8,False
v7_train_02681.jpg,train,raw/d_fire,c3a42d214899d7cc952c28d933f0730449f43d237a542e96bf53824678a04c54,False
v7_train_02682.jpg,train,raw/d_fire,65849af61d8889c78f719a144b81e2a8aefbc5d78049ff1dfd855dbcc90e67fc,False
v7_train_02683.jpg,train,processed_v3/val,2ab82d000ed29b0ede7656b592598fe5d5a5d179ee5c3eb655e120b92c6cf99f,False
v7_train_02684.jpg,train,processed_v3/train,5c45791d626d43a705ad876f087cd5801506ede6e2f05ac75ccf3a327c48f70d,False
v7_train_02685.jpg,train,glove_detector,8d8e7b78a00316b79cf01238fd139bc6d2b42c5e8ff10f886a2b25d734d09f71,False
v7_train_02686.jpg,train,raw/bangga_ppe,b3004528b814e4e0712f491040bb70ed9b0a639aa459bd620820abebbea996ff,False
v7_train_02687.jpg,train,processed_v3/train,077462a3810684bee39ed61a22494768f1db0229bffec9fbe9e9047dae4ebfc6,False
v7_train_02688.jpg,train,glove_detector,89714315be209315e4c58990d434c6cb76836f60516b56b71bfa4b0bff9e0ea4,False
v7_train_02689.jpg,train,processed_v3/train,200591c4a2cc301eac4a56fc6383f8d685bd2de29c439a14c678af8bfb20551e,False
v7_train_02690.jpg,train,glove_detector,ceccc9c415e5fcc77a08706fbe0f7cc7811e4511c53f9aa2ff5637abd7749e3d,False
v7_train_02691.jpg,train,processed_v3/val,ce4358abb707f32445fe868cc17130d563f606ed93bc10241edbe1beef016077,False
v7_train_02692.jpg,train,processed_v3/train,31bd16d4f804435e45298814c0947da7f90d68ff43d9706a428e6d720bde0111,False
v7_train_02693.jpg,train,raw/bangga_ppe,61c4b3ba4091c138cd3a756ccc7eed302617d3ba54bb76fff9c70c0101af4238,False
v7_train_02694.jpg,train,glove_detector,ae492dd2518b58c25edff9112379bae5e5560b8a229af0fd60de5fa978a436e8,False
v7_train_02695.jpg,train,raw/bangga_ppe,6de06ef083e82f7457ce9e955966d2e3ce81416056e43e185d2e58e9ff5fe783,False
v7_train_02696.jpg,train,processed_v3/train,e4bc90eaeac2dd4ba662fb1eb54a5028964ed6791ed0a9076c4d96e10dd77f81,False
v7_train_02697.jpg,train,processed_v3/train,5b90ff16961b07a252f98b0e7f075adef17f9c62b420b3992825cb1961cab902,False
v7_train_02698.jpg,train,raw/d_fire,693a5502581e2d3959201babf713b7bc983002a975aad5cc3dfba1b3ae9f231e,False
v7_train_02699.jpg,train,processed_v3/train,15ed4d8d7114d45fa3185afd0b2e6787eb7bdba8560cf92b607ce0918a197c76,False
v7_train_02700.jpg,train,processed_v3/train,c91da9b31c8e619e14a02141d12b5ee5dbcb192eec82bcf6644c437408095efc,False
v7_train_02701.jpg,train,processed_v3/train,eb22c1445d627b6ff9499cee79dcb8655d37ca8aa1ba56c26e555a64cd141c0c,False
v7_train_02702.jpg,train,raw/d_fire,facb74d9cc72aefcbae2b0e304b3c62e10dfdfb035029bf63671e6fedd8c0da4,False
v7_train_02703.jpg,train,glove_detector,afa83595db907011be7642da3b109c5c9d59ba5966478502601f2bdaa28b0917,False
v7_train_02704.jpg,train,glove_detector,b33cee5213dcb4ef4efe9989ec17e98058a1b073ff79f39eddb2e0c028173b89,False
v7_train_02705.jpg,train,raw/bangga_ppe,ddaa2898e49ff930149b63aa9ae7f986f8eea296f3b63209a1a2f8fb1eb730dd,False
v7_train_02706.jpg,train,glove_detector,7ea931af5471b101d962630b856a8aca3777fcab6a6a1b22ee8e8eb1043d44d6,False
v7_train_02707.jpg,train,processed_v3/val,b829008f0c2aa456fee5373ffb3c122feecbdfcabead9e3b819bb6d5051362e2,False
v7_train_02708.jpg,train,processed_v3/train,fd62d1b1f7c729334d9d022552e01479d3d82e1c49c6cfe0ab33310d1067ebb5,False
v7_train_02709.jpg,train,processed_v3/train,35ca93b895d83509a9a24d0116e5e735269aa11d8b787c0fba09a36086c248e1,False
v7_train_02710.jpg,train,raw/bangga_ppe,d1b86549a94dbe66a0a071e7c331a518ebc7a6840eeb2d763195c23ca7860b62,False
v7_train_02711.jpg,train,processed_v3/train,b57bd333f71a284fa1e527f576b2449f24e624c61a0b9e62bc14c71b6cb4abf7,False
v7_train_02712.jpg,train,processed_v3/train,864a4256c8dac71a3789df3f9becbd2d6f00e5fe571e616940067119f6485e61,False
v7_train_02713.jpg,train,raw/bangga_ppe,94b8761cb61e97b71136200ff1ec9f2133e207ea867deee9659dc01ac449fa96,False
v7_train_02714.jpg,train,processed_v3/train,497bfb9c0b443954d5cebe32b25a809898f56323ffd6f76ef4928cf676c6528f,False
v7_train_02715.jpg,train,processed_v3/train,f54383067b3b54da28dfaa1d9fb528a4e8093a3f90eb44bf7802f1b7d989516d,False
v7_train_02716.jpg,train,processed_v3/train,12c07f5154f2c5fec2f50162b2bd58a763c00411733346dc104a7155087d9d47,False
v7_train_02717.jpg,train,glove_detector,db3a65386eb8d7c6c417945aa88f2958c2c4a0f007812d50c97adfc34c868b19,False
v7_train_02718.jpg,train,processed_v3/train,8a1c27d173b63519a0ca4693853e9cf7a14ee89223aec67abb0d486497a9262f,False
v7_train_02719.jpg,train,processed_v3/train,8c0ff7536bd32dba244c301f4d8ad40f430d00b4ddd799ffebaff469935cdf02,False
v7_train_02720.jpg,train,processed_v3/train,e0b9e2b4c74548ecbe61d735e830841229f4d956dfab94c9dd10629753306b24,False
v7_train_02721.jpg,train,raw/bangga_ppe,8f5ae60c9df29599644a7357e2eff91383f41beba890f07147a56934b4874e7c,False
v7_train_02722.jpg,train,processed_v3/train,cc34073f5c95a89546dc94cbf84e940f502c1174062f2dbc8cc47ef7f1be903c,False
v7_train_02723.jpg,train,glove_detector,06d49f2b99c00b55359d01fce97c3489634f83258f9b5218479a9d3fa4cda5de,False
v7_train_02724.jpg,train,processed_v3/train,cfe3d2d12a8e29dbc6cc566a2991aa0a1d3267fc5ef94ab99958b761205ad83f,False
v7_train_02725.jpg,train,processed_v3/val,954706158b76c0e04c2fc04ffc55166385fdb207237e64f7814558b334ae2d79,False
v7_train_02726.jpg,train,raw/d_fire,8e80ff78040507f323d42b9133250e80bece99bdd160debee1e606165980159d,False
v7_train_02727.jpg,train,processed_v3/train,857d7c232139c85dfbd8f5378886321ebbd463e36a83ed2e9149fc835c2cc192,False
v7_train_02728.jpg,train,glove_detector,8cf87cc4400b2d44a669748b4c5cc0b86d920b28efd8205127d93707fa046967,False
v7_train_02729.jpg,train,processed_v3/train,255aab568be654acb4f1c08cded0519371c8be504863e578e4b9ced2e49b7b73,False
v7_train_02730.jpg,train,processed_v3/val,2c317785a95684067151a3a310f9cfb2c0a08ba450a1e6219199ef700fe59711,False
v7_train_02731.jpg,train,processed_v3/train,ff1c91df3c26e58f93e652bfcb6993f66b74d0fa442db8519c6dd2f5fe45d463,False
v7_train_02732.jpg,train,raw/bangga_ppe,22e0f27af314afa6dbc8c86c38fe17ae9354fc07c1d998526a4f5c8006f50036,False
v7_train_02733.jpg,train,raw/d_fire,fde2ea794febf9b02085582d00b23ca38d272cba06fce36918041cdaebf44502,False
v7_train_02734.jpg,train,processed_v3/train,6012aed25a573e10828b7d2c590c673c186b7fe5ba35dba3bfe2b2ac048d8ec9,False
v7_train_02735.jpg,train,processed_v3/train,6c4caea538935fe5232cf89bf451b89085d44a173c378351239e17a570a2e13b,False
v7_train_02736.jpg,train,processed_v3/train,13d5f15e468da021d9cbfc94018734f889cd41d96016180d6eca4772c4f54621,False
v7_train_02737.jpg,train,processed_v3/val,68798927de4bc8da1ae70954acde60d8417ceb592f5ff133552537dd5ec3c2ef,False
v7_train_02738.jpg,train,processed_v3/train,245c5ed446e6918e33425c0c6a24fd976c465017a6b5ba85832d84a645593216,False
v7_train_02739.jpg,train,processed_v3/train,6924a479baa94a64b42431252b76a3bf75d67c48123ba30a617ffe73e9f01ca7,False
v7_train_02740.jpg,train,processed_v3/train,9a1b607318fec348345f333d5660bf0b24d2fe8ce11c01bf74ecd50880754fa6,False
v7_train_02741.jpg,train,processed_v3/val,8d242f4e7e389689fcb1942564ff6b46b61df8c9a0253eadbe1da07e840a7eb4,False
v7_train_02742.jpg,train,processed_v3/train,3d2e89337a3bf8bb658f6b6de347c6b5064de00677891c6255ae84a2f725ee25,False
v7_train_02743.jpg,train,glove_detector,329cddb0d795ae5ae1f3176863d5226fa74d2d08aa174020029943b20c7fadd1,False
v7_train_02744.jpg,train,processed_v3/train,b057fca071a2e36a6da52deb082d0c31391167110e8e2f1dc4c7319b948d6d6c,False
v7_train_02745.jpg,train,processed_v3/train,9252c77ea3df088713f566b70d56cbbe380576cc2bbc17806baa802973ccff4c,False
v7_train_02746.jpg,train,processed_v3/train,c6f7dfec16fd7872340bf8f528e629584ca3bdc998914121cb9999bd1368e8b4,False
v7_train_02747.jpg,train,raw/bangga_ppe,856ab45ecd646327cee65960d1ba36119613aba21ce81dd795b114da3493dfae,False
v7_train_02748.jpg,train,processed_v3/train,451e9d00f4a948fc2a5cd9bedc9f19e20c2814d62532e95b1e3da545f6ef5c04,False
v7_train_02749.jpg,train,processed_v3/train,02c0e0d816fb8dd9bee88db0b9739c2547eabe35c626847a7707a158155fb078,False
v7_train_02750.jpg,train,processed_v3/train,daf87d96bc347f57438f8e85961060d4a1d952d904c12dfacef39617a3911988,False
v7_train_02751.jpg,train,raw/d_fire,51cccb923ef5b7d14e880605b2ac9367d9e0e8c16ce2f25a5064d6b68c7c15f5,False
v7_train_02752.jpg,train,glove_detector,a7805159795630c35f9ddc8a0b6c5e609fc52ef0d1665bbfdf18417a32ea8c43,False
v7_train_02753.jpg,train,glove_detector,07bb9e1f2b118bfbcb28617559567f9d4f0def8dc6f4f52d6d737388ded6b9c3,False
v7_train_02754.jpg,train,processed_v3/val,952dec444c7fae1cd4f80d2657f260200945c896143c1621e1de1250fa2ca20d,False
v7_train_02755.jpg,train,processed_v3/train,07e45b90f9dd56ea27f70fbd7a3c7b3b9756e5fc052ed9b2c3782f9e3d31a4ac,False
v7_train_02756.jpg,train,raw/bangga_ppe,e019c97c84ddae8df7f01309be87288fe875e2a0d433979bbe2eb0574488daa8,False
v7_train_02757.jpg,train,processed_v3/train,bcc9e9bfe7e30428cb8ad9672d5cef599a65408d637b1af91c12cf21b4acba31,False
v7_train_02758.jpg,train,processed_v3/train,e71134173db41a97ca31100e5d883057565691b4f1302e9be9ad564af815b000,False
v7_train_02759.jpg,train,processed_v3/train,7b995cd1a7534c30006e24ac2883ae2c5205f3cd3cdd04d4e8b8b808714594ae,True
v7_train_02760.jpg,train,glove_detector,eba9e701e9e0624d16ff2df491d8f0abe5dcc58fd1340ce56971c5a62326c922,False
v7_train_02761.jpg,train,processed_v3/train,ebc81db4452e8df216755fcbc83a544065c05bc560ea761184f3a63b5d5c7487,False
v7_train_02762.jpg,train,glove_detector,7174f4752784a123ad19cd8a58078c37c04ad0760579923ff95fa06e86ad65c3,True
v7_train_02763.jpg,train,processed_v3/val,17cc5011821c2340fd13d4c5a7468425ad824ffc60ab9cc85370543c79b145d2,False
v7_train_02764.jpg,train,processed_v3/train,6a884783beb155bb1f47e88d5f1a624cd9bbbd16f8f3f0a552b6fe3ea934ce91,False
v7_train_02765.jpg,train,raw/bangga_ppe,5f07a33b56ea4fadf817a06a501b79f5dc30acc00a6824af773ded644edf1231,False
v7_train_02766.jpg,train,glove_detector,1e44019cec489f98f2a8835561cdfb257fd70f10a0cfcbc115f2e486e7768d6a,False
v7_train_02767.jpg,train,processed_v3/train,16552a1319515614b5a83240a03eda79bc4bc52e6bc558a5d7b7088680b64ed0,True
v7_train_02768.jpg,train,processed_v3/val,dd4d04ac4273cb830c78bc75bdf947b81a1318461d0b37b082af7c3a4f666368,False
v7_train_02769.jpg,train,processed_v3/train,c3704b7370e91a136393e3b0d57d1a86b2d2ad47a44828ea52cd52274191514b,False
v7_train_02770.jpg,train,processed_v3/train,d2e8ab933233c6824e9c9dcc036c2558315384063e5a67500e2dcb52380281f9,False
v7_train_02771.jpg,train,processed_v3/train,413a3c83dd9277fca0950ae5dc630af0539444597b5b40a9ff73ad915869bc32,False
v7_train_02772.jpg,train,raw/bangga_ppe,f77a26048d99af4cb16e8a622bac46c662f6946ed80741969553576a48449897,False
v7_train_02773.jpg,train,processed_v3/train,312e85433411bb142f21601441e214af997bd902a2878e385e13a39caa566daf,False
v7_train_02774.jpg,train,processed_v3/train,a33455d4c78b3bd76a716c2af9d022e57e48daabd5ca2e2ec0583b68de7cd183,False
v7_train_02775.jpg,train,processed_v3/train,19fca8db3c14257cd175f2cfdd487b9de51f611b849881560e2e52a7512e922e,False
v7_train_02776.jpg,train,processed_v3/train,d7a248caf6631f2c1962b9f1f3e68602f33f84a0e9fc59f2e1ead9574a518ce8,False
v7_train_02777.jpg,train,processed_v3/train,d509583b7b234bd4fa4ee4bfa8afec705628847cc1042fcf78687f1b7a2f9a7b,True
v7_train_02778.jpg,train,processed_v3/train,5292c2a2f759ff277ee6ed007d54922c3b95d309ee7252d05fd41b8d184c3a39,False
v7_train_02779.jpg,train,raw/bangga_ppe,9d5bbca68414b342f147f36159a7589a96d429583d3669f1741c3799d9d0653b,False
v7_train_02780.jpg,train,processed_v3/train,f9c163dd9f8f3fce3d642c03b4219f3753696dd3e7d0f880f8009d1c7241ab29,False
v7_train_02781.jpg,train,processed_v3/train,401643926da7dcd981cf5bf4c3b8b4cf37551d4a21a36e014ee22e0df045fe97,False
v7_train_02782.jpg,train,processed_v3/train,86508e5a25023f0ce60407e964213bd2d2a1f20b30059236f75986970cbd03b0,False
v7_train_02783.jpg,train,glove_detector,89d474f52c56f2b195e1b76f6892d0d9286ff6e624366fb40809eaeaed9b889d,False
v7_train_02784.jpg,train,glove_detector,e1f6caace225676822dad14d10125e3465920ddbd18693618c5d24d880c08f2f,True
v7_train_02785.jpg,train,processed_v3/train,1d9674c298c3f6d4367907e475020f158d5aede68d9886bbedf1c000f3645c9b,False
v7_train_02786.jpg,train,raw/d_fire,6e45c7faf590be3a4de169d399b3111dc71a59f079a1aefa175c9865e60da3e3,False
v7_train_02787.jpg,train,processed_v3/train,d0901fb5fc509b18dadddffe760d258f78cf732e80fec3053c65c238d9d17dfc,False
v7_train_02788.jpg,train,processed_v3/train,e01c3d8e7ca8748bdf7e09f96acde9bf0d5085bd030620754bf032d60aaea45b,False
v7_train_02789.jpg,train,processed_v3/val,41cfc7a7a43de23bd505220f8ca162762c91ed1ead6533520a6b941b62ddd583,False
v7_train_02790.jpg,train,raw/bangga_ppe,fb07124c450f3533ebb68926f14cfaf95d216e5650469cc5ac2cf519b79e734c,False
v7_train_02791.jpg,train,raw/bangga_ppe,a13362b183dff517224555a37ccb3addcf1af6b2449856062cc73b53c77eee54,False
v7_train_02792.jpg,train,processed_v3/train,8694efa0f5a274c15659ed09d693c4e671f862dee192d261d4e2f371dce1d278,False
v7_train_02793.jpg,train,processed_v3/val,f6e33dae60392fe84f23f23aa6f7d74d47fd49b8d1aeecea9af7ce6c1d1a60d6,False
v7_train_02794.jpg,train,processed_v3/val,661ec0b5b02c2c34f3acba4b6c656352abdc0c06732b67366b631737ae47c382,True
v7_train_02795.jpg,train,raw/d_fire,61af444d543a157d81ee1b1ec827e7fbde306575b83023e884197232b9a5f68d,False
v7_train_02796.jpg,train,processed_v3/val,41034c61640afb098107779c877f6506652e5de412b7507e3937928f99ca9818,False
v7_train_02797.jpg,train,raw/bangga_ppe,b880950ef986b238225ecc13b6e7cbdc3e91df0e2e0f18f1c2988679d1b86abc,False
v7_train_02798.jpg,train,processed_v3/train,9480a986eaf1a8ad030810972e7da4ebea8f0796c5e3112f20955ab8d42d27b5,False
v7_train_02799.jpg,train,raw/bangga_ppe,36c9e4b72f49a95bb4ad693bf219e63fe7be0a5ddd461987c6a103832c75bb02,False
v7_train_02800.jpg,train,processed_v3/train,e0c3230dac0824d1df1129eca9bdbf95970b20b618efdb4ba0ae144f6c96789b,False
v7_train_02801.jpg,train,processed_v3/train,ef9089def12c0507db75e21d550e14e8b23aa86f45054aedd5763f77bd6d7d0c,False
v7_train_02802.jpg,train,processed_v3/train,945f80d9cde9a955d052b00f66fc8080f1d153624ade4899d35eff452f69254d,False
v7_train_02803.jpg,train,raw/bangga_ppe,6eff6c7bb226d9c76bbf22f4bd191ccf4919a8294578b3e4049a3296bb417186,False
v7_train_02804.jpg,train,processed_v3/train,4ee6453020a7dc9cf062a49c4bb628a43144d3b96c7d058f1892654b31222ca6,False
v7_train_02805.jpg,train,raw/bangga_ppe,f2d978082432c4e28dcb0e909491990d9f3e1eeaa0457772d20af91ff78a4d92,False
v7_train_02806.jpg,train,processed_v3/train,50e08c2758e6608d038cb9472101a66b27382089fba711812524e3857aa02bf6,False
v7_train_02807.jpg,train,processed_v3/train,264a30ef69ca93e9d2d59ff8ec216281dea9e4b7ad5517bb07f31c0a85a1dc52,True
v7_train_02808.jpg,train,processed_v3/train,32b80fda1392f200125efeec62264a2610f70690b064735806dcb23eafbc5597,False
v7_train_02809.jpg,train,processed_v3/train,5320e14f83a0dd4f81015bd01f1700c803aa04059a5ff8d48e2fb96ca4d12163,False
v7_train_02810.jpg,train,processed_v3/train,8924ca77289617247e2b8ec630e7a920c59a2e480b09030d8a0ae2311024f50c,False
v7_train_02811.jpg,train,processed_v3/train,102fe6e3fd4356af85a0d7bac88a3a1cdf0d21f86e75bc23ddba860f89242f79,False
v7_train_02812.jpg,train,processed_v3/train,5f3ab888886b6706df5567e52d85b1ed3a060546cd29d2f60f855a108e714558,False
v7_train_02813.jpg,train,glove_detector,b74f1bfb19a9894ef01e3635b0fdd2dd2940c51991b5a896009b83cf2cc8c663,False
v7_train_02814.jpg,train,processed_v3/train,f1c3402c038b9db1769b3d78b25d065b94ab31dc20d842018f569ec539bf3f65,False
v7_train_02815.jpg,train,processed_v3/val,93ff4f75fb5ccc5d3722280bbf8f33bd1e2fa7dfa08c6a4c0811bc287a171617,False
v7_train_02816.jpg,train,raw/bangga_ppe,9b3cd93aafce3e32795f2917fa4570b3ee8afecb1810aab00a99e47b34eec615,False
v7_train_02817.jpg,train,processed_v3/train,a52bcc4fba89b6f0ae10da687a3acd0115927c8a4f537e28fe6b2a6764df1a14,False
v7_train_02818.jpg,train,processed_v3/train,f155c5331bbeced1ace896b8d9591f699b0120d733a3115f38bbd5447d512a6a,False
v7_train_02819.jpg,train,processed_v3/train,2ec29b160cab9020c6ed0dd6b825aae97a0653be77c14273ba759386f597ad02,False
v7_train_02820.jpg,train,processed_v3/train,d0046554527f7a76d964d7399226bf37d0c5347cc47cd9742f77d313772079ff,False
v7_train_02821.jpg,train,processed_v3/train,d884555331feaedcd70279025f8c6b2499c2d6e36fd2f2b57ee6e71fe0fe0ea2,False
v7_train_02822.jpg,train,raw/bangga_ppe,df0b0e76905fb4d6cc092dff9e1de6db4bb4af3de1ab90dc8576d80bdac05915,False
v7_train_02823.jpg,train,processed_v3/train,521fcb0be47815474ef935d87d340e70fafcd42fa8c2cad381bfe365ecd0087f,False
v7_train_02824.jpg,train,glove_detector,cdcc3c1f53109b6142c5d49dd4769acff07ba44c42a075b1f2eff62122e0183b,True
v7_train_02825.jpg,train,processed_v3/train,7d0971a6d12ad40b77e475e7f7b1d3dbba8a0fec187df518f3a8d821bbb18f41,False
v7_train_02826.jpg,train,processed_v3/train,1d3f75f84518b0f097da82107efbc7cdfcab58f5a41f9e4c2f5cee85fc6ecc7c,False
v7_train_02827.jpg,train,glove_detector,a52d48e44a910f3957753b1e8ca12eaa8d0cc86ee3396423bfd4438dace22539,False
v7_train_02828.jpg,train,glove_detector,5f94684da6cfc4eeb11a15757b7a0a0e5d5e310bed6d1ed12cb40114ad4b1c29,False
v7_train_02829.jpg,train,glove_detector,beb043fcbe39bc616d5290b7621d3f908a8e1a4bf3033d0c6ddb67adbbdf9df7,False
v7_train_02830.jpg,train,processed_v3/train,a05cac51e4d789617e2d148a1ccfd774ff5e7fa7c6d12d3bc319d371963809ef,False
v7_train_02831.jpg,train,processed_v3/val,13efff0a7b0e144d2c88cd90e5c4725ec34e3641ea28f1551d91958a61e39e6d,False
v7_train_02832.jpg,train,processed_v3/train,a1e56252d298e6241b7c22a97d52b2e254f59a67ed8908948c4d4774968c455a,False
v7_train_02833.jpg,train,processed_v3/train,ab2ee149db5e4ff29da259282e309cca20103a8a1135661059a480b0332c439d,False
v7_train_02834.jpg,train,processed_v3/train,6cb39dd711da2e823f2e53166e7fe2ead6ca0cb07750065fc6b3cafd026ff7e8,False
v7_train_02835.jpg,train,processed_v3/train,ccc46f9e44c7385b1fc5ab4ee34ef975e94a883ebce690a9efbefb4a386fc43c,False
v7_train_02836.jpg,train,processed_v3/val,ff41abb4daee99eeeda22f43e1fe312dd4b85e8ba6bc9cbb32f9f96b88bcad59,False
v7_train_02837.jpg,train,processed_v3/train,26dbfac0252de011d095c4847044648255e7942960b15af4b9dda9ac6317adf8,False
v7_train_02838.jpg,train,processed_v3/train,a06f751e40faa7f90701e3e53746a16743ec4833871e157f1e85c429d1145cfe,False
v7_train_02839.jpg,train,processed_v3/train,6f5a75e46179e43a6b7f36227f05118150f75ad9ae4c79f46de0eabd322072ed,False
v7_train_02840.jpg,train,processed_v3/train,6f26ccc83996ac18b8d74d8c241b758651d79c61045b7d1c986b7219eeb702dd,False
v7_train_02841.jpg,train,processed_v3/val,1a00afd5be6b69339c55f62d51b1524955ce2fb7806564269c1d8e3fc5dab353,False
v7_train_02842.jpg,train,processed_v3/val,a6ac7c9c9bdb39316801c7fa95949eeece2f3ce435a90a86939c609e79534e80,False
v7_train_02843.jpg,train,processed_v3/train,2cbb5b831bc783e1944dae4f1a71263b252b7b786338d651712673101098eb11,False
v7_train_02844.jpg,train,glove_detector,d0bd535293c2971ffdf1946ea43c858af730650af205ce5cde98d0ffd8f12393,False
v7_train_02845.jpg,train,processed_v3/val,fdba7ffdee71313aef0353fe5d3b936a4f17e5530267886a9b7e152c11a7398a,False
v7_train_02846.jpg,train,processed_v3/train,0d6eeae5d2668d3cb8636807c33b700236f6411e98ee0e0a1117228890c32515,False
v7_train_02847.jpg,train,glove_detector,4a9fd5a44acce647477d7dfb7af941fb4e73df4f5d0abf7c7646085381d53da0,False
v7_train_02848.jpg,train,glove_detector,b2a4d76a46eaa9865ce04bc15b72112f9cee426b5d9787c44579261e19092e2c,False
v7_train_02849.jpg,train,processed_v3/val,ac3a62698106df2b2d8b645cdf3a70812ca0e27f2073d3b036588fd9ba21fb26,False
v7_train_02850.jpg,train,processed_v3/train,4591a12b7118d949bc4fd6c479be65b37ddf00fd53df098e10339fdc2f846182,False
v7_train_02851.jpg,train,processed_v3/train,52a1c42e63a0de25cfbdb8fa07b9980a2d8ecf9fecd2ca3f5aaaaf3ff05761e9,False
v7_train_02852.jpg,train,raw/bangga_ppe,50fa9024696e3c5c70e65a8ab1716f0a5d22f8c3bd22843c72de8f0e79f55398,False
v7_train_02853.jpg,train,processed_v3/train,ae8d38f946455a87d0d6da0cc707f5b86ac1c0396010d11789f880ede833677e,True
v7_train_02854.jpg,train,processed_v3/train,0a9ca508432d4bccd456dc5746a49558ca5bf707e9bd64fc2a3845cdf5308aea,False
v7_train_02855.jpg,train,processed_v3/train,10e6a78605d21b138b7235f433ad7de627f8db3ac83def89a6acccdb359542d5,False
v7_train_02856.jpg,train,glove_detector,b7132d3dc46d7abd365514235b5877f98817e8024753b313f9a92ee07c73e76c,False
v7_train_02857.jpg,train,processed_v3/train,1e8c3af70959dc915f5bed6819067da35e2b078cda9dd4e12b9e2fe11c33217e,False
v7_train_02858.jpg,train,processed_v3/train,698d6322b96ef415cd2ac4ca974375efbcd6695300389df6d2b882dc997255a0,False
v7_train_02859.jpg,train,processed_v3/train,b6bbfa78ac57ff9fad55161aa9a91f5c25f4c6da53bcd4004a3c8fd511563fae,False
v7_train_02860.jpg,train,raw/bangga_ppe,d5e2eef47191e0e7363f35d8a8599e4f65202f30d1fd2341b92480bc3193e11f,False
v7_train_02861.jpg,train,processed_v3/train,720fe800dc637e5a2ac424b68b053debf1d065a120063baf50f47370d33cef59,False
v7_train_02862.jpg,train,processed_v3/train,1cb604fe5bb11ea0fa85dd8c258264dfddfe9bd80e255d1c6ea4155cf8be37b1,False
v7_train_02863.jpg,train,raw/bangga_ppe,18a0a277c9c5ef6d290849ce39fce89d5be3843f411526270359570865a3020a,False
v7_train_02864.jpg,train,processed_v3/train,271433cc2dbcf7c5fbb9fe362e1938932161e77cb58db1b592fb7e2d313dd536,False
v7_train_02865.jpg,train,glove_detector,2e3fe36d1fedacb22390d5fad8b3b5525a2b50b59feed0a429f24db4eb72749c,False
v7_train_02866.jpg,train,processed_v3/train,b853b7b024fb5d0a5966dd5ddffd75427ad4d7ca7cc1ab3be40ac7433a42ed8f,False
v7_train_02867.jpg,train,processed_v3/train,9a001127c6f161da83018188b57b548c04e2e7d7e375537786abd81c1bdc6cc6,False
v7_train_02868.jpg,train,processed_v3/train,5625447bb1774325dfb5df4fea5e34f7e4d2890061d37b02deb7a3e13ace9913,False
v7_train_02869.jpg,train,processed_v3/train,38f166921575e54a748ea8e602ecd27898d22205864d55394d16b8f9590040fd,False
v7_train_02870.jpg,train,glove_detector,dc17411ca09351b501dde5bd812ad06ce4ae80e34d57f84c7214553421f745a1,False
v7_train_02871.jpg,train,raw/bangga_ppe,57bdc9efb25bfdd6b5befee436fc491392ccbaf9560d1b1ea57c00471d80bda2,False
v7_train_02872.jpg,train,processed_v3/train,35a436baebae8bc1972108def40219264f5b43fc1d1b77657cb1f85668f64247,False
v7_train_02873.jpg,train,glove_detector,4bb7a800da6a0217c8bb4e0176e2d79499511a7baf1bf96691cf7053a24a58c1,True
v7_train_02874.jpg,train,processed_v3/train,b41c8cb4c0e32607b71e4b70182b4ed1aaf266587b745b2e6a3a8b2baa4ddd0c,False
v7_train_02875.jpg,train,processed_v3/train,fe1b45e94a09de8a460e412bde02df810053a851c4b291476fa518cc1b7f955f,False
v7_train_02876.jpg,train,processed_v3/train,fd685536a134ce625f21ef2be96991fc0e795e85f68c446fa355e0ff02772247,False
v7_train_02877.jpg,train,processed_v3/val,1d892b671fbc9a2a391c567c1e93ed28d14bad649b105c352dddaeba3ed951f9,False
v7_train_02878.jpg,train,processed_v3/train,deb4cadd5bef365e40893340b39e67984c53b0e19c82040e0e6f6368b05ed52a,False
v7_train_02879.jpg,train,processed_v3/train,608b32000d3e1c20954ae301a995ef533aec952bbee396220b6a1274b676a254,True
v7_train_02880.jpg,train,processed_v3/train,8771d1c2402dce5402decd1a531aaf8d273e0dc265655d8a2a61e265da698724,True
v7_train_02881.jpg,train,processed_v3/train,ee2a9c84a5432988305d9949dee5c7c1861b6de0e092d315d2a217c923070625,False
v7_train_02882.jpg,train,processed_v3/train,2ac4af7bfea4e24b5fe57abcf437a8bd5bde0716a773cf8f66bdff2a08e02075,True
v7_train_02883.jpg,train,processed_v3/train,94b0d3717a7bc1d76492bc48b38f1e8a084ac369634af59dd39ebd9fb340c047,False
v7_train_02884.jpg,train,processed_v3/train,3b561a31fdf6f0730ff621bba2b7643287f67b51ec6aaeb1c580ae4b78dd6d5f,False
v7_train_02885.jpg,train,processed_v3/val,69f8f78dc05f8e641a1b90d4f98ccb610fcbd78b0f92c9ee7a0b65814385e6a4,False
v7_train_02886.jpg,train,raw/bangga_ppe,d2f248ff6dca92894a7b048b9ae98511f775338999406fe1d48ee2e096ddbd86,False
v7_train_02887.jpg,train,processed_v3/val,e9e9b08588d7db60ac13ec673168445ad840c7d769153949ecd579f88f7d0c49,False
v7_train_02888.jpg,train,raw/bangga_ppe,5a2408853c9daad0fc84a4e11f2d7c8b01db9acb4df63623dccac2fd7623d52e,False
v7_train_02889.jpg,train,raw/bangga_ppe,d98a001110179d4f70ba2944302e4c7290832d92d944d89b15c25af799c7c98d,False
v7_train_02890.jpg,train,raw/bangga_ppe,9ee7cf87ed720a63655688b08d7fabed74f50910864334a2deee2f752652c3a6,False
v7_train_02891.jpg,train,processed_v3/train,e242e8d1f73a00bc2e70bd0366bfae8cb130822ec90a58205508dce62c48defd,False
v7_train_02892.jpg,train,processed_v3/val,2eb607897a8cbf338abce2f4a885e6b6a31c9e32f02e56f71bdc5dcc4524239d,False
v7_train_02893.jpg,train,processed_v3/train,c5fb647d3d5e474ec87bcd69fba0415220cbe9beec00a707668640d3e13ba0d4,True
v7_train_02894.jpg,train,processed_v3/train,896f4e01e4275f7a2e5f79b70e9076db1b6d0e2a851fd8f56335641afc00f3a3,False
v7_train_02895.jpg,train,processed_v3/train,5a01e69c5edddcdaa9c60ec559b80517cdd7d75e702358b2602cc14f144d17bb,False
v7_train_02896.jpg,train,processed_v3/train,d43a95f9a8a0a14178e8a0d5d5ca974c6634f52c10de9e7eddc76db920747fcc,False
v7_train_02897.jpg,train,processed_v3/val,b28e739b027b10a020e8b506afcd6f9b971fcaa09c60c9c1fe8db75c203ba252,False
v7_train_02898.jpg,train,raw/bangga_ppe,3e31de7c85e95fdabee8445626cec83e953205bfc2fa7bdd93e88ebf031a698a,False
v7_train_02899.jpg,train,processed_v3/val,cd1d4a8d8bb34b4c71c8804379fa439ce8a483b64b97823a8ac9f7ae345cc052,False
v7_train_02900.jpg,train,processed_v3/train,65ab005b69012cd28ee64c9a448a61450b8088efe7e485f1d8beaf5f5225b7bf,False
v7_train_02901.jpg,train,processed_v3/train,db43e6dbc642483f38b491bf1236643a8e8031085b906e34820c888dccd4cdbc,False
v7_train_02902.jpg,train,processed_v3/train,6bf7965893e808415121587a266be35ca75c08999fb9a198f424e28cfb8b3b2a,False
v7_train_02903.jpg,train,processed_v3/train,35bc19469553d27b888fb81541063e2d37afa5971e7e7730babc056686e5d394,False
v7_train_02904.jpg,train,raw/bangga_ppe,f26894f3218cc3b2b2f17143c77882b481e04d3d2be280bb736425412ae5803a,False
v7_train_02905.jpg,train,processed_v3/train,657e4873d28a0b895433e6451524c00949062bee0b282d911af03d2982c17b30,False
v7_train_02906.jpg,train,glove_detector,d5deef5ec8fbf01c365606dff2489a00e1e75647ddd49b8587df830b12984557,False
v7_train_02907.jpg,train,processed_v3/train,34dc6e28306647afa58e16abb943d1a45c7dbc5446316585ba31f79600b624dd,False
v7_train_02908.jpg,train,processed_v3/train,087a6d8d796467c81fef07d050576ad33211ce93180d64580549bcdf9579dfdb,False
v7_train_02909.jpg,train,processed_v3/train,ff07be3a8efae1d6db52a1f1593270721f6be883b58895c74f3d0221b2e73c6d,False
v7_train_02910.jpg,train,processed_v3/train,747ce93519b802b33407b326038bc74d82dc9c7cb02cb69e0a63d580fac645d3,False
v7_train_02911.jpg,train,raw/bangga_ppe,ab6aacca458d7ed05e4de218da95545202e9becf6ffe27a55efd87e8a3a2de0e,False
v7_train_02912.jpg,train,raw/bangga_ppe,07828f99b840443cb36fdadf443c3508df9ca6ba8962e4333821c014d7bde2b3,False
v7_train_02913.jpg,train,processed_v3/train,0da759c5d0746e798443e86753d91dd9639cf799425ff0f32cf3dd40d1b0d994,False
v7_train_02914.jpg,train,processed_v3/val,cb71e52fb233b6a1445e432d690287fe5d0ef5051aeabe5fe1c9fd6e97920b7b,False
v7_train_02915.jpg,train,processed_v3/train,ae25255817d882f44354b6fdd1ab5f7708549624e5b917c6631e98a78137f48f,False
v7_train_02916.jpg,train,processed_v3/train,bc98242969bcd4dd5a290ab39db788cedc97ef48d122d9d0bfe90016a924f1c5,False
v7_train_02917.jpg,train,glove_detector,170015f8cb1547242008db09cd2b36d223ba96d6f377018afce5b1f3481cbf5b,False
v7_train_02918.jpg,train,processed_v3/val,1af350ef9b2d13f9d6fd8bce75c28fc73494ee6a3c0c14b793182de9a3ff4637,False
v7_train_02919.jpg,train,raw/bangga_ppe,f7a7c66b616fd74e89f6a3eaea396999234b6d471f6cc7d66df4019608f072b3,False
v7_train_02920.jpg,train,glove_detector,a9b98cdb608d613c35154ddd86f914123ec648ce6229645b5a6d11df63cf6e95,False
v7_train_02921.jpg,train,raw/bangga_ppe,a06199ed4e9a3d907f00c911a3db18aa2e13bc7cf6e7a0a160b4e88e85fe78c4,False
v7_train_02922.jpg,train,processed_v3/train,fc85182e3ea21d081f5c81b1e74da4b3da7d3c1810a4ff80533dac7deeaaee2f,False
v7_train_02923.jpg,train,processed_v3/train,ef50ac1e98939af702d60a51d7f0159f50a61495ba1b69b9be8382ddea691654,False
v7_train_02924.jpg,train,raw/d_fire,7cca0c9fdd9e3a0d6975b08d8f5de3133c26cf97e02a5682ab0ddb0ca7a80487,False
v7_train_02925.jpg,train,glove_detector,0b8123e81529ef77cb75b4f005bb7043c222828876e39ff06dc6076679ea716f,False
v7_train_02926.jpg,train,processed_v3/train,b369acd5f10e133634d29ccfcc8bb59dd1dfec9db0c2f1e217faf1cbca2ce70c,False
v7_train_02927.jpg,train,processed_v3/train,d1ea688a66d2531746dbdfb0f15e37ee993efe6c2702b11b72ab5631159a1b2c,False
v7_train_02928.jpg,train,processed_v3/val,663971ca6a20a646831cda8b8d18e4af0b78685fc62ac013dd7b0a422a189fbc,False
v7_train_02929.jpg,train,processed_v3/train,4112b26a59e05e5a747cb1333afb05700baac01df7b6c0cce2194f9836bad895,False
v7_train_02930.jpg,train,processed_v3/train,7c9e16dc3eb99331daa521a65bf2b3f8588466847e103e99590cb35eef111de0,False
v7_train_02931.jpg,train,raw/bangga_ppe,bce5955a7c1136fed1d00758a9db7038dd623b112900f9cfa533167a57a837af,False
v7_train_02932.jpg,train,glove_detector,26e8738d0217ed891d77dddd77892be0610f06df6a4804fdd3847a13e7f49e59,False
v7_train_02933.jpg,train,processed_v3/train,f0c524c0aeabf8aac122feb19e8f9e6b23b74209de9441179756365d956f7f2f,False
v7_train_02934.jpg,train,processed_v3/train,329ca32f61d9cc2adbde84b938796354f9bec9eaa85facd14969241de7d91549,False
v7_train_02935.jpg,train,processed_v3/train,87a61ec8161acf03febf2dd556c9d3a5db1fe2641d89cf69aed01cdacf5e3489,False
v7_train_02936.jpg,train,glove_detector,ddf0b107eb48b663fd6ee4f9dedda28b5fe0e0fae30a9415e3b3ff5cf6330685,False
v7_train_02937.jpg,train,processed_v3/train,0208db2cd12deb50815adfa92ee5f5a50859db542be196449eeb5bbbf3331de9,False
v7_train_02938.jpg,train,raw/bangga_ppe,2f8079f28ac7e98e2a6d4c86c5dac58d2929eacb5e83378bb1710a208f9f1338,False
v7_train_02939.jpg,train,processed_v3/val,12ba5850e73837f6c09e6283b35b8e30ba3fe4a3f239a75dfa51465a887a48f3,False
v7_train_02940.jpg,train,raw/bangga_ppe,7bc7bd4e226935c71fb1119eb87cff491050885433290c824d6953655a498dbb,False
v7_train_02941.jpg,train,processed_v3/train,a765b74a93027fe762652ba47ae9ec87032875972f7fab87280fb10d9a2121f3,False
v7_train_02942.jpg,train,processed_v3/train,86a867bfb056ed1327b7054b0ea6b26c2f25468cbd5dbfd8f03f37b92fe72536,False
v7_train_02943.jpg,train,processed_v3/train,882caedb2d91f8c70b356225d152815d3cb4be80a16e37e883e69cd97aeb07c9,False
v7_train_02944.jpg,train,processed_v3/train,5f3b13d1ee1eeb8c0a3d29323c2d7fdddb70f082cb133fa42f5a8654b1e494de,False
v7_train_02945.jpg,train,processed_v3/val,dc31725ce26d76a9f12fbf22818f486ba451382f95b4feade35ec42878fa612c,False
v7_train_02946.jpg,train,processed_v3/train,8685c09d9e5d7943538323ae8e8f1cd1907963629757e54101c0f02e5f92e7a3,True
v7_train_02947.jpg,train,processed_v3/train,11590eb0123e58dbb52714d049dbf0a84bf6d18b9ebb4a570aabda4c6726d295,False
v7_train_02948.jpg,train,raw/bangga_ppe,c5a2102e386b5713b1c9d6b85cc9acd7bcd4c4751e1309ad0ff37c3f93b8e9aa,False
v7_train_02949.jpg,train,glove_detector,705bcba53db87d3b28c1171ab5a2f3a17a75d36dcacba97c91bad106a51e9299,False
v7_train_02950.jpg,train,glove_detector,5f3b32269cfb9a9d62df95f60d79224bcec90ddbe78e0926c5845067f0fe8f9b,False
v7_train_02951.jpg,train,processed_v3/val,086ba376bafd11732a7e50fc5fbdb3ac8877dd8f5d9496ea5b8f9e582def8506,False
v7_train_02952.jpg,train,raw/d_fire,e6eb2c850bc807326c56ab11654e367545f147aea2df1494e0e1f2b3988316e8,False
v7_train_02953.jpg,train,processed_v3/val,c42ac6d77d6159ad1da882b6a2ae13e7c40532b6283c670f187c6c3de19b6571,False
v7_train_02954.jpg,train,processed_v3/train,4aaaaa1db0040f67dd38d1b14e5202aaf9688e3311cfb42067df27f5ae6b9043,False
v7_train_02955.jpg,train,glove_detector,12053716125fc1ff3500bbbc749dd97e4e6395366fb9dacc8daf05d538634664,True
v7_train_02956.jpg,train,processed_v3/train,88f65981c5245d6daeee58df122a120aa13dea678f84826a7d060163c67257ab,False
v7_train_02957.jpg,train,processed_v3/train,c0532aebe156717a47442cddd08b753dcc76288a850a3a2ab8534f78190c5a67,False
v7_train_02958.jpg,train,raw/bangga_ppe,ef508c60b24d94b978bdda9b70747535f2bf1bc314a96c7dd92e99e1724da876,False
v7_train_02959.jpg,train,processed_v3/train,85cf2ae61e92a5a1d648ac291f862196b6efa23e2a66320a3a8c8200e65cadfd,False
v7_train_02960.jpg,train,raw/bangga_ppe,2f2768510bb20e1cd961d819f852277349880dc9b82c6a6782321ba4a5a2ed5a,False
v7_train_02961.jpg,train,raw/bangga_ppe,f8d8c797d31caa33801de99648046c54b37741f2c6f072cef4c5b1d7f27259d7,False
v7_train_02962.jpg,train,processed_v3/train,2647532adc2869a97d1f5631ae046d40a95646a4622b9ec3c9d5d638051cf5ff,False
v7_train_02963.jpg,train,processed_v3/train,83f8b8fbe7d228e5a8ccade799a93cf2569b70dcebbea3defa1fbfdc887932dd,False
v7_train_02964.jpg,train,processed_v3/val,2a1c246986e231361c6c5d008f7b9df7711d2a657777c70e4bf839cba90161b6,False
v7_train_02965.jpg,train,processed_v3/train,4e57e32c511dd29b6248c717bc784bb4307d284642cf3e06f72018522092dd9a,False
v7_train_02966.jpg,train,processed_v3/val,ea92a659ac98c1d6993d0e26e1ec881d2aa4ebb7c5b7d12000329d58ad5e73d4,False
v7_train_02967.jpg,train,processed_v3/train,3c019397510b2fffa5853fdf3bc7266418065b6edae1fd656c8000099fb821d5,False
v7_train_02968.jpg,train,processed_v3/train,0d7a44c435020c1df3c8e6a32870d7396513333efeb8dcdf5209b13aff9ca995,False
v7_train_02969.jpg,train,processed_v3/val,13dc22f427a10a36d18063485bc714631b7c16bb816eaadf58c93044f2bab429,False
v7_train_02970.jpg,train,glove_detector,4182e3985451f17225d6ad5cf85914310c6fb644ad7029734e6f9f2408d33f8f,False
v7_train_02971.jpg,train,processed_v3/train,ab0950236b6a5c265d297cf481a945407a5093e6e6c4ccd186e3c54480fd7b7c,True
v7_train_02972.jpg,train,processed_v3/train,2402a17b9f7ce72556201239e409a7f2efcaf367fc3ea009cff1734e82c6e2f7,False
v7_train_02973.jpg,train,raw/bangga_ppe,f9d1e5fb61ce4cd1b0c2760f860c225d5b1193c5af701579c7f7b0b523a62240,False
v7_train_02974.jpg,train,processed_v3/val,b909d7e4071cba0f51d667cb8407c886d377908e1ae0042c855db50748e3c39d,False
v7_train_02975.jpg,train,processed_v3/train,1c1d57c1984862c4895a37157c4de2992883b51d8aaac67b1b070cf9d5c2a931,False
v7_train_02976.jpg,train,processed_v3/train,8299c1536e5699592fa1db07f212d62999d745685d81aaaa712ed045fe3cd715,False
v7_train_02977.jpg,train,raw/bangga_ppe,3ed8d7c225f0f22966d837c8355d0b82bb8c7f57c616bfcdda144e6f5cf02564,False
v7_train_02978.jpg,train,raw/bangga_ppe,6a5e26a17ba94c249ed9c5897aa72d069207e786816a1e28a82c305b77f66fc2,False
v7_train_02979.jpg,train,glove_detector,be3ed76be8d257dfb8cabb8c6e4e2e1e4050f61dc0e1334ce107960ca2526efb,False
v7_train_02980.jpg,train,processed_v3/train,ca1961585d6f074c797cf45e6dac858427bcbb27ac2b5e6541217de8c29df8cb,False
v7_train_02981.jpg,train,processed_v3/train,1c5ceba9f1e185fa6eab10c7a76f87d4d6d3959acb6dec481cf084aba22bf16d,False
v7_train_02982.jpg,train,processed_v3/train,a9bceb85d61603193d8e3b53e531e21358897a0c74dcc8a5bfc18f018371fee9,False
v7_train_02983.jpg,train,processed_v3/train,e3720b5f8673284e80c0cd91d2441bf5d1036863c18563d425b6fe47050c34bc,False
v7_train_02984.jpg,train,processed_v3/train,973ca6bbd553bb65ee654b95568f09629ac6838ca3808274decc5dd6fbed6b61,False
v7_train_02985.jpg,train,glove_detector,d4e917ebbd7adfae4b4638e0599cf69cdee20cb3489b909c19719ccf2cad5744,False
v7_train_02986.jpg,train,processed_v3/train,78bea69f5370ba47d5e89d86fc0fc7a7a477bcba5ba1231ecc6e5aabdc8459c4,False
v7_train_02987.jpg,train,processed_v3/val,7ab16126992ca9d848d833778ffeaa53c3728818051373fb76a0982272e00371,False
v7_train_02988.jpg,train,raw/d_fire,0efdaa846b5fc89fa5f743113a2fd2b63f8fd683aacf9749c56b50eda18fa7a9,False
v7_train_02989.jpg,train,raw/d_fire,64a327a48032fa46a0b08cacbd167ae1db08635a35bccc00a1fb31304444f40a,False
v7_train_02990.jpg,train,processed_v3/train,0f6ee61ac4572793d1dde6960f7735069772768ca87287129a343dfaca1fd118,False
v7_train_02991.jpg,train,raw/bangga_ppe,7b20730b31511ce31785997a44f7025fb1c539836696f3d3c25183ed5b7cb931,False
v7_train_02992.jpg,train,processed_v3/train,cbcaf38d50635c4228e9e9834021b4df99e5cc8d227ffc93b6589b8918195ec0,False
v7_train_02993.jpg,train,processed_v3/train,496365b4a177a937dfd3c12c1b6a489da0582b38f37d0c764782745e77d2c70e,False
v7_train_02994.jpg,train,raw/bangga_ppe,a23fe24c92808e283db73fded7f55edb080dea83e2b6c78eede2001f671c1603,False
v7_train_02995.jpg,train,raw/bangga_ppe,b1f4c65ba0535902b041d29eac21107273e54354b00c6d3212d239cd84515d5d,False
v7_train_02996.jpg,train,glove_detector,bbbb1ab17a8abb7d60efb21ecf4c48ea83daa65c7e042318701456f7c38f5793,False
v7_train_02997.jpg,train,processed_v3/train,2e81e66a05659b30241e5fa5e2935c371fd1dc09dd6d4a1a9690bcbe35fd0e6b,False
v7_train_02998.jpg,train,processed_v3/train,0330e172d9a384203d5db0bcea919f5875a45699481cf6833412cf59876e9921,False
v7_train_02999.jpg,train,raw/d_fire,cff1c6029307538fcf4aef3d0e8f2b40226411f955a1c0dd56e86776e2475915,False
v7_train_03000.jpg,train,processed_v3/train,9fe315459c4b755186bf1ca933206d221be7fc1a7c03711cc41f750f61297fb1,False
v7_train_03001.jpg,train,glove_detector,26a4bac037e40ac8306aa6019cafde669d1a24c1b282f9fb3a98d8a19ee739e5,False
v7_train_03002.jpg,train,processed_v3/train,1a7ab1cc459cbab6bd1af27cdaf641212c0d601514afdb18a5e7855f6f042fe6,False
v7_train_03003.jpg,train,processed_v3/train,4bd8aee38c18ee467a5daa33a05f5d6745a75eb655057bde09204b0eb719240a,False
v7_train_03004.jpg,train,raw/d_fire,428b426beb5ce4311f18861173dc40bbe2d87b30386e8de7562b2063dd7398c5,False
v7_train_03005.jpg,train,processed_v3/train,736941c1fa36db615978b21a7a9b2807e16431ed21191a6a0daa02b27fa25df3,False
v7_train_03006.jpg,train,raw/d_fire,722fb0b2ec90abb05516a480efa657909cdf7a87c190c983d7eddf330f089faf,False
v7_train_03007.jpg,train,glove_detector,61cfc4eac4a82c2afe5fa20243882f771b92f675d23a12ff2475968493274a47,False
v7_train_03008.jpg,train,processed_v3/train,6c14b446cd6c50499ad1252d13e43bc370d855609ce46d9bca51fffe6a50893d,False
v7_train_03009.jpg,train,processed_v3/val,b9d33d72d7f71a10a31bb56c745a38733fcd89f8ee64bcbadd951ee2ee7ff601,False
v7_train_03010.jpg,train,raw/bangga_ppe,e93c4755325efedd869e3f4e7ce9777eb763b8958a3af3616f2ec6ecdc4f3d87,False
v7_train_03011.jpg,train,processed_v3/train,7e2dfadc47f351c42c3a14db93c58f77bc618e7328d051008bf6b1189ffb89f3,False
v7_train_03012.jpg,train,processed_v3/train,cc04181e10c4398221645d2c2fb868d9555e25fdce57f13793325cf3e21bce8f,False
v7_train_03013.jpg,train,processed_v3/train,35cb6175fec201b58585a5376d58d123ed8bb5e902e6aff1f8fb95038ffc61e6,False
v7_train_03014.jpg,train,glove_detector,2eba2c14b324aa8592b8000f0e8d04656c3ba37f4912f0348e257e10846da704,False
v7_train_03015.jpg,train,raw/bangga_ppe,adde043426568e7182e14cd465c2e4b22bd1d198e86fe1501e947ccf57a1705c,False
v7_train_03016.jpg,train,raw/bangga_ppe,29a92c3e2e8752e137bc141c7fcbb6c526a83a1619a92e50d641e04522b96544,False
v7_train_03017.jpg,train,processed_v3/train,494b898eedabc85dd3f32001571f8420c3d230aabb17fa24d1c28b8155124494,False
v7_train_03018.jpg,train,processed_v3/train,7c63211a99d154123bf11ed35f3e4abaaeb46351eb412aa343acf961ba38702b,False
v7_train_03019.jpg,train,processed_v3/train,8a3ae13210409a305011abf4367d346b0359550c992c24b62963bea692eee0aa,False
v7_train_03020.jpg,train,processed_v3/train,2749e7948dc01c2178b3b91a74129693722150005f399a592e762f21a2742d05,False
v7_train_03021.jpg,train,processed_v3/train,daf126baba0c0ad31c7eb3dfbf7b129709e11ddde21f738796177fbec1471bd5,False
v7_train_03022.jpg,train,processed_v3/train,88b10c4a1b54cf1b36965c1fa1f0edef165a32ade7ec6e7144ad571964b7aa30,False
v7_train_03023.jpg,train,processed_v3/val,eb145adf6c037d8364928a2b353bc4cdfc373b6bd9b929a006ee8db440882a00,False
v7_train_03024.jpg,train,processed_v3/train,7d21b5386d56ba4faecf91a7f8812ff53284275f54aa29183ddff1e46bc5a789,False
v7_train_03025.jpg,train,processed_v3/train,fc2e01b81122a166f53c7efc9dc4a5b2d2b5f2558443dc2b9837dddc9b9f7944,False
v7_train_03026.jpg,train,raw/bangga_ppe,1e14416838ebe4a6eb57e6ebf085f213856d80443ace84dcfdc40bb267d14de4,False
v7_train_03027.jpg,train,processed_v3/train,1ce78185072a2b7431a508406941f1ed0d132abfcc0fcc4e60db2cba66eb974c,False
v7_train_03028.jpg,train,raw/bangga_ppe,3542e45b275df39bf5d044b59461847aef0334052ea6cb2d23762d2e561510a9,False
v7_train_03029.jpg,train,processed_v3/val,a11596530a69b85d132d3841c5efa7ffb3761be98bb78eed3344b6fc518a055b,False
v7_train_03030.jpg,train,processed_v3/train,a5c52e78560363b95f318286b2e6dcf73f3d05b043def93720aac7644aaa0833,False
v7_train_03031.jpg,train,processed_v3/train,0a07c69518dc2a45ef8ad25262fc642d5d8bfbb8860ea88b9da34c72d7e224b3,False
v7_train_03032.jpg,train,processed_v3/val,ddeb1b99ed8e28fbb90a27636a3bfd14e1ad6c495d9ee656d1e392ec78d758fe,False
v7_train_03033.jpg,train,raw/bangga_ppe,e1e649b88d7da3b9b0d769b3934f5b9eb2aa6821436f84730cf5000dc939ba3a,False
v7_train_03034.jpg,train,processed_v3/train,a0ae69d3c57dfbabc43f2ccfae6c004defd4cc86a5b6bf4ca36298391f54b765,False
v7_train_03035.jpg,train,processed_v3/train,b865254a654c8c86ffcad3a917716b048f4ce4a9857a6130dfd387e619dae941,True
v7_train_03036.jpg,train,processed_v3/train,09a7c095be1a727080c7373cf5fca47eb7d3207231272d50c7d6542982a5d2ee,False
v7_train_03037.jpg,train,glove_detector,e59904f13667eda7971e6c07a1f1527877e9ecfa4a5e76972a6dfba13abaf6aa,False
v7_train_03038.jpg,train,glove_detector,ab188726bf227e4a92c39b7573a75135c0afea1bb5d4bb573d7dfb26ee4833fe,False
v7_train_03039.jpg,train,processed_v3/train,ed4a1dab4b9c4bc5e550b185afe172cace04ad218c72d279f8a270806a33b1f8,False
v7_train_03040.jpg,train,raw/bangga_ppe,2fb29ee2538b2917205bfc238095487edfdaf64643b12fe3d8b7984cbba40bd7,False
v7_train_03041.jpg,train,processed_v3/train,71fad2b1f3a625e1ee3c731e609df8529be487ee314f019ad5018138357ee5cd,False
v7_train_03042.jpg,train,processed_v3/train,f7ff70c19b2c6cd969449798c64429125bb79d39b60c4e264555c820a8e9476d,False
v7_train_03043.jpg,train,processed_v3/train,5818ce4e711121d371127df05d39f75436583a878a6897809a2148699cb3a0d7,False
v7_train_03044.jpg,train,processed_v3/train,b5f7593899c9be3f20ad01ade48ecda18fc6c2b6fd7f84cb5535094ed282f93b,False
v7_train_03045.jpg,train,processed_v3/train,3bf98b665a3a5c6abe7d80ff6d41ff23f339f25e4e7cc57e3aab17e736da0237,False
v7_train_03046.jpg,train,glove_detector,0652aadf6ed3dfc162666b1ddf48da7c0df594c3d728dce56e75b23d7c8be94c,False
v7_train_03047.jpg,train,raw/d_fire,8aec2940ce9a71a2abebb2bf084d4e7c18b243b917076537360221ac25a6c2d1,False
v7_train_03048.jpg,train,raw/bangga_ppe,58063234acea1e7f7d19067bc0dcdc77bf2b3d4bffd752dd1027a6cb89408073,False
v7_train_03049.jpg,train,glove_detector,4dad321730d3f102df805733f00e0941d76e17c37daef126e413bb7061a87f9a,False
v7_train_03050.jpg,train,processed_v3/train,469becaa0bbb0703bfd766b1f111f08f360769ffeef1d7d4cef7e350668a4776,False
v7_train_03051.jpg,train,glove_detector,36eda921f8da43e2356f2205873dc910972bc924f89011422117b1d69d3678ce,False
v7_train_03052.jpg,train,processed_v3/train,93348309ff2c6176d2901ae2740beb738302c7b2cea82b84f16a6d395b27e88a,False
v7_train_03053.jpg,train,glove_detector,c55895dfdc9015ab83cf9eb3dc0a21f3b8f095d88b042e79bfcf23ba85bc0b80,False
v7_train_03054.jpg,train,processed_v3/val,e72ac2962157d8f5a82451363c99fb1b6c0a1a7bfdb449e6ce73d1f9587b0aa6,False
v7_train_03055.jpg,train,processed_v3/val,b776b3d10b85c914749862e418cea1710bba0ec671d0818556b8334afab570cd,False
v7_train_03056.jpg,train,processed_v3/train,789c25fc72a00ef991ebd628dd3556ebb6c61829c8a749ad35c4f94376dcb77a,False
v7_train_03057.jpg,train,processed_v3/train,580e6bdb51143f7525f622cbcc42e6df31fce2785b729dba08ae7d21305f8aa1,False
v7_train_03058.jpg,train,glove_detector,c1e6656a676d7586697f392de9d07ea4a7fce8939e755b54151442aace490157,True
v7_train_03059.jpg,train,glove_detector,f95c8bb06b9453531b7387c6d8c8b6784c33dec1f26199062b055ad17d3387f6,False
v7_train_03060.jpg,train,processed_v3/train,9cc097fd039ccdfb3228948a09702f19fd53fc230be157e0a68e5483548c1c1f,False
v7_train_03061.jpg,train,processed_v3/train,0b8969d491949a30086357d1c20690e9814aeef1a987aa47bbb793674106c337,True
v7_train_03062.jpg,train,processed_v3/train,1e17d5108c65917535804eabf40562d10ee2eca91cc140e58cd1337a1b022b16,False
v7_train_03063.jpg,train,processed_v3/val,57130fec289a5decdaec1a94141f84d4cb9050d011d1553d544bb847b889a437,False
v7_train_03064.jpg,train,processed_v3/train,63f85f4202aeb8f2c5942b57f22385c8f55d5e1d9afc60c14f8c89d41f393116,False
v7_train_03065.jpg,train,raw/bangga_ppe,74a1867bc916fe28186627bd4bc64ae7d0d4ac18a974982b4415b2d9361f119d,False
v7_train_03066.jpg,train,processed_v3/train,b7c1f3417383593ff6e572818465a6aa69af20e88ec09f214c843b1b2c617e4b,False
v7_train_03067.jpg,train,processed_v3/train,ca321bbba0c272b01b6d777a6eda38cba68bf358a933f6dc143364fc448a78ae,False
v7_train_03068.jpg,train,processed_v3/train,e1def9fb7e4372f96f879baa02037b99f7c20845400c7eb6d2a9239a932ec137,False
v7_train_03069.jpg,train,processed_v3/train,6d7d609bcd9a67f88339e203589fd851ac8ecb9c346690413200be67d4e5f1e1,False
v7_train_03070.jpg,train,processed_v3/train,894e253f0797bf1c3b8e451a4d7eb9b75719401288bf559892c028d04f8a3a05,False
v7_train_03071.jpg,train,raw/bangga_ppe,081f66f9d595a85b8070eec4b689850c230ccca7e99a4900cbedf7e9928bf141,False
v7_train_03072.jpg,train,processed_v3/train,000ab04aeda88eb4f427bb40e15d891178fc044c5b8b0b2e6665c12f069d319f,False
v7_train_03073.jpg,train,processed_v3/train,0114594954efb8784946ca860f442871400f3aed934b7262281975be0823ebe8,False
v7_train_03074.jpg,train,glove_detector,64269945bc561d1049fe200e0080650bbd57f4d665d520f0ac294bd5059741ad,False
v7_train_03075.jpg,train,glove_detector,c4a5c8f449c6680ed88f5d6c707a7cce54a70203aa00b8575ba9fd9bae7a8b56,True
v7_train_03076.jpg,train,processed_v3/val,fa2d7546ce620ee6120ecd247cb644235576d39f3afae37273547336d0d0f30a,False
v7_train_03077.jpg,train,processed_v3/train,02721f65b5157a00b5dcc813dce882d03cf0ac672f4480e1a09042cad30a87df,False
v7_train_03078.jpg,train,raw/d_fire,d84f0b17bda9f32eefbd4e38a0bdd205fee8f40305384de575542af0dbb469ca,False
v7_train_03079.jpg,train,processed_v3/train,87264e2539bc85f934ff9573f2381534ee7b250eeddb35db2ca544de4f6adfe1,False
v7_train_03080.jpg,train,processed_v3/train,55294b10c5e6700a8b816db9f01b9894c5a690a4224dbcbb5857cf105cd455a4,False
v7_train_03081.jpg,train,processed_v3/val,b7fd676b8a4dab6cd7fde9e5504b05172f6fea02c3318c4afc9884cc6d1bcb32,False
v7_train_03082.jpg,train,processed_v3/train,fffc1b5cb81f9ea6e72895a91039fa0c16a9f3e9ca84884924de5a5e50fbd9bb,False
v7_train_03083.jpg,train,processed_v3/val,ab58df16332369ee01db4bcf81df0552e8c8acd7a8d98d117b50cd26b10b5c6d,False
v7_train_03084.jpg,train,raw/bangga_ppe,513d8a204465e6fb8c7df4fe7c3a9a3e1efcd7ab6278cf508ae3cd41ddd09fb5,False
v7_train_03085.jpg,train,processed_v3/train,b76d297cba04fef56c07c636c70560d4883514b304e53c5299d5bd22786267bf,False
v7_train_03086.jpg,train,processed_v3/val,08a7013f43f2442749abb5e9653ef0c6beaf5ecf6f8d629f27324aab27127383,False
v7_train_03087.jpg,train,glove_detector,342b8e6880a8a607141b440a9ecfdbf01ca819e7ba8625d30e432d1f6f9c11eb,False
v7_train_03088.jpg,train,processed_v3/train,533fb89902048cb2da3d8cc8bd29c25f185ea461259facb972a29a684e69afc6,False
v7_train_03089.jpg,train,processed_v3/train,47b05cd6d4fec2422b3a4720a83a21a3f3894193337d40a5e0ca4d443a13f5f2,False
v7_train_03090.jpg,train,processed_v3/train,6a44fb4c9ab90380c07431908f716c1332379bd0aff3578c5f21e3f948fe9547,False
v7_train_03091.jpg,train,raw/bangga_ppe,33e3ceebb3fe3684fa58e95305e2c8ee475c8f5fb9f4bdeb77d25c583259380d,False
v7_train_03092.jpg,train,glove_detector,3760eb6a1370f7c952133237c0cc12026da772aeec27e28a032b4dcd7287536a,False
v7_train_03093.jpg,train,processed_v3/train,d555d53421dd3ca74fb64a4f01653e2d30ff037429c778c774dec5e2e62a68a4,False
v7_train_03094.jpg,train,processed_v3/train,d5a061303be3c52cc526d3124d7c2bbb82b672e224bc64188e1b3e2b2c63ad9e,False
v7_train_03095.jpg,train,glove_detector,da45ed3f1cfda664bc79aeb79b608967c03a2409bdc50952690d7fe936e2ee51,False
v7_train_03096.jpg,train,glove_detector,0c59adce82102f5f04ce9c764f9b897d9ed6da48e42c46ebab5cd1af10f5a6b1,True
v7_train_03097.jpg,train,processed_v3/train,390c4e7a4b0b59b20cefd48cd1ab0c3699d5955a7c43293ad47bc249b13178a5,False
v7_train_03098.jpg,train,processed_v3/val,c7cf8185b9ede566a684271deec64c74820aaff76a4043b793d813bcd28737c0,False
v7_train_03099.jpg,train,processed_v3/train,0da26ccecd63c60aa91b76f28977d351ff3b4930400dbd075fac2323486f958c,False
v7_train_03100.jpg,train,glove_detector,fa6b93ffe042e7a33d670e22de08b6400c51aad97a4c5363ff9932279cc0a724,True
v7_train_03101.jpg,train,processed_v3/train,a26c56bc6729e55aa5c52b7171f50281402a275f04b07d51ba985b8bacb67053,False
v7_train_03102.jpg,train,processed_v3/train,551d74c591e190097e4c76cb385d3e2c9288b19bb98c9e06a231988b32f752c0,False
v7_train_03103.jpg,train,raw/bangga_ppe,7bf8514f1586b63b021d5c6c43eb2e6125fabc36dd893e5e62cd76912e41e86f,False
v7_train_03104.jpg,train,processed_v3/train,f90dc525982d10c5842f03090e0946c2c362c9de761944a6ad52248a14a2b8ac,False
v7_train_03105.jpg,train,processed_v3/train,16ece072e41db6bb0be697b99f5919ac26bceeabced0735f2aa447191c0df740,False
v7_train_03106.jpg,train,raw/bangga_ppe,940b4164e596b4ede034568cefc55fe95d2d1bc25b8d853cef5daf0ae828e288,False
v7_train_03107.jpg,train,processed_v3/train,6b90691f50e31894e3552b2aa8776c405efd74c6147da6ed97299bd0e1f7d3f4,False
v7_train_03108.jpg,train,processed_v3/val,f2a21f08837ac3452da4313d4f9b86305576c43f1b14dee0baf2df9e6084f2f9,False
v7_train_03109.jpg,train,raw/d_fire,0a324f8d0d3087c55a6d6a529946b918de096508bd8791f8b1e8ebd854e473b8,False
v7_train_03110.jpg,train,raw/d_fire,7d8b6a4db026f60fcc4ef7fbc3b780f5f34a167d4afcd03627c492a05d15a6cb,False
v7_train_03111.jpg,train,raw/d_fire,c99b46c6713a7e9ebd8adc90ab3d2f30d55f3b9c63ffe482a04e48ddb193847c,False
v7_train_03112.jpg,train,glove_detector,0a0fbcbdb4c6a79b7d2c9ef30bfcae78781c5e199dc5fbe7c26db3d4e5e63b71,False
v7_train_03113.jpg,train,processed_v3/train,196473f7f3099cd725a880d6f6b6f989cf1d16d9a64e547af3ee2221158d1ade,False
v7_train_03114.jpg,train,processed_v3/train,753605ef46622771cfacf744a108d59acc5779fbf87ab6a3122332029429e176,False
v7_train_03115.jpg,train,processed_v3/train,f2425225f2ca77a8a64883c07282be2d52333ab91e6c7f570e9af9811accbc48,False
v7_train_03116.jpg,train,glove_detector,93d36cf614f0e3cdfc503f15cebf7f0436f4378e4d52850c263aa22273bce03a,False
v7_train_03117.jpg,train,glove_detector,07773870a9c7754d45ff4b97fab640b86a18005a275007e0d695e00d5c4a85e6,False
v7_train_03118.jpg,train,processed_v3/train,05e59aa47bc052f0d5808eae64992fbb9e090e0e44250bcac39cc8d83fa7acf0,False
v7_train_03119.jpg,train,raw/bangga_ppe,35fc0af7659821992bdbf5fbe80027891cf6a136a680bfa2fd4987c3f9fe2ae0,False
v7_train_03120.jpg,train,processed_v3/train,ecf51c323a1df6cd1853366893a7a177d25e0f1555665ad0bfb67b6cda2e9e09,False
v7_train_03121.jpg,train,raw/bangga_ppe,129baa91f3fe489e515ef4477e018906648811b936f19e3503ff99d6d804fe43,False
v7_train_03122.jpg,train,raw/bangga_ppe,e68077f88e070e44fd2c53eb41a79b8f4ca2287c2a70aaa8973c701da4ca7029,False
v7_train_03123.jpg,train,processed_v3/train,459e412b48de761f511feddab87e6459f2442bc4a5f8b5d5d28548ca1c9d0517,False
v7_train_03124.jpg,train,processed_v3/train,995bf0a28fa69106c4562bddb8a4684ced028a9500ab8e515ac1768b14ce3a59,False
v7_train_03125.jpg,train,glove_detector,aa2faec9624cd188cde01d0469ba680922190a2c3177976ee9729f62f05d9b05,False
v7_train_03126.jpg,train,raw/bangga_ppe,e8aed03bf6bd123a9527009bffdd6dfc8d4ad4ce98dad1212733583a48467837,False
v7_train_03127.jpg,train,processed_v3/train,0d37a07b88c0ddcbb033f331082fba91917b20f7d187ad79ce8fa4b81b97ea92,False
v7_train_03128.jpg,train,processed_v3/val,c055e1bde03167afeca7b2340a7614e14f15639a5f16f449e142666af6201acb,False
v7_train_03129.jpg,train,processed_v3/train,8cc8ebbfe711ee2782694ac812fdb8f42823d1a9bf760b48a55a7b9e74b66a6c,False
v7_train_03130.jpg,train,processed_v3/val,3a042f7792746b7d046d2fa7ab0dd0d6b164bff261d08f9b244cf2d0616dbf37,False
v7_train_03131.jpg,train,raw/bangga_ppe,41f1323e0fd417884ca604b8532c2175c30dba1577512b5ddf325dbdc6b45fcb,False
v7_train_03132.jpg,train,processed_v3/train,caef93b248a1082ee3af79534c1805429cf46994429a685af78c28b048df8881,False
v7_train_03133.jpg,train,processed_v3/train,155f8c1a1079958b33fbe27905bd9acbccbcf4494a35b4549f8097dd78c00993,False
v7_train_03134.jpg,train,processed_v3/train,01645cfc268c1ed52b831eb59df874c5d2fdcb86a82ee7bfe0ef17a3c48229a2,False
v7_train_03135.jpg,train,processed_v3/train,9c09b9cd373c11f148fdeb170d2ad40ebc341945d48ebc8af77b8968cbd6de9c,False
v7_train_03136.jpg,train,glove_detector,4521a62d4247429066b019459d4a7ff8dfd59abd061fcd254ad1c8eefbec9153,False
v7_train_03137.jpg,train,glove_detector,d62ccb2c21e87daf066d24240554637c44bc145514bc6b7765481de0f9c68293,False
v7_train_03138.jpg,train,processed_v3/val,d93673d6e3802acc3c77b7eaeedaee73180a3caf62edc5eff9b3a275574bbcad,False
v7_train_03139.jpg,train,processed_v3/train,f3fb3488ea7d03994914da52a3e9b649d6bfe5e24c886dc94bc1b5cdc4b44887,False
v7_train_03140.jpg,train,raw/d_fire,00efe52811ceef1d02e614991c2bd023301d1b251eb4f05a8486717a4024a916,False
v7_train_03141.jpg,train,processed_v3/val,82c9d5290d2011a75a107f634e922631967ab638dfae1c0dba58ed66babebbf4,False
v7_train_03142.jpg,train,processed_v3/train,badc4ce9c85d0f4853b5d613c40429c255a810c574837ef9a9b6d60d99f98db7,True
v7_train_03143.jpg,train,processed_v3/train,b34e1480133d7de8f91fb801b9428a2ae53ac8562690ede32ee30ad0f065c8d2,False
v7_train_03144.jpg,train,raw/bangga_ppe,bf4bb09389c7058b84f6f843e6448f9522a75daef8d7b3d75b6900e4d5633271,False
v7_train_03145.jpg,train,processed_v3/val,b78a8c6b049f3ad691dbc0ca6e187114fc0d8642410dce93dc910125163d079d,False
v7_train_03146.jpg,train,processed_v3/train,ce9b5c7867a411bb3f2ad9cc851449f7d24782975d5277542f1e9e2473efe079,False
v7_train_03147.jpg,train,processed_v3/train,15ca7a101499c0bbf689f0c8954dee92e83cedf2b6d41a86499ec0ba414349f5,False
v7_train_03148.jpg,train,processed_v3/val,8bb39f779211af9b2a0c3b4c6fffbd201e6296b278c76f7fd6eca2d0cbbcdfcb,False
v7_train_03149.jpg,train,processed_v3/val,d33176fcde8a8edbfa8e51e6985290ad643851577744c88eaac2d7d2e9c41fa7,False
v7_train_03150.jpg,train,processed_v3/train,e5b948bd81005d70a95ea7defcd6fafa769a1aa03409a95a844081c0c3705dd7,True
v7_train_03151.jpg,train,processed_v3/train,12b603aee47f96cf048152acce732aa3437514ffd9a32d565828cc7dba4d593c,False
v7_train_03152.jpg,train,processed_v3/val,b2f365281f1c80615d7726ef97fcb42afc92859e630f059b27fae7e00477a43f,False
v7_train_03153.jpg,train,processed_v3/train,2a6e8c01c207d36f13b5087a2494c7ce065f192054f83b466ba280d3d6dfbe0d,False
v7_train_03154.jpg,train,processed_v3/train,8759a1e26dd2f09162c2182dc30f2bfa78504510f554d1b3932b1aa086eea515,False
v7_train_03155.jpg,train,processed_v3/train,a005dc2e1e2d999abbc15b4f77af513fe0b4eda06a882cfcb21347e07d9f4286,False
v7_train_03156.jpg,train,processed_v3/train,998e354d3536660d1719bcbc39e75008e414f77cda2d475cf8b07f8bc00c698e,False
v7_train_03157.jpg,train,processed_v3/train,d8f1e91b3b48817ca0bff2a22ef49fa8c8a454bbc2cfb4d029f4cbb744b17f15,False
v7_train_03158.jpg,train,processed_v3/train,1f788f8f439b398772ea9bf20d25aa21a3bc8501bfae7222c7b7a96a4eab5af5,False
v7_train_03159.jpg,train,processed_v3/val,8b8d2961c2845b1bfdde649ac04fefdf02c7d81d530b8dd6bd41d30591e45433,False
v7_train_03160.jpg,train,glove_detector,121eb76a0312d5dcffeacbb3dcebd1db1b5e8937bb4886197df60632344ca95b,False
v7_train_03161.jpg,train,processed_v3/train,5018033623886d5bbd573eb5802c4e2eeff38c7a443f7926325cc8082677edcc,False
v7_train_03162.jpg,train,processed_v3/val,c81ddd7bb2c3773c2b2f204226b6fa5dc69a8f68fe5545203d9207dc054e9214,False
v7_train_03163.jpg,train,processed_v3/train,4eb7d3eeee057b2b883b5a4b0c4081a3c67cd8039cb50bb2d9ff92b2c59fc88d,False
v7_train_03164.jpg,train,raw/d_fire,1673e0a88710ac60a780fb47591efc022cb2b119a76f8dea7cdd7e052264f2fe,False
v7_train_03165.jpg,train,raw/bangga_ppe,4e9c073f0786933a0e909c9d0201554255411444d50e58a921d4acaade99f964,False
v7_train_03166.jpg,train,processed_v3/val,bb27d7248d541d88e415809918ca8252b56033ad4ff6e9e08d80d3267464ebbd,True
v7_train_03167.jpg,train,processed_v3/train,4b3bd321ab95ee6fd062fc90e7d47926083ce8b2172eb8ade8be1e502eaa52d5,False
v7_train_03168.jpg,train,processed_v3/train,63bb46106c3655078d80ca9c455786294fdf716bd128ac8102757ee46b11f01f,False
v7_train_03169.jpg,train,processed_v3/train,8f3abeec95f186029e2dddd32e1494b4593e9865954855b107744b723037327e,False
v7_train_03170.jpg,train,processed_v3/val,07c2941d375b2d0eafbe0d263f26a29ad6193f2c821b435bba8e6dc459049164,False
v7_train_03171.jpg,train,raw/bangga_ppe,f8d0a35829be2bd09f74b067214c341e4b47ebd4d2e6cfd17c21b86b5295080b,False
v7_train_03172.jpg,train,raw/bangga_ppe,865496ff4da67b204ac3b42bdbbb70b37d6c1c52e3156fb5e76ad96fb836d813,False
v7_train_03173.jpg,train,processed_v3/val,72445482ab99a7b35cfb47fa45bec4d8456a9a06a31c13047e1bc9a7add10eca,False
v7_train_03174.jpg,train,raw/bangga_ppe,1470a1d2202f58ae5281ff047d03ba21d55634d3379519eb19344a0c066e7ee0,False
v7_train_03175.jpg,train,processed_v3/train,3eaf1c2589c82966d6c24d10c808d3737d4a73e484501d5e003d8dee9cde433c,False
v7_train_03176.jpg,train,glove_detector,5f04c76daecc0952bed280aa80336c787a904cca1bb6b64ac756d0c1d358b33a,False
v7_train_03177.jpg,train,processed_v3/train,89e9a2f62acbd449e637a7e532fb65588dc0109f82ece6d6bb4301db58884c45,False
v7_train_03178.jpg,train,processed_v3/train,67ec835718d831ae68c14cd0ddb5578883222dff37d446988083535ce597db52,False
v7_train_03179.jpg,train,processed_v3/train,4302e01cb9747a7cd3ea2df7128e32d68fbe3e88ebc13f8138c025f0541254d8,False
v7_train_03180.jpg,train,processed_v3/train,56e2a08836ad34125bd2e6a2151b1bf029a544a190beeb7123b3239f8c8e2294,False
v7_train_03181.jpg,train,glove_detector,e818404ecb1f2f03d8aeecd3303da7eea11b12e72b0e59a745843ed92f2ec242,False
v7_train_03182.jpg,train,processed_v3/train,cefb49b3414f6dc3695b2070f6167384ab9c12dd4ff51176eb9de218d3d4944a,False
v7_train_03183.jpg,train,raw/bangga_ppe,aad1e5c944ea2d89b8eb49da95d9c433dbe2660712ae725ebd0543e0387c2700,False
v7_train_03184.jpg,train,processed_v3/train,7198382559068a925ed6fae751fe829831fd77db9d24e26cdd0d8c0229fa7bff,False
v7_train_03185.jpg,train,processed_v3/train,abbed129396c5780d769a0ce64fa2c2df987407d1e469a23e387b35d85184f98,False
v7_train_03186.jpg,train,processed_v3/val,53cdce8aa26aaf6e875e52c85b30bbd0aa7c29beea56cc078fad79a675f9b0bf,False
v7_train_03187.jpg,train,processed_v3/train,d4d223b21c9b946b084910630ad6fa5b44a2beb8a35fccaca14c1b5da74d90f3,False
v7_train_03188.jpg,train,processed_v3/train,4af6ef680b30de2331b63325f5375bd0b9e406a246c2b3bb321454fdbb21f386,False
v7_train_03189.jpg,train,processed_v3/train,1a4be7f0a1c4bfda96126108ead40629968707bd89eb3f09626db6acc7570859,False
v7_train_03190.jpg,train,raw/d_fire,988716b139fac04ad7bcc39927de83a45eaeff44bd9cd892fdf1dd8c3b0f6343,False
v7_train_03191.jpg,train,processed_v3/train,919fde1a7e771ff285b499f2c218a76f5ca797b51331274f19dd9994bc1619d3,False
v7_train_03192.jpg,train,glove_detector,23a3528c488be8dbd57fb5209ab6f4680d916b949aed753fd8de5afd6906c98b,False
v7_train_03193.jpg,train,glove_detector,bd6a599e635323b377e6dfe8bbe42f2ee72ff9b7899400c1af4533c3900633f9,False
v7_train_03194.jpg,train,processed_v3/train,f1c61cc601ea1b1ddeea60b214ef06d27c56cccf151d3e02da280ac9cb43d7c4,False
v7_train_03195.jpg,train,processed_v3/train,a5c6868473e38bf98d0e05bb8c6872917a8b67e3930f3c0e7cc8803557b7324d,False
v7_train_03196.jpg,train,processed_v3/train,5a90f6fdd7f75c91f71ee2d0c0f1075b700c0e7e4e02f833c67c908862cae49c,False
v7_train_03197.jpg,train,raw/bangga_ppe,c4df46ee1cbb132b0110126d2abd28edabaf66173d041253f369e2b9b740f0e3,False
v7_train_03198.jpg,train,raw/d_fire,fc7bd4357564661f19b414e91f605ec1b5123a41a3b755d6aab4a75495e9c3cf,False
v7_train_03199.jpg,train,processed_v3/train,247d6173d39d53b8d121050c36c0ce5789be324e491a4c9f3fd2b6e8d2f880d7,False
v7_train_03200.jpg,train,processed_v3/train,129741e2b319ca527f6eb3d632ad068596325356518f00533425d0f814270b12,False
v7_train_03201.jpg,train,processed_v3/train,ed0a74cb9b4b73d3f4fc058ceca070b256e615021b3cfde21f0d517715ac4c49,False
v7_train_03202.jpg,train,processed_v3/train,72419fe34c058297b009227c0d8c399a16ff3b3188ce5ea8f59f103b64550dcb,False
v7_train_03203.jpg,train,processed_v3/train,83cc74911faf568633302251ec366f99bc29a1c46a6edd2516ea852e9adf0515,False
v7_train_03204.jpg,train,processed_v3/train,6a814684858267168c87939d3db9f2aed56545427f7e7a6583d9d28b9325aaf8,False
v7_train_03205.jpg,train,processed_v3/train,75b5a3685d35a6efbebf4a3207efb7a96fe61d6085281b2b0b09a5b33dbec6c3,False
v7_train_03206.jpg,train,processed_v3/train,80d01ed88cc616d070340993a20347da731839bb86075bbcc7baf142a20c5c4a,False
v7_train_03207.jpg,train,processed_v3/train,54f74852a4615ebe9c5cb35b07043a13bc8908d6ae3fc14f261aa17d44d9b928,True
v7_train_03208.jpg,train,processed_v3/val,14ab2441e30a1d66abaedf55786941ed60e165ea341788b81b9fb4c7ea453fa2,False
v7_train_03209.jpg,train,processed_v3/train,ac8f80b5bfd89c9fe4e75b402f9eb78e00845f014d0772a31a8a7976ff18fa33,False
v7_train_03210.jpg,train,processed_v3/train,8f7205338cb9faf05db4e0e5cdfca6b8b1df63fcdfe04dca4a54b5ec76720f79,False
v7_train_03211.jpg,train,processed_v3/train,5c13f41030998f868a1e2814cb4cdeb87f251e6b6764a75a91aa67cac8ed4266,False
v7_train_03212.jpg,train,processed_v3/train,434ab7626e84ce887b7825ebf0c0494ccf5d2d9fa50a8ad3181f55a19e2a213c,False
v7_train_03213.jpg,train,processed_v3/train,8087b578e3f96d6fbb2f57ad2f2eb9c8e2923892ab858f1e83e7b8f94ee19756,False
v7_train_03214.jpg,train,processed_v3/train,ddf3bbcb1e3316018e307f6a2ebd0285ebcda8b6ec36d4cefd21407f86d1cad1,False
v7_train_03215.jpg,train,raw/d_fire,f428e6ac80e73e98fcad724302882404f47b8415753466dd1e23c99253ea8560,False
v7_train_03216.jpg,train,processed_v3/train,020f5c3d4e260c3b9a6d248415536598a7c6c84a9eb64ce5adaca4b3557c5cec,False
v7_train_03217.jpg,train,glove_detector,53d721b24a403fedb96ddc7b562db70c127848f6df575130f6654aa0502b1b1c,False
v7_train_03218.jpg,train,processed_v3/val,213f04f3500ed43e93d173528fa547af4acbc61d211422ef04f7c880e0cf9e46,False
v7_train_03219.jpg,train,processed_v3/train,bc4524d3dd43ce0fc0d9d118d53cdcac4def190de369063774855899ac6c41ae,False
v7_train_03220.jpg,train,raw/d_fire,46467722246e98ba6f648f795d86685f3bde031b44ce34c02d39dee5e64c1ab2,False
v7_train_03221.jpg,train,processed_v3/train,a76bbee97cb657ffe3299f89362981cd74db8da9e8a32a93b6566c36bc607857,False
v7_train_03222.jpg,train,processed_v3/train,3a43cd3f36a1e53f8f983dc2ff538a925accc1f5e60c8a7f7f48869fa09e28b8,False
v7_train_03223.jpg,train,processed_v3/val,cc33cf29f07b6dcd9a784109cf0cb1731c64676ffa7dc220370fbd85a1f5dfd1,False
v7_train_03224.jpg,train,processed_v3/train,b6aae18b0de67f0649154765d11463e2b9a48b9f1f79b161f2f9c3e5eb727e24,False
v7_train_03225.jpg,train,processed_v3/train,0a431e6bb2966526910973bdf4ba9f2a6000229fa8de3c34ea23423e2d4c6f27,False
v7_train_03226.jpg,train,processed_v3/train,ba7e2ab4690c8b041fde62ba21fb798fc9b1329c78f607a04f2bbebb8237a5b3,False
v7_train_03227.jpg,train,processed_v3/train,b583abc1f3798e9878eb34838222991a39ffde145fb8dd35d216414550d100df,False
v7_train_03228.jpg,train,raw/d_fire,25b759ad287d29590bacdda51c71365da9d4808209aa660f4d6e889a8342116c,False
v7_train_03229.jpg,train,processed_v3/train,aeb67e38d114222bcc824e0577a1dd1aaee93c56708ce210b8f0b07a64f6795e,False
v7_train_03230.jpg,train,processed_v3/train,7f9635634eefee63ef6ac9151ac0821cc6f03058beea1356c03fed04db62c500,False
v7_train_03231.jpg,train,raw/bangga_ppe,c24560d5d0070f9a9353e27956d7e936d3ec15c11e03feefa45ebdaa30aeafe8,False
v7_train_03232.jpg,train,processed_v3/val,bac786f4fd4c2a4fce0948897a1e91a653b2c6b132a3aa45740d2d901310a2ea,False
v7_train_03233.jpg,train,processed_v3/train,983dacd2b4adc3495f2580b992dd18162a15a3347ba7fea991cb8fac35d41b3c,False
v7_train_03234.jpg,train,processed_v3/val,dfc14e7ffe9805a1ab901e8f9853cba8e8e66f4de96f44ae7c69e13b7adc8b36,False
v7_train_03235.jpg,train,processed_v3/train,13275bf3f5b59fd8fc7e5de00553e34dfb727a868ff71d168d04f19a79fdbc7e,False
v7_train_03236.jpg,train,processed_v3/train,78f3e9d5b18c9d9c18a771d90f43f672e1a3b1398f6a87eef51874f8ce43307a,False
v7_train_03237.jpg,train,glove_detector,3fdb1778d28e128e06bbcdb4725a580638d11c90f9b0513f860b019fda56a661,False
v7_train_03238.jpg,train,processed_v3/train,b1442da23ed9028a35a9b84bd9be6d066585d1985e12b7c730a5aa6b4704fa85,False
v7_train_03239.jpg,train,processed_v3/train,2544841064609574ae07801eec85fc7be737a085f1829d2ceca75ddfa97e0add,True
v7_train_03240.jpg,train,processed_v3/train,5d19d92ecba87deafc4cc0291b9edb77bd6bd43f3f997aa5d2b549202ec50faa,False
v7_train_03241.jpg,train,glove_detector,61bcaf211ee082e90a33704b59e5a8f44b571ab68b1621261b6de2bfe4a05cd6,True
v7_train_03242.jpg,train,raw/bangga_ppe,98f267e67731fc3705b87b05f6a16f35d15d5935a4f55e278917208d33812838,False
v7_train_03243.jpg,train,processed_v3/train,247c33087398f9e6443468da18b5ebe468f955aba2dd7de020f6ca6677143fe7,False
v7_train_03244.jpg,train,glove_detector,61f144e94d9303e8b2d0e0d2b121d22b3337f2c4f496edf24ea98db7d3ceb966,False
v7_train_03245.jpg,train,raw/bangga_ppe,0343f2c88d2bdfd0270daeec93f1b4ba1e28e1606b4f21451a74b03a8ec3afcd,False
v7_train_03246.jpg,train,raw/bangga_ppe,065c97ad74b7a0567a0d31d5205c5743dbb004830ec8729d83cc1d2010394d4e,False
v7_train_03247.jpg,train,processed_v3/train,1ce484fa71d52b77fe76562497684f93396049bdae60c00427cba5ab799a1e31,False
v7_train_03248.jpg,train,processed_v3/train,ba4ddaf0f96fa9cd295700170c232833a0096e2be9f4810fe2f46ca447f87326,False
v7_train_03249.jpg,train,processed_v3/train,5d4c2a1195380f4bad522094d2cef16f630d1ce8f6b9358eecfd2b495d798e53,False
v7_train_03250.jpg,train,raw/bangga_ppe,e52cc805645c89db0c83ef40f2cc848fff60e8cc31ccf653fdb9c8c5f140a0ba,False
v7_train_03251.jpg,train,processed_v3/train,a3905667d60ab721bcd4f863fbcf422c8796e7a84ef6b41daa1f4558e49b64cf,False
v7_train_03252.jpg,train,processed_v3/train,6f5301e34b96aa2a6a3117408314d2616019c8cb55a586b46450b6a570af3a3e,False
v7_train_03253.jpg,train,processed_v3/train,868186fa0a2f224cdb67cfe5105d5e94ffb9d540dbadb7be39eb77fd0fc223e4,False
v7_train_03254.jpg,train,processed_v3/val,824bcdfaa087e10693abf0c03dc97e4dbf25bdd364f8aeaf20704f075065db42,False
v7_train_03255.jpg,train,glove_detector,44b37a6dc55606333e00cec97f546458cc5f9cf29e85c6886047fc560631e114,False
v7_train_03256.jpg,train,processed_v3/val,093deecae3c5e80a5d2ddfa3e0ac2c4eac363dfaf701a21f675cf2ad8894dd3b,False
v7_train_03257.jpg,train,processed_v3/train,185ce39c90eaf229d723892741ea18e176447e1de3c90c9ce01fd4130a64f248,False
v7_train_03258.jpg,train,raw/d_fire,5299e11de38207e9a050782cc547dc4b2881242dd64d5f98d5f01318ef7de7cb,False
v7_train_03259.jpg,train,glove_detector,c2b84a3a064ab007d6ac9d74599d7281b78e36f4d8b46bf9a408c9057006245e,False
v7_train_03260.jpg,train,processed_v3/val,b7250cd2b7b32cc5aa1407bf5d82b9bef25f470d09e1f94a8454f78af39a719d,False
v7_train_03261.jpg,train,processed_v3/train,9f07e512a30f2d34713b416ef78a6e19bbd607bcd03531f393a40e27e97b9359,False
v7_train_03262.jpg,train,raw/bangga_ppe,76bb5443f5fabeeaf2256960b6a06b9154c26ba1d661e2da3b98a0fef3f0584b,False
v7_train_03263.jpg,train,processed_v3/train,0cf25aaa718040c5c4a3847a75b5396603521b6604c76d848ce4cae6e876c4f5,False
v7_train_03264.jpg,train,processed_v3/val,c1acf7d9b62b7ff6c152681f149bf7d0df15f4fd639e7405c3c1bdce7d017614,False
v7_train_03265.jpg,train,glove_detector,dca566349e0f6564b9041df02e07fcd2f6a687be5658a20aa290f185522876f5,False
v7_train_03266.jpg,train,processed_v3/train,938a905c926cb3df33deab403654fd9f1bbd339e7d6586b78e8ff68dd641950f,False
v7_train_03267.jpg,train,raw/d_fire,0170ba42d4f2b1fc822caa35623b4d3b4f8bb478f018c0497c602c9a319510d1,False
v7_train_03268.jpg,train,processed_v3/val,fe5466424ac5aa070bc4c32c9e3982f0e4229d9f4b6226a77c464bb7cbe0f2d7,False
v7_train_03269.jpg,train,raw/bangga_ppe,8bcdf5b3ae3cde460aa3225425c4f022ebf43758d5cef661f13054370895bf8a,False
v7_train_03270.jpg,train,glove_detector,f4e5c391eb685c859fb925365693faa0982bffabf4eebfc8ccc66a868fdfdf6c,False
v7_train_03271.jpg,train,processed_v3/train,2b7c2a6d7386ad006fd2e0c1bd0534d3c6891e56b1befc5631a09a73c8a25ef1,False
v7_train_03272.jpg,train,processed_v3/train,b4c8201128bf0f5b182671b89b11d47629aafea673957f87114c4814ca0cf7aa,False
v7_train_03273.jpg,train,raw/bangga_ppe,826126d336f31129db90430740e51d84a5280f77fbfed3bf9e611445d34e71f8,False
v7_train_03274.jpg,train,processed_v3/train,6bfa757db991c504781682b910a0aaff34532ee398b9ab29c57c1eee7079a478,False
v7_train_03275.jpg,train,processed_v3/train,fc2c3d26631836217fdde56b9c44de96d86c428f9d1475f4cdfd83a19ed1ee98,False
v7_train_03276.jpg,train,raw/bangga_ppe,0b3ce5d96bfa43c9517f8184f312356080d0e060b1e60e41b8a5b24d3d721d40,False
v7_train_03277.jpg,train,processed_v3/val,e66b6eb943f7d32ec0997aa1fa252d9813f0341ffef332dc3c141c762932584f,True
v7_train_03278.jpg,train,glove_detector,bee4b2089f53c919236cafd0ee3a5f37b8b7dc84604f972d69d9b306835096f6,False
v7_train_03279.jpg,train,processed_v3/train,726f6cc463289c19c4f4d938bb7fc8837a2277e0b001ec3317c10fa9d0a97f77,False
v7_train_03280.jpg,train,raw/bangga_ppe,e74c812d4bf7b34e566bb7d651ae8fd60752d28ce47b3ba778fa8519e4cffc48,False
v7_train_03281.jpg,train,raw/bangga_ppe,04cdf5add640123b7801da2cda6444b5effcc264848340cd47f8b336514697ec,False
v7_train_03282.jpg,train,processed_v3/train,822e3713dd16ac0d6f10def35d2c8833732e28d9848b5613ef00229583b8d5e3,False
v7_train_03283.jpg,train,processed_v3/train,9217de8e0e56a3ceb26d3c5de1de664018d57a2637dff2c0188e071d50fe5762,False
v7_train_03284.jpg,train,processed_v3/val,cd62bd5c037ad65d79542992660b123ddca0b516afc7dc565f0f65854e3eeffa,False
v7_train_03285.jpg,train,raw/d_fire,543ca30f38880faa4555234f0d7d26142955724907544a4ad7c00df73e6dd314,False
v7_train_03286.jpg,train,processed_v3/val,d3e92609ac1165bc8154f58cf1a2ecda5efab806feaefce838c00b882d5f68a4,False
v7_train_03287.jpg,train,raw/bangga_ppe,c9fc6bfbe6acc446068d002052ea138dde70dbf259994be541784fee87c7dd29,False
v7_train_03288.jpg,train,glove_detector,2d2d6cb0e00896d15597f7e82dec2382591a549b73c85b39ae0f3d7b5927f09e,True
v7_train_03289.jpg,train,processed_v3/val,bf545120c7207fc9ae0fb21e9313a08d759e2ffc07ae04bdf50363f79196cb63,False
v7_train_03290.jpg,train,processed_v3/val,5e275daadaef0b29ebb5d34b031e10757d31783779def8c01efd7c19d48a64ed,True
v7_train_03291.jpg,train,processed_v3/train,892c6df6a2d7344cd91ada9b9249492f4a112c91143274b8fdfeb5c38bb00532,False
v7_train_03292.jpg,train,glove_detector,4a7f0b7f4fcf6905787d4d40d238c18541a0127ad6bd9a8010571d066b1df6e6,False
v7_train_03293.jpg,train,processed_v3/train,b4e7c1b9555a993f633b6d466636df3cf2c006967497d60a64ced25dfeae7513,False
v7_train_03294.jpg,train,raw/bangga_ppe,bfef0a753b40d455194398ba3f726d498a8afdf54040b2b13898176a177af908,False
v7_train_03295.jpg,train,processed_v3/train,6ca0e64d1dbd6ed8aa9114d9c985ad6d10599a703d3bae5c77ffa014018e276e,False
v7_train_03296.jpg,train,glove_detector,2c58e6caa8fba1dc6658f19383e59915bb9a3ff040f601d3fbeba57b85afd00f,False
v7_train_03297.jpg,train,raw/bangga_ppe,bad0c48835ab0446ab7830aca65008e9ee4d7584966694b778e064728ecf35ad,False
v7_train_03298.jpg,train,processed_v3/val,197b387a54960ef6565e62d7b0f4300ae5405e6b400b14847b51ed1bfad1e067,False
v7_train_03299.jpg,train,processed_v3/train,69f5433e73f219d520d01752316b0bdef9ab1ba37e826e384b8b57e756cf9aa5,False
v7_train_03300.jpg,train,processed_v3/val,ddc194776842e248107e570f8af4cc8ffe48b5e616a871c29f12a9d66239201d,False
v7_train_03301.jpg,train,raw/bangga_ppe,b60d721bc849e32b3e763cea873e0ed2f6efb0248ce56d325aed62a87d0986cd,False
v7_train_03302.jpg,train,raw/bangga_ppe,21aea8d1abd046cab84f6289ebbfb44975b5d54b3006d600e9beb78b5da6df80,False
v7_train_03303.jpg,train,processed_v3/val,13f301db178d0486fcd2f2f27981576c63b44db1bc45e5fda8682dc1939dd426,False
v7_train_03304.jpg,train,processed_v3/train,e6aa2e6015162e3b4f9479cf4f36924b04e4a0d795eb1cf670d836b5ddbe681f,False
v7_train_03305.jpg,train,processed_v3/train,887a8d3762de2a39c97bfb558a9a6ade75a54eee66f15b790faa5c3861ad78d3,False
v7_train_03306.jpg,train,processed_v3/train,5ef0f02e2e433b5abf6e0854baeaca961baaf0335c5b30e809f8e9816c624d05,False
v7_train_03307.jpg,train,processed_v3/train,27eb9f5348154773be46fa5ba2502f30b90333909dca121565cca3775cf3a7d3,False
v7_train_03308.jpg,train,processed_v3/val,131e979baef3d3ad8f11c35a78467bf954ada567dd9597702eae42653d82adb1,False
v7_train_03309.jpg,train,raw/bangga_ppe,97ad73c8380739560b33fdd668d994e914495ae976194c2d723f316ccc53ef3d,False
v7_train_03310.jpg,train,processed_v3/train,83c258a7d06709acb25525012245464d55068715349d0f3b38d47f3f47cd0df0,False
v7_train_03311.jpg,train,processed_v3/train,94a16a069b21b3f1c01ba596339c83f8e6fb641d8ab230e0f6d9b95be801210e,False
v7_train_03312.jpg,train,raw/d_fire,fc84dcb5c197eddf5fce736d75c8c3be6c568d8cce829cc0f8c29a72f2185133,False
v7_train_03313.jpg,train,processed_v3/train,11593fc271dc35599175251cc45b7f423c9a3eb9cea4cb19415fbb9b3586301b,False
v7_train_03314.jpg,train,raw/bangga_ppe,60a4816d153394ce973c9acd966f45eae28430b84af1b5aec587cec89610a1b5,False
v7_train_03315.jpg,train,processed_v3/train,82a2091c826bffc1de50ac764665f21a3eda266812e44cd10a92efa5f434c4c6,True
v7_train_03316.jpg,train,processed_v3/train,ee7bcd3b31afe122c0b316b02e1e987e17f387a668a2070450dc7e2abdfdf8c4,False
v7_train_03317.jpg,train,processed_v3/train,a5bf03e355799bc9f7be3d858e8919ef7735a20ed9147746e984d0143bff5c0a,False
v7_train_03318.jpg,train,processed_v3/train,74eb58df6815aa9ab9c5457e9570ea4d818f2c9dc7e0f07bb70cb1c3ee98f678,False
v7_train_03319.jpg,train,processed_v3/train,5c21f76691b6a2f7f7d2ea82eb7a0325addfd6f9a99f9aacc0d1c053ecae0ab6,False
v7_train_03320.jpg,train,glove_detector,fc3a9b7a6a7c9ba5bcf966cf776521ab719d93fc9448ee6d6e7c5c1b3bbe7c94,False
v7_train_03321.jpg,train,processed_v3/train,e5967b01c30a763040c03bd72493543fc9442dd0b3e264dfe010a626176e1049,False
v7_train_03322.jpg,train,processed_v3/train,cf4b5493bcec1b0738912ebc5c9dc5afe05d8fd6063de9d7a20fe10679b1f8bd,False
v7_train_03323.jpg,train,processed_v3/train,a2ed45885ffc15d5fa5a821ebf4afda8996d93ef74734c66f426de5d63da50eb,False
v7_train_03324.jpg,train,raw/d_fire,aeb9337aeae10ec97fda859fc62c142e6ccfaaf34e1ed4077184868cf6512ff0,False
v7_train_03325.jpg,train,processed_v3/val,d82a0e672132a5a940988361042c28a4e3967c343a13ce9ff5e3a5b72373121c,False
v7_train_03326.jpg,train,processed_v3/train,5af5b045e598a7872e4f2f560acefa2101f091e3b666cdfc3c60f4d02940df17,False
v7_train_03327.jpg,train,raw/bangga_ppe,323ab7b75b7a4d118f21b0989f7027439342b51bc82a9678fb5702927dce3e31,False
v7_train_03328.jpg,train,glove_detector,a836c27a94644a4401d414769363fa91fad6f351092ae9de1698efc3b9b35bb6,False
v7_train_03329.jpg,train,processed_v3/val,600165b5748e7c2c5bfe9c4c83dee1ed82f659e7e9befbdf03c081cb29687470,False
v7_train_03330.jpg,train,raw/bangga_ppe,acba5a9d49d337946d43177a057f99bb8985dc886396b78293180c60942984a7,False
v7_train_03331.jpg,train,processed_v3/train,2c3c49c5183327d22f2a991415823d736d7c5cf18e555e5782307ec12c04e14a,False
v7_train_03332.jpg,train,processed_v3/train,f7cb53280034b818282ad34811431d99acfba0eca978d8c452e72ddd54770015,False
v7_train_03333.jpg,train,processed_v3/val,c82647b2c04a897c3d1e820be7f2746088feb4de6f4cba8df6960cab2e8ff83f,False
v7_train_03334.jpg,train,processed_v3/train,a52cee946df43b3eae7380e0e6690cbfc9062cfdffc64c712983ae1ac43c6eea,False
v7_train_03335.jpg,train,raw/bangga_ppe,d26e292a83b3833773b39dcf28984fa92c07f3d151cd5024bf4469bcdd989a18,False
v7_train_03336.jpg,train,processed_v3/train,3e0e405ceaee452b4f1139b9cd4d1c63063b50f65d9dd18a8088f34f8f97e8d6,False
v7_train_03337.jpg,train,processed_v3/val,6f5ca1c968a99413472a4a3dd515200af73f4c9830b51bd5dd26937bf1f64d5d,False
v7_train_03338.jpg,train,glove_detector,8afdfc78253b6b3b37f7dbaa96084a62e5dac4596a21902923e85eb40b104dc0,False
v7_train_03339.jpg,train,processed_v3/val,054d2d6afef41e52f29378b977506a5859c48b5a86c3fe0a2ab00c6b0e569781,False
v7_train_03340.jpg,train,processed_v3/train,32d7e7b053622563be71a381eb3d0d5ec4b833dc8139f93fa63bf95af34ace5e,False
v7_train_03341.jpg,train,processed_v3/train,921af62978b8c2c46c87dd56328367b61ac5e7dc82c1f21857d12e3c9a3a8c47,True
v7_train_03342.jpg,train,raw/bangga_ppe,d746b05d74d2b143edb83198105138b52dfd2f861ea16fcf3deef726f059b82f,False
v7_train_03343.jpg,train,processed_v3/train,d41a094daf2b8b6aed4f1249e0ee64f6acb439d83f53ed8e59621708b18e560f,False
v7_train_03344.jpg,train,processed_v3/train,95dc5ba62a8ef3839de5fb089b8f606b17be7f5b8e70b9181ae056e6d69fe880,False
v7_train_03345.jpg,train,processed_v3/train,e5bb4445052c0e006797ead984b49acfaabbbc0240b840239229df58b3d6a497,False
v7_train_03346.jpg,train,processed_v3/val,815a3d5e2d282e17efbf4436c1a9a8e9ce1d0c78c9dad7caa363a04a736cc136,False
v7_train_03347.jpg,train,processed_v3/train,21a6e0cef16a9f19b07bb675b83feede163c17f98d9cfa847e2c9ca57bd3b1fa,False
v7_train_03348.jpg,train,raw/bangga_ppe,2b1670fb7fca9740a77c2576d6cd12a21f936af068619c1fde23ce45f25ccfb5,False
v7_train_03349.jpg,train,processed_v3/train,e01695ffb36fde13b2840dfdf283831776c1ad1e4a1bcf704a72eb0cf6e544c2,False
v7_train_03350.jpg,train,processed_v3/train,2f763176d524a95a728a734c1548e93d9f2d72e7d413a4b38c24357f8e0f4639,False
v7_train_03351.jpg,train,processed_v3/train,e5f9f3b7570c2a053d1411c280fcaf27161c0250aea41e4e34d18ff6769f38ec,False
v7_train_03352.jpg,train,processed_v3/train,582b37a90647d78e827918e4d140c9ce7ac00d2b64ab45d4322c48046ec495b2,False
v7_train_03353.jpg,train,processed_v3/val,879cb9493772416c9cdf39e4b3ada4bca5bf247b355cfbf0fc8a006445078daf,False
v7_train_03354.jpg,train,processed_v3/val,f808ab99d985535253c3cd913020907fa3d8b54c2b2345ba87ff29f454e72343,False
v7_train_03355.jpg,train,raw/bangga_ppe,69f6f4a8c34befe48e967f51a91b2c8293bfc2abe69e954afbb9375093216313,False
v7_train_03356.jpg,train,processed_v3/val,be6267b2703b9e69b8e83e5b216bf592ca263bb9913a98ea3b254832897dfbb2,False
v7_train_03357.jpg,train,processed_v3/val,d39e529f0cefc2f589f7362b472f09a4c1642f595775beb64b351a6e729cd917,False
v7_train_03358.jpg,train,processed_v3/train,f0bf2ad66696d4396913d01a64858bbd3344e8b12779faa6efa05bb1d7364bec,False
v7_train_03359.jpg,train,processed_v3/val,440efdaecea022f88bc60a68c45a15cc3e8f93829c72c966fd04d857382a11bd,False
v7_train_03360.jpg,train,raw/bangga_ppe,a3a935b01ee3226a6057c060fd31093c7e39ad36ab73cfbdcc109db6cfee8883,False
v7_train_03361.jpg,train,processed_v3/train,152a78d38fc448145e4984c218cd82563a75ff5933899bd6f6fa9229791ea5fd,False
v7_train_03362.jpg,train,processed_v3/train,80d97524507f410b95837f6776a0af76efea5b6c3135845523e8beeb4d09f803,False
v7_train_03363.jpg,train,processed_v3/train,8f81a383a4ab7ae1aff157023db84b1467cbd46f3e25d89addd04d9777befbf5,False
v7_train_03364.jpg,train,glove_detector,fa20f572b876913a8acc718ddfec06005b9bebbdeb13cf3e7c3b5fdcf35f9cad,False
v7_train_03365.jpg,train,processed_v3/train,09c0bc8cf504f8c2a403ff6e779665989ca0afe1d45a82c6ea3cd30248d89e5e,True
v7_train_03366.jpg,train,processed_v3/train,5d0e967afa9ca1a737af79c8e74cc5b98a3f39a6ea26f04c434c1a660f03581d,False
v7_train_03367.jpg,train,processed_v3/train,ad3737b3c7c9778c03e2966f6be6fe8046c3b57b3499835c8b8f42a1e50e95be,False
v7_train_03368.jpg,train,raw/bangga_ppe,6239538d7148283438142780f85b74e57addb1ea5d74fff8c0b2028758dbfbab,False
v7_train_03369.jpg,train,processed_v3/train,98d9980d99db2dc566f1efa7b1eed5713a8c17ed2bc076d193c92d64f6abec17,False
v7_train_03370.jpg,train,raw/bangga_ppe,8f3e8b3ae3a44c76fd57323ea8cd5d2602d7d654e02bb865de976d1a4db17a65,False
v7_train_03371.jpg,train,glove_detector,366ea7b6a966d28ced27c23de6f59377c65ad0c3d62891ce13a1f8e0d251b800,False
v7_train_03372.jpg,train,glove_detector,4f83551941f412ebcb05b2af518d8ee2a05625e0bbd9b54cd6f8ce32da3189d1,False
v7_train_03373.jpg,train,processed_v3/train,51d68e756c518e0647e754e52b1339461f4fc186479b49947d0af4acee90873f,False
v7_train_03374.jpg,train,processed_v3/train,c1e67bf9ebf08e4d952f08d0772f67aee10f7d4315fe4887a592fee92bd2e986,False
v7_train_03375.jpg,train,glove_detector,e56c847a436b82e4dfb855950e81a14c93a48b36636cffdbc07eca2ad732b07f,False
v7_train_03376.jpg,train,raw/bangga_ppe,c73d42cf35044ad2a032b02a7ac3daef264e4942c7eb0f76bf5c60fc2e012f1e,False
v7_train_03377.jpg,train,glove_detector,cafaf5eb1f2a63a44a6be0c22ab285fadf244d2ab12205920938498cf57e6593,False
v7_train_03378.jpg,train,processed_v3/val,2aacb06792da55dee37173723a6d4d862e489a0f23bd48feb3a1005836b862d9,False
v7_train_03379.jpg,train,glove_detector,dc54d4d1b151a951cb42e56da97d4997de83ea1d2048675536fc66a2451a2c35,False
v7_train_03380.jpg,train,raw/bangga_ppe,03b5b0c78b6c6a814006146247e22bbdf777c9ace34d3cc9f610961f4a16de05,False
v7_train_03381.jpg,train,processed_v3/train,48f8847fc5a4a55d6ff53df8ef3d49d949fe93e106eae8d218b7a8bd3aabb193,True
v7_train_03382.jpg,train,processed_v3/train,70bcf7aabe13473100527974e2defeb15e31dce73dfffb6a4b5b94c505448a8c,False
v7_train_03383.jpg,train,processed_v3/val,772d7433fc3de0d9b133b6a225fab679827dd2ebd91986005dbf07c43354317a,True
v7_train_03384.jpg,train,processed_v3/train,b4c717f9f70bbb3cfaced8e8a3cc81c1e1c2fa03d7bf890df96072e4d977f40d,False
v7_train_03385.jpg,train,processed_v3/train,bd71d4626c8c635a3799c56648e3bf7b3cfdbed9f750b3375428ee6a63fcf81f,False
v7_train_03386.jpg,train,raw/bangga_ppe,4625144c049a004fb4b71ff69983419995ef96f8a79dd82f116effd390e564cb,False
v7_train_03387.jpg,train,raw/bangga_ppe,0110181d17e8af192afef7566ac5998b84b6daad9da6d379eff77bf7c38296b6,False
v7_train_03388.jpg,train,raw/bangga_ppe,7845c4afe9b0f39570b0f1d90b981dc42ccd00bd8a8751bb63e42a9567d50d17,False
v7_train_03389.jpg,train,processed_v3/train,914c3fa2590c03eafcf18612f920a381031c5c3995a5cf79c0ec4933b709cbea,True
v7_train_03390.jpg,train,raw/d_fire,15b76598ecb1fc2c4348adc33d78aa3d42a0f73060a423b3a18b444cf3a5e801,False
v7_train_03391.jpg,train,processed_v3/val,1a569fb886a4cd6348a26de17ae7673ed586c27a5ca4895763ac801c8bd4086c,False
v7_train_03392.jpg,train,processed_v3/train,4bdeb0bf55abed292346650e6dc13eee5ead9910edd7f29c6f3ece097789066a,False
v7_train_03393.jpg,train,processed_v3/train,31866a39cec22c94056352c238c9e92152f539f139fbd0949cd641097b539d75,False
v7_train_03394.jpg,train,processed_v3/train,b19a1729ca240936d0580e541e7e664c060b8edafd7e1cfda7f9b2e73f500b98,False
v7_train_03395.jpg,train,raw/bangga_ppe,1292cb6bf3c34f2b57e4cb16d0bb3c12807f94b7e34a70e4f1a6d5f8f4e6168f,False
v7_train_03396.jpg,train,glove_detector,4d504864ba98def2f026cd597c8647f98056e0d29beec3f10dd0619c4b3eaa87,False
v7_train_03397.jpg,train,processed_v3/train,2d7c4d64d736acb10ef18827ab24bde61614912777521c98b951cd47eb380cdf,True
v7_train_03398.jpg,train,processed_v3/val,871bf42633160f8dd2ee02599c78267035b1bab96333c1c0cab7eea78cf763b6,False
v7_train_03399.jpg,train,processed_v3/train,20f4b94ecf0ea16ff53db6250c7480eac5bf5542161e2003003a383d849276dc,False
v7_train_03400.jpg,train,processed_v3/train,1a3f7577986ad4ce8439efde595df13ae0fca102c02c76faa600b4fd196eab16,False
v7_train_03401.jpg,train,processed_v3/train,b0372cd2c82d820d68f04230b43a5d9bf3e98e5cba1ec70bd8b65aee0698c6f1,False
v7_train_03402.jpg,train,glove_detector,338a8ee1b96796274e5f9346c5e96c9228d961149816455f553eb1d8e9f481c3,False
v7_train_03403.jpg,train,glove_detector,d5d5ec15475ba8544e4b7f76b0ffa3f67b1d2360cc3f72c4ff452dcc37a9b98e,False
v7_train_03404.jpg,train,glove_detector,cd14404faf490ec96e905f1f0c16f4c04068eebeb7db6c37af9c67fa7c07ebf2,False
v7_train_03405.jpg,train,processed_v3/train,68879da3a40b83855536b9c2f5870077a0b9cfc263606cf18d7315c60c7f0d41,False
v7_train_03406.jpg,train,raw/d_fire,30d71586b6b1b81dfbddbfa64361554e641aeedec103914f4f6c9d53a6593e26,False
v7_train_03407.jpg,train,raw/d_fire,a8385d7cd5199dff7852366a092e462b6880be4907449daa1fdf4f44222a8f97,False
v7_train_03408.jpg,train,processed_v3/train,a9d09cba77a329dbd1eb642c423179413885b54568a942ded5822d627fb77bf1,False
v7_train_03409.jpg,train,processed_v3/train,c3c968f00557f7471f78e969fc13ce0739bb5cf8385121a277311cb86612f32c,False
v7_train_03410.jpg,train,processed_v3/train,bcc55bfb68fe4142dae9e65997a1652e9d8dade2b1fab8fb8b6b0f5712ca3af2,False
v7_train_03411.jpg,train,processed_v3/train,953a4e93f0715254466472eaddd470e0ecb28196e1c510b9df845dbfc6111c93,False
v7_train_03412.jpg,train,raw/bangga_ppe,e8c6ae77edd2b88bc7eb011321cd5115aa12645c22ee53c0eea70075f48e68dd,False
v7_train_03413.jpg,train,processed_v3/train,b8d2b59ee6278bc1135081286de8016410cf4270d2f061cd1f144cd878ca7893,False
v7_train_03414.jpg,train,processed_v3/train,cc71a1b72877b5b05aaeba9ca894a6fe60e5622286fc0023ca04057e09bb8174,False
v7_train_03415.jpg,train,raw/bangga_ppe,1aa07e077ed0a1ee082e46bda7297c482ceb124e03c35efe5bf4b5723eff0c10,False
v7_train_03416.jpg,train,processed_v3/val,0a334aefd9817d792c0ecfc54fa107f3ef33cdf09d111751348e4e7c03626549,False
v7_train_03417.jpg,train,processed_v3/train,33b66441f1b30b7ce2ffaf27d1cd94e5f352f91dc15502f93e288e6f9ecd1522,False
v7_train_03418.jpg,train,glove_detector,9bfcceed77e2367f24eb9b7a3327ee5e313b2dfb5a21965ebcbbcf2e5db63746,False
v7_train_03419.jpg,train,raw/bangga_ppe,cc4008308255ff3e94eefabb5afc340f28b3be0b8ca8baf2f16a84a6ba61b728,False
v7_train_03420.jpg,train,glove_detector,1febb868b9551b2082198fd40ce55f7e117a9a50e13c32be974ba1ea7a75a74a,False
v7_train_03421.jpg,train,processed_v3/train,cfdf4df040c7239acad4097a9365029be78ce7dc7691143c1dde122b304ede36,True
v7_train_03422.jpg,train,processed_v3/train,4f2d25860164290d59b219b398f725cae51e525b1e2a734dee9118d403f16328,False
v7_train_03423.jpg,train,processed_v3/train,0ebaebf80e622583f52020baa006f045117abbd475e989b7bf4ddbdca7ab84b8,False
v7_train_03424.jpg,train,raw/bangga_ppe,3e6840ea77dbc4b3047a44f30358151e7b6e74842c85b6f128e23b144299800a,False
v7_train_03425.jpg,train,processed_v3/train,85e7f456b44f836c2bf443002160bb1a119e5224746faedfc7961a1771ced987,False
v7_train_03426.jpg,train,processed_v3/train,06bb2bab7f5b110f0246f70883f840a5926b9ae7ecc16908e76660501612e5ee,False
v7_train_03427.jpg,train,raw/bangga_ppe,a18cb947826ab3fe664333d95e1fa15591e44ee2bc2ff219525bb781fd0ce906,False
v7_train_03428.jpg,train,processed_v3/train,d6fc79dc3d72fe79fe6f89711acc1006b0beb052cba7ff19460ecd550d2932ee,True
v7_train_03429.jpg,train,raw/bangga_ppe,b1b5933dce207b11a86c8e0f7c3f26587d2f085ec05c0dc48097b24ce719a141,False
v7_train_03430.jpg,train,processed_v3/val,5938452211ad0539fc2925ed67e5661ffaf9220cb62c04f103c5b567fb0404b9,False
v7_train_03431.jpg,train,raw/bangga_ppe,e97ea773665cb4f482f6b837f26f2dcde0fa95272ef2b5be4f77a337c4ed5b8b,False
v7_train_03432.jpg,train,processed_v3/train,c047a308dd7d885f6d078a744ea34799090edf23b42890982b638be0fd003772,False
v7_train_03433.jpg,train,processed_v3/val,5a49f50d62029d46eb82e8f050375c3dcc6292a85829cc1c7eb556b21eb5dc3e,False
v7_train_03434.jpg,train,raw/bangga_ppe,6d203eb7e8a0c833b0dc906cb00e5fd1a0a0eafb351a08ae87bf89adee0c3ba1,False
v7_train_03435.jpg,train,processed_v3/val,3f1f09635ee2af599938b9e82027dd1c6d222b6718e0d8039bcceda44bcb1f48,False
v7_train_03436.jpg,train,glove_detector,d129b62d6449c2617038d29199d97d759d3bcebb7516655d3b73b009d56cd1c0,False
v7_train_03437.jpg,train,processed_v3/train,458d754fefaa73c6c19b3f3d38d992a6f6b8914f3c5f412040255f5d7e9ffa52,False
v7_train_03438.jpg,train,processed_v3/train,fefbc5aae76547d3cd58a96f7fc1a17302f2d6dd91b8d2c02f046efb5b062871,False
v7_train_03439.jpg,train,processed_v3/train,a450a04fb29a57473a8a94fc4a237a60a0c4f90f0432aadc22caec59f866d46e,False
v7_train_03440.jpg,train,processed_v3/val,2257ae1b085ac2d6c7706c5bc86afe07190598ac3b8ed32d27d72d5d5bcc6d62,False
v7_train_03441.jpg,train,raw/bangga_ppe,e625d126b867a346885a5ae65dc65cde019ef4982f890b9a0baf6cd60987cfdc,False
v7_train_03442.jpg,train,glove_detector,f23676f7f56817eb8081ae8be3f3bdd6319974c062f1ebf96ae71f98665166e7,True
v7_train_03443.jpg,train,processed_v3/val,9c1c12d7a33c3315d39241ea18fe2b23f171ca7cffa1293ed6a4a3682398e683,False
v7_train_03444.jpg,train,processed_v3/val,206e07b4a76bd291e49a081ad55138ffcb9dc030b1ee4ac075e7e38be33cae66,False
v7_train_03445.jpg,train,processed_v3/val,e2d7aefd88ac9b5f1ba4d1b0cf0f015e5e8f84da207469fe58426f412e745446,False
v7_train_03446.jpg,train,processed_v3/train,e5eeb9934a1c3ccd4062e3e3cc1d70715c0656bbc6230c7fe81e21031aeb54b6,False
v7_train_03447.jpg,train,processed_v3/train,c559f62d092adf55ce75b106f665cc26b03a23636862c4fe8e270fc24ccf4f26,True
v7_train_03448.jpg,train,raw/bangga_ppe,4299a0142797562659a23d53db1b6f32037dff9f662226a2d1df65b73c28863b,False
v7_train_03449.jpg,train,processed_v3/train,161412d7bdfa06632d90536524991270367b063e4e45810933b7722b96116e84,False
v7_train_03450.jpg,train,processed_v3/val,53deaebd34d3c432fcfcda1619df880c041988b4b09098eb2ddfd6801b8b2351,False
v7_train_03451.jpg,train,processed_v3/train,33484c0455924551cfcd531dfc4aaa2f87f4151d171cc67547f2042574e48152,False
v7_train_03452.jpg,train,processed_v3/val,e74256b1ed16dc039f8fa96e16a0eb774dfc5ad3880363fc8bf7756cef1500ab,False
v7_train_03453.jpg,train,processed_v3/train,ad1612a9b187d6972c769c17ceffd041a5be9bf2dde313f0444b41bb907ec5e1,True
v7_train_03454.jpg,train,processed_v3/val,0ccc181080465320183f3833cc3e79423929f59943ef779510685a30655850b2,False
v7_train_03455.jpg,train,glove_detector,a9224bf083aa517512afdff9c50f2ca5aacce87a37ec5ceb1ed5c32abc259066,False
v7_train_03456.jpg,train,raw/bangga_ppe,cd28019d8c1f3b5b25f03139a42edba7198c73bc2f1780f86c21dee78caa9d4d,False
v7_train_03457.jpg,train,processed_v3/val,7647c9a75e72558369a5ba86ae68ede2ed1d818841e1c737caadaf1da693eb1b,False
v7_train_03458.jpg,train,processed_v3/train,8455fe1379120f3589394827ab1c4d5b2b82b1808db0a4f00d1d1ca1ca252301,False
v7_train_03459.jpg,train,processed_v3/train,a384c626df3144f8615595365ab2f8e193564129765911932ab67c955978de30,False
v7_train_03460.jpg,train,processed_v3/val,fcd73fe2277078d02a83d1aa023f722985043719a51137641dc90774854fb4f2,False
v7_train_03461.jpg,train,glove_detector,eeec65026934956928c55a41f7352c013fda978437e2475593b6706dc677d0db,False
v7_train_03462.jpg,train,processed_v3/train,6854673e96d4770813e3c0b46dc2dfdcf0e3b961329153ad0da55c82b4432346,False
v7_train_03463.jpg,train,raw/d_fire,72fed26dd633ddc9f7eb8f86ee965166ba6a1ce48ad674c0f42c2880b60f2fde,False
v7_train_03464.jpg,train,raw/d_fire,7ca41bbfe9f26f27bbde2765b2d8e07085b6815b5684bb9e7acc9b4b8703b206,False
v7_train_03465.jpg,train,processed_v3/train,31af8dd215bc09c4d5a1b07443f634cf455d87ef4dab8f4dc639fc09f15710e1,False
v7_train_03466.jpg,train,processed_v3/train,bfd13c34127825ac595428837ba800cfc31b313c9b61b5682d3d5d924a486c05,False
v7_train_03467.jpg,train,processed_v3/train,c5191669cc3726b4b6f37e45ed4f56f7f0bf0d9a98902a06748fac17cb654e83,False
v7_train_03468.jpg,train,processed_v3/train,9c63221c1a09796eaa7a8f908554c84ec49a27f9c47b61caba8625fcbdc5dc42,False
v7_train_03469.jpg,train,processed_v3/train,b3aed7caa13fb634b8d4068877b216aca81b657c1d0d81f44289df3b1611f757,False
v7_train_03470.jpg,train,processed_v3/train,696658cfe94c4c1783d164563d35b5f432296b362b5ee60c597c7cc9f680fe4e,False
v7_train_03471.jpg,train,processed_v3/train,87e6e8f7a4066e53bfd32fa717c8a240b7a9ae0f2f16b3c3bd3b484c75039590,False
v7_train_03472.jpg,train,processed_v3/train,6bbe9bb60136135a6481b900cfd027055f2f90e9e4f0ed9a8e6cc3f5e55fc073,False
v7_train_03473.jpg,train,processed_v3/val,1b69cc0747d68be9bf9054ad18a4214a9bba0bf8805e8d1b84e20df631d52fc9,False
v7_train_03474.jpg,train,raw/bangga_ppe,28932f5441d8fd9e11d300dabd6386ff433f66644d96ed8935ebb8d54490e009,False
v7_train_03475.jpg,train,raw/bangga_ppe,afbcb37bc5d5ce4f1f3f67c08d4c0aefbd8ad49682d3bfa21667710f471d33b0,False
v7_train_03476.jpg,train,processed_v3/train,736051b26c6facda1a8ea81b2ae6e502e12851872995d50eac77fd9783c3a3fb,False
v7_train_03477.jpg,train,glove_detector,f120355ed532b753ffc72dac1a092db96009637ec0aa2da476e8fada15c44f31,False
v7_train_03478.jpg,train,raw/d_fire,2fd48ce2c186884b34d2f5b43eec6debef7cac259072f1b04c9479cae872089f,False
v7_train_03479.jpg,train,processed_v3/train,307efd5e846903e61071a493cd29ef54b7876b89c5f6626dbe46ff6d4a2f2d38,False
v7_train_03480.jpg,train,processed_v3/train,ef7295495f93fa129e52f07d1029f15a05bafd89e269ea523f48473e8ebfe5f6,False
v7_train_03481.jpg,train,raw/bangga_ppe,108d6570e48e77f4fafdf8a7d6fa1237fec6c72681e78fc4bfe6ad61c36f1144,False
v7_train_03482.jpg,train,raw/bangga_ppe,039f7262e76c79b187d65bacc00f6a72e22cbf5130ae80a66b4299e1c9e6bda8,False
v7_train_03483.jpg,train,processed_v3/train,40c529fbc1720f7f636d4d57c7d8857196eeb9d2d43f11eceb7d95b4f843e5b1,False
v7_train_03484.jpg,train,glove_detector,c8779c96d8d5a9113e3dfdefffcb386aed3fdad7d4beebd753dafe17a6a6cf89,False
v7_train_03485.jpg,train,processed_v3/train,248443061a0e9c923397f98908c33741146a07ec75035b5d39b869e0c69e514a,False
v7_train_03486.jpg,train,processed_v3/train,7dbfc2826dabcc93a5a119ca50b0dba3abfd81d94517425a1fa783a61ce533eb,False
v7_train_03487.jpg,train,processed_v3/val,a60cfa5a14975146635ff528e1ac2a03e00c9f064907122c8e82e8ca7dbc10bf,False
v7_train_03488.jpg,train,raw/bangga_ppe,f3604ec08994b2fdf1eecbd11baf08553fba04bf5d6869e25db481b58e1e9418,False
v7_train_03489.jpg,train,raw/bangga_ppe,accce1190ff5987d47bfa408c8604ffdb8ae12f32cb2cff725e897041848f297,False
v7_train_03490.jpg,train,processed_v3/val,1c99862f8cf179b255c34878da769395af554c791edfa8f366123dfd446e4ce3,False
v7_train_03491.jpg,train,processed_v3/val,55b9f1162dfe3de503d180006ebd71836c6221c698e910b4ea7a02d848396202,False
v7_train_03492.jpg,train,processed_v3/train,c3965a77158e01df69f2df2fbdefdaddefdc1f51ba077cfaaf9b2be26c918de6,False
v7_train_03493.jpg,train,processed_v3/train,cc8c0d849d471ab53d363503ab51c54396a1267e92aa1931c260b1a625e1b85d,True
v7_train_03494.jpg,train,processed_v3/train,0f748ee4238e7cbf24bc82bf4ca21fa00d92be00527730d0ca4288b4ad4233bd,False
v7_train_03495.jpg,train,raw/bangga_ppe,3272edc06fc5e8ea3be46bb6fea6b17c8c76c0c628dc6b8ca4e32703a94ee302,False
v7_train_03496.jpg,train,processed_v3/train,820b77d16508180ee9f680abfc404206045323eb0719aab08a50a602de533715,False
v7_train_03497.jpg,train,processed_v3/train,2c6901639aacea7dfd66e96d2de902edafef58c4f27ee90269832c4957c28f44,False
v7_train_03498.jpg,train,processed_v3/train,5a6135b4b2a8d2fad4caf84200194c6f1e5eb68e097aa7c5279863eb64d8ab73,True
v7_train_03499.jpg,train,raw/bangga_ppe,05a4e41fd1fa02c4e517f2adc89f427e3ec394880cc5ca3c1c1104d7d6ca7f09,False
v7_train_03500.jpg,train,processed_v3/train,8af846ac5bdcc143930ba9b129f99bfa177f314d4bd9074b88a6a571c8bb5f19,False
v7_train_03501.jpg,train,processed_v3/val,cc9cfa39da51123d77ed924861d7cd9ccf768c28774cdbdb15c5d7d2a66aea00,True
v7_train_03502.jpg,train,raw/d_fire,74af9d8bb188fec4a3df73de235b89b6b4783e1d07a4abdb87f55bbd2617c6d4,False
v7_train_03503.jpg,train,processed_v3/train,dee6c487438dd15d86e72c227eda377cb63f43e95c74b8f8f393c7d2058ca759,False
v7_train_03504.jpg,train,raw/bangga_ppe,03725ad4b3668ccad02768cb824cc7b4da5a1e95c2cbdbe6f66de91d6da44990,False
v7_train_03505.jpg,train,processed_v3/val,b9347a31291f4d3c62f156fb0595984c1d0fd008b9158ca18bf7e7ab8f94ee7b,False
v7_train_03506.jpg,train,processed_v3/val,d991b887c5f9817df3d1b3433f032ebe3214125926b36d3b30e001156cdbc374,False
v7_train_03507.jpg,train,processed_v3/train,8208fa415ca72af04a32e6e107426b9926ba5857bdd2506b67699c9bc82bff8a,False
v7_train_03508.jpg,train,glove_detector,44b98fc2f9477d0ff7c679b91b317a41cf2642f8e8aba766aebaf7c344ce21b8,False
v7_train_03509.jpg,train,processed_v3/train,adc3cdcd6d8596108761808534bb2930470f8d506da24ecd83296ee310d7cf82,True
v7_train_03510.jpg,train,processed_v3/train,18641fdfd8998d8f7174eb8b139c9a882df74bf2a62ab38a098e1f0864c1b41b,False
v7_train_03511.jpg,train,processed_v3/train,5911e36fe208f2576f6151773b06e185d4d6dde84295958f8dacc6c8ba7d68b8,False
v7_train_03512.jpg,train,processed_v3/train,b5ae12ce7ab271a503ca1ae061da731aac48bf9531d091c785f35475736c10d5,True
v7_train_03513.jpg,train,processed_v3/val,99a4274c630beebc1effee22682949e0dbbbd735a7989156f6ba9ab790c56d2f,False
v7_train_03514.jpg,train,processed_v3/train,8a86ddf516660757c28e282c89cd670c9f4bcebf990590705df824d8c3d5d2b6,False
v7_train_03515.jpg,train,raw/bangga_ppe,bcf04894ef847892da8f34bf90b84cb8d44b8fcc9c3a304052ee6d48b763ac00,False
v7_train_03516.jpg,train,processed_v3/train,64e6178f7d760b721794a6f29489dab5444c2a7c8ae612b2eb1a92fc8b8f2f02,False
v7_train_03517.jpg,train,processed_v3/val,90e07cb826a6dc9378861e9f1fc100c9ad793735dcd9b1f62ba7ce60d8dc0ca6,False
v7_train_03518.jpg,train,processed_v3/train,c3080c9cda4925ad1fd3809136ca0d494eb95a96681a8f20cadb0169d3fa6a4c,False
v7_train_03519.jpg,train,processed_v3/train,ddf157e17ed53ac7a3607245ee912285ad16f4bfd4c375e6fd41f04d80c9603c,False
v7_train_03520.jpg,train,processed_v3/train,b5d233dfb7007f7cb2614905f2d8f9668a69dd6195713c0fcad478976dbf4bc5,False
v7_train_03521.jpg,train,processed_v3/train,a808bc46663ae7f5e76066cac3014d3ed25db6ef2bd2d52495c62f47b8d796b2,False
v7_train_03522.jpg,train,raw/bangga_ppe,9175d5fb9906d54061df992c7d52920d02080e6b9aeaa582b439625b5a11e42d,False
v7_train_03523.jpg,train,processed_v3/train,11fc69ca5a090aeb7a2645cbcafbc1cb53a5e3fff62043fe5e4d9dc0a28bfd11,False
v7_train_03524.jpg,train,processed_v3/train,b7e733bb1b41bad1cc6f5034a293f936fc0e8f82bc35cd8331600d42e8490b94,False
v7_train_03525.jpg,train,processed_v3/val,5910c0276371ed117b928a2f4c761fa5faf84f5b094e169f13d64f6d333d8fc3,False
v7_train_03526.jpg,train,processed_v3/train,07899ab191d425419feb6f61858c773c697b37485b15678b0464af21e2c8642d,False
v7_train_03527.jpg,train,raw/bangga_ppe,170834dcba4a04fe21576b13fe287a5d5be47c157fb94c093941bf8f2712a86c,False
v7_train_03528.jpg,train,processed_v3/train,c3180bc25cb9a9c0282cd1de33a35663894676642cb0f3c21b13070ddc4a8b85,False
v7_train_03529.jpg,train,processed_v3/val,4236bc9ee7a2fea395ecb4ce673cb1ad8aefd0e2f366ba2b07755b7e629d4f2b,True
v7_train_03530.jpg,train,processed_v3/val,0f681471a12c39ca4f83af89606549e053d6903e5e4f58f3c1ce20302048b935,False
v7_train_03531.jpg,train,processed_v3/train,cbb43e6fc0958b48ea19266e42dd9677328ab05fb617ce810d8e75713a65baaf,False
v7_train_03532.jpg,train,processed_v3/train,52486810d05458a0dbdea1654032b908a7719edef5ca32ada626aeb7b8840a63,False
v7_train_03533.jpg,train,glove_detector,483417e4dc17c228f6599c56337246cd8e319b7fe560285347ec953a5759626d,False
v7_train_03534.jpg,train,processed_v3/train,a3d3a7a7c2e41b2d0ec1908d45b43d92527e8c1d878d544d8454cab5f6f53735,False
v7_train_03535.jpg,train,processed_v3/train,80b7b7fd57566f80c39a6fa55f48b98a6ef141ab7952958607635b6951dd9e58,False
v7_train_03536.jpg,train,glove_detector,31d1ee3a2a304409ce3f0f1ee0a1d6c2b37ccff04ca6a1e9d2571f087302efcb,False
v7_train_03537.jpg,train,raw/bangga_ppe,46079c22d5fa1e7e8e019095e11b28db9e489bccc6a89a9f18feea03c6c8da21,False
v7_train_03538.jpg,train,processed_v3/val,08de64cc7d442ddc6fa73032ac3b2a1b02be6aa4de6269f399ba7d21cd2262fd,False
v7_train_03539.jpg,train,processed_v3/train,aeb24a4db763fed088eabb787bae9e59fb685bed0495bdc2f1f50c1f01fc7c67,False
v7_train_03540.jpg,train,raw/bangga_ppe,7f79dd4cea8ce090dc354ed81d2e62fa1845e2143f10c2f6b31ed61ef370ac95,False
v7_train_03541.jpg,train,processed_v3/train,67363efe1db944ff81e95f60502f01a755164ef5fcfccd580201efa3492f6022,False
v7_train_03542.jpg,train,processed_v3/val,482abcdc32cd3a955922dbf40f087d3b1e5c7c583d5c95b7dc07af6d37f6cd70,False
v7_train_03543.jpg,train,processed_v3/val,0f9c4335e531cd456087ea2b1835f0d191a9d13948f5b25a03e93860702a47b9,False
v7_train_03544.jpg,train,raw/bangga_ppe,ee7fe5a873c468ed1cfdfe1101c23a1a0f0510c92bee506b3f44e70c4d9e6b3a,False
v7_train_03545.jpg,train,processed_v3/train,864f2f551afdb8bdc57f9b79859e43a39392c67db12f82af8e58604f64857573,False
v7_train_03546.jpg,train,processed_v3/train,854844e431bb9ded813c6ba53432560370c50a2755d2b526b0506642896a8811,False
v7_train_03547.jpg,train,processed_v3/train,dcdff42d6f96d096be2f95477cb1bdbac2d9b622b2720bd5a138bcb04227acd5,False
v7_train_03548.jpg,train,processed_v3/train,baf481af1ba718dda9bc37bfee2ec27a05b9637aefad0b7f01f2169906aac027,False
v7_train_03549.jpg,train,processed_v3/val,42405da5830f66569906e264ba4801a0454df59ed3072306a71eb1303195715a,False
v7_train_03550.jpg,train,processed_v3/train,1e3a5cd316e455c80ebc53f736e12f6e9e0c4403fcc97d54e2699b3d8c86e789,False
v7_train_03551.jpg,train,processed_v3/val,2109be42695ddb51720ef420d80208bfd724fde36c4c3f5534e11f1b7f0cf9de,False
v7_train_03552.jpg,train,raw/bangga_ppe,e32c38ca664ba17e3dcc0645fee01f54e8b8f66b826def4691dc1efeba72eca6,False
v7_train_03553.jpg,train,processed_v3/train,0934301be039bd1fed810a464a0e3d4f66ccd0e8f9194269a7f4e193fb966066,True
v7_train_03554.jpg,train,raw/bangga_ppe,b5556cdd4f1556f486ff38672c6664ba7b7b178ec9f018fb307075f5c4db085e,False
v7_train_03555.jpg,train,processed_v3/train,1145bc102267e86884cd02fcef917acb1ef53abcc4520e0d673220a1160d77dc,False
v7_train_03556.jpg,train,glove_detector,6ed6e219b836f20a2a8cc62e0390c21aadaca281effb2cc4a6f0a150a38d1e11,False
v7_train_03557.jpg,train,processed_v3/train,6bf1c52c8ce2cf7f8de1b7ef1a68cc49bce28069fdbb6f8c7d3a2bf5d350119a,False
v7_train_03558.jpg,train,processed_v3/val,80df3806e2f623778a14f6c8e62e17b5878ebac62af48115863ba42b0cc84fa1,False
v7_train_03559.jpg,train,processed_v3/train,c19f82ccf458f92345c7df0ce4593a8b97a0294e0fe866449183c54bc37d8aee,False
v7_train_03560.jpg,train,raw/bangga_ppe,502082cf0886eed7edaed5f86b4ebb2add08453effeda1e542a88e6ca42a69cf,False
v7_train_03561.jpg,train,processed_v3/val,ce58ffc9b4bd9b0e684991d05c500728a5730e3ff0f913238731c07771486077,False
v7_train_03562.jpg,train,processed_v3/train,49ef44d9f5bd807e270375775d672f95ae2e72a6ec0593008fb2040f4f370245,False
v7_train_03563.jpg,train,processed_v3/train,4f29c13e8d04da13bd6d39f9505ee964bebc9e4b26460d8edad1816b9d27c579,False
v7_train_03564.jpg,train,processed_v3/val,591eee0992204739d2a9d6fffe00c47a0cf0d317036715ef0cf62cf08f4bf24f,False
v7_train_03565.jpg,train,processed_v3/val,b28b1a8eb7dbd05b39f9ea3e0f698179f3e398cdf2439b7e6348d3bbefa4304c,False
v7_train_03566.jpg,train,glove_detector,86f65b56c95c4f5143ed056361791601c74724efb67fab4fbbfeeb6114d33614,False
v7_train_03567.jpg,train,processed_v3/train,39abda1a8916afc7c1c539de62a80b3e55eaeb46bee8d68cd791dd0123db5ef6,False
v7_train_03568.jpg,train,processed_v3/val,d7c84a91922c42e427a14437c6420ed3a56349d2c934b57f05ab11f939df93de,False
v7_train_03569.jpg,train,processed_v3/train,b019334c36a376fcdca83fd14c47305a09811658815c04845fc32b77ffa5925c,False
v7_train_03570.jpg,train,glove_detector,f2bfcefc1bcf80537fb982707ef7165675a3308cc6825617e2c3c978a746e78a,False
v7_train_03571.jpg,train,processed_v3/val,3784e8a2e3558b649b67d30d5b75f2f42adac7a4da88dfa97bbc91c9cd76a72e,False
v7_train_03572.jpg,train,processed_v3/train,5679b74afc4716611d6fc8f3ae9276dbaadbccf13350059872de003f4fc54b4d,False
v7_train_03573.jpg,train,raw/bangga_ppe,78a6b38d268d0031246e751802e23c42399b7f794b30068364167c51af8813f9,False
v7_train_03574.jpg,train,raw/d_fire,2f5a71a41217e4ca609d714cb849fa054d8c665119129a26afe6c400675dbbc3,False
v7_train_03575.jpg,train,processed_v3/val,0f793ee4fd3cd99d2d70a95fa41592a136611e68cde9b201c964a31d60a67ce9,False
v7_train_03576.jpg,train,glove_detector,59a18417e5eb044430d0968a727d9e7695cbff7eb12cc51b05270742509adef8,False
v7_train_03577.jpg,train,raw/bangga_ppe,7d06f537dbc63d158d8e17919a0dd4c73ccedbf46804f5d75a98ff59b4bee902,False
v7_train_03578.jpg,train,processed_v3/train,b4a76c54790b2699d2fd9a98f7d926ae8b82a65d3e1faaa435a7df21b25d497d,False
v7_train_03579.jpg,train,glove_detector,1d42f09c4167bb6fd82b12c566d89101a1a73af8635063ed30fffd0f1bb3e9b6,False
v7_train_03580.jpg,train,processed_v3/val,c7027caf0f787c8ecff82b8273f7af4c4b65ab6f6f62a2fe28cf118623e39ff0,False
v7_train_03581.jpg,train,processed_v3/train,d993bbf1626be859d0cafb2d1ca1f757cf2d2603fa2754952534b15d7bfcae20,False
v7_train_03582.jpg,train,processed_v3/train,511a9958daa8ef63f8fcea3c860ab90f73d45d539704aebcedcda20237426f42,False
v7_train_03583.jpg,train,processed_v3/train,c600251a18decb05911d9298f8adac69074106dd7bbfcd9f467f0d553c89494c,False
v7_train_03584.jpg,train,processed_v3/train,dce4c00374e7b660449a2ef849f26d1cac2468f342aab3eaac3d4926a6424827,False
v7_train_03585.jpg,train,processed_v3/train,47439e489d555987e0e7bedb31efdf9cf148781bf16b93d91b124fcaa1cf4412,False
v7_train_03586.jpg,train,processed_v3/train,bf4036bf20032d6cd0514bbb113332415f55fbf2031d13ac1e2b30b4eefd593b,False
v7_train_03587.jpg,train,processed_v3/train,c05e1e115a95e0066f55c54269f4ba3231cfcb9f94efb2267668d2ad05e9d3a7,True
v7_train_03588.jpg,train,processed_v3/train,ae64fa2d3e7129cbfebccc68e090962798f2555ba68e622cc3c32902dc474dd0,True
v7_train_03589.jpg,train,processed_v3/val,7d6bf16cad855b8f66d1bafc50d760dc2d95629b34b16dad432464d455a1d512,False
v7_train_03590.jpg,train,glove_detector,0e40b001536ff5ac27bd87b02da653dd63447f1c5caffb66a6daf3f574c9f82c,False
v7_train_03591.jpg,train,processed_v3/train,97d31e7ddb355a776318dcfb54a949ceadd79b1838c2f2182e17751ef5e14db8,False
v7_train_03592.jpg,train,processed_v3/val,b4b3cbf33ef30c2d803910247ae7c0498944b5c794a7d3eb7a1a2c09385ab178,False
v7_train_03593.jpg,train,processed_v3/val,125a13a2f8776fbd8f4e14a027001e39a02ce01877c09a8b1104e3f467587a6f,False
v7_train_03594.jpg,train,glove_detector,9238f16f6e6267f56a86d0fcd90ae0bb8588b244013ec3565e0563ddb92ae176,False
v7_train_03595.jpg,train,processed_v3/train,1d015784b04f68893ce7010614c39c09abf9c3b606f65afcf09a091470eef221,False
v7_train_03596.jpg,train,processed_v3/train,c830c2b2e01a939a77b5e793cc43a668826ba37daf704c1693df61395471d03c,False
v7_train_03597.jpg,train,glove_detector,423ebfadc1a35b3eeb50a210aa1a109a765e8fec1caead901165f227f0d3c5e2,False
v7_train_03598.jpg,train,raw/bangga_ppe,c9b159e02a4b49d5f41a92e4b9fa01cf10510e56203ebad3493a3fcb3ab7e86c,False
v7_train_03599.jpg,train,glove_detector,b994be157be87f6542afad3cf1d584172f46ca8ae18eeed46306712337330232,False
v7_train_03600.jpg,train,raw/d_fire,ed731a75154ac9808fe3db0c130421a2b04eae0423be1613091bc3b340937215,False
v7_train_03601.jpg,train,processed_v3/train,0ff708457de31d03e0eae70fc985c6c63784a91d24ceda2759bde6052c1a8110,False
v7_train_03602.jpg,train,glove_detector,0ae448a4503191802701b9f3da275b97ebbe7cd3117e82c08316a705a4959aee,False
v7_train_03603.jpg,train,glove_detector,ccbc9aa95a95d7538f07a097f4e2015e52bea29e4332ef3a71a08292725eb063,False
v7_train_03604.jpg,train,processed_v3/train,3dbde2eefe35851dbc8f7d2b60e59e4c445dcd0dc3552a32c90d38bb96cb279a,False
v7_train_03605.jpg,train,glove_detector,f96cc8532ce3dc9774c410bdd9ba5650f8321f3be90aced9a1103b39ce46cd09,False
v7_train_03606.jpg,train,raw/d_fire,69acf39f9937ac49fa7ec6095c42ee3b0639a4329ac44f17c752b53f636d1488,False
v7_train_03607.jpg,train,glove_detector,e26439d1a81db51ae947ddd3931f518cae1e6ef6da8108600f4ef5812247ed28,True
v7_train_03608.jpg,train,glove_detector,196bcfe7afb96f3f40bc3e0b67053d0afd0be6db8a7b1be828f0d2a9186895da,False
v7_train_03609.jpg,train,raw/d_fire,1430864ced12ae619266b8a6ef4aafb909086abfb2c38a7eb525328f16bbdf1d,False
v7_train_03610.jpg,train,processed_v3/train,34257d1a5ea0f4ae84504136a180548cfac6a46fff58e83fde67c1d0a87e96d4,False
v7_train_03611.jpg,train,glove_detector,b40aa465fa5eba1a04363d4bbdbf37612a455ac89f3b732e923c64a1fdd318d0,False
v7_train_03612.jpg,train,processed_v3/val,d29f192b926eb59fab73c00e703a1df846aac37bf6b7afdfe45822eb38e7f9f2,False
v7_train_03613.jpg,train,processed_v3/train,8104ea273fc86f9ba4de5f26a64d1aede703779319ddbb5dd02aa3b1d69f16ea,False
v7_train_03614.jpg,train,processed_v3/train,58f93a165e35d25617dd299f93b0b6701958a67e6ed570b8887cff2b83ddfa6a,False
v7_train_03615.jpg,train,processed_v3/train,5297732f61d88d7dd1335b43c33d8334c6430e7f55fed1de8f669f4cdd853e58,False
v7_train_03616.jpg,train,processed_v3/train,78606ed458701a05e026280dc29a5e0f8aeb88d18f14fc31f4a7fd827cef8747,False
v7_train_03617.jpg,train,processed_v3/train,c3933c1f3c54719038d0b9f77288ef3ce6070365df2fa8d70c37c0b9d5606b6b,False
v7_train_03618.jpg,train,processed_v3/train,643e4774c396b11beacf26d3e669dd39cff71700d7c23a46ee0c849204f20c74,False
v7_train_03619.jpg,train,raw/d_fire,0a372841ebb3e135de633f0087f8fa65d05087f929967445a5d1dd10ccac74fd,False
v7_train_03620.jpg,train,processed_v3/val,b5ee5044b90ea478164001e6d2dff33aedf621f52a95d9f1c0c4c2952836a6f5,False
v7_train_03621.jpg,train,processed_v3/train,fa45ae13848db083e9e5d5cb5a62c39d4c96c3c62be4ce91c831b23d44344a8e,False
v7_train_03622.jpg,train,processed_v3/train,8dee69a25677a3dd8bf9df6586a74f43956e47aafdbf46aec804f18d0834052e,False
v7_train_03623.jpg,train,raw/d_fire,a2ee559e85c85f4cfdb4474a95b8ddde08fb2e162bc2a87e2702e6b5a74ee8c6,False
v7_train_03624.jpg,train,processed_v3/train,b988253e7ef5c1b8b575245fd7aff1935e35f43ef2c7ad202582279a42864c2d,False
v7_train_03625.jpg,train,processed_v3/train,bee8fb96bac90de6e90d1661a82418cac71e8de1f2ba1d46cb14b8363260e82a,False
v7_train_03626.jpg,train,raw/bangga_ppe,a7130e1dd93270f633d092777efd8d48ddede72d37b68c2c9c3b2a85bd9cebc8,False
v7_train_03627.jpg,train,raw/bangga_ppe,5cb2c0f78544a643af975d8f195821a14b45f04af231f2d5a06a809d44e2fe50,False
v7_train_03628.jpg,train,processed_v3/train,87f49e4970e1f2ae6db2f17b6339861848617989bb978beaa576cd13d99c9b1b,False
v7_train_03629.jpg,train,processed_v3/train,b2e5e7f9d2c6c4f440a09314da6b9732e8c503b60e6a5795b9e743bebe802b76,False
v7_train_03630.jpg,train,raw/bangga_ppe,fe328ebd381fe8f78a9b4d34538d56b202114ea6290ac77d27a86b3004093cc3,False
v7_train_03631.jpg,train,processed_v3/train,b89d269b45d09d81ed874634c7aa796735d2dc1a578f40aa8ed36267564b8eee,False
v7_train_03632.jpg,train,raw/bangga_ppe,df2eb33f09f0323b9b2497d06aaf6c21735878ee423d46c16b586a39ced2f5fb,False
v7_train_03633.jpg,train,raw/bangga_ppe,8478b9bd8035ca9fed64020ae86936c8e39c45d1a2abee1c98f3fceea9cef3fa,False
v7_train_03634.jpg,train,processed_v3/train,97cda3a00b998a7e9648fa85645d64b34d6201227b59df91647ba53a39825e4c,False
v7_train_03635.jpg,train,processed_v3/train,3b4573a6f7aa5a294f822c1a7e2af14ce3a7ee77380489d36c3bc469a9edccd2,False
v7_train_03636.jpg,train,processed_v3/train,afd19b7845caf2d66a1f94933bf9f2a9e043f9caa7bc05d79e120042121c9773,False
v7_train_03637.jpg,train,raw/d_fire,79187db22b1b47e203d00cce938ae6ae6a52ebae7112066d88f8f580f712fd2a,False
v7_train_03638.jpg,train,processed_v3/train,50e82ab234230cd1fc57c017a27dba2d158230c2b6e94d85a19be6e8a0784c3c,False
v7_train_03639.jpg,train,processed_v3/train,944826e3bdaef50e5b510fd00dd2cbd9c33f45e147ded84a1f68947a87bfc3c7,False
v7_train_03640.jpg,train,processed_v3/train,cef82c1830b0b9bbe47523428642e1383fc6b294d6f06cf40ad1f156a81a1710,False
v7_train_03641.jpg,train,raw/bangga_ppe,34faabbc93a20c42e06e434d486d3b28e4941f1f48014a60f0191aa851849910,False
v7_train_03642.jpg,train,raw/d_fire,f7ec5a8261386c2a7e04390704287a24c7c370b7feef08fd01bb6d21e352a51f,False
v7_train_03643.jpg,train,processed_v3/train,4491a30d040d87a2fe8a797ae59ad11c7b5422f439880574d269185493d09d14,False
v7_train_03644.jpg,train,raw/bangga_ppe,b1999e4dce6633b1512377e8c181a575ef6f4e80e6cf197093bf13fc11e83ed2,False
v7_train_03645.jpg,train,processed_v3/train,62fb5cf8d8fb3378839a7feee45f57f32bc5fd514fba87b892c94bca3f5056d7,True
v7_train_03646.jpg,train,raw/bangga_ppe,87c3101b4d611a17cc70dae096bc5c782d6d64b9c58d44d3faaa6dac361d08a7,False
v7_train_03647.jpg,train,processed_v3/train,3167eab7281759669b27b1e4894f7c0bbc3196a92ee146f15e5658ebacf8c429,False
v7_train_03648.jpg,train,processed_v3/train,99fcfc6fe4102340d12f2c4a68e48e4b1a8173fbd03f355bb4edce2df94b3998,False
v7_train_03649.jpg,train,processed_v3/train,1400ccad9824e19a33410e0f1ec1138cfb39a47cf1f26cfec09fa6c6cb786130,False
v7_train_03650.jpg,train,processed_v3/val,50235bd0c4939abe5aeb9e056b615b08ee1519f57f4eae4c2f8250164d1373cd,False
v7_train_03651.jpg,train,raw/d_fire,6b9d1a3ac7eea05aee0a5058b94ddba53bd09a2b3932dbed34d9042963030d4f,False
v7_train_03652.jpg,train,processed_v3/val,c0b9123cceb908aa67636587f5f967dd8fa100fd5ca21cb8de1b5828816213da,False
v7_train_03653.jpg,train,raw/bangga_ppe,b8b983afd6aeb0c587f7cb3b2e5bce29de2483998fb8733bfc372bcd3be1859b,False
v7_train_03654.jpg,train,processed_v3/val,f57d2386011d001649486a2cf9d620af326da100ae50b7f46e0b1f8ba554a08a,True
v7_train_03655.jpg,train,processed_v3/train,70ac8f34074f294709373f6207a651d908cc2c6a5fba50e254a51cff06245470,False
v7_train_03656.jpg,train,processed_v3/val,e0472a1f7d89c7a52229ff7b21d0a1700e3ad28ed03024e49f059b31a37bee3e,False
v7_train_03657.jpg,train,processed_v3/train,89a45f1f88b0fbc9bb5da6e54dbd78a254e4d0e20a98485b795c881c563fe889,False
v7_train_03658.jpg,train,glove_detector,cdef557336fa5e8d3d6fbf33d9d411d42fef3d38c7751bc31a126badbe053d5b,True
v7_train_03659.jpg,train,processed_v3/val,42adbcd4dabb096284e65313f85d9b2dc55fdfde3937f97ce2605b1625f5a229,False
v7_train_03660.jpg,train,processed_v3/train,a388663721a4487d5f3170d7017d1be82040fd326ff5773b8522ed595c7de4da,False
v7_train_03661.jpg,train,raw/bangga_ppe,4096d8ef6ff30df95f9753b88e29a4ca89f399baa12cfbc3631cfa73ee38d44f,False
v7_train_03662.jpg,train,processed_v3/train,13f8362f053089a71b0c1259c397c39287855232b45965de123ea30a435b89d4,False
v7_train_03663.jpg,train,processed_v3/train,92de22adb69d331cb1da90698299fae252a617609f2fe6e46999574c483f77c7,False
v7_train_03664.jpg,train,processed_v3/val,2eb0df0c59152223cfd05b600efca520fb00363d73ef3640b60bf044e58a8c16,False
v7_train_03665.jpg,train,glove_detector,c26289422a284a1c503d66b4ee23805efd7a123c31fc1f3ad7fa1155aeebd3bb,False
v7_train_03666.jpg,train,processed_v3/train,cf9069cb0eaf8354339fcc3799d4643220a30fbd91c04a43fd79948147030eec,False
v7_train_03667.jpg,train,raw/bangga_ppe,80c5a14fcc29f5192f3a06f9bc778d3dee0fdf4b2ba5f2ca8682b3844cdf8666,False
v7_train_03668.jpg,train,processed_v3/train,29f6984aee4824b302cb90f56585d18a9148cfc7cd683491822d101c5ed86a14,False
v7_train_03669.jpg,train,processed_v3/val,fef379530b88676b3c6ad00a41b5db8331c3142ecbd2661751d14f4a75a15028,False
v7_train_03670.jpg,train,raw/bangga_ppe,16506e82d5f711be69ec883e42b87ef217eb623af3c99f9ac379316a5963b96e,False
v7_train_03671.jpg,train,processed_v3/val,f39f329830b537913787d3e4b3a85701679e8aa261ecc0f06dc535a8a5c86ad1,True
v7_train_03672.jpg,train,raw/d_fire,db7c7b2d01094630f00e92ac34c69ad0c4308474683c40b53cfb6607bc562f3f,False
v7_train_03673.jpg,train,processed_v3/val,3b15f48e67aaa3af8eac56d778b43f9ea4ec7a63ee2635888721f221cc50dd4e,False
v7_train_03674.jpg,train,raw/bangga_ppe,44166819ebfe72ac028b7d86063eb7f46129f80cedd463c5df16364af59b62fc,False
v7_train_03675.jpg,train,raw/bangga_ppe,f1342667c9b1cdcb4e536fcf12f4137e23c695c5bc9d8d540e383c25028459d1,False
v7_train_03676.jpg,train,raw/bangga_ppe,2594be97c093571ee1f921995e6fdc4db73b409692eaaf76aaf87e96ae8facb7,False
v7_train_03677.jpg,train,processed_v3/train,fffd800e14e330009365e8f074c6c5200fbc27b90a995d6939dfd558c5ba6ed9,False
v7_train_03678.jpg,train,processed_v3/train,17ab513ba4ed0db7054a46a1c809831e77962b0b268f0333cdaa83bec6c326ea,False
v7_train_03679.jpg,train,glove_detector,17ffeef660af45f933b8d41790fdff207b20859bdf21815031ee45bdf2ccbcb4,False
v7_train_03680.jpg,train,processed_v3/train,2e0cb2b62928865ebf743a291dbb8d86fa1601b0391f96445ef6ec6dbd1007e6,False
v7_train_03681.jpg,train,processed_v3/train,62e57a5940cdc18437f4075bd3a473feba40ab381279da27ce897523633f407a,False
v7_train_03682.jpg,train,processed_v3/train,cdc1c18018830a9289b2e71843e234c8f33f5b9b647b9f41ad6dec67532d4dcb,False
v7_train_03683.jpg,train,processed_v3/train,31eb55475b887e02c029df881af48c8a9a8bb566022213fd793270f08032def0,False
v7_train_03684.jpg,train,processed_v3/train,9175f618e7ac5614ff3ebc29d250ad15233206e65e1ab528faac714832d429b2,False
v7_train_03685.jpg,train,processed_v3/val,cd80dc6512f5085647aabd01958905b7e9c48dacf1bccc81eae478489aad81b4,False
v7_train_03686.jpg,train,processed_v3/train,a1024f4dd5a02fb2d2a7f46d32081262e2b4c16d6f022820acd14409aae48d09,False
v7_train_03687.jpg,train,glove_detector,622c09fab34678709b0633f7d2281ba652becdcc327e2c8dac4561d405627780,False
v7_train_03688.jpg,train,processed_v3/train,86d694b98b87ffcd50a066565c5efc0fb9b99b8a55143a76a408c41679a6a11a,False
v7_train_03689.jpg,train,processed_v3/train,8ecc30703b4819f1f199c42ebff6949a312a9933079f61dbb4f4930b930a642d,False
v7_train_03690.jpg,train,processed_v3/train,6f2c2a5407c070a36eaf6ffa3409ef635deb2befb04d9f0a96590bf7e0a77d27,False
v7_train_03691.jpg,train,processed_v3/train,cd172b84d315de4b5cf805347e024cdb4e78e7bd0a0bae3799f2f782774046ee,False
v7_train_03692.jpg,train,glove_detector,6ec15d9d3f8e0eba77f5e174e9fcfeb6e632cbf011dc90ee391aae4f590efad4,False
v7_train_03693.jpg,train,processed_v3/train,4627084ec73754120040223149905142246b9aa1333170061d7311a001964304,False
v7_train_03694.jpg,train,processed_v3/train,6a678cc982388071b0c7368d5877575df09b5800239b2606fd9f929b423c1881,False
v7_train_03695.jpg,train,processed_v3/val,0f559a634f8c2074eda28a77a219aec56f91b95330df8c43d3aa7c4ff783406d,False
v7_train_03696.jpg,train,processed_v3/val,b40dca241a92d46f9d8111f4ce258680e154c995aeee4b365c01fcad8896ed3e,False
v7_train_03697.jpg,train,processed_v3/train,554c7b8d06db2cdb08295794823c528b0b7e3539d3c8a8714324a2b1d8894e9c,False
v7_train_03698.jpg,train,processed_v3/val,21b6407f33387312e698ff0216c9b3d028e6d5224a0d8606141cd5d2979f201e,True
v7_train_03699.jpg,train,raw/bangga_ppe,f6389d1186f4d13cf2b40020508a915c7eb55cd7a500ef97965338c796fc105d,False
v7_train_03700.jpg,train,processed_v3/train,b491c543108ffe4c5a7ac50df254d7d39f47cac4a5beb130df094fec20400419,False
v7_train_03701.jpg,train,glove_detector,2645709b25197b09029e4824cb55a660446cc3bceecdcc5c0c265fb4d5b048a5,False
v7_train_03702.jpg,train,raw/d_fire,a782a700949b470d79fcc7cc8a184f65123bb933ebcb51ea5cea89af5a324112,False
v7_train_03703.jpg,train,processed_v3/train,c620dec73f70815e0af9ca3debbe8144da53e9c35db41188f969072ee8b21408,False
v7_train_03704.jpg,train,processed_v3/val,547fde3fa07ba5ab19548edfa52ca51b774569e2b4642b5a215d670428edc4ea,False
v7_train_03705.jpg,train,processed_v3/train,c6832bb3d0fb12a7c2f3ae2484d123e99f057e0b8846f80434e74334e010f763,True
v7_train_03706.jpg,train,processed_v3/val,50e26784c97653a5f905048c25d5421b97d245bbb2d06d9f48e6f410884404e0,False
v7_train_03707.jpg,train,raw/bangga_ppe,08fe109243d4bdfb828f8d55ceaa8161e0675a687e7f70ef0185abaf9994a3b1,False
v7_train_03708.jpg,train,processed_v3/val,d59a6035c5edb8f6e02dba1ec3b0a6f89d4b6d8c483791c04937922bc3b93030,False
v7_train_03709.jpg,train,raw/d_fire,d0a7561dcf9f9c1985339a13da4440b673730b4e612f7268f16ae472862445fe,False
v7_train_03710.jpg,train,processed_v3/train,de11ef8451917955341151725517d6fb23e1f57cb94c7c994b6614d59052e041,False
v7_train_03711.jpg,train,raw/bangga_ppe,3628011087742b7039623daa1ccae78356b1dfc144d329e7beff9adbc8e28266,False
v7_train_03712.jpg,train,glove_detector,56bd6a22d3a7ea2cd081449dff1d93878b555bd3a45c94f283d57ea408740b68,False
v7_train_03713.jpg,train,processed_v3/train,0efff74d008c56f736c6ef8a58a7c1f123dff6def3e955a5bc4906fc6df8c37d,False
v7_train_03714.jpg,train,processed_v3/train,18a1e491499243cf4e6ca9f82e354d5da8e5208bc5fd3e826da8a6410726c6b7,False
v7_train_03715.jpg,train,raw/bangga_ppe,359497f0d563f9b4f0b70b65e987ec18c837661b90d4c39ce6cb2b13bebcf1c7,False
v7_train_03716.jpg,train,glove_detector,1ac221f68a6a09c8eaa1735e42660567cb40d805ac674429a7b1c6f99d199f8c,False
v7_train_03717.jpg,train,processed_v3/train,ff129e023e6a1bfcfb9933a6a0babccaa9f605d52e872b724e1b2fa1789a4d9c,False
v7_train_03718.jpg,train,processed_v3/train,896dd0ce2c5b0d02866e1968c40841877e2d7b82445030070c1255d5a3babcf5,False
v7_train_03719.jpg,train,processed_v3/train,b15d86e7f0f0f5590e4ade3698a00a490403547dd71caeee0fcbe78fb73dd1d3,False
v7_train_03720.jpg,train,glove_detector,c36564b46e86c014f3b8dc597f658526d6f1502e356207356ff6943cb9b409d8,False
v7_train_03721.jpg,train,glove_detector,4727884dc41e3410b68337c8b825695b898058b70d3d38d6d95c47373c55ff57,False
v7_train_03722.jpg,train,processed_v3/val,9dc8b44993899716382112dbbed6cb87b524b69ffa7f5ff13de2c121d1b3169e,False
v7_train_03723.jpg,train,raw/bangga_ppe,e67d2e468facccdb2bc739925529bee2924833d23974179713c5e665661798cf,False
v7_train_03724.jpg,train,processed_v3/train,9f51d1ff8b3e4e5e45d39e4258a8774fd7c05115aa79869b35dc204c5db42b4a,False
v7_train_03725.jpg,train,processed_v3/train,e7ebb62314183c198da9250b5311ab9789330f70c50748a4dc447453af4de588,False
v7_train_03726.jpg,train,processed_v3/train,d55558ab7c14ead1afc750374d8a748eaee77c8a4973ea2d26192a5518ba3924,False
v7_train_03727.jpg,train,raw/d_fire,8eab5842a664bfe36d784d145117f740152449c4f5b2276df09f07003f7bdde5,False
v7_train_03728.jpg,train,processed_v3/train,3dce2cd3acf571d90b6ac94844a6453ce8023176255141780fb73ea389da0b03,False
v7_train_03729.jpg,train,processed_v3/train,14fc3196f380556a965711d2c01f7bdc0fd3c5828434cefb3f75a35521087ed5,False
v7_train_03730.jpg,train,processed_v3/train,76076afc56d105e5470a3701ebb41957045c9935a36fe0503be91e5cd5a99b9d,True
v7_train_03731.jpg,train,processed_v3/train,5c9a7eece016cc87e2019c5d0ce72d43e566a1b67a8cabdc1915bf83a576d64e,False
v7_train_03732.jpg,train,raw/d_fire,6066b8eee566e87ad2b556ff86140d10911c8c050a9df2ad8c2ef9f163603aa7,False
v7_train_03733.jpg,train,processed_v3/train,399714c3c039b500cf5af856d0adf749a5548f429e637ba14f33f33767a541bd,False
v7_train_03734.jpg,train,processed_v3/val,158a2244c8d4a4343f01d95a3b576bc3d45fe0ae54afcb7f767d83dfd96e742a,False
v7_train_03735.jpg,train,processed_v3/train,757531d008baa76c511e3640ef546ab814927295cc074bf1a9014274c9abb3bb,False
v7_train_03736.jpg,train,processed_v3/train,e97a0ad977ec232b83175b7afb9530e0d25fb9820853a9c75e098028f48a2c4e,False
v7_train_03737.jpg,train,processed_v3/train,ef52e751869188dbcb4a36d69f20bb215dcfebed8f247c68ec0d816d3f1425fd,False
v7_train_03738.jpg,train,processed_v3/train,5522ed6974486611ae54cc812e58e345b2fb15472b795992c0c1d7bfe41ae296,False
v7_train_03739.jpg,train,processed_v3/train,14882bb1be5de81257bb8a170399e7be9276c23c0ae88472428a81826be5cff4,False
v7_train_03740.jpg,train,raw/bangga_ppe,ff2ef34f3067a3d43e41fcc7e8d818d87cd9f98dd1e2ca14ff9d11265024151b,False
v7_train_03741.jpg,train,processed_v3/train,d5eb58a88a8ee3c13ca66d2c36aa5e64a647171ede49aa8126d72482242220d4,False
v7_train_03742.jpg,train,processed_v3/val,f782d9de975471a263f37bbb95f8d9150bf3530d232cad3b5eeed4fc9b629ce0,False
v7_train_03743.jpg,train,raw/d_fire,5ff23bb1e7e73e6b422bfbfb2c755d0f62e3e92a26f5d386ec3c69bbd92d8c7b,False
v7_train_03744.jpg,train,processed_v3/train,bacb2b197697d04d77d8ad7dea13106930ac8ad1058da2205985720c2f6a8db7,False
v7_train_03745.jpg,train,glove_detector,3992ed03eb95c86b0deec305e10afa56c3d2b19e96bd2b2334eece29361d500f,False
v7_train_03746.jpg,train,processed_v3/train,51bc6dea31424a7c56e90b822dc6ec716a15acb9163018c2896f62ee9c1ee992,False
v7_train_03747.jpg,train,processed_v3/train,d904b54f72a0054b383c36889af7a70a7505da9d89e170733dd502c6d8dfc8ea,False
v7_train_03748.jpg,train,processed_v3/train,f329f643b83045a00f1859ec3e04f8e6da14eeaa4edf47d27bc19bf533c31536,False
v7_train_03749.jpg,train,raw/d_fire,c5d27e658c1a0b8904aaf6b4850f47a20d0a4b98f94d82822cb3ca0888ad654f,False
v7_train_03750.jpg,train,processed_v3/train,b74a86ebb0ccdf675d546a42581cb94e75115cbd151fe747bd522a7e5f28fd12,False
v7_train_03751.jpg,train,processed_v3/train,54cd045b489acdbfa9213b61bfc21ce14cc6d308beb7bebb436e946d9bc50397,False
v7_train_03752.jpg,train,processed_v3/train,a6caf49778ab8991453cc7dee789f174bc48cd8e8907dae18d5638cafdc6533b,False
v7_train_03753.jpg,train,raw/d_fire,2191917b50f42bf067964de379df13465533b8e864ca4185b84dd9cf76439d38,False
v7_train_03754.jpg,train,processed_v3/val,47e3075923ef3279b485e1059eef2ba976cb995d14d3fc1b0f651db738839f42,False
v7_train_03755.jpg,train,processed_v3/train,26611fdccc9d2445a02afce1d8f87c1c44de16c6d2dc664b461e5d211a390c16,False
v7_train_03756.jpg,train,raw/bangga_ppe,7dd56c9143dd0a61c2ed7ebc7d353b661d99b4fd5f018298b85e8a6259b6fa91,False
v7_train_03757.jpg,train,glove_detector,e8c371ef805a9db064744ccaae45b62ed4f83cf6308a39b922fa919920e389a1,False
v7_train_03758.jpg,train,processed_v3/val,dc9bf3997653fb19f7b1352740b4336ede16116f825c5bd33d8baf97d7fc7a1a,False
v7_train_03759.jpg,train,raw/d_fire,35926147cb51170ec52bf85baa3b21c6ff45a446d0d03f505dc8813f062c4096,False
v7_train_03760.jpg,train,processed_v3/train,d7ca453651db0d7ac722a7b639fa59777466478203b22efb4a16f4d92785d912,False
v7_train_03761.jpg,train,glove_detector,51de3cffe16945f9d493f9b99e92e2fa14904be3c4b1cc94d15d749d752e5916,False
v7_train_03762.jpg,train,processed_v3/train,219fe675235f7d7ef6bdd78e6e70d662eb96732fb48c6a47e3f1033c377ce124,False
v7_train_03763.jpg,train,processed_v3/val,3f57fed26803c9ccbe4287559ca8e72a8cc26faa8a7aee2e6e855f652930ae20,False
v7_train_03764.jpg,train,processed_v3/train,87c1a891ffc7c3b2824251b8698f8dec638e0346f2ccda29c0e0c26364515e06,False
v7_train_03765.jpg,train,processed_v3/train,ce2c216766844557fb0dd3353fc168dd4bac6611a137fd7869a61ab87ba409e1,False
v7_train_03766.jpg,train,processed_v3/val,0962fa60d573bd412df03d506a10672483c1baeee06d9b0f9538e130991d0a50,False
v7_train_03767.jpg,train,processed_v3/train,0729334542e29e9daff674d7ece71a64ce1fdc19de85e4fe24eecb2d5003a0d4,True
v7_train_03768.jpg,train,processed_v3/train,eb1ddfacd1e73374b030bbe865a10a5faf7dd1a0aad62742fa1327e4085f2295,False
v7_train_03769.jpg,train,raw/bangga_ppe,02a683bc6ebeddd0bbd3d2f57df287f72b8dc43533227913cdd2c49c607fb8df,False
v7_train_03770.jpg,train,processed_v3/train,4c9c658fb3cd6d16e4118d649975627bb3a567ef7510213beabdea3bee1381e8,False
v7_train_03771.jpg,train,glove_detector,531e45795b87b34749a6e55d10376e079893ab0a50ca89e5dcf65b15680b392d,False
v7_train_03772.jpg,train,raw/bangga_ppe,605ba6f678095afaf77371909bf56765bfbc300bf2a3a5d75dd42a0743a9ea83,False
v7_train_03773.jpg,train,processed_v3/train,af9244960cb03928439619f3f21d4b0bf805fdfd91ed2d377b8b202b22f0e6bc,False
v7_train_03774.jpg,train,glove_detector,011122c16842cd63153b40c01c953a0e60b7a93fe44a85acd256ebe7f94f7f64,False
v7_train_03775.jpg,train,processed_v3/train,05031ab2154bcb4d959af12022c8d8a90bb7485d669bd27053c259051463b932,False
v7_train_03776.jpg,train,glove_detector,209574d63191906f826a4a8ece5f062b3d4dd6b73a7a814e445e0b76ccb8f43d,False
v7_train_03777.jpg,train,processed_v3/train,308727cb5f788213a948f9e0b3eb3b9cbb3da3dc048aab47f1baca38a60bf4fc,False
v7_train_03778.jpg,train,processed_v3/train,0b3459bee7303d811791f1d43e8a979244a5ed5e3aeef92056962006a047da03,False
v7_train_03779.jpg,train,glove_detector,616aaa87b1d53aaa6b74a87d57f59c29596823246e4ba78e9a5112ec71af6169,False
v7_train_03780.jpg,train,processed_v3/train,b1cd8d1a2eb753cabbda6416069e64d9e8741a8c1434cf09dee2445a9dd10753,False
v7_train_03781.jpg,train,raw/bangga_ppe,2224261e9223e5788d12fe58a5349c27f56f69cf1775ac6fa631985877631e93,False
v7_train_03782.jpg,train,processed_v3/train,91c9a43a2ca3cf4c3d8faf91a6b1a76a6c0fa5d89e91f0504b5d5a916e4cd586,True
v7_train_03783.jpg,train,processed_v3/train,921f010c03f1b018493e4cbf3b3d17710f029a973426d767675090559ff3df3c,False
v7_train_03784.jpg,train,processed_v3/train,737bcab06eba07ccae069e4604cbdc61ffe6e6d9a8e7801a28fe0727fb1ca0de,False
v7_train_03785.jpg,train,processed_v3/train,e894e489f93d42a25eca5a235c98f71e9b8c7a17332375091db7baf178ce5762,False
v7_train_03786.jpg,train,raw/bangga_ppe,ab310f5ced7515919925ff3282945e76108f0011ce94eb89f132493beba25f87,False
v7_train_03787.jpg,train,processed_v3/val,12323cf00b009d4c56a7be894188ef7817dc2fdd879d0a9a9cf6e5b48d8a4ed6,False
v7_train_03788.jpg,train,raw/d_fire,7a0d92c06f18087e0fca37c37faaf7b8cf7a71ce24703a65091c4e08ccb899bf,False
v7_train_03789.jpg,train,processed_v3/train,a976e03090a5c7f1551e8e1ac6c3a5d667bfbd25c1d88c8c5e26c23f4c820736,False
v7_train_03790.jpg,train,processed_v3/train,fa4e27f2fe0351468ae180b66c0a8930dbec16939cd0a6c997e4ce202d586a3e,False
v7_train_03791.jpg,train,processed_v3/val,f3221394135a1fb877c4f9aeabdf658c765af3cac34ab2366135fd09d32bf704,False
v7_train_03792.jpg,train,processed_v3/val,98ab27391f8d9b5c13fe2436a2a2c042d708f1c2b56b2a783941aef18730aeb1,False
v7_train_03793.jpg,train,processed_v3/val,8ac2d7c15938ef20692c8864742c681589fbdf41bf2a0757e530a3158cfe53a3,False
v7_train_03794.jpg,train,processed_v3/train,1df0da50b7d32140ade57d5324f1dd5ee19d13f3057c339349add24ed47c167d,False
v7_train_03795.jpg,train,processed_v3/train,509e7bcc689484d41b0a727268cf094b85e808c29c809c3e7506b154be02eb19,False
v7_train_03796.jpg,train,processed_v3/train,73b7845b7b0c95ffb1c2b9d40415f98e3d27cbb95bf917cf63bb6450210a7eb7,False
v7_train_03797.jpg,train,processed_v3/train,57d1c83bc1b9ed059e9381efd7fb34c8f0b1005c40cd7119279afde2de1adbbf,False
v7_train_03798.jpg,train,raw/bangga_ppe,4362f912cd3c179f5536c8f6cd9fc85e362687b4a4f37982740b955c4dd50abe,False
v7_train_03799.jpg,train,processed_v3/train,19bf10c48a4b44aa1d827d80c32615d516379e7c56fe8514530bd5ae37e64b3a,False
v7_train_03800.jpg,train,raw/d_fire,e0b72ba546b01ef16715117637322c5708bdbd9399576b721d578996909d2323,False
v7_train_03801.jpg,train,processed_v3/val,4d03ee3e86eb18bfa1e5e1e01ce68ce0c3f04605cbb67eab00f4640678081281,False
v7_train_03802.jpg,train,raw/d_fire,1cee6ab43284ca1086b2090f4e21506b1ebcee66951c3c2eb3b4e62a3276c7d8,False
v7_train_03803.jpg,train,raw/d_fire,36352b551013c254219cae79c3a12dde4e976dfcd2eecf7247eab882c14c860d,False
v7_train_03804.jpg,train,processed_v3/val,7c666f98f864344b0e57a1852636052b022ef1061ff4992ee33f1d59049e4a78,False
v7_train_03805.jpg,train,processed_v3/train,664822240a84029ab16be6fb7b825b43b7d9c526d425b5aa420761da1bd2a156,True
v7_train_03806.jpg,train,raw/bangga_ppe,50dc786419399f46a7c7ec2de28b87787f482b842a284a071271e86b78a0e27a,False
v7_train_03807.jpg,train,processed_v3/train,145f1e0fc2711feeeda8f86a86e41d63b596f66c1fcd21382f6f8c54c1e44325,False
v7_train_03808.jpg,train,processed_v3/train,b4a49252e848d1732b2bcfe91284402ce9fe2107783acf2f231472d2669eef0f,False
v7_train_03809.jpg,train,processed_v3/train,481ec3935a2bf9ff929bc30d2f948837ae0d37a3a57464c3b3c3f55ce78aa6ed,True
v7_train_03810.jpg,train,processed_v3/train,ec001d322338079d16a7afc4534dacfc2719873ace1db07bbcf746136245f77a,False
v7_train_03811.jpg,train,raw/bangga_ppe,fb047df81a13509d7ef544e9b4b7b514fadd2965500cee97b4c1d3a0ab151cdf,False
v7_train_03812.jpg,train,glove_detector,f146105212c279aaeab25d518396a11fb27bee2794bea2b947676dcafdc413b5,False
v7_train_03813.jpg,train,processed_v3/train,c04e81c42ff79603b0f5f6ad308255587145e9c93f83ee1147c0cdb113b25a1e,False
v7_train_03814.jpg,train,raw/d_fire,89dd7b9e301ffe743c66a1501420a99ea8ac25ceaf8a7a4454ef245a4d9ebdf5,False
v7_train_03815.jpg,train,glove_detector,628688b599abac23f356ec4a6c39cdd13dc6446fb22599fb6698cb0b3a726bf5,False
v7_train_03816.jpg,train,processed_v3/train,ff0dcb5e91711e5c4b4c4906df4b264c35cf719268b72a3c80f6d0aca8882b25,False
v7_train_03817.jpg,train,processed_v3/train,f38bae3de25249561d50611323a86f15e571eb2527497909703669a90cae328a,True
v7_train_03818.jpg,train,processed_v3/val,7f193bc880b9e47246a5d8f21e4226802fe55006eb9fecf6506964bc947e9b59,False
v7_train_03819.jpg,train,processed_v3/train,645ded8fb1b7223dcb151ab952831e36c86d5fdf6bf77ad050e56e81d1608479,False
v7_train_03820.jpg,train,raw/d_fire,4c53c09ec5b6a9b606f80ab8b052e5c9614d696404dc17e27372b4b320437dd7,False
v7_train_03821.jpg,train,glove_detector,6a605870a48d21145b4146e0f786e2f7830e0e64259f67436b0c85c54d732c98,False
v7_train_03822.jpg,train,processed_v3/train,6c0b7e8c9bcf7bfa7cb4c1de462be94e1721592fc48ca1ff519616f1dc55fd93,True
v7_train_03823.jpg,train,processed_v3/train,3e18420fa891eb155fa5207b9577829785404aa5b98d31aa91fb251664e9898c,False
v7_train_03824.jpg,train,processed_v3/val,3a23e10161de31697775a04fc2b27acf0cfb10d00aca249402a1de1df6b5506a,False
v7_train_03825.jpg,train,processed_v3/train,e11ac7469ef2032fc19382a682fb5a21371ed10f67d90d60099eeee1947c1425,False
v7_train_03826.jpg,train,processed_v3/train,a1701b0ad2282688bd67a7cd29da020430c4ecc27a202449eb227136136e3f10,False
v7_train_03827.jpg,train,glove_detector,0b41042d076f9d34025f09ed9417afc98bbd32949e5ae40ce704dad5ccc1edee,False
v7_train_03828.jpg,train,glove_detector,d9c8086fa5337ccec3c2a59250ee3d70ca45347d8d2aff06305f4680c918e37a,False
v7_train_03829.jpg,train,processed_v3/train,84cd1ecf82feaf462b9153344db613627cea0347640ce5064facce394d80a199,False
v7_train_03830.jpg,train,processed_v3/val,28f61422e9373c24a1a3d9f5fe9a5aa1826f2bde07a5115d99bdeeb95faaa09e,False
v7_train_03831.jpg,train,processed_v3/train,fedcec9d6ab7c7d6548ebdab1028fa5e10f66cc97cf2c592391c6362002b4c86,False
v7_train_03832.jpg,train,processed_v3/train,ec2ea830f1f5b68560d9770be8ff43ade94a9ca91cc8516a042100b2f11d6074,False
v7_train_03833.jpg,train,glove_detector,e2310aa91f220fbc699685b2f8e031ca6c575b2c8238663fce232c6bdf1ea95c,False
v7_train_03834.jpg,train,raw/bangga_ppe,72b48f99a334f0253450372325069c973bfde1eccfb854ef63d96ee6479c83ca,False
v7_train_03835.jpg,train,processed_v3/train,6f64ddc972edf21cfb0253708f317aa9cdea35cfc586552efac1ae3e2d44b66d,False
v7_train_03836.jpg,train,glove_detector,4fc792ed460b839c8d46fa154c086f3aa9b744476f4ffc659a92657254c37c64,False
v7_train_03837.jpg,train,processed_v3/train,eacdd6c4d55bce291fd6c45cd0a997216b4f7caaab2e22215fd831427742321d,False
v7_train_03838.jpg,train,processed_v3/val,17eb545831ff37cd572b77f58b560e0a8d42944ca0e4933f580d8147b210d538,False
v7_train_03839.jpg,train,processed_v3/val,488cc95f286679ab015458d0a3e12ad514399dad1286682ab5edd6ee880c9af9,False
v7_train_03840.jpg,train,raw/d_fire,76b2df84cc39301a893aa25584f12a1686f58c0cb2540be969d57d033ec0e57b,False
v7_train_03841.jpg,train,processed_v3/train,e60c562245fb31277c8fc932a1f34b5ea47271b924ccc17fa965f7531afb8abe,False
v7_train_03842.jpg,train,processed_v3/train,8fa12707d0ffba51f006c195dbcb54480874b94acc43dc606dc8e9aa57070159,False
v7_train_03843.jpg,train,processed_v3/val,3c863ddcefe9bd2aedf0f67792b9692f542929413f663011071e3d495c45ed96,False
v7_train_03844.jpg,train,processed_v3/train,468a7ab90b485be31c4767a7e58e83d7795648cdaa09f86c46f1e24de63a76b3,False
v7_train_03845.jpg,train,raw/bangga_ppe,681b8381b44dfa6c010db6342f6b2b25a1db00a9f26d73a42c7b30089248024b,False
v7_train_03846.jpg,train,raw/bangga_ppe,4ebf4a33dbf76aa70b1b902196af43b92201f103d2618c1e6bf5e574554b6bfc,False
v7_train_03847.jpg,train,processed_v3/train,cacb073cd074ca0012e8386c4b5765c94cc07fee95a54d15d9a3f2aa8ed96df5,False
v7_train_03848.jpg,train,processed_v3/train,55de147646b3554e006defd6c817d0147cdd463c2d52c6900fb55a14b52f069d,False
v7_train_03849.jpg,train,processed_v3/train,b3e04ec0f9a6ac622bd17bca2721b1bfe384b6b4a01cb2ca7ed3064227e3fd22,False
v7_train_03850.jpg,train,raw/bangga_ppe,c9b737b9586d26501df6100547e9769201c20994cb30ac69b8348bdbda4524e3,False
v7_train_03851.jpg,train,processed_v3/val,c365ff85aace0571753604ee7761f4d5032e05b07a942bddaf4d38244d06e3d8,False
v7_train_03852.jpg,train,raw/bangga_ppe,c68abc511fa92c5ad82c60e2ae7419d9719778b27af738d9f5cc208100bf1a0d,False
v7_train_03853.jpg,train,raw/bangga_ppe,58047a0b30d563d83a250ec32948619a04b6c5c98ee64e923ac3e7951653a4a9,False
v7_train_03854.jpg,train,processed_v3/train,2f2cb0496b8c776a1e45ec51b6efb075b77dcc4a934c0b8c101fb7418638cbe7,False
v7_train_03855.jpg,train,processed_v3/train,746990e295f8b7a7a90ef5f30dc726aaa9d425e746bd86cd0da9cfd0a53e9816,False
v7_train_03856.jpg,train,glove_detector,7b941e96c074063ac73d03b4c535d9d4512bf75921eff055c08a0ddb16f2a7a1,False
v7_train_03857.jpg,train,raw/bangga_ppe,ec4144b1e535672aee101177116ebf58c59be7f4a4c03bbd5bdba7cbb75e0c4c,False
v7_train_03858.jpg,train,glove_detector,b87130e574b75fe316bccd1dce493760eab1d52851fe95958e2f921d76b11389,True
v7_train_03859.jpg,train,processed_v3/train,280947bc1fcf08a9d55cc85cdeb0ad6262bb4303d0b7c4c0ffc789ad85a37995,False
v7_train_03860.jpg,train,glove_detector,d28dccc931e7c3ff020b2aa118aaa18538c76fef3e164abec3c350af60761bca,False
v7_train_03861.jpg,train,processed_v3/train,6f941c018ecd8799e35471436fca96203f805885fc4f35a048005378084b8bad,False
v7_train_03862.jpg,train,processed_v3/train,fde50a628650740f4364c25d751193bf44f602dd7acfe8a558e87084b787438a,False
v7_train_03863.jpg,train,raw/bangga_ppe,d089bd809cc618bcd0ae55b450cabb16b92c83249c6dfdf879b7d72c18581583,False
v7_train_03864.jpg,train,processed_v3/train,135a5ae29cc9ff6720c6e61ebc4fc4745cb0e12fb710434c433bbe9d85280ed3,False
v7_train_03865.jpg,train,glove_detector,990ef06d3ce04b2efd637c6cbfee8b61289a619a38297c113d7efcda3ea8294b,False
v7_train_03866.jpg,train,processed_v3/train,6fad802011e7b10b5c30044788c478eefec61ea83d7bdbb0c0bf287ca6053f55,False
v7_train_03867.jpg,train,processed_v3/val,685fcf0bd3c53b53a3e26e092b4bc0fa3c72331ac4ab8b3700f88e7f921b7ab6,False
v7_train_03868.jpg,train,raw/bangga_ppe,94994fdc5596d281229c5cbb8ff8f1b07e8abd9ed67dbd7ba8ad94608712d256,False
v7_train_03869.jpg,train,processed_v3/train,a8abc55e06020f3532d46853d8dcea79f254bb5cbb6a10611abf995d684f7068,True
v7_train_03870.jpg,train,processed_v3/train,586e49677d956faaf9c534efb63eddac728e626418d5ffb8cac9552d41a3e181,False
v7_train_03871.jpg,train,glove_detector,d6284ab6c562087a898615b085bbde077e26f723ba7980b4759ce2bc8b2d71ad,False
v7_train_03872.jpg,train,processed_v3/train,1261b21d95e4050c4de357aee53ba7c1bf4d7ea0833beb4ff84def72032d017d,False
v7_train_03873.jpg,train,processed_v3/val,a8d4974c9ad6e1d6e43f21a152d766c378e8b77a7b17ae60a77f433d84cb5c21,False
v7_train_03874.jpg,train,processed_v3/train,b4a4693a1083b755d0365710027ebb00824df07dcf4efe6dc5a2cb526ca80bad,False
v7_train_03875.jpg,train,raw/bangga_ppe,5c30daef63ac306a2f1b878b3c7f095814abad7b90562873cff8f153fa1ccade,False
v7_train_03876.jpg,train,glove_detector,55e5ef1ddde802bbcbb1f2c4ea14755eb56e456efeca7b8bc8c8657e760fe5bb,False
v7_train_03877.jpg,train,processed_v3/train,b7927936c0dfe84cbeaa7275a2a1c5f4686dfead51a74fef4c3c46cc79774863,False
v7_train_03878.jpg,train,glove_detector,9b6df4ad12d9182baa2b93882250b86ba2cdd5bdea18637a8ee142c3a8dbb5d4,False
v7_train_03879.jpg,train,glove_detector,9cab2d4f6fe73c07f75cafd11e59e3f9f35ebe6816d04d975114b85abeac8c3c,False
v7_train_03880.jpg,train,processed_v3/val,8e62c827b32265293ae9dcefe3990433fb7293fdbf14e167a4c4d62cf0b13002,False
v7_train_03881.jpg,train,processed_v3/train,90fba304481595683f551eddc9fce83b5a768f8aa75def1236ef2529cf2ef4cc,False
v7_train_03882.jpg,train,glove_detector,f34d1ea47803e9c2b41c9ffc8dbc6f62c1bda795b8e074ba86284227147c528c,False
v7_train_03883.jpg,train,processed_v3/train,882c5dcf82b2ef774c57529634b44c834638ce8799f2608f96c0be8295aa5d63,False
v7_train_03884.jpg,train,glove_detector,f1ddb570b9c960053477b1016dd5d5f3f68c579c2a5ec833cb2c7f6ac6bba673,False
v7_train_03885.jpg,train,processed_v3/train,8d8d48a44ff5e8a06743fee079a5104aa0ae8f7538c286143b596b62f40da1ee,False
v7_train_03886.jpg,train,processed_v3/train,73ce5b63acee6d941ed7952d38024a4425c1bb3e5d88dfd15b5608c16fa32361,False
v7_train_03887.jpg,train,glove_detector,b94ef2788f6ab6c129d9e20a14455e0d43a6838d6f27579582b93781c88c046b,False
v7_train_03888.jpg,train,processed_v3/train,2a46fee665046f502b453687a23eb4884150609bffbe22aca363238d141fb9f3,False
v7_train_03889.jpg,train,raw/bangga_ppe,676ce3c208b6108bd036d088b67f73ca3622113483c32532f0e00a74ece5e2f3,False
v7_train_03890.jpg,train,processed_v3/train,aca08335767448e212cdae7aa2e198e24fc8c62713a9e9bcee3b28d1398d4f4b,True
v7_train_03891.jpg,train,processed_v3/val,4af2fe54c77fc7ddfc05409ce6a52b979233034da06efaf75ef45fe5e2dfae65,False
v7_train_03892.jpg,train,raw/bangga_ppe,8c5d7b5404629e37bcba0718fa470645c95d1eaaa3e74e883f9cbc9312ada234,False
v7_train_03893.jpg,train,processed_v3/train,7447b4d15ae2be4e25882a70f3b356f4e4eb6ab6f21783608b770d34e189cb57,False
v7_train_03894.jpg,train,raw/bangga_ppe,c129d18279878d1ccdacf81facc89497b35a986015a16c8efe2edc3b04a24a03,False
v7_train_03895.jpg,train,processed_v3/train,609592def4b1bc1dd7157effc62b7540ad16b620f992f5f01b0026cf2ea141f7,False
v7_train_03896.jpg,train,processed_v3/train,9fb1c340013d462dccd64e4f64660f102c9a467664eee1c3ab9c55f9ca33a475,False
v7_train_03897.jpg,train,processed_v3/train,10ec5c345ef934dec57c95f545ea2222827bab2ce70d8a7e38143460cd3f6e40,False
v7_train_03898.jpg,train,processed_v3/train,87d6f92edf02c0e01f127ae5be22ba07dea4c9e744b555baff5346f534c02998,False
v7_train_03899.jpg,train,raw/bangga_ppe,a53f45a89f538335e94a12836199797663a87ea5b6810a791f9d35a7cdfddd2f,False
v7_train_03900.jpg,train,glove_detector,ceff6d15184de61feed2d443e30a73abee2f1009445721f293320f765a1d2944,False
v7_train_03901.jpg,train,raw/bangga_ppe,71e5f1cd7a3463e7d7522e14448c3894fb4b45b025bb761b6e253aedc6309d1d,False
v7_train_03902.jpg,train,processed_v3/train,2cb4085249b0df9a92391fa4e10000f80674e22ae10704e18eb6dd1b08bd7ed8,False
v7_train_03903.jpg,train,processed_v3/train,bb2ff2a912e52662a62a03db9d36f1683a88ac74eb8f6352caabf56c637df665,False
v7_train_03904.jpg,train,raw/bangga_ppe,b51f83ad63828f03117a59ebf4eab92ad381da247228dc66bea54704f0a2a499,False
v7_train_03905.jpg,train,raw/d_fire,014fcd191869053b29a5a79f5e50dc5fa0370e87d41d734e4bf97762fe1b82e2,False
v7_train_03906.jpg,train,raw/bangga_ppe,abb74e70ea4365c2b3b43a5217966cf1615c8604df44feb119ee7dbe8ff6275e,False
v7_train_03907.jpg,train,processed_v3/train,0bdf3cebfddc3536769d17203a02fd2286035e664efa562f83a6dd994d0bb2e4,False
v7_train_03908.jpg,train,processed_v3/val,69a564daf3cabb4c9297f5d3a7963c2625672427e0d08270e98c4f6bca4d1c1e,False
v7_train_03909.jpg,train,glove_detector,c08336ae471aa124b4a07431485b5694a3eddfd89035f308cf380b1b222e209c,False
v7_train_03910.jpg,train,processed_v3/val,69611d4ece52199c642b578e0eeaac23f429c8006aee7c94366e064a7e734788,False
v7_train_03911.jpg,train,glove_detector,edd36447ee8a7eaaca3cd112973be93b42551775d09442fa32b54f100a2506cc,True
v7_train_03912.jpg,train,processed_v3/train,3445d0c6cd0d6d61ff40bf76eb528bb048a8db91e00363a38a122b2a1c41f63b,False
v7_train_03913.jpg,train,processed_v3/train,ebc31719ec9befaca67578d5c6e416113da1d70f652800382d1e25085801da87,False
v7_train_03914.jpg,train,processed_v3/val,31ad06864e6ac93bdaa6c099bd210f8aa6947c79572e4068a0d709e9010f0634,False
v7_train_03915.jpg,train,glove_detector,e0a5b9a0ce43f9ade63d5c06eae8deef053cd0f3ec2e265d408f42a0cb231e02,False
v7_train_03916.jpg,train,raw/bangga_ppe,f208153b6bd81983b3f55f8c8219439bfd22aa12878df9bc9e105063aa676280,False
v7_train_03917.jpg,train,processed_v3/train,5cf240072783beec95f42de877fea52c54403d1a0db669a70e30fe21660fa85c,False
v7_train_03918.jpg,train,glove_detector,2a568b963f7842754c4f68005bf552b18b197baad765a507dc0d075a547dc8dd,False
v7_train_03919.jpg,train,processed_v3/val,090c337136acd8a8d41209aaef58815956c626e78a7c3cec96496014f12a8141,False
v7_train_03920.jpg,train,processed_v3/train,3dfb93af137b48c734aabcd983c38dd1cc79b94723afe19932c3cb34c1ef399f,False
v7_train_03921.jpg,train,processed_v3/train,48b3e6f099deeca9ade7976df7e9bf25f710aba06b0a9c0e6db7a758a6106c99,False
v7_train_03922.jpg,train,processed_v3/train,a9601259bfe09ee14bfbcfbdef5790be7510e35880a59c7aedce36573e7545b6,False
v7_train_03923.jpg,train,processed_v3/train,348f8e8806f2a8b139f4d3ca70c71afaa02f58dc4ccae0837f841c7ced373fb5,False
v7_train_03924.jpg,train,processed_v3/train,9f565bd6d69feb21de58fb1f2bf04f468c7891b123222252e7b493cf180325aa,True
v7_train_03925.jpg,train,glove_detector,5533abcc79fa5c37a745ec5f6e0a30d6684bf0d126312425f7b4506461595e9b,False
v7_train_03926.jpg,train,processed_v3/train,ac4dc2543702e478cfc381d2f7f70fbd135389edf3bb687684f3dffdbb23fffc,False
v7_train_03927.jpg,train,raw/bangga_ppe,6e4f036c01f319263d8f2c873f726e815bae48e1c61bcb6bd037d2f56f644cf0,False
v7_train_03928.jpg,train,processed_v3/val,5fea8613f0063066a653cc07e5de562b0475110a9d5f25b16a2cacb44b59d605,False
v7_train_03929.jpg,train,processed_v3/train,90aeffcfe0d76a7a553585544995b3204358949598b1c789d2f225a8be2c9dc7,False
v7_train_03930.jpg,train,glove_detector,b07e6793b413112650d87b48cabd432196076b93ed9c843924f4f5603b6ef6b3,False
v7_train_03931.jpg,train,raw/bangga_ppe,0533a5fe5f4ca94f79c997cd08fdf26388053fd73981e4502eb8f4ab5c323fc3,False
v7_train_03932.jpg,train,processed_v3/train,8e94929faeb8c462b6f2ca4c77d5994608503a0133851c94430d5a8eb28a9400,False
v7_train_03933.jpg,train,processed_v3/train,bd54f82e691e6f53e23bbe1c725dcb425a3eac213fcf551dd457668efae53c42,False
v7_train_03934.jpg,train,processed_v3/train,8842a258e2314bd770694a41de7da0246cf0a8e4138843f3ffe6222cdc86fe2c,False
v7_train_03935.jpg,train,processed_v3/train,096a0ed93e670a1bd838c1d7124efb3c2ba5100aecc937f3d04267d057f28cdb,False
v7_train_03936.jpg,train,processed_v3/train,e5a7eb74fd13e571a42d53e345e66778edb3d24e9f2e0ce04632bceef8543cec,False
v7_train_03937.jpg,train,raw/bangga_ppe,04fe2067d7ef4efa28ec3dfcf1c9a16586a77150040bc9626663a8b82eb619d0,False
v7_train_03938.jpg,train,processed_v3/val,372769e85e5fa7304d5fa0a47b514ad0e49063d60b070d3de8c992eb02f49f12,False
v7_train_03939.jpg,train,glove_detector,813d20b679ff25cc3a620e639032684f450c3d1d41d0091ca5c585a7d7ed727e,False
v7_train_03940.jpg,train,processed_v3/train,a8b1e7c85e2959e4578e64d3d1ab5950ee0264b3f7f6841ee05393654a1ba123,True
v7_train_03941.jpg,train,raw/bangga_ppe,26907f1b22fad328f4bb1890b30cff6ce4a4cfd413f1b34764e09df2e61b22e3,False
v7_train_03942.jpg,train,raw/bangga_ppe,d7bbf4ce15f615737bd82f70caa9f8a37bee7ed2b71748860bf42dbe73d13f18,False
v7_train_03943.jpg,train,raw/bangga_ppe,5461ae3d18ff9aee7acc4316ff61332592e219d21af5d32e1103d7b4899b71b5,False
v7_train_03944.jpg,train,processed_v3/train,0777ac64a90bdad16ad737dabe5e2e31201d212cd7ba7f81f72a2233e22f7aa9,False
v7_train_03945.jpg,train,raw/d_fire,b6993d701f376c2452ad9e1f42c0cc38254a913e74a2525c65ccf0b24c2939cc,False
v7_train_03946.jpg,train,raw/bangga_ppe,5f7a2cd0b0126c2c39b66d51f56c998e9c857caac3299d49c24c1e7c8405f9a5,False
v7_train_03947.jpg,train,glove_detector,f28a7f0572ecf9c31a42b31664e268d85993de2a7b64a1f562c645fb7673f36f,False
v7_train_03948.jpg,train,glove_detector,3d89854af73d520b4f9e842bf14b6e81186202d315358c1f1fcec1e56b83ea8f,False
v7_train_03949.jpg,train,processed_v3/train,aaddb1e8274c0f3a07ff5b3ef1df3079692f01a0cf8788d60925a4d08ec6e78e,False
v7_train_03950.jpg,train,raw/bangga_ppe,55f3d2e927a53e5eaf61fe1aa416e8363c3f6d1e0f8a39e6c83911ebf5cd15f7,False
v7_train_03951.jpg,train,raw/d_fire,ec17d66156f1dd4983b64d904db411792352b3aa627ffbf227fa876a45908a3b,False
v7_train_03952.jpg,train,processed_v3/train,581797da2f41cfc2563774eccd5aa9748643d54eab78dcb7367c0a95b34448a9,False
v7_train_03953.jpg,train,processed_v3/train,4d308330167f339f79d14ef897f1bd2b734a319209598fc0c62c9f4418982f82,False
v7_train_03954.jpg,train,raw/bangga_ppe,ccf2b1b05928a8dbd1d392e8acaa7aced73bab64e41d4ca64a244017f2e209b1,False
v7_train_03955.jpg,train,raw/bangga_ppe,b73a87d7d06efa8529bce898f13d445c376cd54dd2e7a0a0a5ed146d32e5c886,False
v7_train_03956.jpg,train,raw/d_fire,79c8462b4bd0f8d4b65cacffef0e03f465df7119a3b0d7f8eaa46d0ffc86dd1b,False
v7_train_03957.jpg,train,processed_v3/train,460a6bfd43c8abb967502ffda6d2965dcacbafcc534b0bf83f3eb72f56e5e79d,True
v7_train_03958.jpg,train,processed_v3/train,175e3cd29653929d25aa4eaa5ad0bb8864837802f772e2ef8b9561c403488c02,False
v7_train_03959.jpg,train,processed_v3/train,366865fc2e7aa59c2e928a199351c7b9903c42e9d998c7377f636290fe2f2974,False
v7_train_03960.jpg,train,raw/bangga_ppe,6118006659fc836741b2503f947dc50aa5345d4ef1b01f51214cd4e68c327fff,False
v7_train_03961.jpg,train,processed_v3/val,d874009fd55d3a26c3270d9cbe59d5880fc1d3c7af389f2743a679cffdbe53d9,False
v7_train_03962.jpg,train,raw/bangga_ppe,70eefc561e61dcd0ed932cea2fadf7ddf23d45e07293f4b8c8e5780f87ee971b,False
v7_train_03963.jpg,train,processed_v3/train,9dd189c9043d61b32962b1b665fa5d6b0191a049ff85c6d48fc73fae2a496974,True
v7_train_03964.jpg,train,processed_v3/val,7e9652fdf350f5f6a39443ef73e7c05cf0db3e15f5cbd7b5df20b9b698cdd5e1,False
v7_train_03965.jpg,train,glove_detector,c5350f8086a10cfa5c7d3a1dcc07731751d5c4efac7f02e49cd78f9593b650b5,False
v7_train_03966.jpg,train,raw/bangga_ppe,1546986c8a87ed21c226a6c98430477459954fee67669b35f49d7e5bbc8343d6,False
v7_train_03967.jpg,train,glove_detector,2e6a711f2546e2f782f305b100632fbcb4480b98a231cac3a9da72d71c75172f,False
v7_train_03968.jpg,train,processed_v3/train,db34688c98ea7c2983eb214bc78ed66a3158b02fe5cb4e11d1786223e2bd81f4,False
v7_train_03969.jpg,train,processed_v3/val,6c691fab05ad6cf000f337bb953f05ef99b4daf5db113afe01a68d7aa331b43d,False
v7_train_03970.jpg,train,processed_v3/train,15582dfa6b1d839ffc3655f3dcadad1181a9eb35be942f7178be619df1ce0b37,False
v7_train_03971.jpg,train,glove_detector,3fe5e9519044ce8b311fdc2be4d8ab6fb324bf5068927b82af929eeb929341d5,False
v7_train_03972.jpg,train,processed_v3/train,cc2240942d67dbcdaacc824579f422848a037c0dc3ed90f315e713541623d9e6,False
v7_train_03973.jpg,train,processed_v3/val,8e0ecc01bdac5ba238388fe3fbf873dbffe7921549783d7641fd9218f401fdcf,False
v7_train_03974.jpg,train,processed_v3/train,60a8ba5bacbc38d3afc367745b45bdcf028e28e1f47371084aa351cf2cb2da30,False
v7_train_03975.jpg,train,raw/bangga_ppe,06d6f6831565161f7c0c07663af1314fbe4b02fbd34aae2b736850b5d8254d50,False
v7_train_03976.jpg,train,raw/d_fire,da5423d81be60aa1da60e83dd39dc1fae415973156dc154f9427b6ae99bea774,False
v7_train_03977.jpg,train,processed_v3/train,7dda3930a121f7aba55d3a9df08c07322abc3cf8d8bb11628b9e4144f6a56c47,False
v7_train_03978.jpg,train,processed_v3/train,38e5e442dc205f24c12d1af35a62dd3c3ff22c5469a44ad51f9e79c55929e327,False
v7_train_03979.jpg,train,raw/d_fire,3ecd97d4dbcf2661690083ee12fe025ec73a314fde48d4bbae87f2b5e9b32998,False
v7_train_03980.jpg,train,processed_v3/train,70b4876986cf035e0f7c78bafb26c85239826756f439379174e8779c000b4291,False
v7_train_03981.jpg,train,processed_v3/train,d4fbb03bbc4e7f3d8497504d6684d4bfc8d37e47885c0f094231079d9b04c60c,False
v7_train_03982.jpg,train,processed_v3/train,6c81db5a645e8da26d2fc685f44ce525e80e8482b8495db1d7ca65ede3290334,False
v7_train_03983.jpg,train,processed_v3/train,4e0ad4e5cc4c44c5ce3c6ac6b74b50c89ce16d521120da62a873d81413b9485e,False
v7_train_03984.jpg,train,raw/bangga_ppe,7504063a14af03b4de5b6a0cc276a234eb6e33ec76bc6a9966af5d197e53dde0,False
v7_train_03985.jpg,train,processed_v3/train,4a4c72bd89a9949aa6ca60dbec0d5d74f3eaaaa78261bd0a5e8005c3953434e0,False
v7_train_03986.jpg,train,raw/bangga_ppe,9b85a4a53c99cebabacfba99e17eb47b5c2adc2103476c57ef376d1394c45655,False
v7_train_03987.jpg,train,processed_v3/train,754a16eeca93bdff57a14687e167e21ee77856725899da50ff5d5ddefe8e9c4d,False
v7_train_03988.jpg,train,raw/bangga_ppe,2ef117fedd5563d8ef3624d48c6ef878871c7f1d8b7e46fd4d0f41202a98d5af,False
v7_train_03989.jpg,train,raw/bangga_ppe,eff746c575bcf39e8ef0e0b182c0e847ad3525e21a0bdbd9f9f63cc8af3f988b,False
v7_train_03990.jpg,train,processed_v3/train,fb827d6eb120948420a2683404d82684696deeae1c2ee42cdb29a28b9a0cd206,False
v7_train_03991.jpg,train,processed_v3/train,e16d56e4637d0aac97f378e37fe07e6b6479b8a10d1532620876a589ce1f8341,True
v7_train_03992.jpg,train,glove_detector,e51b51ba9c2a33091ef51db0be37eb3533ff46f68e0be94b9643c0c88e34e6c9,False
v7_train_03993.jpg,train,processed_v3/train,6f0788c27e4a463af38b00ff3e7eb7adb2212808495bb7db372dd352bb918a60,False
v7_train_03994.jpg,train,processed_v3/train,31dedd676473b8e00f897e61dfcf29bb2c63f2c65b8941d27ffd65705e1c5dd8,False
v7_train_03995.jpg,train,processed_v3/train,5414be49c96106a30b604483a53b1035c4e3ccaa5adeef3a35db0a69dff1f091,False
v7_train_03996.jpg,train,processed_v3/train,2af3289e6f177727e487e48275eae006c3ecc0ab7ebe38556a80dc4e1cd8d447,False
v7_train_03997.jpg,train,processed_v3/train,0e0a9fc4b3fe9b4bc605ab138eaf037035c9e96f6acd24ed62b7d826d391a62a,False
v7_train_03998.jpg,train,glove_detector,618c8aabba34c5ae6f3a4cbe6b78ae86111ed18bd24b9225530d3fd13ee07126,False
v7_train_03999.jpg,train,raw/bangga_ppe,04d8d03040214c8fae425af607d9f606ebb8706d1b353d37ef35cddfd0b97cdf,False
v7_train_04000.jpg,train,processed_v3/val,e76d568f8798313893adc51eef6117bae3ff1944aeab7fcc1709e23c961a5b50,False
v7_train_04001.jpg,train,processed_v3/train,c1957fefda729e5da5f3350010e83abe4562889eda108c33594b054d44d5d169,False
v7_train_04002.jpg,train,processed_v3/train,548ad87d8fa9845e2f480fa8ce635b8b878d747285c89f2b6920916baaa6bc8c,False
v7_train_04003.jpg,train,processed_v3/train,6023dd2b3afe65a80ab0d406568483b2c7190b1cba014a056f509faef6464079,True
v7_train_04004.jpg,train,raw/bangga_ppe,17ff115eac0e49ae09d8cfb12058e94305520fe4e773f475ba92c3437f318a73,False
v7_train_04005.jpg,train,processed_v3/train,410cbb16c3aa5406200f4dbdf17b9aa8e6fb1c214ee668aae3feb2a45e1c1144,False
v7_train_04006.jpg,train,processed_v3/train,7a82aad35b2ce9ffbfb68447d906c2744bf49f0daf33e5cbea63f0e465d61ded,False
v7_train_04007.jpg,train,processed_v3/train,d17153105b9c4566377406d17a54e279e2c814097dbfbe99c0ed212f1a4be8d6,False
v7_train_04008.jpg,train,processed_v3/train,21223be9a3492b93e3376820cced204fc8b6d1b15aabe59207d38442dc16e989,True
v7_train_04009.jpg,train,processed_v3/train,d67ca137dfc7fad650e638a946f77d1c878b2e7eee2fad0d9d5fdcc3a1145302,False
v7_train_04010.jpg,train,raw/d_fire,56ea114f8375c3ebdb2e52f7a6975161bf3068f6e4ab36fb29b010a2b677ac58,False
v7_train_04011.jpg,train,processed_v3/train,e943f1177bd1442668b8502348cc32ad8f65aad01eab4a12844c368b687e1e1f,False
v7_train_04012.jpg,train,processed_v3/train,d7a46e41b1ce1d5808bc4d887c70356bae23baacfa2bed31d0fe324721ba6b57,False
v7_train_04013.jpg,train,processed_v3/train,b65c78ef9aff6e39c0b7b1bec97b577ba1cf4abb3fb0e69511027b18099f0a21,False
v7_train_04014.jpg,train,raw/bangga_ppe,8ad9e787cd6944e3cb40854d05d67974e1d3f67c0c57a12cbc6027fb3f1e5b3b,False
v7_train_04015.jpg,train,processed_v3/train,7dd0b205b99706d63fb98be118aaa069626959035346b11a5894c36d3a8b1a97,False
v7_train_04016.jpg,train,processed_v3/val,d713cb5e89e46a98f7308a5a6a0efcd704c61e4f8cd3761f8061f32d22b0d0c4,False
v7_train_04017.jpg,train,raw/bangga_ppe,6d856aa3c970b0b6c9aac8643eb1a7c009f6799507da630e125709a8733c50d6,False
v7_train_04018.jpg,train,processed_v3/train,4bcdcb863ee4409fd835974be1689e48287b5f5671a8b4fd8c50314dda231e98,False
v7_train_04019.jpg,train,processed_v3/val,9da07caf6dca34ca91485c78e022d2bb42263676b79e950c890fad6cea3e9249,False
v7_train_04020.jpg,train,glove_detector,9db8b8ee654fe30443ae20cecdb0a159d4a4fffec58848fb27b79a924612195d,False
v7_train_04021.jpg,train,raw/bangga_ppe,9d213a4fe999557d96eee22a756c0beb0666abf5b41872f242f40843b8293dcc,False
v7_train_04022.jpg,train,glove_detector,541b1522ab194666d12aabf58935574db7fb98e3c92607837cfebf901190a4d1,False
v7_train_04023.jpg,train,processed_v3/train,445b4635a09cd5902ec3eb61e2d5865cd373b19b99e3c0b7bb1be4dc36e1586e,False
v7_train_04024.jpg,train,raw/bangga_ppe,8ceb8b58a975a61dd22c9a0983dd7dc9d3aaf6b2fc07034cd7a7abb55540f511,False
v7_train_04025.jpg,train,processed_v3/val,339ceadd08f7c76dacc1777ad7e190c4be3d63539c020ff448f160aebccccace,False
v7_train_04026.jpg,train,raw/bangga_ppe,32965b786d5456f5b6b93d61deeddc9ef7851bb94795c583aa470af934387f7d,False
v7_train_04027.jpg,train,processed_v3/train,4d14186f25d470aa3792d0583c174bc6fd87ae198ce5276f6b82ab486afdac85,False
v7_train_04028.jpg,train,processed_v3/train,8cd71ee3435989869bf07ce92c7205ebd8abf54a7e0e20240f9a8a607392f6e1,False
v7_train_04029.jpg,train,processed_v3/train,2de8af065c802edafa44366fad4d6a2b149c9c5ced2cfb9d44e3dfcd262dde2c,True
v7_train_04030.jpg,train,raw/bangga_ppe,e38f34a8c1e27920d7b40dad4d914c562fa8b8868586c984429b44e3ee694a80,False
v7_train_04031.jpg,train,raw/bangga_ppe,155d7b5d08b103fa0abad6eb13c967c924ef4ac2d628e86d65fa1094fc65c573,False
v7_train_04032.jpg,train,processed_v3/train,1c493617180c63681e9f65f708c0d337af23272732a491e8e310317bd9aa1f21,False
v7_train_04033.jpg,train,processed_v3/train,a37bfd1fc0f1fde5abee5bc42588f81912e25f6ad901f68eb846631fd8c4842f,False
v7_train_04034.jpg,train,processed_v3/train,6a2c19112287b95ba5a583b2ab05208882de3845e2acf56165664cb1df9a5f7f,False
v7_train_04035.jpg,train,raw/bangga_ppe,5c27ba21c6cf440f80a8fb5fc6c2c241731219c453a669793e2ca54009ff3259,False
v7_train_04036.jpg,train,processed_v3/train,baf953fc5cc15f79f9504f3b1a6331f1b9372f7affdebffffef92b11fe57c21c,True
v7_train_04037.jpg,train,glove_detector,17cda4fb71c739cf11693bf13f9153fc150d8e8ced65979bb7ef330636db09f1,False
v7_train_04038.jpg,train,processed_v3/val,e0023dd429fe2626ec6c2240443a19efce21da1967506c11869ebefab6e40baa,False
v7_train_04039.jpg,train,processed_v3/train,f3f25ed9a3b789fc34b25f01ecca511230438ac9c2b8495870d8ce8d60d07324,False
v7_train_04040.jpg,train,processed_v3/train,5a94d930b223a848b2392f9497a0d7f9ccae2849a27f6a07075565ca7503c307,False
v7_train_04041.jpg,train,glove_detector,91749e7818d07f062cc6adccd7559d6aac028203db32ae215d522773c91fbe20,False
v7_train_04042.jpg,train,processed_v3/train,4222cf28e568125787a70730d9256cbabfccb1921052523fd5bb6ce485177338,False
v7_train_04043.jpg,train,processed_v3/train,4c559fc4b10aeec55627f87b5b0cff03b84826ded7ae2dc6529e78ad9a0466eb,False
v7_train_04044.jpg,train,processed_v3/train,dcb4fbefe691cbeac3f1ccc6bd56ae9fceccee24bc43fd85a8ecd92402a4c6a8,False
v7_train_04045.jpg,train,processed_v3/train,09204c7dd2478ef05fabbf91dba3224cb8054a0f230000eacdab0676ecb0d6b8,False
v7_train_04046.jpg,train,processed_v3/val,2ee1f661706903df20cd48deae29314ed1d8369d8e3b0a3f79d034ddef284263,False
v7_train_04047.jpg,train,glove_detector,263d74ef7431b7bae2c199476ae6426352be2f34bb2eed9034aa243f54a5b771,False
v7_train_04048.jpg,train,glove_detector,dd3c439fc5d8887ce3a6e09134b703bf452660019c24731a49b3721d42705743,False
v7_train_04049.jpg,train,processed_v3/train,ab253c57209f4e4575f7a30605ab8d617c4262c7da0b13aa09e7c4a0487afca1,False
v7_train_04050.jpg,train,raw/bangga_ppe,b5d98c2e5dcaf172062c982aaa77fde8fd73b7621cb52920707f68ed3ba0b980,False
v7_train_04051.jpg,train,processed_v3/train,d8870fafd762e7a29b5e6c38faea34cc887c8a9ae8c6974739592ba0c02ba7b9,False
v7_train_04052.jpg,train,processed_v3/train,ded70f5c05789b47f8a6744e00aade2179c4bdc1f30b87c8ca3fbc3fa132a4a7,False
v7_train_04053.jpg,train,glove_detector,5a2d318d5f713945f9ee58cf948ecad352bdaca143e877b422faa243fe9578b1,False
v7_train_04054.jpg,train,raw/bangga_ppe,2d601a3a77bc69960891f70e330d8a48a166a7c6561b21b14f80ca7ca5e4a81c,False
v7_train_04055.jpg,train,processed_v3/train,dd5ba3baa1cea8a0581b9653300c34616b9fc19b2a058a959c0810f67169e656,False
v7_train_04056.jpg,train,raw/bangga_ppe,d8eecdf57dfebd5069f7ca39713312c4003a933e1bffa1bd309a74a8b7d7b1e7,False
v7_train_04057.jpg,train,processed_v3/train,51d1b794ad479fb9aa80326d1efc99ec3ba5206783bfc44eae5c7b00f1513336,False
v7_train_04058.jpg,train,processed_v3/train,dda338c17803bb4d8968a834c015b47a7b72d0a17cb5ea21f05be234e8c4af77,False
v7_train_04059.jpg,train,processed_v3/train,9295879bfa8624f389497ce63215f0a90f8c66fed1e4453152fb2562f71ed7be,False
v7_train_04060.jpg,train,processed_v3/train,107c28b82c8ade13627d3b3fa0a38bb96369cc9fc2c816f04ba5eb7272a13ab8,False
v7_train_04061.jpg,train,raw/bangga_ppe,0e50756c90cbc8c5969bfb5eae34ee29bf46693333ff8682b7ac6fc23023750e,False
v7_train_04062.jpg,train,processed_v3/train,0782bd4d7458fb964f1248fba7e457fd60665663eb462d03baf710352927c304,False
v7_train_04063.jpg,train,processed_v3/train,a167fe81cfec9edae889ca36ace2a61185e46b60aeb5d8df44f03ede07d998cb,False
v7_train_04064.jpg,train,raw/bangga_ppe,155f443be82932e400fd0125fc8fa2a358faab3042e20d93dab13a03dbdfe7c4,False
v7_train_04065.jpg,train,processed_v3/val,a19e34937303e58dac8f71cf296ec2cf18140617805c7fcf32c8b05230b6a9e3,False
v7_train_04066.jpg,train,processed_v3/train,86ecc0f4f7ca8a37cc5997b459b4f42e5c7164ae23dd6aeda3f1b93552e3eac9,False
v7_train_04067.jpg,train,processed_v3/train,fab03851584c38210e2b3f116838560c4a954e57aa4b0d6f3fd8739f01af7def,False
v7_train_04068.jpg,train,processed_v3/train,61ef8ad30116f004609b0f197ea57f3d171c1649be31cb231367e0845b04b828,False
v7_train_04069.jpg,train,processed_v3/train,d873f5804b779ebe45304e5856eed1ef8d3b1853c539d06f522849f2204b3395,False
v7_train_04070.jpg,train,processed_v3/train,a2da8425d6585fa4ccefa28d8f5141e3fe1be858b9f0053978d45aa91c0eb8a7,False
v7_train_04071.jpg,train,raw/bangga_ppe,722aee34dcfa620b35396896e13f0eb6343d4da44dc8dbb20a259ced0a9a8225,False
v7_train_04072.jpg,train,glove_detector,99033d997ed623b575cd8b25425cf39aac9152d16d721e0c3e64a4dd4eae621d,False
v7_train_04073.jpg,train,raw/bangga_ppe,40964d04af00fe84a8f58f6843dc031ffd5e2d05f73a0e0bae3aa57d4dbb0c72,False
v7_train_04074.jpg,train,processed_v3/train,45c5db0028a4ced975e304bcf7e92bd5819e5b95a2c082ea8327f2db49e1389c,False
v7_train_04075.jpg,train,glove_detector,d895c602226d123552e3d0ca45e619ed47fb832da9ecc11f07a8a1d208879068,False
v7_train_04076.jpg,train,processed_v3/train,d92a3a95d4ff4c99454870f953425560a01c031786f2220c77c8e350b2b725af,False
v7_train_04077.jpg,train,raw/d_fire,4e47af18de1778a468329c51b9e0e34d8a29ae02710e556c65d65b8d46d089b7,False
v7_train_04078.jpg,train,processed_v3/train,db04d7d8109305a5aabb4fa816dc4c8d4f29276e77055f7a40fbb0a9236a19e3,False
v7_train_04079.jpg,train,glove_detector,fb9e0526e910afb899347153a15d0f493639f7ae2856d4ab47d0cf5f2cc567f9,False
v7_train_04080.jpg,train,processed_v3/train,470fd4450d67816da927eb7647fd3aec5f1605ffd4540e6796648375d188c67e,False
v7_train_04081.jpg,train,raw/d_fire,63ce10fe1e0c68fabe8d0378b696217b74e752bb8cee5daf76ff5d57b8fc1948,False
v7_train_04082.jpg,train,processed_v3/train,8352db4d65445a0143cabf55074abe3dd63b075a545b3801ee4e1719f234cf1c,False
v7_train_04083.jpg,train,processed_v3/train,49e3593316405bfde615e59c512581e9e2af55acdaba7e6a0a1959c8265a268a,False
v7_train_04084.jpg,train,processed_v3/train,80a96a7ef78bbc1fa907b0f215dcedc042363bf4cb6678d4e8e282c5799aee7c,False
v7_train_04085.jpg,train,raw/d_fire,d836bee9d5556ba63a406b25fbb183faed9bf0909da297838a9d18f5a678136f,False
v7_train_04086.jpg,train,processed_v3/train,29840cc7ab98b8c7ec62477877523605fa958b6bb1e85c439a452dca6708054f,False
v7_train_04087.jpg,train,processed_v3/train,1237a06afbfadf79531a63aebfdf00e05a059d6a9932fc13027d88015d83dd68,False
v7_train_04088.jpg,train,glove_detector,3defc8fdf3490f1600aec9cfb77d34a7cf0d9821075d6296462f9bdad6830525,False
v7_train_04089.jpg,train,processed_v3/val,1427b91d337de970c0f2fb5414a31172b9305bbf6f5e5089c6681bc51deb9019,False
v7_train_04090.jpg,train,processed_v3/train,47903e1ccfc43a47e652ff31fe8bf1ced486a10e0a347be6ed51f2b0db0259fb,False
v7_train_04091.jpg,train,raw/d_fire,530c4a5299b67663acaaa64c5109d63c3b76e668ea364d24b9e8864ae849de11,False
v7_train_04092.jpg,train,processed_v3/val,f3275c7659acf297ed75278e721afb23e3a5ece9d4a26c025024ec05005b98be,False
v7_train_04093.jpg,train,processed_v3/train,fd06d7ee5df1ba5fe050479c49d8129d4e4110ad9081c6c9543aaac267bc7dd9,False
v7_train_04094.jpg,train,glove_detector,537669a1b6ba5b383aa6a8c828b06759cc69d920981f8c42f79d2358d726770a,False
v7_train_04095.jpg,train,raw/bangga_ppe,62f9200fbb5b97a4a25cccee1d131dd46892da7359fc261f89429b3075538ffc,False
v7_train_04096.jpg,train,raw/bangga_ppe,b522ce544757ab0354f41cf4622b929927f338133ca62191aa92f7b6870f3daa,False
v7_train_04097.jpg,train,processed_v3/val,da4cf9303aa5d59a21d1b7386edc7f911b07b8b851f948a975f104fc5c222527,True
v7_train_04098.jpg,train,raw/bangga_ppe,18059f2e2d3d030bccdefc1878e2b1b4fbacc8648839678696408e1140397a1d,False
v7_train_04099.jpg,train,processed_v3/train,8c72523449b8e002a2cd2347e29c23e61953cd398f9be4d93447b85a76fe8d5d,False
v7_train_04100.jpg,train,processed_v3/train,64877a4dc0f368c904c4f6a3fe880cc00476399f572f882510d6165768ab28d7,False
v7_train_04101.jpg,train,raw/bangga_ppe,1c0b3c171445670e16ab74c2c3266e76698deaf575fe3b030376c253357fc630,False
v7_train_04102.jpg,train,processed_v3/train,0e43220834a437bce8f17b90ce8aa8f76051663e0ce2e68b4c02456c725778d8,False
v7_train_04103.jpg,train,processed_v3/train,9c2527242b98d3c1f8551d0443de22f36a39f20c2eb6d21dd4379f7ef107af11,False
v7_train_04104.jpg,train,processed_v3/train,1451ece91fbe2fe898ca72b14eaf353bd7602ca9e2f011e99eed09a19ad7519a,True
v7_train_04105.jpg,train,processed_v3/train,c11612140af3c0c023363907866df4dfc30eb2431d86b50cdf44285368c68d6e,False
v7_train_04106.jpg,train,glove_detector,86447a4935d603d86735fa6f48e1cd9f35b9b7e6d874b5e05c744febcde48f28,True
v7_train_04107.jpg,train,glove_detector,53f286638429552068a3376a171db970d25b9b5cc9a4bca4d04e3346783216d0,False
v7_train_04108.jpg,train,glove_detector,3ab0abec1aacb3ec06590596c73845756d3aa850aa7b8e7dd78e3244a6e86e52,False
v7_train_04109.jpg,train,processed_v3/train,64e427f1c39b008f85b1cffad805ca677da70d709448a45e9dd07e1dfd051938,False
v7_train_04110.jpg,train,raw/bangga_ppe,8d0112dd7384bc088482bd9d120f2f899cd3967609e6df4ce748ddd33b0e4dad,False
v7_train_04111.jpg,train,raw/bangga_ppe,e9fcd8648d0a99805e2ed7deeef6df3dc55ea1437f3de1600cd19e65acfd741d,False
v7_train_04112.jpg,train,raw/bangga_ppe,290e7318fd3aa037251fed0a108bded26b14050e8b912cbc7b4c0f92cfebb1b9,False
v7_train_04113.jpg,train,processed_v3/train,eb6f68087cd917c33de13f266ade08c4701c85b5c8b72689e584d124d181ddf5,False
v7_train_04114.jpg,train,raw/d_fire,8eb60ddd8393b8c86a545e8ef06f2917a97e64a135616ed9ea4d1b81563b79c4,False
v7_train_04115.jpg,train,processed_v3/train,9b667d9f9b48194c0b7c3895dd0b104549acaec29a3e8da8a1ffabf49d836727,False
v7_train_04116.jpg,train,glove_detector,794bd46183158db306fc9b1067cfa4fde7e94107bc42948638205606bb44c40b,False
v7_train_04117.jpg,train,processed_v3/train,18a47ab35fea046d3c1f52d4e542af40c227086c4bc8b3758d9803f3cbcfd88c,False
v7_train_04118.jpg,train,raw/bangga_ppe,df9e292baedcd036dd7c20f3cfdef43a02499bcc154e271fff6ff02ddb394077,False
v7_train_04119.jpg,train,processed_v3/train,1c87b1ac5341cedd9d153b7ea31da7c3808fff3ce2168a2c5bb537b8d3e5b969,False
v7_train_04120.jpg,train,raw/bangga_ppe,5f5edb4046619c57ee13e88a8f5cb557fc3a66b9b670bcaefbc7d771e6a93c86,False
v7_train_04121.jpg,train,processed_v3/train,9a6180dbe3ef1cce8127fd5447f5dc396aafdeca9dce72b6a8144e395e884556,False
v7_train_04122.jpg,train,processed_v3/train,ee3949606c93980e0df2693e6158fde39d7897660af4563bbbae789614d47f5e,False
v7_train_04123.jpg,train,processed_v3/train,c5c06cacf42accb37b3839219d63964cd71501742e2a3bfe45707e39304a7a32,False
v7_train_04124.jpg,train,processed_v3/val,c7cb4868d2e6f7053ba9b2056305233f622ef0fc8b4695039cecbe0267339404,False
v7_train_04125.jpg,train,processed_v3/train,fe23e41cb7993f663a8e534cec9f0db5aa540cb83bca5adf234bf224e2b1f243,False
v7_train_04126.jpg,train,glove_detector,52514975eb599aae0a803a1d0f54630dc20417059f937009c136d7248332b7d5,False
v7_train_04127.jpg,train,processed_v3/train,39a73e403e143e3343800cec3a1c6f051c860ae71d5bfe5139ab9d0de23d5cad,False
v7_train_04128.jpg,train,processed_v3/train,7f13926544f76cb57b545075e798c618890c87589c968815e54e550d78fb928e,False
v7_train_04129.jpg,train,raw/bangga_ppe,18fdde25835361b1d1f9c3e5328878f4fbc9105d5865c72b02d3b9e6bd048fdb,False
v7_train_04130.jpg,train,processed_v3/train,4adbe7e960277e03914a1cf4623c7809611e7ef04c6bfb2bad575753a6013270,False
v7_train_04131.jpg,train,processed_v3/train,d324d6199a98f29441e2f56ffa63c02568620ef0a0d28c373ab90441aee41b37,False
v7_train_04132.jpg,train,raw/d_fire,23e1ea5da9dade84230250b85624d755db6ff62a37a0cba6ce8b5aba5abd37bb,False
v7_train_04133.jpg,train,raw/bangga_ppe,88c2de2cdfcce133c56be6ad37c804a89c5ac40c635f77ee662a5e6218780b05,False
v7_train_04134.jpg,train,raw/bangga_ppe,e7808159ebc6945d99eab2659644313c233b6990baca94a65c2e72d0d4e530c3,False
v7_train_04135.jpg,train,processed_v3/train,a3931ae5af133ec7127cca7f3f4789d54f95be001f03087bd1ab552b48d79419,False
v7_train_04136.jpg,train,glove_detector,df250363ff825dcafd76723ab0a7dc0faafe73013e71235f10c558a4407a4aac,False
v7_train_04137.jpg,train,processed_v3/train,75a42941dc9378239d8654bc43e03ab4b07206b6ce4c538bff49fc3345e6c1ec,False
v7_train_04138.jpg,train,processed_v3/train,efa50de00bc554490a9441828d77ec5fb4de3880bb70800976b4278e113cab0d,True
v7_train_04139.jpg,train,processed_v3/train,02d784ab655157faa81fdc658979c666ed7c6bab5ca933cdee8e7295ebbda0c9,False
v7_train_04140.jpg,train,processed_v3/train,f9a0e2b9d47b3425b98fe35171d34217cd61835b307d57093d844af57be10b6e,False
v7_train_04141.jpg,train,processed_v3/train,c60ed77471e042e8a3b2a711b833e5022f19a4aa50acc2575bb1a38a2f65bdab,False
v7_train_04142.jpg,train,raw/bangga_ppe,64feecd26dbbc770a88097e1c6ce15509717c4dd53cde96d66c23a8c857fff04,False
v7_train_04143.jpg,train,processed_v3/val,1f880265abbcb36a24815b6001bfa560aa637ffa5749458e012a2dfc61a58da3,False
v7_train_04144.jpg,train,glove_detector,7726067f25c81fdb419e99250d2eb6a4e12de5c1b375211e6730b18f448b163a,False
v7_train_04145.jpg,train,glove_detector,cb64aa9deffa8cfcffa6fe11b66d529e7cf726180dd4dabce2996f1474e6bc87,False
v7_train_04146.jpg,train,raw/bangga_ppe,106ad5136298d805535501351463691deafe0462fed8993c93422778cd7ba105,False
v7_train_04147.jpg,train,processed_v3/train,a6699f46f5e466acc33915430bc1e862b461e3bf5611df5299c405edcda79c6a,False
v7_train_04148.jpg,train,glove_detector,143a208aec948deaa8432c99012c1a24c5bf491ce8f6118eed1e4d70162763b3,False
v7_train_04149.jpg,train,processed_v3/train,49fa891431562d19a0bb303962149d66d75daf8b35e94e7a2729c2a13d0f8f2e,False
v7_train_04150.jpg,train,processed_v3/val,a4174c1655c5e0bb74aa600b8a4e5f15b2e2c5111491cddcce5648c67dc6195d,False
v7_train_04151.jpg,train,processed_v3/train,7b63b62745e3488dd138f3f0cb60003c90dc6b871f9ae6383f37c006ed672000,False
v7_train_04152.jpg,train,glove_detector,72f94f6dca9c1a7e4b5f216aef8b327e4d8ecf96a8a7370f08e51f8560496315,False
v7_train_04153.jpg,train,processed_v3/val,2ccd8b6b0a25833f6d4964ec257e9281ffe6aa936822d956ba006c8cebeb8307,False
v7_train_04154.jpg,train,processed_v3/val,2c182aa702ca9d04fef903ec15ea6310f2ebd043436477d8b4170fa14cd6b3b0,False
v7_train_04155.jpg,train,processed_v3/train,1916ba05bda89003bb3b0ef1748d31775fd7668902d5be1870817bbab229ad6a,False
v7_train_04156.jpg,train,glove_detector,5fbdf70a87c68bad04c90acd3364b3ecbd734065ba78636a75d301ed1dd3ec9f,False
v7_train_04157.jpg,train,raw/bangga_ppe,936d7d1659d52c51d5db93b74d1af20dbafe93a249f33720d4a38205dd49cf6f,False
v7_train_04158.jpg,train,processed_v3/train,0eebe9bfe968514e5358b15c88afa367bd73bff481899286efef92a2cb4c865e,False
v7_train_04159.jpg,train,processed_v3/train,f264ae9d8ff4c36f71efa7ec66eba4fbb7fe1aeea80eb20bc0283e25ea3c2b8c,False
v7_train_04160.jpg,train,raw/bangga_ppe,bb66081f39f09c36d38a650eb883df53c3617b9b5bbedbc97d94362b6e4f5d9d,False
v7_train_04161.jpg,train,processed_v3/train,56656e6808afaa64604566d1cd2d20045c9dd52cc9d2eb515084233e67abb2e6,True
v7_train_04162.jpg,train,processed_v3/val,6083812de33979536166c2a689cc91bc0bc4957411ad69dd0e4e269e33a0dcce,True
v7_train_04163.jpg,train,raw/d_fire,9ec384afb1637562c7e23e87ac09e1c883c4a46ea5e5e08ff5b7a580ff99502d,False
v7_train_04164.jpg,train,glove_detector,c2ffd489b622d914af70e0f5d3a610cd9c9e08f8ed1bfb061dacfdd15be50b5a,False
v7_train_04165.jpg,train,processed_v3/train,b379d2ccf05df35e035f92d1daef8ecf896fad3b96730686abdafafa7bbbcb91,False
v7_train_04166.jpg,train,processed_v3/train,2051e5886dc674d69c3d70b61b43a15e2cc24758df8f21b851d571d7380dd1af,False
v7_train_04167.jpg,train,raw/bangga_ppe,9975ee02019eca0a9e09857edc951e0deb31026ff37f2e8de0dca8eac6c25448,False
v7_train_04168.jpg,train,raw/d_fire,e8421a5d3cd369ea4645e2ab1d6dd3a12bff50d9f1692edd3a623f75135a6819,False
v7_train_04169.jpg,train,raw/bangga_ppe,7b41ff84f935b155b1d5d3c255eb9f074fbb471d1e3dfb858d3c98d11d6abc8c,False
v7_train_04170.jpg,train,processed_v3/train,55185109352f3e1e9c7e97d6d5fd88acd50206de39bcbc6a757f7097e348a404,False
v7_train_04171.jpg,train,processed_v3/train,7033e4e7cec376ce8baf889c0e172e6f2717279ef99cd14059a91a5397a47900,False
v7_train_04172.jpg,train,processed_v3/train,3bc2e4421c5108be267ae05f27cc17743d9531076b888daadc636affe24695ac,False
v7_train_04173.jpg,train,raw/bangga_ppe,c4b320a519ed2158feb4d36cdaf80e4389181ef84f307cafa3c8599bc773c2d8,False
v7_train_04174.jpg,train,processed_v3/train,dcdb6817c9b02cd1df771cd45000f24f91b975a608e36217ae0458bb90868704,True
v7_train_04175.jpg,train,processed_v3/train,7560011140290855e206fa447027510e79cef902cec8ecff3b88a5e8c0714d1d,False
v7_train_04176.jpg,train,processed_v3/val,37eb1c0c9f608c825fb88cfd842ebde908c8cbb664e83d0925427a1878c64c5a,False
v7_train_04177.jpg,train,processed_v3/val,b99e793331ddd90c7c121dc88734400db9107a29ef1a699c4d95983b48b09ea0,False
v7_train_04178.jpg,train,raw/bangga_ppe,b429802e9606201dbfadd40efa5168ae0fd5e5fd7e3b922dc13ccd6eda8c6b3e,False
v7_train_04179.jpg,train,processed_v3/train,84969ffdfe4c01fa98121418a405eec44f5a2ca265948acfc9118a1f6ccf18ab,False
v7_train_04180.jpg,train,processed_v3/train,f0aa10c983bac27e566ff48648eafee23cd2a140a4354fd8eec712f06dfb7962,False
v7_train_04181.jpg,train,raw/bangga_ppe,44419b83c9f3361e49c00ca77b93b98b722a76505cc68a5b6bb6032b165f4347,False
v7_train_04182.jpg,train,raw/bangga_ppe,bdcbaf96258f9e289a419444a1ac63e0c47c1a403dfc3c13778dd963035d3e4a,False
v7_train_04183.jpg,train,processed_v3/train,5c198772bb4697bfab85dd5d8da7e4b8b593d96eb81888a0c5e5e579befcaa2e,False
v7_train_04184.jpg,train,processed_v3/train,6cc46c544a501f0bdedabe95e0937350777f483676e7ec60339de86835ceb676,False
v7_train_04185.jpg,train,raw/d_fire,4f59b1d51f3e453a85206213cc43f479fc93bec5ae171de14a03b6760c7289f4,False
v7_train_04186.jpg,train,raw/bangga_ppe,b1530a48a543444628af89e70fcdb10425fbd3a3bc1eafd3331e859d6f702790,False
v7_train_04187.jpg,train,raw/bangga_ppe,d129f3a74d73aeffb1f275bdbb6d68087f14d55638b7fe2ae4874f288d095fab,False
v7_train_04188.jpg,train,processed_v3/train,236ba660adbc422f04a11db1c2260a8a35dcf4d9a1ec251e402f9431793e3854,False
v7_train_04189.jpg,train,processed_v3/val,2046896c734334c60acdd418fe6b83310f2ecd8b73aba0614a024315e10aa2e6,True
v7_train_04190.jpg,train,processed_v3/train,554bde0bd287ba6cd1abe8dd2a951789ab7ce5011c567829a5d5b98dc818d7cd,False
v7_train_04191.jpg,train,raw/bangga_ppe,2bc143b3b81e155d804c60b3076acd05fb630cbb33087fa6f57d92474bd13cba,False
v7_train_04192.jpg,train,processed_v3/train,687f4af754c773f663b09695b1b448aa5efbaf494ef6fc0bd37a38fb22f0b9c0,False
v7_train_04193.jpg,train,raw/bangga_ppe,d9da6da2c021e7518f1dc3671e87b049502fe32b0f2895826ffb856809acaf1a,False
v7_train_04194.jpg,train,processed_v3/train,e0f0887604c881cfb9711bc08265ce25ff190ac0c1efe4726765a7a4edfa4d4a,False
v7_train_04195.jpg,train,glove_detector,4750046b60a5922861fde933ebca95ca54afe5748d62d9ae652829a00f423e3b,False
v7_train_04196.jpg,train,processed_v3/train,da1a1bff65caa6e47f01c03d2ebca546fa4ef3f4231e2d90d42bba747c0a2e07,False
v7_train_04197.jpg,train,processed_v3/train,7fa02bb8ec0ab2bf80db6b119c37282b9923b54de3838fdc73e1cd2e1b442804,False
v7_train_04198.jpg,train,processed_v3/train,eedaefb25fb24c3507a859cdfa5ea4f7b10d3c25ea98cc3da7063d67b52be153,False
v7_train_04199.jpg,train,processed_v3/train,e930cdfcec44555322938e0eed506e10c35bceb39d5ad4464d884becee9f7cc2,False
v7_train_04200.jpg,train,processed_v3/train,983a030ea0eebbb90742b250bf7fe2c46806a535020f39786834badacf8ebd4a,False
v7_train_04201.jpg,train,raw/bangga_ppe,fc3f5af257221913a6ea8201d803e35eed049293c0e8fb886e4bad079748652b,False
v7_train_04202.jpg,train,processed_v3/train,ef34e4f2189c952027c7a89af8ba509f1469c6d1106eb220d85780bdea084ec0,False
v7_train_04203.jpg,train,processed_v3/train,b358c9a2a53887cf917d08e48034714af15bc58d1e8ddb8d78982ae54d1bd87b,False
v7_train_04204.jpg,train,processed_v3/train,1bf3c542fc921e42106af04b65d7a85a2c147ec2a711be7da2454ae17f8369ec,True
v7_train_04205.jpg,train,processed_v3/train,2cb6bf803c6665e5ac0e5824d27de0876ebae1ed972c7da50e53434752ac1389,False
v7_train_04206.jpg,train,processed_v3/val,7cea3d569fd644a0228d9198a9c078501842529043731e9141387ca528e9411b,False
v7_train_04207.jpg,train,processed_v3/train,27c578dc4a7ea474ea5034a051b24e23324586348b2b64ba89be34431901c937,False
v7_train_04208.jpg,train,raw/d_fire,c3806f5efbbf8a1b29834324241548e0796b86c75b4bfe4b08ab54ae6c4726d1,False
v7_train_04209.jpg,train,processed_v3/train,0e4565a44bc5ca611cf9a0475ac85739e26e2e966b7a60fabc161ef702869451,False
v7_train_04210.jpg,train,glove_detector,6b7cad9c40f46cd63b5a5f3f136fb81ae63947c3a99ab7348f94910e01112151,False
v7_train_04211.jpg,train,processed_v3/train,f61dcd137a4a8ec8b64b67ee9cf2c9cca5365fd1017a019008566d975d3de8a8,True
v7_train_04212.jpg,train,processed_v3/train,0598e6f7e7feebff17150da4d34c5426dfc4c4603421a7e6fb1f03c240b6254c,False
v7_train_04213.jpg,train,processed_v3/val,0dcec1198b854fa97c5b235abe6cc0672cb484e447667d180562677a36e0eaaa,False
v7_train_04214.jpg,train,processed_v3/train,0fb1ea7006f4ca85b2ac030d0946bbf254f54b6fe9e3539ad3f396da446d0e0a,False
v7_train_04215.jpg,train,raw/bangga_ppe,7f2dcfc40a7f39e10c3879f9a8de73725b517f6802e28791df38d1f19640251a,False
v7_train_04216.jpg,train,processed_v3/train,6c5bdfc361f85bb0023511c28c2f7a5bec361a0c6738729758e1733d19cc6864,False
v7_train_04217.jpg,train,processed_v3/train,ed2bc0f639b682aef84a96ed311f3a29c8380e860e334438cd9c22b8b6a48440,False
v7_train_04218.jpg,train,glove_detector,0a2b0e0bbcd83ca9ed4174ee72558d7df01a3ee9f0bde043b5f2615516942c13,False
v7_train_04219.jpg,train,processed_v3/train,c99aa338e97aef19633df22c85c43f43bc357784cca2841d94a5aecf5d5ba8f0,False
v7_train_04220.jpg,train,processed_v3/train,7839b04ecffeed49c77c2f930ad49e74b51fb97d63bb6c26397960565f5e0476,False
v7_train_04221.jpg,train,raw/bangga_ppe,fd5a378d6ed6deb17a8cac4beaed2524263752fbc3aa9974582f5deb6ea1cc08,False
v7_train_04222.jpg,train,processed_v3/train,e1aee6a0e53247fb577fdb029e72767f7abe8abdbb032b7767bf4f262daa81ee,False
v7_train_04223.jpg,train,raw/bangga_ppe,cc7f5d7917264c57f8d8b7f42f8021aa8cbfbba076786fbd783c617b1a128218,False
v7_train_04224.jpg,train,processed_v3/train,2ce8085cae34b01d5549f970b2e95f6bc1a08f09328db75d29585282086b7a2e,False
v7_train_04225.jpg,train,glove_detector,36e319623c979622acb2d5c4dd162656624cd9b3658a1c253b5aa77823bbaaf4,False
v7_train_04226.jpg,train,processed_v3/train,680ef1a2b3eb652906eb15e88eea3515d25891cfb9e9a1b9a8b5fa08186dcfeb,False
v7_train_04227.jpg,train,processed_v3/val,79e6f7f62541219e31718b01c55e11834cd7d460d5e1998c861f42a17bd24882,False
v7_train_04228.jpg,train,processed_v3/train,ddf635c1ada6419a2f8c293868c2d7b2d339f5989d50a3afe0c43ace279ddb01,True
v7_train_04229.jpg,train,processed_v3/train,9bb8407b8696c1c4cfcae8cf102e4a5c6e95508b0a5cdddf8619b50bb5a59ca2,False
v7_train_04230.jpg,train,raw/bangga_ppe,3a6016fb5d42d0ba1387330140cabeb15efd12a67d2f58518b19b774b58df4e0,False
v7_train_04231.jpg,train,raw/bangga_ppe,58efeded081edfb2882462a4181729db00f1d4ddfa2ef215d34594f220a084c2,False
v7_train_04232.jpg,train,processed_v3/val,e1d9e096fb32adaec7cc94263c161457747625b3e4351f2a0e7a1dcc3a2f85a7,False
v7_train_04233.jpg,train,processed_v3/train,2a07bfaf05de2ebaece0c3682473a72d0e17ae30dc33806bb8cc577c150bf8d8,False
v7_train_04234.jpg,train,raw/d_fire,b569f882fb5ee23d72a0a82fa04db4ef8e72ef6ce4858d385369e58de21a2cce,False
v7_train_04235.jpg,train,processed_v3/train,86214cfffb71d0e2eb0d13ec00b30a1a66f2fc1dd1f9b821b00e5bc77594c6d8,False
v7_train_04236.jpg,train,glove_detector,920fced5cfd062d087a0d2f7e1e5b0666c8b14c5e15c41e475df7710b0af320a,False
v7_train_04237.jpg,train,raw/d_fire,663f185d70366cfb39e1264a790cad6e02d0f286421f3ec83f244b92fbbdbf65,False
v7_train_04238.jpg,train,processed_v3/val,4c66cff05c315be5200b02cf8c697ffb784328007de8bdd1b015da08a263d5df,False
v7_train_04239.jpg,train,processed_v3/train,b89c25079bd72e4b612e31da309add50aac9aa359b2bc9a7012017c0511f5720,False
v7_train_04240.jpg,train,processed_v3/val,b5670088d29ee2726b38fe27e6f3e39a08e5ac5f42aead85fe829d2b73d7e875,False
v7_train_04241.jpg,train,processed_v3/train,baa32131c0ec256beb394ef20c7a6580012a8d252ce1d1d8843aea216f07e11a,False
v7_train_04242.jpg,train,raw/d_fire,bd0129f99ce3a9bfff5b6247c85b8b619dd418828c854b543ad17911b992efae,False
v7_train_04243.jpg,train,processed_v3/val,79e241db6c933cb0bd34baebeffed66ac284acd19a5dcde80701832a3971f21c,False
v7_train_04244.jpg,train,processed_v3/train,9e3366b26e65e60d6e0d036976f67f3972ed8072dc91ec291bea09ffea1de36f,False
v7_train_04245.jpg,train,processed_v3/train,591c31f99544cf5e3a78ae095b95d64b93a95f69f2a00d57c758340ba8d76029,False
v7_train_04246.jpg,train,glove_detector,3b10404011fabaca5e978ef508625575e5b9b5e13445606cbfa74a2ff5e71091,False
v7_train_04247.jpg,train,processed_v3/train,903ac09c173e72ba429dcebbd117bb361e7c7934851b54436e8a257b90538dfe,False
v7_train_04248.jpg,train,raw/bangga_ppe,d60be31987709636c904172c530c9bd2070f7b4872336ea5d35936f390bf0204,False
v7_train_04249.jpg,train,raw/bangga_ppe,8ecbd04557136b56d7bbb6ba165f2c22bf9bed6d840c9c0bf1dcb533eb0faf78,False
v7_train_04250.jpg,train,raw/bangga_ppe,d86b856cc269b4ca2fd7a0e2f9f099c474463641b8f6e325dfa386168f6fd602,False
v7_train_04251.jpg,train,processed_v3/val,cece5d84463b9daff2ccf10b041ee09458a97022f03a0dcee0e7327a3bb703c5,False
v7_train_04252.jpg,train,processed_v3/val,4450e650a6419dfe71354051dc0d2a8f407db3eff5ae71bdd70738a1e5510829,False
v7_train_04253.jpg,train,processed_v3/train,9476e5eac555f562a96c40aac94c2ac0835315e483fafeedda5223a2d2c2c437,False
v7_train_04254.jpg,train,processed_v3/val,c9ecaba6b31fc89e0cedc1457cf57e2d6f4ab095f3d1a07e61f64f74e14a9ea1,False
v7_train_04255.jpg,train,processed_v3/train,2d646104054cfb07fd5a0cce12542d8af07db8613af398ea8f349762ff746b4d,False
v7_train_04256.jpg,train,glove_detector,cb5096d90fba93738ce352d83e578fc3d43d66404c0e33a07f0fb2485bcb1ff8,False
v7_train_04257.jpg,train,processed_v3/val,0b661777ca9576c974c5f1e4f8cd3a132f27e357f86d6970be42255b836bb6fe,False
v7_train_04258.jpg,train,raw/bangga_ppe,a311cb521a654c9efb9b9075a24f91894c4a945ef82f88f3581d361be670f4a1,False
v7_train_04259.jpg,train,processed_v3/train,ca0d9bb52f1275502a21bd6a08fa0b1227513edabf0cb9b0a0361be11038e157,False
v7_train_04260.jpg,train,raw/bangga_ppe,1fca8ebd0e50c861c53bde2d75365e87e47ca9e21aabecd947399ac7d534ee06,False
v7_train_04261.jpg,train,processed_v3/val,ef9328f2210473b3dc82ad4dd2b5684b4be703adbb40e1c7cd04e6b80c0c6ded,False
v7_train_04262.jpg,train,processed_v3/val,ba6c985b1c46b691226040fc1a3d4fe4c62fdb53f12a88294f931dae297abb83,False
v7_train_04263.jpg,train,processed_v3/train,ea149194a76a6009751ba9a254568d16f73766ee0989072aa17b689d7309f18f,False
v7_train_04264.jpg,train,processed_v3/train,e39c053d502f37d7ece82953a58da1c010b5ab255c95f71cbb87696f33f73c7b,False
v7_train_04265.jpg,train,processed_v3/val,b348e20cdc5df076e3361880aa2c6dbb4080f79c1fc674d448a852ce29deb662,False
v7_train_04266.jpg,train,glove_detector,119244c3dc1a50f821e9e601e3026c69626dc130c454c75373cab442be003550,False
v7_train_04267.jpg,train,raw/bangga_ppe,b73ca8903f45588dbbdc4de4ca346bfcf5fc05fe9b3706767b7c48dbef4d4126,False
v7_train_04268.jpg,train,processed_v3/train,c3b3996da0f313b6ca53aeb5db6368be309a0711fb0d8112c66064295fa7d290,False
v7_train_04269.jpg,train,processed_v3/val,ee83935e62cefb37c260e6553e8f3ab004c4ef75b8dc9150f876e213964ad9ce,False
v7_train_04270.jpg,train,processed_v3/val,5657f5b45b731c2396e1663c9287a0f4ec9fd39eb9cdf444a7995a5021cb31bd,False
v7_train_04271.jpg,train,processed_v3/train,ee0bb2f07140e00419c6553ee051911194857c67d1b6c73c2e39e1980b2dea40,False
v7_train_04272.jpg,train,processed_v3/train,298ab49ccdf13d0429ebaa8f4d78af5397490f1dd7ceb2d3b4af108a4ad5f760,False
v7_train_04273.jpg,train,processed_v3/train,87c59a7731d6f9fdb9ba4aad5804014c538392cc4d22555163aa75fa86ca785b,False
v7_train_04274.jpg,train,processed_v3/val,601931527773404edac989b6c44e3cd7540581619e9b805ddfe6ad1604a6bd96,False
v7_train_04275.jpg,train,processed_v3/train,d9f2319c97f20da038355768d85466ef0bf716b998fef8f454d69b006cb4cc93,False
v7_train_04276.jpg,train,processed_v3/train,0c5c7dfa85d5bc05ef4ccd15b47bdf76a9d3d6bd19e12fbd3d5aea058393a2ed,False
v7_train_04277.jpg,train,raw/d_fire,fe80b192b2cd1278a2fa35f12c525edf69bc420466288167e75f3fe27cc392ec,False
v7_train_04278.jpg,train,processed_v3/train,dcaf1fe117cbaac9904185ac6219a906b3b678b60010a4f98619ce3e31ab11a6,True
v7_train_04279.jpg,train,raw/bangga_ppe,038d989671edd507152750d12c2a822a3362536fd97c940e0a178b161b5f5961,False
v7_train_04280.jpg,train,processed_v3/train,8516e306d62ec5c7f49dbbf5238c112efeeee52eed96324c591c5223bcb2fa95,False
v7_train_04281.jpg,train,processed_v3/train,5d94c3f90c120b4d7a8a14ea5b8bf8c1f8d174eb2382d6dd3cbc3d7968063dc7,False
v7_train_04282.jpg,train,processed_v3/train,b8b9bf50023f24239a7fa5f19ce87990c4d4e872b3003d4ab8df7eb7033c5cd1,False
v7_train_04283.jpg,train,processed_v3/train,d4251ec2c89baf0197c333c35ba869e41a6567d6a3f0017e9563ba35e33c1404,False
v7_train_04284.jpg,train,processed_v3/train,5d857c56e624366a5de6c62e6d97f388b2417113851bc8168162e67a6352868e,False
v7_train_04285.jpg,train,processed_v3/train,757c25539f0198c89cef096ba6e6650fe680a7fd79e92e9feefaf10395f04abe,True
v7_train_04286.jpg,train,processed_v3/val,85491a1ce0724fb00aab727684a96d7d3657aa595de6be2c59d5e4bde626c6e9,False
v7_train_04287.jpg,train,processed_v3/train,9b98baa72e0e2fec77a8c59fc4f9ca0526b9d7e9c71304e5ea07abb463c9b886,False
v7_train_04288.jpg,train,processed_v3/train,edf830d820ddea22fc27920089075f798412b891691319fbd1ee62ed14685e32,False
v7_train_04289.jpg,train,raw/bangga_ppe,b43207f2ad7455ce9d4caac224babb73dc08a6ec73e2fc95a9cc143607c0bf02,False
v7_train_04290.jpg,train,glove_detector,625e729cc00450ce04301ee42d054469222f9118774105c9ce9ec363404c0221,False
v7_train_04291.jpg,train,glove_detector,64f96fd10ad82353e891c103df197874be59b105d566c8cda1d8434e6cddd7dd,False
v7_train_04292.jpg,train,processed_v3/train,a80d591a819c973def4f5d8c94aa3545cedb803d42d99165e42655d291f859cf,False
v7_train_04293.jpg,train,processed_v3/train,ba566eaa9f7c3c0513cd5d4919f1dbcb19fb4e0759f4e317b7501c9a83a35edf,False
v7_train_04294.jpg,train,processed_v3/train,d8933751444fd9c487400fdc392f0cf60b0e9d82bc730bfb02509cba6e7cc20a,False
v7_train_04295.jpg,train,glove_detector,4450dbff5ff0e008b44705c755438559760258e4c3119c75b7cdea37e7445615,False
v7_train_04296.jpg,train,glove_detector,6684c5741d424eef3d1f3fbd23d54c7be060d1af5a6a175b5a2bc773da5ee29a,False
v7_train_04297.jpg,train,processed_v3/train,898726f4d8c902d334772643eff62cce3471ec6a3b1561643ae59cd3d7392940,False
v7_train_04298.jpg,train,glove_detector,2144ab9e0f98b1cf752aa9738e693ae1a7a9b928257e9785703ee4cc2deb0182,True
v7_train_04299.jpg,train,raw/bangga_ppe,7bce82bbd62b729dba261ff3b8bf0ab1e8ffed5644607e050568731e1d800f28,False
v7_train_04300.jpg,train,processed_v3/val,8541c2c004e3a0be6697f18aff487446bfab840b28c520d8d37b4f3a6f23c914,False
v7_train_04301.jpg,train,glove_detector,7605f1d47dce8096d919075148b56513c2cdb3b5101d6066e36dab9f8c9f1f1d,False
v7_train_04302.jpg,train,raw/bangga_ppe,907c24fde3756d9b6cc73ff389a38e0de78727ad53caeb777b35c9e9549a3291,False
v7_train_04303.jpg,train,processed_v3/val,e567d4cde05e008bff33720ea08291abd3d2b8c8600bbc90ba2283d1fb6f9930,False
v7_train_04304.jpg,train,processed_v3/train,530db7e98fea388ea899178294ff251aef1c61773759608d81c0b2dd13f8cfca,False
v7_train_04305.jpg,train,raw/bangga_ppe,1ac9f4266a5699d7aabbe9b3ba89ae40fe520f17c19522a9e96bf98acfeac1c6,False
v7_train_04306.jpg,train,raw/bangga_ppe,0f9949ca11b53ed6e4e8ceefcd054ccdf2803773b3524313baf8ac69934fbd6a,False
v7_train_04307.jpg,train,glove_detector,e5fef21c039ebeee06dd69353ab6796891c9eb52d604459a8f6e8347b2aca73e,False
v7_train_04308.jpg,train,glove_detector,f228e115e769d0d2c7c0c5f5d168e2a7ca4ff14c6ae12aa42e78bac195e539f8,False
v7_train_04309.jpg,train,processed_v3/train,dc840b55b1551fe1816fb249cda9811249b8f7aff24297f3fd75b8291ce4ee13,False
v7_train_04310.jpg,train,glove_detector,4b6a2f6a2732a21009591410700f8ccd1bb3da90b23dc6845af03f1164905179,False
v7_train_04311.jpg,train,processed_v3/train,3639c5c66316be26e44cd380644f573731254a74c45d534f962c3f4c8998b154,False
v7_train_04312.jpg,train,processed_v3/train,8cd7b2b41449d908f510d6013b4e3c60d14a8e339ff2f97297a2a34998020845,False
v7_train_04313.jpg,train,raw/bangga_ppe,fa0d2991d692ee3fd8968a6380330cf378ad46026c4cb44cd05ca08a2789c91a,False
v7_train_04314.jpg,train,processed_v3/train,721622310d64ba68ec9a4c62fab6bc0f586c9c3da303055006e838ea80b313a2,False
v7_train_04315.jpg,train,glove_detector,8b826a25e7281b907529765edcd8254ea216e8d7af8c13851acdd7f0a3a21bd4,False
v7_train_04316.jpg,train,glove_detector,1afe7c41fe9ae4e28b736909ce6383790bc77e1e156960070312194c366506b7,True
v7_train_04317.jpg,train,processed_v3/train,59cfce6425aee338a43045bdb6a5a2739de483c19e7fc8c1c2f164a232e91025,False
v7_train_04318.jpg,train,processed_v3/train,9b6aeaf99dec33154672fb9bb3c336184803fb954ab0f5327560ecb9fde24bc6,False
v7_train_04319.jpg,train,processed_v3/val,5eceef550ad8e6ff01fce247851704830a2d20069b3a8560dc806ba57dbdea3d,False
v7_train_04320.jpg,train,processed_v3/train,b7f9b974f41cb551c4d85afcf8e99a3bfae1d78d84f176c823c92771824585b0,False
v7_train_04321.jpg,train,processed_v3/train,0e6cf5d8227d4fd0d6d06f98804396680d3e958f592ad601abf2b7c607eb77b6,False
v7_train_04322.jpg,train,processed_v3/train,be78ccec22919fe84e9106ebe9dd6a2a44d6e242a653a1766fd0277737cb424d,False
v7_train_04323.jpg,train,processed_v3/train,de8e8342312ca22e71d38cc1045cfa8d19a47ba893a2397a22aa5041039408bc,False
v7_train_04324.jpg,train,processed_v3/val,2d485c5672a895016310a1f4a7799cd4291314edc635c9c11abb367fd6254488,False
v7_train_04325.jpg,train,glove_detector,bad343851436555280ba9d6384ba5e2bf2d60f857142b3f7ef9d63485d0ccd03,False
v7_train_04326.jpg,train,processed_v3/val,d09b7857dad1ba1914ddf02fd5dbca23bf15ee939cb687868e50fcbd76268aee,False
v7_train_04327.jpg,train,processed_v3/train,f234f9b4b6b12a0339cad515ccb634a5c69fc24d621511ab8360a55e7080376d,False
v7_train_04328.jpg,train,raw/bangga_ppe,e2d1809ea28a8506be22b3e308b8e367db479eaf80ab59dc0ea2a89a6519224b,False
v7_train_04329.jpg,train,raw/bangga_ppe,32b1b96cbbd7ef598700d36a5f41ff73388f2c74eb29aa5fbbdc5d9abbcf6e81,False
v7_train_04330.jpg,train,processed_v3/val,da6ddf0e22f5aec6abd06fa579c5d5b35d698b4aaab228cb2f64eb314892ad19,False
v7_train_04331.jpg,train,glove_detector,c829b2a10f504ff40c50cefcfb20c6457f98969d7905258c33bc609ef8c4f988,False
v7_train_04332.jpg,train,processed_v3/train,48a9217070047f85a086b93b3bf261237e452916a58afe9ab92c9e26e0279a48,True
v7_train_04333.jpg,train,raw/bangga_ppe,f323bb51954ac438d6b9e6657f46253e7fe8dcbf872fa602a89294f20bd5d534,False
v7_train_04334.jpg,train,glove_detector,9cfbdf7fd920f84bfb953806865fce07e02b7b41a3dc44f221801bea3cd9d212,False
v7_train_04335.jpg,train,raw/d_fire,7e05d1fbcda551acc8006bc83e31f0df508f11bf9ec84eb448846669502fc0dd,False
v7_train_04336.jpg,train,processed_v3/train,492c81f8e4a220efe001f13671a4df6c0bea2520349ec38efbbe5c6b7c665dc9,False
v7_train_04337.jpg,train,processed_v3/train,ac133dc4314a43d2ea8eb1e7e4f59c923c1b6a3d544d30df1a3911dd9292cc3d,False
v7_train_04338.jpg,train,processed_v3/train,36f1b705131740eb69b5e47287b65b327ceef4234905f7ca35bed6261b1ce4e0,False
v7_train_04339.jpg,train,processed_v3/train,3624ee118cfe531a66eff81bbcebf6a1b7279ab29ce10747f5e7b209123a696a,False
v7_train_04340.jpg,train,raw/d_fire,9b85887a57de570458c310015c2c30bfca1fc680dc5a40f8fca6f09d5e1c043b,False
v7_train_04341.jpg,train,processed_v3/train,c16a703470c9c23b7434b225218b3a8f360f1d4be5759b2c6d953ec8bd82600c,False
v7_train_04342.jpg,train,processed_v3/train,43cde8033d52fe440641a36671f133a80996d1e15a22a51da7db83e0964a3011,False
v7_train_04343.jpg,train,processed_v3/train,16e59b2ca4b4908ea1104b5aa0c1ad2d08ea2267670e7d7172ec828648ba4d2c,True
v7_train_04344.jpg,train,processed_v3/train,450bcd43c0c6b0ec69a12a7428974c29d93a0a09ff19b4765b30f57ee59562bf,False
v7_train_04345.jpg,train,raw/bangga_ppe,e18bed8119a3f12b5cbe4648724cbcc13900b46a126304d728e267b6fa66e1ee,False
v7_train_04346.jpg,train,raw/bangga_ppe,d4a91b9fa86e228563759f687bfa9b0dc483758dcbc4502bac14d19f2bb650f3,False
v7_train_04347.jpg,train,glove_detector,4c12c16e113d618cb14a9c1478d311113a7b540abcdbf2c7f03fd19c7a6b7044,False
v7_train_04348.jpg,train,processed_v3/train,c894c29992757834a4e1588d905657b189c4b7cce1a11cf394ac214e39f77b65,False
v7_train_04349.jpg,train,processed_v3/train,9c14870d22e8a1011a01e366f5299ee702a6f7b3171e9b17f9202f948b1d0409,True
v7_train_04350.jpg,train,processed_v3/train,7c095a8004f275bf2a8c25ef9f7f58b4dd4f11c6f08db80d02074f536630c7e8,False
v7_train_04351.jpg,train,glove_detector,5d7b5ae1b2575cb99755ffa06d179bc99b9c592a20f62b4fc9a99949dd494c4b,False
v7_train_04352.jpg,train,glove_detector,136a2847ca610487abb318a66fa3f12d8059fdc04a3f5f7c551b00c113d2bf52,False
v7_train_04353.jpg,train,processed_v3/train,072ef4e03c68d768f1f043f726259338970f984d1582aaf8565bf304fd8646e8,False
v7_train_04354.jpg,train,processed_v3/val,cc0f293b5cdd8426f853120df1b837cb41925bd9c8efe92286c70d2eba63e926,False
v7_train_04355.jpg,train,raw/bangga_ppe,1c43b92dfe5825e3086df9ea50eb1914bfac4d1caa606c14bcfd418d4581d1ad,False
v7_train_04356.jpg,train,glove_detector,da069cc24ad44f00fc7cd9200c051f9851747d109b7e6ba2b404bfbb99f4483a,False
v7_train_04357.jpg,train,processed_v3/train,953f739beae12e46969876d8155b8f1e856421bb9e5284a40b2445908f422c74,False
v7_train_04358.jpg,train,raw/d_fire,87411d19cac516e1b2796185b984e84ae5df68b96e3ee98ac40add6fed91740c,False
v7_train_04359.jpg,train,raw/bangga_ppe,eaf1ef1a0be7f6efb47fb3cda3f175c6149a8144d875f60f1cd436c3bafeef13,False
v7_train_04360.jpg,train,processed_v3/val,54e526f54d6066f2ac9e5cba611d6cca52dd87ac8471e0cafb33a4e5cce46bf6,False
v7_train_04361.jpg,train,processed_v3/train,24b7c36dbb198db08ef29401aa7eab94b94bf79e2226902883080b22296a6940,False
v7_train_04362.jpg,train,processed_v3/train,a3eff2f033e178b063dac077224fe0e7713342e5a72631da108a599d464887fb,False
v7_train_04363.jpg,train,processed_v3/train,ef418075c06ec24c7e7819df3f73b13ca504e959be49f70064cf4503c0e7065a,False
v7_train_04364.jpg,train,processed_v3/train,f34531073068e91d75013ca1395e633efd3afbe97b82c5b2516edba3fb2892a7,False
v7_train_04365.jpg,train,raw/bangga_ppe,fc57bb68a7e1e29375415bc845a0c05fc21918e59c25a44b11b693a1f1fd287b,False
v7_train_04366.jpg,train,processed_v3/val,263cf82510043ade0ba4d22104cf2e0580c553b513b30ad57aaaece51fbb4fef,False
v7_train_04367.jpg,train,processed_v3/train,4d3fdebd8d2ac1e0a19f1d60b92ba812af98960c6b1cfe0e68708671523cae7c,False
v7_train_04368.jpg,train,raw/bangga_ppe,aa827d7ee30ca9db144289176ce1c38b71370e91a33b1794229de6911e88b67e,False
v7_train_04369.jpg,train,raw/bangga_ppe,10e3405fb9185c748d1fa451f1dc990dfc737d56f6d1e3a0559f641a47d944b9,False
v7_train_04370.jpg,train,processed_v3/train,1eccc6bfad2451fa21c4974f6cef4f2aad9222aefc15a40375c2f2acbb2e782d,False
v7_train_04371.jpg,train,processed_v3/val,cbe6fd6b66c85e110bd18c96842fa3563bdcfa066c6997ef51dfe9af7bd1ba61,False
v7_train_04372.jpg,train,processed_v3/val,470b1044cf4f7fa78f2736a4177e88c4fee6ed7ad0aedd154bd48e5e4c17bc67,False
v7_train_04373.jpg,train,processed_v3/train,1f07700bf71443b1f20fa987e7e7919869e1d5d39f962e0bfbcd3fb3f10f9bd9,False
v7_train_04374.jpg,train,processed_v3/train,dd945c78bf1446322965de2e9f1491d4f79a488b93510785bb16d29a20a17376,False
v7_train_04375.jpg,train,raw/bangga_ppe,a920c531c8c361d4f0f99ffc503e67f80fb2ba6af15f0d395d7eea4d72b7240c,False
v7_train_04376.jpg,train,processed_v3/train,bccf9ecf1d6420242943cd7f53ad0e3a4e2b741ab75a2590bf9963b5c7be529c,False
v7_train_04377.jpg,train,processed_v3/val,7393cab6ec86748123b1018ec3b4c42f91b442049fa061cdd30b86d68f885240,False
v7_train_04378.jpg,train,processed_v3/train,84f4b839cac3fb76ec7849ac712a6ba1ac0c8c5b9f9b83175c75cc29aaeeb037,False
v7_train_04379.jpg,train,processed_v3/val,938e807f79e76d4256bd21c4071c945662ddb94cb3a1574d29c4bb403c12a7cd,False
v7_train_04380.jpg,train,processed_v3/train,c0ef0d3f4f62bb499ca3d6890d73cc4124bd4738d25de4b8298c2c16bf11e713,False
v7_train_04381.jpg,train,glove_detector,851ca9fbb913e620f4b9cbb5ab37e15905b2e7bc7a2842fa69ffe255c3f40e4a,False
v7_train_04382.jpg,train,processed_v3/train,5611a59c7fe42f717d15ee75477e8d35efba3f14a76a9277dbf09c8de591303d,False
v7_train_04383.jpg,train,processed_v3/train,d92434189823e467be82e50c6f9af0980bcac454836f68f5e05c964700d7fb36,False
v7_train_04384.jpg,train,processed_v3/train,8af64de91e400f670f3f9b208b682fba2bdd69060e729eae66f8f3f3964b4b4d,False
v7_train_04385.jpg,train,raw/bangga_ppe,e86341dd006444b11b40b7ce45682ec173c8ad50df7bec19e5f1f741afd87b6b,False
v7_train_04386.jpg,train,processed_v3/train,42cb2d978fc58023c2d3f86dd5f83d29b00fc3a70e54af378d832e4a9a283f15,False
v7_train_04387.jpg,train,processed_v3/train,6346746faca5f9925e9fce5e8d69893bc37ece9cc7fae97a6a8bc8dc08214524,True
v7_train_04388.jpg,train,processed_v3/val,f65aae79268a11814b6f16ab8d1e9c2f23eff2d0bd47bc630046c8e773cb8762,False
v7_train_04389.jpg,train,processed_v3/val,5ca8825403751efb695421c403eb444c90b3900329c25e1c248d09c5fd0ba98a,False
v7_train_04390.jpg,train,processed_v3/train,e6a4ec7e7dcb98ef18baecfc4287686713bc9c38df21b3e30c1600c1beb2387f,False
v7_train_04391.jpg,train,raw/bangga_ppe,2843767b79c21062a82af99b020f95a02ca00903adcb1c43afc04fe405714f9b,False
v7_train_04392.jpg,train,glove_detector,21c64d40de222daa04fb60175bd658044f4054b3b1b6e40e2e392df028d782a1,False
v7_train_04393.jpg,train,processed_v3/train,c864344c1e4201aac7e0933c445aa3164445d4c58529d9a879669aa6bb2445f9,False
v7_train_04394.jpg,train,processed_v3/val,4292dfef724dd92a3b7f250171edc73d076ab3f39e7df88ebb7b6fab06718524,False
v7_train_04395.jpg,train,processed_v3/train,cae7d67233cbb1cea2395f88c571dc918749f04293ff56db161d3cc841d0bc29,False
v7_train_04396.jpg,train,processed_v3/train,53f7e41eb70250e70580f95dd516f3fcec3c652bed59cff692342aa4976cd192,False
v7_train_04397.jpg,train,processed_v3/train,9ce090e0d61a793d457390b3e19a397bd3f393a08addf685cc4215babe16f03c,False
v7_train_04398.jpg,train,raw/bangga_ppe,3f38552eed7e750edac3584856b0b9ce8b29cfacf499d6e93ce2482a128e5032,False
v7_train_04399.jpg,train,processed_v3/val,1c2d286f9835bf2961531f2695db06fdead0131f258b1c9cd4e984b7443cb861,False
v7_train_04400.jpg,train,processed_v3/train,75076410adde24bbe3b1d7ace5e7a2aae964e869cb7e0c00486cbb2a0db3deb2,False
v7_train_04401.jpg,train,glove_detector,c496b9ffbb73c455aa81fc1cfa4e9fbf3151fea04a21f74004ac9afd4aa3adb8,False
v7_train_04402.jpg,train,raw/bangga_ppe,45afb8cb224b4c5706839f772db7d3bbc64d9c28739f24054ab43c13a7f973c9,False
v7_train_04403.jpg,train,processed_v3/val,783611382fc1f6aa524aef69700c4e0550173bd63b181dfd99a39414748124c3,False
v7_train_04404.jpg,train,raw/d_fire,8cf605656d7863c5ba017cf57891225bca10f471b4931d0e81ff2bfb632ee65f,False
v7_train_04405.jpg,train,processed_v3/train,9d87baf61423f70dc04507dfe02b9e50192dd6e60c358b80180a412b51d21fa0,False
v7_train_04406.jpg,train,processed_v3/val,71894eacbd54fd3e0fe730629c311216bce35b57d19a6ec06153f80fe1489882,False
v7_train_04407.jpg,train,raw/bangga_ppe,ed183aa25d266e4d9d644b9d7a34f09ec7e6d126a48f0485eeeecdf5a19d9767,False
v7_train_04408.jpg,train,processed_v3/train,af261da911be369ae0adc8e1ece0ed6398d4d76a154de172faf7062863f3cdd8,False
v7_train_04409.jpg,train,processed_v3/train,e997164a4d9fe7fa53d5c3de00d287e97a551ff8ab99e42f01031fa1c576f012,False
v7_train_04410.jpg,train,processed_v3/train,f78201fc965eafb574dda75b1191227fd9bcb941162f0bd6b9b0d62868c06116,False
v7_train_04411.jpg,train,raw/bangga_ppe,cbd72f03ea2cdde5096e7378c8ac5e6259f818156a866fb120ae75ea0fc788ad,False
v7_train_04412.jpg,train,processed_v3/train,07c81cbdc5ea83c8306e72f83fc93a64bb5582eb72b02ae41ea434b812c92524,False
v7_train_04413.jpg,train,processed_v3/train,f54d00eac16239aa2484648ac254e2327cd9c283ee262aa0411787cd050e80d9,False
v7_train_04414.jpg,train,processed_v3/train,2fe3efb9c6353e8b4753c2a02b345a8a54d8e5ed2ff22121e7d80106aaca19af,False
v7_train_04415.jpg,train,processed_v3/train,5d09ae99a466987234648346eb83a666cff65409b29c76ff2caad15886e33e15,False
v7_train_04416.jpg,train,processed_v3/train,bc81178a5bd854f433869546d129821aabde6557fbc0c6fa2d78d66c8efd3308,False
v7_train_04417.jpg,train,raw/d_fire,dd619d79ed621fdfb38f1b7a051d95805ba0e50e3fe130e4b8133a42c1468de9,False
v7_train_04418.jpg,train,processed_v3/val,4bbb2c86142731c1b0a93e825cde20072243089eea82e693747d72f40792086f,False
v7_train_04419.jpg,train,glove_detector,beaca58ab31afbc37fd307252e4b2b91d759cee70f3eced272d74aeac88fbaad,False
v7_train_04420.jpg,train,raw/bangga_ppe,4ba760591a4f83411c18c9322abca54e9478fcf8422ec53583da0ebfd28044d4,False
v7_train_04421.jpg,train,processed_v3/val,b67a15ea1a9688a5ae208b3707c3c7ddd1d7cd8601abdb45678f650632c99c99,False
v7_train_04422.jpg,train,processed_v3/train,2e862f55359ac05a7e93d802b1275ee285a8b4b528eb7a2aa0346c7a0907d3ed,False
v7_train_04423.jpg,train,processed_v3/train,f23fabebf6a76710eb759a00716a8d524ef19e68dd96771ac34e1e3fa3e900e2,True
v7_train_04424.jpg,train,processed_v3/train,0d3a5bd31d64e2861dff76890db08d1e68a74b6b8905d6a1e77c66028b10618e,False
v7_train_04425.jpg,train,processed_v3/train,030e77fd230e63e9fbcd5832f44bd8ce1916cf45e92c4125e5bbecb15c5f7bf5,False
v7_train_04426.jpg,train,processed_v3/val,741ac014a21d3797fa1dcb6b0238ffe94fad2b6f929f3898a9c6fb0012cdab67,False
v7_train_04427.jpg,train,processed_v3/train,fa32ec261e0113ff7e2cc52a019555f6b8dff093a5e9e734cb00be6ea58e25c7,False
v7_train_04428.jpg,train,processed_v3/train,be95ab43e3242c64b9e39fe0ff48fbc32afae130101d8ccaaab52b1edd96ad0a,False
v7_train_04429.jpg,train,processed_v3/train,0d9b9000288e47fe7edf1ce649822c32bb29b9853e203e6d61f6e58ee312d3bd,False
v7_train_04430.jpg,train,processed_v3/train,9df8948d1fb2e5b853088a14343978a3cf95eca2d252ead371f76852092809a2,False
v7_train_04431.jpg,train,processed_v3/train,09dbd36bfb0497e9774fdc4f0648d820c11d5d189d1a8da7e0f8e6bbacc41f9d,False
v7_train_04432.jpg,train,processed_v3/val,4756a17ea5113f893e4c3c7f06f9138452a32e40e8377e18df2c80f6af2c41c9,False
v7_train_04433.jpg,train,glove_detector,5be964f981e90e32fc9665dd16624d7c665bb94e61030853bf1b8070066ac556,False
v7_train_04434.jpg,train,processed_v3/train,f04561ee51d91c99f171f3240701ae9d902a4a407be3745926781a94463c8cf4,False
v7_train_04435.jpg,train,processed_v3/train,b39c026006af1790c70519ae330b9376a059ea9c3be4de28f025b3ec8a90a669,False
v7_train_04436.jpg,train,glove_detector,38301744ef7df8c94f627130f4c50a85fc1328f7bc992465605912560e4c9897,False
v7_train_04437.jpg,train,processed_v3/train,c8a21ab80a6221467b843d03dac34d48825a5b76e1e7be3aa806fae60e7b4f42,False
v7_train_04438.jpg,train,processed_v3/val,0fba7298e48866ebc6f12641757a3aa2ecdc1c2e66fa0d4a196c0218d103e504,False
v7_train_04439.jpg,train,processed_v3/train,fc666762f329cd6286670e2544c7ddaaf235bd0bd67f12a9a7b357d33ff77f9c,False
v7_train_04440.jpg,train,processed_v3/train,e93788380f982cf1ddd583ae1c03afecf80ec9c94124f32ce1ada8bbc90b3153,False
v7_train_04441.jpg,train,raw/d_fire,b4b9e940afb483dd2b0f4a92a479374b4933d0514c41a294b360564511b8390c,False
v7_train_04442.jpg,train,processed_v3/train,4baee8e8a081441226597715ba3bdd0e702027e33ccb80775a3ab11c09d8d01f,False
v7_train_04443.jpg,train,processed_v3/val,1579df3c31160f50e63ccbdb0af5e982e419bb8c6ad38163b51cc5e04198516c,False
v7_train_04444.jpg,train,processed_v3/train,415c2e5e9646f10361467108556a6f46ed771d8bb083f205cddcb1fe594caa0b,False
v7_train_04445.jpg,train,processed_v3/train,c3cd60bf0524d81b59cd3582bae9b86a573d50a97910e70818525542945300c9,False
v7_train_04446.jpg,train,processed_v3/train,9bfa38641b8b64d42992227125774e7363df01385febb9d12871d40be2b15f47,False
v7_train_04447.jpg,train,processed_v3/val,3b541a566f3af4280708ff8dc98cc77d872a056898e427c72ed8e7bea47877ec,False
v7_train_04448.jpg,train,processed_v3/train,0f3b8f186a4bdc969cee12c0135a189752d761e8f52e4c01bd6115b714eb9272,False
v7_train_04449.jpg,train,processed_v3/train,f5dfbdd5c39eb9f767c8f456d7ceb45577029bbbf24121b23e3f4b730e45ae23,False
v7_train_04450.jpg,train,processed_v3/train,a6bbf3852dbace52c878ab1dc8d33ec54c81c4b1ff2aa56759e8e93da523e64b,False
v7_train_04451.jpg,train,processed_v3/train,7d08b0d32073e4ada0116af59f1481fd4335329142c6031e2c8b27c623818e95,False
v7_train_04452.jpg,train,raw/bangga_ppe,d2b9c1a9a4195f8bf80ed94e17bf508110cdd347612b8a3fc6a6f1eec0841bfb,False
v7_train_04453.jpg,train,raw/d_fire,8f2568e4228d3a291ccdce896922a41f500c6e2ad012a0d8df1e6d1e423e954a,False
v7_train_04454.jpg,train,raw/bangga_ppe,99c0278669f0e13a576c11ca1aa0a123ffb337b051edc5237e0c3cc11e37ef91,False
v7_train_04455.jpg,train,processed_v3/val,1aff60e68bbb104edb26aaa4ede258dfef2c7a1a5cf6283758d993dfca73b154,False
v7_train_04456.jpg,train,processed_v3/train,2886e1316b7a0b5b2a3fd66815693d337cca09031a71dbd78de654c948fca11e,False
v7_train_04457.jpg,train,processed_v3/train,e5d3f4b9cf90056e105f9ee7a8b02d0d96431d0653d85d9e444ae33ef73ad54f,False
v7_train_04458.jpg,train,processed_v3/train,90d9d9e07f3881468981e976e811dcd7a5b8ab6bd310d95150d05f25bbd24d2f,False
v7_train_04459.jpg,train,processed_v3/val,929e87e71a4482473fd0e443302e1a5c34422f5ffc342c8f6004a665153292a5,False
v7_train_04460.jpg,train,processed_v3/train,bddccccf1dc48a37dcc6481292dba5f741a1fd542585c051d3b633cb5020023f,False
v7_train_04461.jpg,train,processed_v3/val,546d1547702d23e106f669fb99be9438b938fbb34b895f3ae8b8a1372a8f6707,False
v7_train_04462.jpg,train,processed_v3/train,f801bebe97e4bdbd44cd2f4852d31f9079edaa078044c28ede8cd0baada52ad8,False
v7_train_04463.jpg,train,processed_v3/train,0bb24b3c44cf1cb952eee275180eb50698445d1e437c37c743bb2a58a3d0d943,False
v7_train_04464.jpg,train,processed_v3/train,a64624d3cb55f1b372e2ca3143261d33b707350a5aa5de71ff435d4b1e257ae2,False
v7_train_04465.jpg,train,processed_v3/val,3e4a7e80eaa8021f05378c5076130467e564bc6d4aa852ddc9de5282b0f29bf1,False
v7_train_04466.jpg,train,processed_v3/train,1fac768a16b7e58368412297c9f6adf1b7336fe1fb70390437e711b740241bf6,False
v7_train_04467.jpg,train,raw/bangga_ppe,6689cfb2ba9b95c87808e24ba3d9c3ffb6cb3740f2cd38d92b3fbe06beab9d43,False
v7_train_04468.jpg,train,raw/bangga_ppe,7ec0d20e6243d911eb6138f343c9e79406fc0734e18c93bbbfb87a174da3b42c,False
v7_train_04469.jpg,train,processed_v3/val,bf225e203991614da53f063db59d9ddf0523eccba90b66e94c1011afaef2a9fa,True
v7_train_04470.jpg,train,processed_v3/train,7576cb7d0dacc76f7754f86fe90eeffab83039a6bd6a42c189bc8a4e0ea95299,False
v7_train_04471.jpg,train,raw/bangga_ppe,7d7251a9607578a61ea5c6e626bf6b35a9ccff60af90bf39dba82ff5ee78d7a4,False
v7_train_04472.jpg,train,processed_v3/train,3f7e922f09a3a11afb65200f808267a8817b3d3f45143402deb53255e0871b8a,False
v7_train_04473.jpg,train,processed_v3/train,5ba6573ca8cc8a0e3507d242fdd788a0b9b1b0e2e1b5771dfdcfbf5b04ccf5bf,True
v7_train_04474.jpg,train,raw/d_fire,fe5ac0e4696f1fee21992841f9955c41ec34c91a37c3cb33b69ba1790c788056,False
v7_train_04475.jpg,train,processed_v3/train,32e3ba9894501a95f23fe0eee99a80e07cc46cd22b6bee312ac5d8767411df7a,False
v7_train_04476.jpg,train,raw/bangga_ppe,b86086646afa37f2a01f462fc9497d81421839d6e30f13cb3d13ce9580ac0fa2,False
v7_train_04477.jpg,train,processed_v3/val,7c8db2b86208328f848ca9ef4b3640c63ed8c83a6744f8c2b04a4b459502f775,False
v7_train_04478.jpg,train,raw/bangga_ppe,8d8f2699b7ee754de01bd2fc30655799fb59ef9d8b8fcb6c406acde4cd39a1cd,False
v7_train_04479.jpg,train,processed_v3/val,e5a5b49e1c01b2a22254a6cb851c0db3a2b42232a1f9b3b69ae3663a6811d68f,False
v7_train_04480.jpg,train,raw/d_fire,e0a4505ee36c86ede10d57526462852f1185b3c360b45bfe4ee9c04e0688d97f,False
v7_train_04481.jpg,train,processed_v3/train,708da20033fc54937940cc2219b7329d744e9331d0bda0907c0200bbddd6d0c5,False
v7_train_04482.jpg,train,raw/bangga_ppe,8e427379a1b84166dc8e3612670bbceaf54aeb95934de88d87bef67ea6937ada,False
v7_train_04483.jpg,train,processed_v3/train,8e41a3130e212e2d37ce7bbf23e7f02b6f11f8491bcd3ce48678538b9323a05f,False
v7_train_04484.jpg,train,processed_v3/train,53e5f87ecf44b445b5fc207b2943d8cde807a05feedf62d187879989f6229e43,False
v7_train_04485.jpg,train,processed_v3/train,49d6eb3dbff854bd33e266d59831b286e47006f0612e03319e1c8edb96f59390,False
v7_train_04486.jpg,train,processed_v3/train,57f0e880a126d2cbed3f34f885d082d763f2a2268a66db36d27b5749f9373154,False
v7_train_04487.jpg,train,processed_v3/train,58547547b57b7c0893b33dec0e904f619245bc79573c659535015297caf5c938,False
v7_train_04488.jpg,train,raw/d_fire,f5bd86c070a172be0a2ded533cb052812d9040e050afde72a9196fe015ec9f38,False
v7_train_04489.jpg,train,raw/bangga_ppe,0b68a9b532b522035c927df9f0a127ab892886673d9444a5f58804cfd39141de,False
v7_train_04490.jpg,train,processed_v3/train,e324c16fc1e19fb32262ae422fd8b7f2e957526b457d2af2f85dce1493eb24ee,True
v7_train_04491.jpg,train,processed_v3/train,16f08d9edf129ac6a6aa4a95ef67b02fe3f4e7f4584c6fe1592e2d76338c6d9f,False
v7_train_04492.jpg,train,processed_v3/train,7c478a68fb9e1f3cfccd4ff5ddbd086d50b1b331682f93ec4005db342e95b39a,False
v7_train_04493.jpg,train,raw/d_fire,25f9e7d868ebee39e03fe2de65c970d2af1ade2e7d53c7d83c2a6f9cf81a39dc,False
v7_train_04494.jpg,train,glove_detector,003c22c37916173d7561eadec88697b1524ec4984e43d85bd63585b442af3abf,False
v7_train_04495.jpg,train,processed_v3/train,7a560977b02a4b00e62242a899ba6423ca1ec372392c875ccde3cf93c720d417,False
v7_train_04496.jpg,train,raw/bangga_ppe,e5354ec730e08c2eb1ecd8b418395e1c2eedc3028367ed7956bf27f7daef4c65,False
v7_train_04497.jpg,train,processed_v3/train,0aa3a61c95c29a2954292b93dc16d9348460f712aa83504942c7f2256ae1414e,False
v7_train_04498.jpg,train,processed_v3/train,524e5fe4d7b03f9409a2d766fca7f78e2268e3f6f8736224944e754921e3fe60,False
v7_train_04499.jpg,train,processed_v3/train,816bd5adac1853391fa4d8c18aac41528e97e5b4d7c120b1d2fb89370065952a,False
v7_train_04500.jpg,train,raw/bangga_ppe,dae83f234ca640268f06fef1620d3f938a89e5fd155d732360fc28ee5e5b5ec9,False
v7_train_04501.jpg,train,processed_v3/train,0779e8f21ae43e9129dca06117708cd00293982af13247e2d91d12e9d30e5785,False
v7_train_04502.jpg,train,processed_v3/train,61efdc7f94184cba3b479d3c6fdc8d48996547b1a17fc33b1b7411681ef58937,False
v7_train_04503.jpg,train,raw/d_fire,82af74a81ad0f95779f13ce5669461fddc36a28f213f4ad790bbd9de176b3df9,False
v7_train_04504.jpg,train,raw/d_fire,5df364f24a202da4cba51b6c9ee07ecbb12f253f78ce514d30c00d589812b1d4,False
v7_train_04505.jpg,train,processed_v3/train,c38ab299d495d5f422617a0524008ce942db332cafe730f5a906d279772bff50,False
v7_train_04506.jpg,train,processed_v3/train,7e914a1a077e9840c85e25ad458fe7ac6bb4ab66386315f57c9002aefee78bcf,False
v7_train_04507.jpg,train,raw/d_fire,084daeb129b56b42ad690c5112da3cf677f14e75add9b556a3696a971cf2b983,False
v7_train_04508.jpg,train,processed_v3/train,0436a290021e51232e720b2fde599f46cf66d4f57b422b68a9ce2c138e074787,False
v7_train_04509.jpg,train,processed_v3/train,9cf2a99c97d52d614f65ab5e52a91b1a8f55fd858a4206b702ad41ec1ee2247f,False
v7_train_04510.jpg,train,processed_v3/train,53fe23d1b5b227b9baf42cc1939e3da3a4e942a2ee6dfcd9ed6359afb078a9f4,False
v7_train_04511.jpg,train,raw/bangga_ppe,181936c93baf0f2d41b3e9aec58fdb8e62298c86132cf49ec7036e16c6ee476f,False
v7_train_04512.jpg,train,processed_v3/train,9daf3219231827ee0b9da92c0fdc7787a3edaf2cc47dd67884ec30f95fe15d38,False
v7_train_04513.jpg,train,glove_detector,0e4f112eb00d694a77ae5c9aaceec426accaef730acf5c0d47a397c00242005b,False
v7_train_04514.jpg,train,raw/bangga_ppe,b00c0e0c8dd70c2ade581ffd326603799448e77c0c2acde42094b166d4013a9d,False
v7_train_04515.jpg,train,raw/bangga_ppe,78cd070a909603dcf547046e8f604c81dbb6a2c9abdab5ff5a4d2763f9595783,False
v7_train_04516.jpg,train,processed_v3/train,822260e6089bf660f0fa700e74af9122c892b5b999100d75dc1e8e6cf3e7d265,False
v7_train_04517.jpg,train,raw/bangga_ppe,dcf0e628767b235b2dc07b2873e5756a8236b998c65ae26f36cec53a9b8c078f,False
v7_train_04518.jpg,train,processed_v3/val,c14bd9f0dd7780fc3e628359d7afc6897527cc889e009aed2ce6d8a8aa7f8968,False
v7_train_04519.jpg,train,processed_v3/train,b6f0f370e4673dce0c3438bad5af6ab4dc7409e4af15c1201534e0a65b5000f4,False
v7_train_04520.jpg,train,processed_v3/train,f4a6d74b0d4152d751867e833ae50e16ec5bc3b85ac425df8d4148158badabc3,False
v7_train_04521.jpg,train,processed_v3/val,4eda93fd0777656779e194db1fa7db1deae6fb558a76eb2b87195961f1f13bec,True
v7_train_04522.jpg,train,processed_v3/train,3dd4d964f4da4d3bfab9b1d1fe4fc87d58de9dfef2d9c9524afdb1091d63d662,False
v7_train_04523.jpg,train,processed_v3/train,55d0b331cb0a57ec1312a3745cfec742347f03a74dd7c349088bbada7ae3c3ad,True
v7_train_04524.jpg,train,processed_v3/val,5d12f23449e0d63eb9eb019c23166030c3a2c1895391c500777b70748da6feee,False
v7_train_04525.jpg,train,processed_v3/train,b79abb9b008bad59eef04f08ce671c6402726faa17083fec6ca4ae3538862f43,False
v7_train_04526.jpg,train,raw/d_fire,5010f21aeb682508adbb2ec39de348cbc0d5a31fda32b24b960782bd16686f3a,False
v7_train_04527.jpg,train,glove_detector,9804e34ae18d197439f06e709d30bf18ca72a9564fe8be87f54cafd3e7444159,False
v7_train_04528.jpg,train,processed_v3/train,0fd98c322c7ee23ebb76b2c64b9fe32bed75c66ceea7b1ea6b0512b265f29d3b,False
v7_train_04529.jpg,train,raw/bangga_ppe,6e7561c2ea948eae24d53517eab2e145ac3684a1b7b1b5e007a08aa153c8eaf0,False
v7_train_04530.jpg,train,processed_v3/train,085fa2778c93bcb699ad6216db460c6a84a9a12b4bc2c4855f6f597701883d2b,True
v7_train_04531.jpg,train,processed_v3/train,a466b530ef23dd4eae1bb8e3552dbca64c959b77776decae76076f6c9d31500c,False
v7_train_04532.jpg,train,raw/bangga_ppe,152c9fbd5ff8c69c59e115bd474bce33d70015095f7a218bdbcdbea6a662b50f,False
v7_train_04533.jpg,train,raw/bangga_ppe,b3585ae67abda8bee9d4fda90ca0870cd14c415014d62458a4820edbf5197354,False
v7_train_04534.jpg,train,glove_detector,250bbaeee3dd9d5279d3e87c982f519940fa6d27f9794debe68be4ac450c92cf,False
v7_train_04535.jpg,train,processed_v3/train,399b0baaafe2b25e0eb14a87945bf49776bc8675d296a83315110404c66a5898,False
v7_train_04536.jpg,train,processed_v3/train,4180f9eebad247b7fde451f883b623f519221f01c11b10f4d39b462818fb5434,True
v7_train_04537.jpg,train,processed_v3/train,d87020eea1ef65c31cf3b6b2bf1d341a3d48cb6a8f0b3e575de84ae7091f5c90,False
v7_train_04538.jpg,train,glove_detector,21526924a596186c51e33db7f2aa85c94422e5479128dae97bd132fd661fc954,False
v7_train_04539.jpg,train,processed_v3/train,1a56fc7e8c6e25684b8ceff1ad0863f3878b934fc541933cc23987a11d28187a,False
v7_train_04540.jpg,train,raw/bangga_ppe,0755ebbf0405a33c6725ff25bef1c4fc90873916360cb635ee6e3f2e12c9183f,False
v7_train_04541.jpg,train,processed_v3/train,3c37a272f38ce8e90de883f0d7127c330a1286ff323c1fa5e2bc5057a3017aa0,False
v7_train_04542.jpg,train,processed_v3/val,7b948da51fd439af20a766f63b4b3eacd8e0f0d8e7c44a04818029c90eb7eb8f,False
v7_train_04543.jpg,train,processed_v3/train,117e33943a2dbc1c38d4c159f5276c40a8790787b6496dfffe5541056189f697,False
v7_train_04544.jpg,train,processed_v3/train,7cfeddacc9acfc19b95422cc542893e07afe95eb09ebe0c678383c45a49f6794,False
v7_train_04545.jpg,train,processed_v3/train,c267c53e48489e6d36e61a0090cc07d39409c66d078b6dbf5f2e52c5c01b6fda,False
v7_train_04546.jpg,train,processed_v3/train,36b8c6e15dec016040b42fc73944ed4c676dc8c701a3140a55a773ab1a8a2276,False
v7_train_04547.jpg,train,processed_v3/train,a05fdd07b0a53f5b965380ef12ee3597ead2d60945d439b6d3f492caf354246c,False
v7_train_04548.jpg,train,processed_v3/train,840fec7e70ce6220c59ceadf8c0808a400c3790d005836528fcf7778a13968e6,False
v7_train_04549.jpg,train,glove_detector,467d97813a0c1a7b16349d60ce0f29d5f48785755ad1a59efa5e572b01150e86,False
v7_train_04550.jpg,train,raw/bangga_ppe,ff1e4ea06b26bcdfa3f18c3f0436671888247390740761e342f1c915b4e47e04,False
v7_train_04551.jpg,train,raw/bangga_ppe,0a23e9cf028f274cdad80efc32bb8da4f0c5ff5a14e157f48aef0b3e3cd46324,False
v7_train_04552.jpg,train,raw/bangga_ppe,0950b88199a65bf0f4805f3651e5be349ea8b0bc141f94325cf6264d3fee8fb5,False
v7_train_04553.jpg,train,processed_v3/val,b15c362cc09c79e345e85d31c35b4f7387f844f82c18e0e7cbe50acb1eab26af,False
v7_train_04554.jpg,train,processed_v3/train,21d827f2ef04d9c4bd783b938f366932ad84ea266d835b92331c182c6b3cd33f,True
v7_train_04555.jpg,train,raw/bangga_ppe,6f3d17244d5d39f8bd35f4e046c3bb080b86d69c330947d06694ddd61a546f17,False
v7_train_04556.jpg,train,processed_v3/train,361576ea185bf3873d3cca8ca82ccbd9247fa62c5c834e166a1723fab995c2ea,False
v7_train_04557.jpg,train,raw/bangga_ppe,edaf2774a9534a7a4e5a71267df99f48865e6f142917be7d62d6675a0352be34,False
v7_train_04558.jpg,train,raw/bangga_ppe,ba37b2eaf6065ce916b19cb8e7142062506625601481207630f7a88a71363099,False
v7_train_04559.jpg,train,processed_v3/train,5dcb7d757bade698e8333320a1cdd44b3d98c24906aa409164a216f2c2b271e0,False
v7_train_04560.jpg,train,raw/bangga_ppe,d1cb679363d1398ff2bcb4d6f8b6ae96dc6ac023651f71c2c8f6b2b45c2adb20,False
v7_train_04561.jpg,train,processed_v3/train,dafb56efaa4fb6c90ad5bfdb9495b8c54e66e4620cac4ae1003aa4aa45d99690,False
v7_train_04562.jpg,train,processed_v3/val,8b46ffb9453f10f1374c0dc388b45e6c099ebe2bf5ff52b1c6d21caead2226f7,False
v7_train_04563.jpg,train,processed_v3/train,819d5c014dd17d40c2188a07b3aa10acda487bbf0ed49f53eb7118727cad74b7,False
v7_train_04564.jpg,train,processed_v3/train,4b0cdca94fa64a3ca49ceb4ea04e09d3dd55f53078a896e1cd9768ab77de6ed9,False
v7_train_04565.jpg,train,raw/bangga_ppe,c5f34fb31207b290f167eee832123ed623e71b801952520340346fb067202fe9,False
v7_train_04566.jpg,train,processed_v3/train,a98d46bb803d2d45b9691f9613e2ea911820d4b481154ee78974c29d008ef2b0,True
v7_train_04567.jpg,train,processed_v3/train,8108d9d47d32117d9456cb6ae8c4dfcda722a4f5f15d01b2ca6745e076b4b311,False
v7_train_04568.jpg,train,processed_v3/train,d68528d196c341cd049369245c3d84e1df3ce9efa4e3255b79433fa1bf1ee5aa,True
v7_train_04569.jpg,train,glove_detector,51b91bca0eece420a154ba3cd011a738dbee39e639868711693f38031b6f28d5,False
v7_train_04570.jpg,train,processed_v3/train,9a01e548cdcb64f8b2255ed333c81baa8069d29df5250bea6222a10a28350d9a,False
v7_train_04571.jpg,train,processed_v3/train,6f7bd7f996169cf37f1b4bb2bf44f4b87346035bfaa8faf59f2fa5461b3a46d3,False
v7_train_04572.jpg,train,glove_detector,c1905c5653b5315e2319efdb2f1281ac8918956ae080282702d923a0dea22cfe,False
v7_train_04573.jpg,train,glove_detector,744d7bd8061c1dfe16ecdd8081706db93665b2a0b009e1389b1c30ec55e8235e,False
v7_train_04574.jpg,train,glove_detector,cdc65f8dd7dfd462b4346d1d1235abcafd47e9d871ab2d0f7086a7376f145d92,False
v7_train_04575.jpg,train,raw/bangga_ppe,7bd5571cccf9287d220ef787727aca5d2646f29e58999c5cd85110a5c45fc3b1,False
v7_train_04576.jpg,train,processed_v3/train,105e9e04081957d5e5cfe73f216f07df65e92b6ed65fa7dcb4184b4f051d7c12,False
v7_train_04577.jpg,train,processed_v3/train,edaf6e8b214cf09cce7a0f91036b5a11b88382d1a9ca3b003660445f56d4240d,False
v7_train_04578.jpg,train,processed_v3/train,7ce4ac14dbd8dda3d23cd9da5593bf15a042d1c7927e7f6c567ebcca72b4a584,False
v7_train_04579.jpg,train,processed_v3/train,ea72d3fd5c0f241cdbe666020f7e4cd62a93b40b878c4a9ea03b5d6771304702,False
v7_train_04580.jpg,train,raw/bangga_ppe,171d820a67266068b070dbef89ee0a95dac8244fa5b57ee3c4229f54354ee97d,False
v7_train_04581.jpg,train,raw/bangga_ppe,a92b669f1901f7376f8f921f817548058d3bf06f46827e05ccbb6c87d2ad46f9,False
v7_train_04582.jpg,train,processed_v3/train,c818401bf984116085aecaa0425eaf511ffabde98ed21eee08b1f4c6157f71a4,False
v7_train_04583.jpg,train,processed_v3/train,44cc2ab953bb9bedeeba64c73a1f3f18bef0c4115344d6d2120109b34cb3bd35,False
v7_train_04584.jpg,train,processed_v3/train,33da1627dc85dde7d6e49e95d14a9f668c1cab5ca390f1386d09abf7d77f5394,False
v7_train_04585.jpg,train,processed_v3/train,0c34bd156dfaa59c78bae1e08ff356700385b430004e4b0977752365569fd659,False
v7_train_04586.jpg,train,processed_v3/train,921be530f8ddea43ac4d7f2aac54e02aa3bb248c2d5d567de0f09902e6ef60fe,False
v7_train_04587.jpg,train,glove_detector,355b6fcd5c6460e18292efefcc3aa5a96d66861152376fbb0b60fc74fcd06dd6,False
v7_train_04588.jpg,train,raw/d_fire,7e735588b9c20d3fe0eec008262b1cdd04268a684925eff3fab73cba1c2ecf8f,False
v7_train_04589.jpg,train,raw/bangga_ppe,206bbe5821aabd4929cda5ec99d8c1f73196fbad8f3c49c37e85a4ed9cc2fd3a,False
v7_train_04590.jpg,train,processed_v3/val,2f4a84dd5a230a8ad6188c1919c061bcd8abd9a056d74b9e7f7d97cd7a4c6b3b,False
v7_train_04591.jpg,train,processed_v3/train,8c8082974ac2fc5baac05e321e8f07c05be02b7d227e1b01dcba7ccd52893614,False
v7_train_04592.jpg,train,glove_detector,524bc9496bf6962f539ae6371e9478be4757b7354ed06ac9d75ceb8465fc1805,False
v7_train_04593.jpg,train,processed_v3/train,870bb9f42d431cbabd63e8347d52a268bb5575caaa634ed912f4d28fd349c26b,False
v7_train_04594.jpg,train,processed_v3/val,551ebea19be37401f64120453963b90d9fc604f57d16ce12e38f6305a831fb5e,False
v7_train_04595.jpg,train,processed_v3/train,1733fedb0ffd748bf5c42bd7c478aa68ef4516d500a822e251013f3b2e3ada05,False
v7_train_04596.jpg,train,processed_v3/val,1c6ae5239eef5e14a8dcad145ea57f8b31dd5f11ae6ae32b858321d8c7c46d50,False
v7_train_04597.jpg,train,processed_v3/train,ca21483d7876a8222b2a852914431724896b1235a92308bd1456776c10bce950,False
v7_train_04598.jpg,train,processed_v3/train,93ff2fa6cfb4285034bedebbc56fb0aaad68cd0984ae5ecd5b006067b5b344a4,False
v7_train_04599.jpg,train,processed_v3/val,0b13395287af53f40ef64a5734f44a4547d5b7b4f9caf5b5b5b23f7494e2a7ab,False
v7_train_04600.jpg,train,processed_v3/train,d9f44b8a16cc4bec08f09d12418cc4a0153b42587243b435e48e9ec93de8ad8e,False
v7_train_04601.jpg,train,glove_detector,fbe54d9aed498169a281560e2594b6ded2fe58010b68177e93a40c21920df547,False
v7_train_04602.jpg,train,glove_detector,cb4f844666100710d4728b06b58de82c087f1a65901f6498b8616e480d9bd11c,False
v7_train_04603.jpg,train,processed_v3/val,4f46208c450a647ee46fd0375e88f3ed1d89414df4398c4fcad2634fe2e44038,False
v7_train_04604.jpg,train,processed_v3/train,a3f2259a17de5fd622f32bd9d11192e44c370c931d78fba79383a3063e41bbb6,False
v7_train_04605.jpg,train,processed_v3/train,3fd583578dbf264c3b0da7eda21fc47a8119564a6c5f1e8821c1d2c9fe7d5f8c,False
v7_train_04606.jpg,train,processed_v3/train,0298f378a282528fec3527683bb9673c1fd438d9828a19c6e109cbadd4cfaaec,True
v7_train_04607.jpg,train,processed_v3/train,e5846557dff34a5d97890a64f06af9399db589f64e4a7e9d43119c29b5bae076,False
v7_train_04608.jpg,train,raw/bangga_ppe,97a95ee85d277f925d334ebc28f734389c60160a714af898bed5ba77ea812b25,False
v7_train_04609.jpg,train,raw/bangga_ppe,cda7596595004305bcf546f897d6993b49f00297a46e3714aadd5f3afce49e7f,False
v7_train_04610.jpg,train,processed_v3/train,22884f3ddf142dd645443542608aa809701f9ce2b730cbe1b56b72946a6c9ed9,False
v7_train_04611.jpg,train,processed_v3/train,8c42b931990d523fbf538440853695000f01a6ee222ad650a364aae28cd7d138,False
v7_train_04612.jpg,train,raw/bangga_ppe,7743c9de119770ba8bcc7f601de5cf3b446ab9a5c89987700a26f665240e9722,False
v7_train_04613.jpg,train,processed_v3/val,7b0385c8c8f45db5636b8061f73b5ff7f0b5d84b4b0845134bc0c7592529ca26,False
v7_train_04614.jpg,train,processed_v3/train,89c352087d06b8f35e885361367089e62d2cb7d7efb47f2280d4e5349e69b5e9,True
v7_train_04615.jpg,train,processed_v3/train,0d6501a60766eaf4847c9ec304e81d9911ecb776fb0bf306510e772705b77646,False
v7_train_04616.jpg,train,glove_detector,b70a221c6875971ea52db7291fa5a104cf4000f85d6a064f6c26fa641cd98cdf,False
v7_train_04617.jpg,train,raw/d_fire,5c95247d4e9352109f3a3dfecbf62da53b2d0cf7a323fd730b1be3d929740023,False
v7_train_04618.jpg,train,processed_v3/train,8a1b73c5f11a5dba56ee118ca305425227975f63c27abb73c3b249fe2450153a,False
v7_train_04619.jpg,train,raw/d_fire,08d18fca79cedfd58b4bb51db75b0ca8fcf3a2111f8534639555db91379fd9aa,False
v7_train_04620.jpg,train,processed_v3/train,e2b3b842b3388b219c097bf232c386b91ca618f5f87ea228b805fd4d438f0b7e,False
v7_train_04621.jpg,train,glove_detector,7c6549e368244e63b30391d1a6177575c206120e52fa3ef4a8f552c1ac05a449,True
v7_train_04622.jpg,train,glove_detector,3421a3ae7cbfbea22a33827df6b9e123d588aea9d7e9824c2035b63c28c46e09,False
v7_train_04623.jpg,train,processed_v3/train,2dcb3d0ef48a35b102253c4a4e0a615c9ed421db9103d3e5e912e34f720f5a45,False
v7_train_04624.jpg,train,processed_v3/train,12969b447a4058520821bf58ccdd6d60917d15d82d3bb08f627030cd2955bbf6,False
v7_train_04625.jpg,train,processed_v3/train,4212085253fd706d59df7b30e11fc800a5ea50c624b755489fd40bab2c0cd8f4,False
v7_train_04626.jpg,train,processed_v3/train,9fe3d596527ae4db07e12d205a6897f276bacef0b5749ade2ac0ff4c5d2b2807,False
v7_train_04627.jpg,train,processed_v3/train,b002a14d55cfc91b372b850dba295e0fc0e97e56f0d74faaa4862fc9fd953bd8,False
v7_train_04628.jpg,train,processed_v3/val,4d6de83e23c37f23e59873d50c4c915f7289be5c98fdef1dd6e8b655c4aeeacc,False
v7_train_04629.jpg,train,processed_v3/train,ef3efe6156ca48a36a74a2b957dc5190fdc156c923b90e66482c097fa36aa0cc,False
v7_train_04630.jpg,train,processed_v3/train,e7e9fc0286a0aa2bdaa05d5ba7d666eaa8b281b8674a28ff970e2fecac2388ce,False
v7_train_04631.jpg,train,raw/bangga_ppe,bc8ac6a429204ec6c8f725d536549e65e614c470d0a0570242d506144ae7452d,False
v7_train_04632.jpg,train,raw/bangga_ppe,8aa704657414f0c43f78d4ea505aa90408fceb7e6183fab847450fe6305e7a89,False
v7_train_04633.jpg,train,processed_v3/train,1e925ef4dc3a3793567bb81f6a793def021af712745a3c97cb74c1d860a5c7f6,False
v7_train_04634.jpg,train,glove_detector,b1fcdf75bef2f999a8df5014853868f1a4bfe917418cb03f0ff072474d5a3a23,False
v7_train_04635.jpg,train,processed_v3/val,67c1b92853f3341472016d20aae4b4d5cf2a6ae02e6047e245cc67088700859f,False
v7_train_04636.jpg,train,processed_v3/val,2564ca269308763b498737056b920440bfcb1dd638421e46dbba09f11aa9ac1a,False
v7_train_04637.jpg,train,processed_v3/val,4d4aab3e75e44ba32b1a86c5e9e78f260c6b8d7f0292f2b2f15c83594b2db6d8,False
v7_train_04638.jpg,train,processed_v3/val,36bb4537fda61260ea51123a40f4c835818ee8c57ee123e39d80cee5df257c97,False
v7_train_04639.jpg,train,raw/bangga_ppe,4404c1a1d766c3cd10d9ed42a4532bd78de2e4cbec8b58c2fb9ed659be8be6d0,False
v7_train_04640.jpg,train,processed_v3/train,342416fc1749cc1d71f1511f96b47b1e4e9f0affb748169da7a8edbd6a53a1fe,False
v7_train_04641.jpg,train,processed_v3/train,2aad120f5d76423c731e27c3e7b67a5df5eb3cd66c44af2a4605f93d54480eb8,False
v7_train_04642.jpg,train,processed_v3/train,0c521eaeed84160807f4aaf67370141254db7c6ce122227a20f60f5f4b97107b,False
v7_train_04643.jpg,train,processed_v3/val,4b2505d4936dc6d46180329c95a7ca239f2dd376ceb55cf9c4392cf289ed0e09,False
v7_train_04644.jpg,train,glove_detector,8f640f3336b3d22298aa0493f2a890e06cfd22c3bd9c5bfa0cfcf1765c79c427,False
v7_train_04645.jpg,train,processed_v3/train,801b55a0072cb2dd20dbccd64bc3d8a6289c2b4383f39e60199bceca53717e75,False
v7_train_04646.jpg,train,glove_detector,8426fa2e3b2083553595bcb991a0150818a7d09cb1a69f557e8c8d987351eafb,False
v7_train_04647.jpg,train,raw/bangga_ppe,9937d2f444e6d1dda776e32fca7b63ad2fa0b68fcf760644e692413b2a97e58e,False
v7_train_04648.jpg,train,raw/bangga_ppe,da811541cb455e05b3b9d1daacc1cdb0d4a4d8d5ea62414fd12788b39bace48e,False
v7_train_04649.jpg,train,processed_v3/train,ab6f04cdc528014155a107fcfe879ed222fb8a23a1b5f52a54313b1aa018351b,False
v7_train_04650.jpg,train,raw/d_fire,a72e123a0a4b96f249e9adffd19de49e90b70ef5d19f0485481abc00d0149974,False
v7_train_04651.jpg,train,processed_v3/train,07aff9344344499feaad4d175fc5609f14ec5f3accf2b3e2ddf75e151f7b2bba,False
v7_train_04652.jpg,train,glove_detector,40740e78da8e7af28e5439cd354fe4fc5704a0109bc8c3c87e0ba01c6530d895,False
v7_train_04653.jpg,train,raw/d_fire,08654ce2aff555429c0e45a3e7a1ba08faaa2803c7d838f937f1dc2cd314cbe0,False
v7_train_04654.jpg,train,processed_v3/train,fedfa04f696e869f58eb1705d4b2a4aa14acf135002788f202346b9069d788dd,False
v7_train_04655.jpg,train,processed_v3/train,c2f5ecb8553f91da39c3175220772dc2c066bdbf661013e6d6db5fb6d1a68fd5,False
v7_train_04656.jpg,train,glove_detector,374d3f9dd4a969cc74651d4ad9a129cb8782eb2f409baa510ce747d61a543e17,False
v7_train_04657.jpg,train,processed_v3/train,a18650c2014696ba5a048db997f5747286f4e466036f0de6b5c44ada99c9d029,True
v7_train_04658.jpg,train,processed_v3/train,34beb48661c85d2e01154134ed8a7b72ebf3c3abec6373412321b3e4d5af41df,False
v7_train_04659.jpg,train,processed_v3/train,978c0f6a405b633413c60acd2c5bd2dcad6b5fa051a63a094b376331887269b2,False
v7_train_04660.jpg,train,processed_v3/train,1f11f6adf476c4ffb41375a6988a7d37ad9d4bf8039b5a61e89210c3bbb67489,False
v7_train_04661.jpg,train,processed_v3/train,b322a93f42c8af076db2bbea702689683e3a44a32b99d05a49a1f0834ed8fa25,False
v7_train_04662.jpg,train,processed_v3/train,dc527df7111829ac9956f9b2602a8aa7f80086b56964a2b5f28490a9e7052fae,False
v7_train_04663.jpg,train,raw/bangga_ppe,48e164398097c83eb2b281e924671079429e938994a80173e04816a406319e8d,False
v7_train_04664.jpg,train,processed_v3/train,2e0c59d82a7ad3fe5b2839d842e2f78493ae8c611da0b98e803a61d01e6b8e26,True
v7_train_04665.jpg,train,processed_v3/train,d2547cff866291d84c73710b333090a64a9d7b6c8575e91a71517416ccdbd7be,False
v7_train_04666.jpg,train,processed_v3/train,9d17567bff59ffd7c76045105b5d674de4573135357ced1ccf74784e1d2f86f4,False
v7_train_04667.jpg,train,raw/bangga_ppe,30282d4316bfc6e1ed3ff72c523cb96e188bad31aa2a52d8e545e7b12221d7c3,False
v7_train_04668.jpg,train,processed_v3/train,c6fd8a949c24854927e0c8ca1f904304af42f1ee349740d81aeb733485a3332e,False
v7_train_04669.jpg,train,raw/bangga_ppe,e15b4e49465d30d5db154e27d7f45ba53e071fef43bbe0d85fbe4381af0c0e20,False
v7_train_04670.jpg,train,raw/bangga_ppe,7bf8ecbf43a96c139f1cbf89a08c604dad05097ce6b7fde530e8b212bbe50fd6,False
v7_train_04671.jpg,train,processed_v3/train,7ce5f508aff2967a00a81465d9bdc891e171cc50f3aa00747f826a6c323a0df0,False
v7_train_04672.jpg,train,processed_v3/train,95bcb00e52a4d75a7c0fb508f7d32b55986e853adedd251c53448e79322a55cf,False
v7_train_04673.jpg,train,processed_v3/train,1f9dd2d664dce27a2d7ce150f109fc6b214c6132cf8807e30bb73fa7153eb519,False
v7_train_04674.jpg,train,processed_v3/train,a26404205ee477a8c53fd437d25909c5628bb60bbd426d5a3be04b4586064349,False
v7_train_04675.jpg,train,processed_v3/train,d25c27bcb21313dd91b6b1efeffb280b56082fa7e6f6e9448686eeb35ad95295,False
v7_train_04676.jpg,train,processed_v3/train,5a77f3e0f1665e95f2cc543b8f61dd439b01bcfe28293d3671fa1c44348b48ce,False
v7_train_04677.jpg,train,glove_detector,9049327d77f4ed057831a5109843f08c92392576f07acd2de8e003e0f05d26ae,False
v7_train_04678.jpg,train,glove_detector,a3601dcf0f92d61d07ab25b20dad52ec75575452fe7579cc9798eaff611e986e,True
v7_train_04679.jpg,train,processed_v3/val,46ddaf5dea3a491020b548b4733f999586bb8871bb4c78d8705388785fd75169,False
v7_train_04680.jpg,train,processed_v3/val,3d7dddc81efb09e75d8ef7adcb8615432b628d2c9598d853a23d89fd3ee0555c,False
v7_train_04681.jpg,train,raw/d_fire,5ef43ada725e9cf65a8bbdfc2f2ff056d49b40877170303cd31c933868b9aaaa,False
v7_train_04682.jpg,train,raw/d_fire,8b6f0f5c09d5e5e8316662287f9d4cff09c346143c3e2142a668e8ed6a4359dc,False
v7_train_04683.jpg,train,processed_v3/val,c11b4d51cbba1fca9a6a9a3a6ea61d5e1866a71eb5c2ff18783277d263a68dc8,False
v7_train_04684.jpg,train,processed_v3/train,2fcff1586714b525e0a57bda135c427843aef258f93a0453bce1ae9f8d5d85d9,False
v7_train_04685.jpg,train,processed_v3/train,c9ef5cdc70c63d5f4c92ef488c35e0ec96138397d03fb6a0306a851eed84bbbf,False
v7_train_04686.jpg,train,raw/bangga_ppe,e0d15a4df21f80f5fee758f08471fa450efff707ab86807d9f629580ce0bde34,False
v7_train_04687.jpg,train,processed_v3/train,2f2f1dc493fb34b3c8b0fdd67e47b1ed6ad7ae598e27f95218e4f402473a69da,False
v7_train_04688.jpg,train,processed_v3/val,2430e85b2961b04d85b11875c36868ec4c628ca8933299afb73cb181867f96af,False
v7_train_04689.jpg,train,raw/bangga_ppe,b2e83d8f808dacecc494bfdddee27a5ef6e25fe36cc558b096b9a6be0883b719,False
v7_train_04690.jpg,train,glove_detector,98e99644cfbfc9e00420279eadb6b1a68e8f6b24762ea4de4b57fc6f6a939cf9,True
v7_train_04691.jpg,train,processed_v3/train,dc7fd2b7bfd3d5487dd37ebf23fe35ad3bf28cad631720df2e02199b1e96017c,False
v7_train_04692.jpg,train,processed_v3/train,6cb3478cd9991b9242cb00a58719b3159c097b699a298d3bf94b0baf5bd10ecd,False
v7_train_04693.jpg,train,raw/bangga_ppe,8a0349d988e5fc98252008682576532f7a7d418b946b4686594df9c52816f293,False
v7_train_04694.jpg,train,glove_detector,edca67d1ed7facf3a21ebcddba146c22639d68a1772aa9fb223b51ee439ef720,False
v7_train_04695.jpg,train,raw/d_fire,7026e4b9cdf2c269e176e6ab543e3d839ece2111b56858e79836c09932260b48,False
v7_train_04696.jpg,train,processed_v3/train,7c7b33e4452a3159c9fd95c6fa93f54fa698b731788da6e5c0044449029a48fa,False
v7_train_04697.jpg,train,processed_v3/train,96e608f2611bb9911e33177edc36512cdebaf1bce4c8557726947ec5a97a78ad,False
v7_train_04698.jpg,train,glove_detector,e93437259c3f0dda1db8fc68546a0d8b1811884262726578f0dd04dcfed0904d,False
v7_train_04699.jpg,train,processed_v3/train,967bae84c3e541f6ed8a51ff650fd2a7f1ee05d0e59a0aadcd8eb9a7a29ab072,True
v7_train_04700.jpg,train,glove_detector,c681050bff301feb3ef3e0def7c1261ddab8386b8596915eaef43e46e0aab92e,False
v7_train_04701.jpg,train,processed_v3/train,c52730a9fcf9c2bff4edae3652e111aac36f6742e9a2ef8ad59321b2b1a6ebb8,True
v7_train_04702.jpg,train,raw/d_fire,e969526486223fd52c32ae1c692ce56799e51aa25a206a1a0f90460e73067cea,False
v7_train_04703.jpg,train,raw/bangga_ppe,9ff13de0c6061b25a57df19e3f34c5f7025f405ddcb29ba264ee1b46648c6797,False
v7_train_04704.jpg,train,processed_v3/train,d27771326b87263cc70a7cf8904ed197cff1855d9dc204aa11fe45089c492bbf,False
v7_train_04705.jpg,train,processed_v3/train,d70fe8beb865517afe4bd4010d2d9a442bc9881b00edc28d639cac774322f125,False
v7_train_04706.jpg,train,processed_v3/train,bf958191b3f3c9f28cedd6a0c4669e09ac9c4f5696bd919f8338ad6c061e0efc,False
v7_train_04707.jpg,train,processed_v3/train,15f849370d2c8f496d9a91670774c317318dafc636143280562445e7f0eb0b47,False
v7_train_04708.jpg,train,processed_v3/val,802937f247d604106e7dc03584916f524a542f10b4bd9fe83eff053f58c23469,False
v7_train_04709.jpg,train,processed_v3/train,69288cb448b0d5f2f21f99a4584e414b322593d44589fa11d2dc4d68d6fb0b99,False
v7_train_04710.jpg,train,processed_v3/train,83dba18e583c48a0cf7f8bcd235e6f3871e63386568972a044b3c82fbd1aeef8,False
v7_train_04711.jpg,train,glove_detector,8b0f38440176be4db105324ea188a9b596858fad7bc9f8a3cc1430ebff4387a6,False
v7_train_04712.jpg,train,processed_v3/train,0d73c37606956627a12175e6a10479e763ec63f886914df28546eb84e6294e6e,False
v7_train_04713.jpg,train,raw/bangga_ppe,99032d46b98fb31c8818f03accdd043a9c7459245b98865f43f219417ca33637,False
v7_train_04714.jpg,train,processed_v3/train,fd9f9d934bf0d605043445c3f7f12daf41a362652459628a0500d6f0a7a7ad2e,False
v7_train_04715.jpg,train,glove_detector,15420e0ae98333d56406f9acb40a4aaef7b7c8c44bb4786cb8d2934ac631049e,False
v7_train_04716.jpg,train,raw/bangga_ppe,e101aede542f259c96da50e30da8cda5759ad1116605319f5c8525bca0a958d7,False
v7_train_04717.jpg,train,processed_v3/train,b72f7fa46322bb2c67f8bea53e9bd82378f98c6e569c17b4f1540af70d5c9009,False
v7_train_04718.jpg,train,processed_v3/val,12e809c86f34c0c930d2acbb0a248a664c6970828dc2967dc485c402095d076f,False
v7_train_04719.jpg,train,raw/d_fire,65e115155a989a75796eff92fc217e6da41a516c468a0c93da3719d96951b494,False
v7_train_04720.jpg,train,processed_v3/train,72afcabd80c51020d1704c0a9af4abf52ac4edd1f0bee7b85191253ee61dcfe8,False
v7_train_04721.jpg,train,raw/bangga_ppe,1e7db97baca553364e2e4b39a7eaed2fa002c347451503590bb77256c7f9a42d,False
v7_train_04722.jpg,train,raw/d_fire,46140fe256cd3dbdd678ac36e73f931184d0c08cf6d6d7398187a2ce8ffa4ba5,False
v7_train_04723.jpg,train,raw/bangga_ppe,fe433bb791e376da576c1abe44d5bfaa8fa6e6432712bae07fc7fe2fabfd09a6,False
v7_train_04724.jpg,train,processed_v3/train,d791b6e5cd74b9179e051ae88c37e8718ac2c20a0ea142edd81b4da82da48196,False
v7_train_04725.jpg,train,raw/bangga_ppe,9ead72e4d306877425804af803ae283f3d5a5b398896c2c0af682f6db4b9863c,False
v7_train_04726.jpg,train,processed_v3/train,b0d71eab56c8a77aa18202582a5a9804ee4e85bf26c9acda982ea337769ea509,False
v7_train_04727.jpg,train,glove_detector,0fbf0c52aef9c5f948c7334ce8f09b0f8ade10f7ebc85aea0f11b2ecb545be8d,False
v7_train_04728.jpg,train,processed_v3/train,5759339b0d8cd3f088ea7a69cfff584cdc08f0996984f19b3d82faa4c3ed0cca,False
v7_train_04729.jpg,train,glove_detector,77c7b5fd90ead19375a3d53e2c26d4b2588a89e19ae523abc3abfa60bf5a7251,False
v7_train_04730.jpg,train,processed_v3/train,4c7ffa0ba0b438fbb4b299022f0de27c3fc6eae43761b1e73884ea1738ef176d,False
v7_train_04731.jpg,train,processed_v3/train,d3e8568f57c5ea7861c1459eefedead6a970561d3da9728a5944cfbb836ff37d,False
v7_train_04732.jpg,train,glove_detector,c4df220893e88722e12f61cd6b73fd0e7c00e7161582d23782b3a5943940c9e7,False
v7_train_04733.jpg,train,processed_v3/train,d3188c3b2883f2df651bd27ab62666dcfc00a2d154dd30a955261dd58eb1a57f,False
v7_train_04734.jpg,train,processed_v3/val,6df6fa99fd1b326e1b61076978af85bf1fad756fa2fb368473c75a3f9dcbccdf,False
v7_train_04735.jpg,train,processed_v3/train,1c5f4253fa0c92e815346707e0cefa89522538c96b39ab14f526ddfc7594f40f,False
v7_train_04736.jpg,train,processed_v3/train,4bc62b9a722deb9ae62f40dfb4327a67e1e2e74954b4b056e973fd682ffbf362,False
v7_train_04737.jpg,train,processed_v3/train,afcfc03a313e96d2ce0320f6f731bf87aa2989a9d78977ea6593ebdc44795f9c,False
v7_train_04738.jpg,train,raw/bangga_ppe,e45820140e871601309b26f7d3fbdfd355ca41c74b8e6284783020d2058ca70a,False
v7_train_04739.jpg,train,processed_v3/train,524585011b8760cd917c5d76fffe095fec229e682f19a4d237e769771452f6f0,False
v7_train_04740.jpg,train,glove_detector,c95b0f371693d08c0f0810213b018789f0cad6694f3760c97dc0798ca74cdc46,False
v7_train_04741.jpg,train,raw/d_fire,c8be979bfd120b4edde00441473983df9944fc9fd084429fe62ff43a715a4be5,False
v7_train_04742.jpg,train,processed_v3/train,8d84cf95145e656e02e9e0b2ff30c1ed721994280613617b0261c10fc5788cc4,False
v7_train_04743.jpg,train,raw/d_fire,422389e3c55bb54f8c8fe937684b5dd087a177c396f10a25673473a363603999,False
v7_train_04744.jpg,train,processed_v3/train,299289ce5fd0476e56043ecc592cc752ee5035a280bc07c645b10aef58529702,False
v7_train_04745.jpg,train,raw/bangga_ppe,d03e63b48c0b97b8aae9d8d75afa6251eef6eae64df1b62fef27f9a4e8547db4,False
v7_train_04746.jpg,train,processed_v3/train,42ced336103bb11eb5b45c98bf1cc5998231b09b57b856e947370b1666301017,False
v7_train_04747.jpg,train,glove_detector,29502d054e995ec936360149d8c0ba4cf54f44135574553a37da6c7eab5eecf2,False
v7_train_04748.jpg,train,glove_detector,bec724a419aecefe3b15096cf8045caa6316aee0b6c110b9c49cc3b3fa7caee1,False
v7_train_04749.jpg,train,raw/bangga_ppe,964a08fa6fa608ee046b6b6ad23330db9b543cc9e13631a58fd77d553071c1bd,False
v7_train_04750.jpg,train,processed_v3/val,6a33ba19fb08304733136869031805346d452a7d970113985304026b3207ca57,False
v7_train_04751.jpg,train,processed_v3/val,2d56e2f14ff9cbb65718de1b80ee463bc2a628899d88a58d7a45ad227cd5d1ab,False
v7_train_04752.jpg,train,processed_v3/train,b9a17f3d3a21e3fe3c57a5301b7878679afffc408265c9076404e5b6b05b1e7e,False
v7_train_04753.jpg,train,raw/bangga_ppe,6e236191ab9e3cfbf0f2400223bad69dbe3571021c8701da4db81d01847a65b3,False
v7_train_04754.jpg,train,processed_v3/val,4f37976c2a3b30237f26da3756d575328efe99ed37289b04f42f7888f71e8597,False
v7_train_04755.jpg,train,raw/d_fire,7e66578ea06cf9574c5629876c929217afe9ca150f340e8de321e5a7bdbc85ac,False
v7_train_04756.jpg,train,processed_v3/train,0113670cd866cb7c76e9d86f7755edc6d9146df8d9e4cd2c5ae5915d220301dd,False
v7_train_04757.jpg,train,raw/bangga_ppe,cada6bc68ee1f6ab3deaa2dd5465bc0e098012b6299cbf8388a40a3c4b046017,False
v7_train_04758.jpg,train,processed_v3/train,62e8e8c793033826c085e25992fcb7b2290ea9b60579431bcd522905adff7406,False
v7_train_04759.jpg,train,processed_v3/train,495e9ec1aaa050f1c64a43bb17049659d3a9ee2a5537eecdb6b57fc4e5074127,False
v7_train_04760.jpg,train,processed_v3/train,afedfc0747f6a4c952cbb90d2ddcbdf41c34d594d495830e3ca3a13a5187c795,False
v7_train_04761.jpg,train,processed_v3/train,1b0307f39dd6a2572c6d17b0534bb9eb74aac31e83e47d31ffdf113ce2d35358,True
v7_train_04762.jpg,train,glove_detector,8cf7849925c66785d876055edb54cad665b8b1cd113ea8adc3a759734e80686f,False
v7_train_04763.jpg,train,glove_detector,78fa14359477b018eb21d10bb4fefd33fe39dcdbf86e38a5f97a771ee71c0d1a,False
v7_train_04764.jpg,train,processed_v3/train,3a0adcf0f7c4226bbeaaf4f74128eb4062180c66ee3f36271bc3080e5d12e08c,False
v7_train_04765.jpg,train,processed_v3/train,43b9e837f82677fcf8faa482773a51ee909ca18d41ce1d5363663cf523f59210,False
v7_train_04766.jpg,train,processed_v3/val,d34b3b1517c22402b981705ea27f6a300138b84e20bcd3a452b6d8bf730ed141,False
v7_train_04767.jpg,train,processed_v3/val,b7c580109f9b950eb1548bab2488d04fd0c87e1891dd5aeeaaf0322094c9b3ed,False
v7_train_04768.jpg,train,raw/bangga_ppe,1bd46f1ba6a3599ed7706f2169f198bdfdbc25aa44f58eec98409a16f7580034,False
v7_train_04769.jpg,train,processed_v3/val,d80465e18db612a5162eef525f042ab40ccca5d244655beab3e34b8e1dc23e35,False
v7_train_04770.jpg,train,raw/bangga_ppe,58558584ee22c6f1e49b2acd1f18ae513efc4ada3350aec4debedafaecf1d334,False
v7_train_04771.jpg,train,processed_v3/train,780fb2f60ba7566a3055030719a453756a1aff635ed1bda1ec882d21b6e0322b,False
v7_train_04772.jpg,train,raw/bangga_ppe,87a046b88d79cf0ebcf0c839e2184ba95a005ce4da2f653b02288abaa2a91498,False
v7_train_04773.jpg,train,raw/bangga_ppe,227ae238243d3f92165decd333b86034889cae195c39ec4c57a15d92e69ad445,False
v7_train_04774.jpg,train,processed_v3/train,45cfa14a2b32a878f7bd6d7d9ef7d1fd9774137d3009991bb6d463f8f507e3c7,False
v7_train_04775.jpg,train,raw/d_fire,ed36f7ccf51cf9be8bc9ed64022f687b4ae380ebb2a5cac0de1ad6db630a7fca,False
v7_train_04776.jpg,train,processed_v3/train,eccf380a835780b94bb59708f798d4cadd08183a4c65e8a56af89b0dc07e0877,False
v7_train_04777.jpg,train,processed_v3/train,547367b32cb5ae7a3ff4d285e21528151a98241342673a3c923aca063bb28ae0,False
v7_train_04778.jpg,train,glove_detector,681df30a670cc98e9573a2ae42812655a3b9ee8dd3753caf8c04d5c3c6ed2716,False
v7_train_04779.jpg,train,raw/bangga_ppe,1dfbca7153f73c95bc6491064921e0923bf4f0439d21ab366d14d824b635536a,False
v7_train_04780.jpg,train,processed_v3/val,06471f09d0d65dfe9c3da915d1cf9ee218fe4439b95da015214fc0b99c802731,False
v7_train_04781.jpg,train,glove_detector,5804be564721cfa0e0b7f73a255c4fc1aef599f751b77fc9e791f11e31d70e3d,False
v7_train_04782.jpg,train,raw/bangga_ppe,94e03cf9099a37f696b3c623de29042b1592c98b7bb342a1630ef24dfd308397,False
v7_train_04783.jpg,train,processed_v3/train,24757688696237cf889a43bf5c94536ca1f0e32c2fb47ebfd59ac7dc5ed0c309,False
v7_train_04784.jpg,train,processed_v3/train,85a61b0d313a042f1d5fbe94ff652560332f4c77edab76fceb0335c9cab44abc,False
v7_train_04785.jpg,train,raw/bangga_ppe,15977119501bcaca8e0bfb19729de7e5f717e44c67b6a278885c3be2c62959a8,False
v7_train_04786.jpg,train,processed_v3/train,089b76ef40301236de12d3b7b78db54ee89c80bac5451a6a651a81ecd8363f5e,False
v7_train_04787.jpg,train,processed_v3/train,08bb64fb8fa2e975ce88ab56062887e9ecf33caddaafde1d518928406b88aa25,False
v7_train_04788.jpg,train,processed_v3/train,90aa3b3e41d422d8ec9c36a8eac4f15ed9009d49aea76e8b837292ac2b82565f,False
v7_train_04789.jpg,train,processed_v3/val,1e29e2e73f33f742b8b8f27423c4fbc00dc630f896d0d6e68e7aa4e4d8464c37,False
v7_train_04790.jpg,train,processed_v3/train,e402ddacaf3231235de818bc1a6d59062e195dd94cc2c98fb851b19b82fec1cd,False
v7_train_04791.jpg,train,processed_v3/train,66a4485211108d6fa46bdff732468656733282695829ff87e5919328bbe4e033,False
v7_train_04792.jpg,train,processed_v3/train,4847c6cd3462ad518b4b5124b611efed66e6e509067d18eb8cbbaa42aed2379c,False
v7_train_04793.jpg,train,processed_v3/train,b4d47c9025d55126805e566caa651935f444b690df1d0631cf0aae933c583a20,False
v7_train_04794.jpg,train,processed_v3/train,24521d98a8309f9e05dd5744c2c184a669e5f939a623f3a2b15d72802e502f10,False
v7_train_04795.jpg,train,raw/d_fire,ba23bdfbe048afe063736e23955233cd43addbb65dac693d967671231ee433fe,False
v7_train_04796.jpg,train,processed_v3/train,0162e132ba613ac6b6ffd1a68a1a46fcbc1b8fed05c08d9e179e1a6c48fe935b,False
v7_train_04797.jpg,train,raw/bangga_ppe,ba8f6ec6d2606c7f8596a159c5ba5f37b28e530a16eb6e2969f89cfed1925dad,False
v7_train_04798.jpg,train,raw/d_fire,17b44faf639d2affc7b3df48fcfb5f816f66fc0561fccbb9e353a0cdfe600017,False
v7_train_04799.jpg,train,raw/bangga_ppe,4bace693db7bfb92b472f014807ef6b767a780994f92c77da5811f5debd70ded,False
v7_train_04800.jpg,train,processed_v3/train,c07fa46cbbeebad5ed83d5da3db17b10b687c9fb5e5569cbab0f3b37af99ac29,False
v7_train_04801.jpg,train,processed_v3/val,01100d44870a4459f54a7296695ae9dde251ecb0afd774c5e71ac88eb6d78eef,False
v7_train_04802.jpg,train,glove_detector,fed73f619d27f0c98dfcb794e7715e4ee4611f934c88cc1624c02352b261da36,False
v7_train_04803.jpg,train,processed_v3/train,1bc97f9c429c4dcf73a5e2156a1fc528128430a08ce6f181ed710893fb88af35,False
v7_train_04804.jpg,train,processed_v3/train,be17728cbee4b737431f2d3859897cb264693e0c4d3cf6812396e0f8055a2bdf,False
v7_train_04805.jpg,train,glove_detector,08c3d5f93645941584fa0cc30f20bf24ec353d4e9c8997e6cfa111dabefa953b,False
v7_train_04806.jpg,train,processed_v3/train,1ba12573c44a6f8a3004f47c423a4f61e52e7deaca23d63b7bd06049a886301b,False
v7_train_04807.jpg,train,raw/bangga_ppe,e93df6eadaaac9bfb322bfa630e6e160830343a307543e3e737947d90c3ebd21,False
v7_train_04808.jpg,train,raw/bangga_ppe,1272172440c49fd78ff4a5872d04b251b0763c57e97daf8124b2e43db2352376,False
v7_train_04809.jpg,train,processed_v3/train,6bfa2d4f299b1b27d62c275f80fde404d6841d88c1b8d5d02195696fefc39f32,True
v7_train_04810.jpg,train,raw/bangga_ppe,1c4c9ff2ed985d971dc3ba8099bc43a117478ebbac18e975c96a5755e3b56fee,False
v7_train_04811.jpg,train,raw/d_fire,f5f5646103b05e5a23fcdfdab500193bf68819d65d48543a4501940cfcb9fb9d,False
v7_train_04812.jpg,train,processed_v3/train,d531c0234fd7905b19ce6548f3f671bbbfa9e33a6a29c158aaa34aeabec71b03,False
v7_train_04813.jpg,train,raw/d_fire,c00daf84bd7089ce59aca57800363182f98ebffdccf0035e3bcff3933a34e271,False
v7_train_04814.jpg,train,processed_v3/train,feb000bec4d0d926fe92b3754476f3f5f5d63c0ed18347ef8ec5983291f520cd,False
v7_train_04815.jpg,train,processed_v3/val,81999a2cdf73f487f7b30652f77d44adc4859ba6b816d6a73e164b9dca0f07d6,False
v7_train_04816.jpg,train,processed_v3/val,f9b3464a4e6633eaa80f1ac6193379b8c1232f79bf34a6a396ec53a3272315d6,True
v7_train_04817.jpg,train,processed_v3/train,d5a87a8fc0763e475ffb2d331d0f2d0c6d374082f4e11e8fc92f938134d14bba,False
v7_train_04818.jpg,train,processed_v3/val,5ff402b246d03e57eb2d3bbf396bc3a0b6fa6b06e305c137f251c689d79a4c59,False
v7_train_04819.jpg,train,raw/bangga_ppe,b242afea4ceadb4b9593711f1f1ba959949b3745e5badfa66790abb28701e31e,False
v7_train_04820.jpg,train,glove_detector,770ec44993969cc5669b70bc9924cfef0655f123e8b54ab60b4d05aecf2c977b,False
v7_train_04821.jpg,train,processed_v3/train,ad676d91f0f1c536823040f31a7b73e0a4b841b8df55530b5e9b3aa4c33e653f,False
v7_train_04822.jpg,train,processed_v3/val,fc2155c7c465e03fbb47042a858af02a6839cc1e9b092f97f8c790921d459535,False
v7_train_04823.jpg,train,processed_v3/train,b4ff0e06c9f31a3779b02cb7b73aad21c28b2d7f4609e770da3772e04abdc040,False
v7_train_04824.jpg,train,processed_v3/train,86f5ca3cf9c3a31f9fabe3eb404048b866d456ca92e507939712359cd8e5e4c0,False
v7_train_04825.jpg,train,processed_v3/train,954890a6a1584f5f75e7bb35830bf05d4dc3dafdb3a5c1c7e03f776fb7654834,True
v7_train_04826.jpg,train,processed_v3/train,ae65c833720a849c5fc64eee58ebaea3e68b713170bd21e958835c43c6a22ba0,False
v7_train_04827.jpg,train,processed_v3/train,61f560e5c4fb8401740ba350ae3a7de5ebeda29cd41a4f101dfa7add726b94f8,False
v7_train_04828.jpg,train,raw/d_fire,14baf73fe26514dc45b9bda856f5dcfaf1d502ffd86370b921b290cf64353480,False
v7_train_04829.jpg,train,processed_v3/train,8ca35d5835a97c045adaacff0b6e061d36cc5884bf7860a7a403c5a441c5ffae,False
v7_train_04830.jpg,train,processed_v3/train,19c2dbbf6cdb316392706cd0720e5195ad34a1b605feb11e3f1e00af494298a6,True
v7_train_04831.jpg,train,processed_v3/train,346faf4446ea40590140386ae6a1d64ed5764df7e4f84ab2867b23459f9801f1,False
v7_train_04832.jpg,train,raw/bangga_ppe,89a1321b42c840a7cf6c3c54b5e6e880f49a6dfb5643ca00e8983e765a7fa2f9,False
v7_train_04833.jpg,train,processed_v3/val,3a484fcd47f6393698e43f5439b6b7b6296d8af4df8791b29fbe85a62f657ca9,False
v7_train_04834.jpg,train,raw/bangga_ppe,61e61a71099930e69296940abae75f2307d743582e3afe209e1c3cae98c87cf4,False
v7_train_04835.jpg,train,raw/bangga_ppe,3d5cfda0a3ea90c3fba5c36be1ab73c59cb008c1770f644be8753eeb6dbe01e8,False
v7_train_04836.jpg,train,processed_v3/train,b77df6aacc2c31cacaf2847d28886cfd2398f2928fe1d508e84f49a6cf596bf3,False
v7_train_04837.jpg,train,raw/bangga_ppe,e9fa245455aadedecb31f39dc04a66014fe1af64516a830b9504fdaf5b1bf136,False
v7_train_04838.jpg,train,processed_v3/train,973eb11ec403b7aa9a5db7b40c8542b020300735969bbd37c3c57ebd5b404709,True
v7_train_04839.jpg,train,processed_v3/val,4bbe9c35193693d3d4330df359cb46dd857cd6d193ee26b6c085a736b687c714,False
v7_train_04840.jpg,train,processed_v3/train,9e890d2b5e3aabccd39a45f94ef3b9018f92fda1269769e23b4da74f6c6952d7,False
v7_train_04841.jpg,train,glove_detector,d532c0c74723990ac6db34f9ea843bd509e02ee8f1e085459f430ba89d2d41e8,False
v7_train_04842.jpg,train,glove_detector,b19208f93b09ccf5160ec04828b684e3b951a3b955673e4257d909281d830c51,False
v7_train_04843.jpg,train,processed_v3/train,45b62e3f46d87e28330c9009d78a5664736c1290b132b6be89bc23c26776f0b6,False
v7_train_04844.jpg,train,processed_v3/train,a27a635226344799c6bb925290d332fe330479e4a4f29a38de7cead536a1f227,False
v7_train_04845.jpg,train,raw/bangga_ppe,0ecb8fd90912254ecc8c1e7b2ae3468ae5a232cd33da3b224ad4265b7fa7c7ee,False
v7_train_04846.jpg,train,processed_v3/train,b888f96f5218f5e74dc267b08c6ffb12983ce14651775c31a5401617c034be5c,False
v7_train_04847.jpg,train,processed_v3/val,3dc093ad3566e780fe3d7ea130ae6ec95fb19604fc2d2e9b2ef86403b0274601,False
v7_train_04848.jpg,train,processed_v3/train,b60cf57d4b82368b86966ce60961bc9661c85abcd88968c5a482749926a68cda,False
v7_train_04849.jpg,train,processed_v3/val,ec65b85c7a8d9c60762af73cf4ce54b7b11c9dafa3ededd899762e0c78689f36,False
v7_train_04850.jpg,train,processed_v3/train,8749687b4f8d007908a2124fbb6fcbef3cecab5c664cf9a282398608fcea49cd,True
v7_train_04851.jpg,train,processed_v3/train,ce0b391ca712743b4ef1349d88f7c08b5debe43195cd1209f76fd753559055cb,False
v7_train_04852.jpg,train,processed_v3/train,b83ce266b34b7f33e113a7f2e188171df7910dfa87465daa049731b3bb8f11cd,False
v7_train_04853.jpg,train,processed_v3/train,0ad7f1505fe829cae69c8ab282e2ac418e7b866a91db9224eedc80623644acc6,False
v7_train_04854.jpg,train,processed_v3/train,46e7e624f778d52f4aabfd6fd7cc10599fd0ca9ae6777c3551d2e3a4d8ac7724,False
v7_train_04855.jpg,train,processed_v3/train,1c4bea1cd3cba759370f67a7bafe19fa98d969806096249951532d674bffb8b4,False
v7_train_04856.jpg,train,processed_v3/train,744f6786bb8ede32e8a96802bf82502899bb170fe731fd0a791850e22aae920d,False
v7_train_04857.jpg,train,processed_v3/val,89983248b7cb017ab66298960f71e3c2ef15de9a3786a13f312b8c5360072f94,False
v7_train_04858.jpg,train,raw/d_fire,a82c214e064405206a205e31fd1875461b865ce910114ad8e0aa1a1457a37258,False
v7_train_04859.jpg,train,processed_v3/train,e43fabe60f500e360dcd90afd1af9015aef0adfa42da8562fd52499203b500e2,False
v7_train_04860.jpg,train,processed_v3/train,acf0b2745f5555e1756147dbd18c11d6a527eaed7680dec847e90e549faaf401,False
v7_train_04861.jpg,train,processed_v3/train,d5cd73398db7259cca79805a409391a6ed87a5c347860df1dacb1e0640781e22,False
v7_train_04862.jpg,train,raw/bangga_ppe,70f479e4cb831a3462c6d217d24ce49d3f6707df3e75e64f9ebe015e3c22fc7d,False
v7_train_04863.jpg,train,glove_detector,20628c31f7cf6af36dd41630c3050b525f5ee098b99e3450f9232ab278726c60,False
v7_train_04864.jpg,train,processed_v3/train,e4b57afe4687b17fb9a9ebfc7ed16b79970d8e56167e41a4e580be6c9da86277,False
v7_train_04865.jpg,train,processed_v3/val,a1baf6a4a963bbf4ae84670fad1f0018e6c85a240db90628b8144487fe3ca019,False
v7_train_04866.jpg,train,raw/bangga_ppe,38e7b17074da42383ce0ea9e1d25ca4ea5d5c0b8cd8f1b6b9a7d4677c2109e7d,False
v7_train_04867.jpg,train,raw/bangga_ppe,e81728dd13391e76c48f2946b4b2a5fec347aaa896d7eee04f4610f759896bd6,False
v7_train_04868.jpg,train,processed_v3/train,ab048ed9c940939a9fe067dc229ec9131fea55e7637d89359d59d80bd0165f3f,False
v7_train_04869.jpg,train,raw/bangga_ppe,ff4b27d3f46afb9d005cc0e56ed541bd45b8c3ec9d174cb737a75259862e592c,False
v7_train_04870.jpg,train,processed_v3/train,98f9ab11375566c25d8f27b328f44fc453e460afafa573cc4d9f68c8fe9f25ac,False
v7_train_04871.jpg,train,raw/bangga_ppe,36514c2601c11c930627d06f9279874d0bf62dee91d1dbab00012534cc5514a3,False
v7_train_04872.jpg,train,glove_detector,e3e00259b9e0d1511d6709a7d010f88f30922670b3612497d2982b69febd81e4,False
v7_train_04873.jpg,train,processed_v3/train,2febce949d9632ad5221c809caf55871ca5e0b89081aeefba5dbf86a2ac767e7,False
v7_train_04874.jpg,train,processed_v3/train,10686eaf5e97cc3e94b7de79756b7d17ef9b3b2679d21427ed3ea62ca0e6635a,False
v7_train_04875.jpg,train,processed_v3/train,3af7c01e87389a7185ad25a704db09b7ea5c345daff5924674d8c515b8ee331c,True
v7_train_04876.jpg,train,processed_v3/train,01344c36feb1224c36d365bf0946d548f70ebfe0055bc25d59c1cba4093383c1,False
v7_train_04877.jpg,train,processed_v3/train,49790c04bad36a37444107354aae2677f90241ce5a400ebd8315010615b0db9c,False
v7_train_04878.jpg,train,processed_v3/val,4a59300e404fc4b0b0dda7a5f0023e0f934fc9c91319a853339c4c50e3a69596,False
v7_train_04879.jpg,train,raw/bangga_ppe,a5cb87cf80ce2dd335170f201d7df22de0545dc868a8aa0957b9e4dd2465bae0,False
v7_train_04880.jpg,train,processed_v3/train,3e0de17aec4572190f08982e9a139427c121b10012dbd6a63880f7e6a541b01e,True
v7_train_04881.jpg,train,raw/bangga_ppe,1fb00be250e473a8b811e06ecfd8bbc20e5626577c85c20cf4d1966d18278c38,False
v7_train_04882.jpg,train,raw/d_fire,ac805e4a3afa6635dd1bfc63ab5e7b84c6261696b028b794a5e104506d82cae6,False
v7_train_04883.jpg,train,processed_v3/train,f43ab81c3285da82ff2d13d2ed433a3ce284ebf878b16b49d0345f767788ba98,False
v7_train_04884.jpg,train,processed_v3/train,6e1ec7b46c486dcaae76b0c98769cc0f0b9bce120928dba13b7a7bcab596e01a,False
v7_train_04885.jpg,train,processed_v3/train,7761b3e33223ec7e1bfc550ebe8e5cfcc535394ba0b69a3e7642e42bcbf51dca,False
v7_train_04886.jpg,train,processed_v3/train,0e6cf82fedbae1ec784eff80afa2813d5ec7e0bf606d5d6267bd65979da66465,False
v7_train_04887.jpg,train,processed_v3/train,b4bbb309a3c957337ef4b8c627e2a865e55b5512872aa1f57ac51939c5ff1b02,False
v7_train_04888.jpg,train,processed_v3/train,ea0561a1c5cb8f3217c0e928fe7fcccda470c1efb3b69367bd7604cb615ace6c,False
v7_train_04889.jpg,train,processed_v3/train,95ca68cb37cf471ca036c8387ffd6d415142a68dc1a239b64f86ca50fd346c0f,False
v7_train_04890.jpg,train,raw/bangga_ppe,ac6513de950f047ce6cacb487f827ea9a351baa9c33dc35a3e79a9bcde54b398,False
v7_val_00000.jpg,val,processed_v3/train,0d6e29f71a8ab49c31926908d8289d2c01d2d90e4815687e60b0b5d8fb7ff450,False
v7_val_00001.jpg,val,raw/bangga_ppe,8c02ead19a9e8635bc40f32f11779231532e7ae377b8420169fd77d92eb4ac2d,False
v7_val_00002.jpg,val,processed_v3/train,f61ccee43d8b8763df8c64acafc5ad6eed4e5c3b3e3f6c20d23ae78bb89505fd,False
v7_val_00003.jpg,val,processed_v3/train,36985f4c3996a0a7dffbbcddcbfa499d65bbb55975992bb6f8b91ef4d8f76184,False
v7_val_00004.jpg,val,processed_v3/val,988df1cd7f35f6f513146e39fb1c1b533297ffd8462672081e446b70ac1caaeb,False
v7_val_00005.jpg,val,processed_v3/train,7dcf965869948561801f18d39c2231c723e080613a2de5b6f3b6d04a65c80964,False
v7_val_00006.jpg,val,glove_detector,93b1a4c9b3ed124fd3770278ee67dab5caf236d6efb3cc4c719cb1fcab576cb5,True
v7_val_00007.jpg,val,raw/bangga_ppe,a9250ac23ca64405e5913a79507079c16596360b83e5080b9cf5ede29f8842dc,False
v7_val_00008.jpg,val,processed_v3/train,ab1c5f17325e111e157028e741f56a35c057a6b40e29239d5fa5f9e6c5eb0eae,False
v7_val_00009.jpg,val,processed_v3/train,3c84257cd489e7fe6c725d1a4d480ed0c1d2d1e4f2a8fa642222c3d4780adfff,False
v7_val_00010.jpg,val,processed_v3/val,d94fced29d9ad7873949b3a906457ae55b60d9f1c2a7b3f9ab2ed105fb37daef,False
v7_val_00011.jpg,val,processed_v3/train,d448031dafa1b84492fa49ae2192b19d6731fcd4bbd1e64f467ad6b8a1c3691e,False
v7_val_00012.jpg,val,raw/bangga_ppe,12ec5da3b2bb10b2aefff953ddfc95419f3c308f51078cdfcbeb602816a51700,False
v7_val_00013.jpg,val,raw/d_fire,02739e4650ec017a0bd03b799c68d6d8205ff0af2c3c105381dcf3ae2cb6ff9d,False
v7_val_00014.jpg,val,processed_v3/val,74af81d1d4938d668ccdb279be74af0cad3658b725ad67f55bb8fb20116e22ed,False
v7_val_00015.jpg,val,raw/bangga_ppe,70b9f212761dc11b3b6abae82618b4f47bbd0aa181d38a7e60ba9a015fc64556,False
v7_val_00016.jpg,val,processed_v3/train,17426a45ad620d6fbcc7f10c08cbceef2d56b455a20886319d02d5f87b9435d9,False
v7_val_00017.jpg,val,processed_v3/train,3d2bb1f788e279bc2f6eb3c9abad4e9ab7641c989460e38f16facb1d99113fd6,True
v7_val_00018.jpg,val,processed_v3/train,5d4e9db373bbe9a1778cd69636626583ac53abb18b2ccc4169f68e67ab6cebb5,False
v7_val_00019.jpg,val,processed_v3/train,71e1fefc767bf9a1b2dbd7868ab31de3fe4332a88f9e3cebaaa4107fc6664a6b,False
v7_val_00020.jpg,val,glove_detector,ef947b4fd81df6b8c3a45a08ed60fab5983b8862f2df6808844d88042fc12f30,False
v7_val_00021.jpg,val,processed_v3/val,cdd753b991da767af3190d0b58cefc87970afb5a73fcfc9f1b6a558d5a4cd4ab,True
v7_val_00022.jpg,val,raw/d_fire,691d065a43b594573bf9a54053cff065a5db2ac62127968613d6c132d9e8adba,False
v7_val_00023.jpg,val,processed_v3/train,d77b8170515013a72b7f30c141adf8d61ab8c42f43adaae3733509b45f8df8cc,False
v7_val_00024.jpg,val,glove_detector,8b793cdf744491908958f076fb7a7638c5d4dd8b146f977577465b1d2b21ab19,False
v7_val_00025.jpg,val,processed_v3/train,54746632cb3e8f8897ee8fe7c69f359d297f760349427cac514066bbc429b02f,True
v7_val_00026.jpg,val,raw/bangga_ppe,ba78efebbfee123b16b1acfd00a3381bd311dc4aba29c3fbc29fd159449c5fdb,False
v7_val_00027.jpg,val,processed_v3/val,71988266ce6524d7f15884428e278ebc55b03857ffa05daf0adfc21a07e39c84,True
v7_val_00028.jpg,val,processed_v3/train,7b7a32441b0b9ef2e1a3ba12dcdc55891f789f5cdf7e65ff3100c89520937fee,False
v7_val_00029.jpg,val,raw/bangga_ppe,5fa0b932ac7176c08cb2f4e73367b057954ae8caef616f099e904baf803cd55a,False
v7_val_00030.jpg,val,processed_v3/train,ec828c6dc340ffb87dbfaf666d02e8047ef668dc5224856ca96f037889626b36,False
v7_val_00031.jpg,val,processed_v3/train,42fdbd372c90aec4580e076ef65b3f5b064a9c160f4150ea726d16a3c28a98ad,False
v7_val_00032.jpg,val,raw/bangga_ppe,44e7a48a59ba95c160a22ac6da7542af77455bc2d499a69b628d8893d10425f8,False
v7_val_00033.jpg,val,processed_v3/train,ce6c4fb9f7ad0c860bb258cd34028743458de754a45e376671c8e5164a7fec0b,False
v7_val_00034.jpg,val,raw/d_fire,8e7947cf83bb0dd8292208168df5fbbee5b816a51552ece617c5c8021869dc97,False
v7_val_00035.jpg,val,processed_v3/train,a8482ed1e3fe4dcc5cfcfe6018e309d20fd09ffeec0cfeb165245f93d8813919,False
v7_val_00036.jpg,val,processed_v3/train,d97b83454c893645bfcdc311b7393b24220b0d3843f9bee81797101012d88ed2,False
v7_val_00037.jpg,val,processed_v3/train,866c11cb37e5930c49c36cab36fc0f901156509f008f9a44a2da4e1030321cf1,False
v7_val_00038.jpg,val,processed_v3/val,feca9249f66ee3c202c604531f905d62a21087a60eee4ca6d23dee36f63185c5,False
v7_val_00039.jpg,val,processed_v3/train,36093593b7e6453b7c4b382033e8b63d1218d6fb724ac3d9612c871c9279c83d,False
v7_val_00040.jpg,val,raw/bangga_ppe,3be68b2c7e3495d5b3bf6d18dd7b9b8f578e1559f7cdafe3f875be108ac0c9b6,False
v7_val_00041.jpg,val,processed_v3/train,3361bb5f6f108e324d732e7fceb2ab31b17cbaeee046ab3a039690973734e99a,True
v7_val_00042.jpg,val,processed_v3/train,f82720ed620330ceb8e9829e8a2e346832370008008ca9abefb1d217829dfa72,False
v7_val_00043.jpg,val,processed_v3/train,9b38751e290e7dd5279ed2ad777767f85bd07ab0ea2ddd503324da56f267ab64,False
v7_val_00044.jpg,val,raw/d_fire,2a24f63b6a8a05efc0ecf95ac7b13076acd4936b4d24fd5ffafa15cfad5293b9,False
v7_val_00045.jpg,val,processed_v3/val,331e2bb77ae46e22265bd022c1c39fc4618ae07a69ed137c3b96b36ae1e023ee,False
v7_val_00046.jpg,val,processed_v3/train,a188f8dcb259d6605015ce8255d3fd8a55ad7dfe3cc46136cb44f59b31b0faa8,False
v7_val_00047.jpg,val,raw/bangga_ppe,f2fbc4f8abe9a0796c42f21f85db2e717a63990f304e0f4714d55ca451df1a42,False
v7_val_00048.jpg,val,processed_v3/train,3b33d274ec52220988447717656c9f92abd88ab6b9047959387cb760228fc21f,False
v7_val_00049.jpg,val,processed_v3/val,fd3a02517979c26f4326f864935c99ae649e2ae6848083ddc0b510421301a37b,False
v7_val_00050.jpg,val,processed_v3/train,6eaf19e9ba8cec366286ba1381b1ed387694c0947ecf8046fe1d1361b785c740,False
v7_val_00051.jpg,val,raw/d_fire,499b0464770f74fe42e3c167797a7012827816f5743b23f776e81e956cfab2d7,False
v7_val_00052.jpg,val,raw/bangga_ppe,7ab540aad6bd8bb9400580de4fbab6e0e67daf2face74c7c0d89e049baa6b75c,False
v7_val_00053.jpg,val,processed_v3/train,0ff8486a6aa2d1949709e48ae3a186c466cd984b990cfeee6d02ebcec8ebda18,False
v7_val_00054.jpg,val,processed_v3/train,198c4c1680e22ca1ce0ff2228a6caeb35cc4e73cb0db9799d43c0f4a98a41004,False
v7_val_00055.jpg,val,glove_detector,8543b3d291200198ef16a76dd1ed817ef56e6c6f38c6a55407598a7c9618088a,False
v7_val_00056.jpg,val,raw/bangga_ppe,cec2244e81845d900d3803710d5d8fcc1efa527afa90a36e8d229cc14a2c2f75,False
v7_val_00057.jpg,val,processed_v3/train,e577091b49f4a8287b142002f9f69e96a1936d2721130e30f045736a59e5343b,False
v7_val_00058.jpg,val,processed_v3/train,3d0d597113aee967882e118ba1dfa129e08ea1cc237324c66884c0e5cb1bd578,True
v7_val_00059.jpg,val,processed_v3/val,9b4b54f72031c14623554585746e6da419a1c7c1150d98c601cffbaa68afbd1a,False
v7_val_00060.jpg,val,processed_v3/train,af7cf8023e6864feebce6f4dec93c47d04714b9014ea98c1118c5dde715bcbaa,False
v7_val_00061.jpg,val,raw/bangga_ppe,73789320b1e2f4c34b54dd7d71e65bce23e3687c32c52cac03bdc0a3be4578ed,False
v7_val_00062.jpg,val,processed_v3/train,df6bccd643c76811573623ff80117a30ca2764ddc9bf3efce5c749f02293971a,False
v7_val_00063.jpg,val,raw/bangga_ppe,c50e5dd006b6c352f01fb4fb262dfcfcbb71e4bffff2d40d457f770ba5ea29d4,False
v7_val_00064.jpg,val,processed_v3/train,42a5384360d2a8353bda35c8236b5d6e4357b1e8b57b85d53e5d3de8b8aecb58,False
v7_val_00065.jpg,val,raw/bangga_ppe,1d918bfbd720f3ce107e5d75fd6438b6ea5af9e519122325464eda39e29ef2a0,False
v7_val_00066.jpg,val,processed_v3/train,7bb459c15eb79a0fffff5d8f78b2da801c857aad6b07de1a983bc7f628ddd190,False
v7_val_00067.jpg,val,processed_v3/train,584e378afb862ccb61a245c6ac6a26676c3067d97b5d1310c562a87ea53e6388,False
v7_val_00068.jpg,val,processed_v3/train,2a3f02b11d26af591fca7f7df5ada896fc86cd4211cd0f7d6b8831f62d169343,False
v7_val_00069.jpg,val,processed_v3/train,d9d79a2c3c2fc9011dce60ab1bf3e3f9b206b4ea186b417953f15c10b0d1d715,True
v7_val_00070.jpg,val,processed_v3/train,5bbc14bc0fbafb6dd5a12f2de59bb463cdcf10a4f25a13cb3b6629a112e822fb,False
v7_val_00071.jpg,val,processed_v3/train,541df4e6229c991062b7f962599d63da13e81b367907d586e9801d878f731f04,False
v7_val_00072.jpg,val,processed_v3/train,289f5b769abbbea32c5f332930f479aa0ba24522c898b4e4434b8028bd66b73f,True
v7_val_00073.jpg,val,processed_v3/train,8073ae4ec84fe5c87c61a5e10ae9316b0525039ac903b3b718c10fc2603171c3,False
v7_val_00074.jpg,val,processed_v3/train,22707f6749309374ec41f592735671525bff11d0c2308873ad17fa8185683415,True
v7_val_00075.jpg,val,processed_v3/val,e89f03061d9384c0b00c87ccc15656a2bbceb9aa51401ea6415f6c18c7370d36,False
v7_val_00076.jpg,val,glove_detector,a787aa4f32bd75f704d7b54845192e9f7fa38a378e2cfd274d9c324a54c78505,False
v7_val_00077.jpg,val,raw/bangga_ppe,860f3cde313bc4b3d59c127789d2bd65f06eb8c53dfb2afc5f8995e6008ab80d,False
v7_val_00078.jpg,val,processed_v3/val,b25ff2935a48de54112dda5b746adc4f9c32fe9a5f3835feb7f913a3ea82e405,False
v7_val_00079.jpg,val,raw/d_fire,a069401b6705829aaede82ac89d7c4564f8cb62943e02e397d96d2c05862b225,False
v7_val_00080.jpg,val,glove_detector,20918faeed5dc8ac39e511ba7a5258cf02d63ab1bcdc6d655906e7d9dbb0ab0a,False
v7_val_00081.jpg,val,processed_v3/train,f5e41380ff8e14e6f45fa31f71f127b12f92edefdd3c6bc89fc77f6662f146d1,True
v7_val_00082.jpg,val,processed_v3/val,ec7ae49815a49c8ddf8c553a8d1976b5fe83d2646517683bed1ca12bce3db94a,False
v7_val_00083.jpg,val,processed_v3/train,b06ef67f46aa6492c0dfed9ed80d876253bfdeae00664d87951a5594385568a8,False
v7_val_00084.jpg,val,processed_v3/val,5e99b6b3984318d2bf4633cee69dbc098a5e5f02b2d44e3035a3e5313703d75f,False
v7_val_00085.jpg,val,raw/bangga_ppe,f1183f344a6ccf717d55427095f903d04da3c33c4085abc1bc86d0347344c09a,False
v7_val_00086.jpg,val,glove_detector,236b938df350ef61a76b59587908ec467afcad82f6fe45275b28b3afcb7996fc,False
v7_val_00087.jpg,val,processed_v3/train,5cd148a19f4d973b6e4f9a8692f4a48664ffb2a1611e55692b9e2d9b4c2b3b2f,False
v7_val_00088.jpg,val,raw/bangga_ppe,2f5e3b74aa4747225e324b7cce2bb4bb417645bdfec3ed6162eb1b0959944220,False
v7_val_00089.jpg,val,glove_detector,4c38378303ae71890c32f420b4f7a38cdc6ffdc099bc2628403216d18398d6fd,False
v7_val_00090.jpg,val,raw/bangga_ppe,a6800335cf51641f52551263b65ecd5dce4976047e97556c48e6cce6270008e9,False
v7_val_00091.jpg,val,processed_v3/train,0985f2556ae4a70cf27eb9c29531c171529936abe02ff5e587f234c98c70fc30,False
v7_val_00092.jpg,val,processed_v3/train,30ad02c137a8ee579742e63f29fb15eac07a5b0eb6fa361618f20122750ac686,False
v7_val_00093.jpg,val,raw/bangga_ppe,2199230dacd61a36c42785a37b454504fbb6a61ad5b679488366c548cebcf5db,False
v7_val_00094.jpg,val,raw/d_fire,b22bc3587af622045b704dd2d2a36753231bd7a8b03a9b0a8883efe38643a167,False
v7_val_00095.jpg,val,processed_v3/train,463fcaedb78ec82ad10850a7bb6575beb571ff95e8060bc669f81413afabc842,False
v7_val_00096.jpg,val,processed_v3/train,4f06f2eecfd84dedec89e2b4e602f1456df9204e0956e754647fd7309666019c,False
v7_val_00097.jpg,val,processed_v3/train,5bc2e2d5532ea715d6b802d207624e911af9a8b30667e0a37080b71dafe59874,False
v7_val_00098.jpg,val,glove_detector,2c83ae8ac718ac413bae267e4bb8e52d4d4b838bbd09de72a6ded8cce5c6e936,False
v7_val_00099.jpg,val,processed_v3/train,a14ef3bb38acd5b04453da078624f8561ad2f384ce2018c5111c87999ce3c120,False
v7_val_00100.jpg,val,processed_v3/train,28c96edc363b9099b6c31d695808d8482aac584cbc827655b2fceb9e9a32efbf,False
v7_val_00101.jpg,val,processed_v3/val,0b510df3c55e49c4169b6b8daa9a556c665ea2f6d93568505ca2f1eb873aa798,False
v7_val_00102.jpg,val,processed_v3/train,56434d70eea5f945f4152553b8b5c15c03f52bc9931c1236b38e96e30dc6972b,False
v7_val_00103.jpg,val,processed_v3/train,fa6825e5ee97c3805fbbb7643e32fc669e84759b262456d4c8684c6c0a1ddd7b,False
v7_val_00104.jpg,val,processed_v3/train,a408f87b9ce85ed00b78fbc753721004c75154e5b369b4151071a574dcbd4e31,False
v7_val_00105.jpg,val,raw/d_fire,4fb72e77ec112b4e6a1a271959c5cd9e7fbd75cc64d9a5279ecc8e08ec7e42ac,False
v7_val_00106.jpg,val,processed_v3/train,d901686cb0ea5edb0eb54d4c7d36f8dd93463a5942b28f1017033101f9d20d8e,False
v7_val_00107.jpg,val,raw/d_fire,f9d6b9611d7af1d1dfb449cdc93e436eef22b9b56a0af7e0b273e5465303a2f9,False
v7_val_00108.jpg,val,processed_v3/train,7d5fbf80b8c4b4d26fe9aba620cc25dcd0cef8bbcc5bf9dee30297bed52117a3,False
v7_val_00109.jpg,val,processed_v3/train,aa787e1040b692f647e151e38a2d00ffd7eeb8a1137cde7010dfc28fbb26056f,False
v7_val_00110.jpg,val,processed_v3/train,62c0f246c68e57d6db40ea74083dffea1ada62dd91e2cd818f1ffb45a3949272,False
v7_val_00111.jpg,val,glove_detector,3e3c5055df68588adfc3b1ef6403d9ab26a41f9d9211a1769845c7757f4d611d,False
v7_val_00112.jpg,val,processed_v3/val,f701583bc9f23bf7de667dfb701305665a5f07eb3fd0264dadc7e068d18e0c9e,False
v7_val_00113.jpg,val,processed_v3/train,18e0df4bfec193ebbff5821f4e8c2160ca565d2cfd27f9f897adfc20eeec18f5,False
v7_val_00114.jpg,val,raw/bangga_ppe,e2f4aafbd7e917117d67337ea1a72cc4098ed83c8af216d49aab121d24c84d17,False
v7_val_00115.jpg,val,raw/bangga_ppe,cedce512fc56b53680af5046b1faf01d119e3147c8a0ec98ec18816483ddd00a,False
v7_val_00116.jpg,val,processed_v3/train,1db5d64d283b16e2ebcdf8854e1d23a7d22a3a0589535b922264a63cdf1a5ef0,False
v7_val_00117.jpg,val,processed_v3/val,4ebb68b85de084f73cff3d8cb52c281ee9071bb61db9ce5937089566741b6e87,False
v7_val_00118.jpg,val,processed_v3/train,be4a0ae873c55f925de6ace12d6ecc184a9192059de2a541aa9b82b2582d5a32,False
v7_val_00119.jpg,val,processed_v3/val,b15c9d02d016668964ec24cac0c478889d4049a28fe03ad894c71db2bebb96a8,False
v7_val_00120.jpg,val,processed_v3/train,8763a37bda82696241104e6ab89ce7c94d88695557ab3051d11202db260f5e85,True
v7_val_00121.jpg,val,processed_v3/train,91de47770966ed1705acf41dde16d42d6b2b19de3213d3a8cf58fe6504d2f613,False
v7_val_00122.jpg,val,processed_v3/train,7ac2b843ff458b7825069f4cb176d6e11f2cf795e75679283703f1006ed75626,False
v7_val_00123.jpg,val,processed_v3/train,2892d7dfe83b0e7bf8032f5b6bda3a2d031293a5679a3118fba688212d8d1384,False
v7_val_00124.jpg,val,raw/bangga_ppe,a5bf159a4b5a262669df50d3d3a847c6a0c9a5a2e5954004d8c29d9a81048718,False
v7_val_00125.jpg,val,processed_v3/train,50f76b515b95704f544d50cb2c5f41031cd69af32aca221f8454bd11ae1d3dff,False
v7_val_00126.jpg,val,processed_v3/val,28f9edd5205a265f28a59885e4bc49aad77bac08a6028ee4cb732d4aa3703ff6,False
v7_val_00127.jpg,val,glove_detector,6f7296f4456f1002dc1014fcbc65d02d067a837d97326bc094dd9f2523680c1b,False
v7_val_00128.jpg,val,raw/d_fire,8e068a3c6b02ca0b4cc1cb78e1919fd7de44a8641fc1b2af0306ec82e4bb7759,False
v7_val_00129.jpg,val,processed_v3/train,6a0995d49e02d0a41e1ef11106bef248299de4fb738fe50d11efdbe6ee95b5dc,False
v7_val_00130.jpg,val,processed_v3/val,c5838e057512a5d935da14b037c370464e1e900e848a4ec66208d319b34908b4,False
v7_val_00131.jpg,val,processed_v3/val,c737a36c078af64175e4f916016ad28af11159090166bf70fc934995f5d4af23,False
v7_val_00132.jpg,val,processed_v3/train,beafec0e0a0e91d43cdbf46f6f57bc4240bc7950f54006beeb8a198913ae94cb,False
v7_val_00133.jpg,val,processed_v3/train,9dfeb3c9ef5b88f690278948c93d2894234204d0b5865802ddc7121aa76a133e,False
v7_val_00134.jpg,val,glove_detector,60884db8f211541afbd149348ea86d366a15d1922b313a0adabaeed330bef478,False
v7_val_00135.jpg,val,glove_detector,0e8790822f7efa07932a9c5641e8f5c4883381fd7fe71e828002bd2b38972b2f,False
v7_val_00136.jpg,val,processed_v3/val,b7c5560748695cd0f59e335f3a50e1d8e67cf9a01690a214b585fd73df4a16ef,False
v7_val_00137.jpg,val,processed_v3/train,e1bc4d7ecffda407c85fb3482f05e6787129c08ca8ae7e1a9e9e303bf896cc43,False
v7_val_00138.jpg,val,processed_v3/train,73fc42b7d4c2ee82043cd38d95b01c5a91e65663e07e97f838ec3fe6bbb72233,False
v7_val_00139.jpg,val,processed_v3/train,763a580f3df424f74789ac467b2d286556ed21e37406c779aa5b404e5416a9c3,False
v7_val_00140.jpg,val,processed_v3/train,b9032304e187a2cbc0594d9d7951109e3deed048cef3a2c2206248fb6e3fca1b,False
v7_val_00141.jpg,val,processed_v3/train,82e85a6d414adf0ab00e288d806f4704627ebd8a5b53784222708de20bc2c634,False
v7_val_00142.jpg,val,processed_v3/val,519d4c93a270a6ac41efd20657e4407433bafea2cb668c8b9f0b70a8dd95a732,False
v7_val_00143.jpg,val,processed_v3/train,4d3301fae93547930325e805304d454e141a03e0b19d8aeae0307922c6028b7d,False
v7_val_00144.jpg,val,processed_v3/train,c8578568e386c4d3d522f22669953195567206ca2923572368f276eaebcff545,False
v7_val_00145.jpg,val,raw/bangga_ppe,b14c8430ece25e81fa10bad8db0b88bc069f998feab3d4a9829cc6449c6c1510,False
v7_val_00146.jpg,val,processed_v3/train,b2deb170df6335d1fdb43ab81382223be9a6eaeb783b5600e218af0fd297dc7a,False
v7_val_00147.jpg,val,processed_v3/train,33e19153646781e403c88df60b2826abb19f490a42796684d076cb499c71d3e9,False
v7_val_00148.jpg,val,raw/bangga_ppe,f512791296990b2350f90904273ef759fe67e059dada9af955dcb7742e06b4ba,False
v7_val_00149.jpg,val,raw/bangga_ppe,349b894d1c8b3107ecb5f1f16a6bb1221eadbc88a20be206557f5832f0b0998a,False
v7_val_00150.jpg,val,raw/d_fire,0e0a5cd5911abf0926000066f3b1b653e2e48de220d1b8087ec2e50807d1fef4,False
v7_val_00151.jpg,val,processed_v3/train,2edcae89697d8f56df3693b34eeef42b9573f547d2b5d1765b6d04c98bdbb903,False
v7_val_00152.jpg,val,processed_v3/train,a74f6d30028428f1f294be72b59ca26ef55c7280bdf23d6640694e37dc92d7a9,False
v7_val_00153.jpg,val,processed_v3/train,b10b0d9f029b8f17ee10fbfbcac054e3ec20fa91201ee0255f595c4f463f5fa1,False
v7_val_00154.jpg,val,glove_detector,a86ddd6ee0c3e967d0b5296ba9e479b8f3eeb3211a65130d48f14b8a75c88770,False
v7_val_00155.jpg,val,processed_v3/train,0e8a43043016b811cec11ee3d1ead6d60c52a5127cdc3a82dfbcb4d31f67ca2d,False
v7_val_00156.jpg,val,processed_v3/val,3cbffc1cd31846437b0e69fef9fafd825b0414fee44b30f8216646162a198d1a,False
v7_val_00157.jpg,val,raw/bangga_ppe,dd9c30f56e8df4e2644f0b3ee4f38b9fd542ed92294a03618bbf95fc1eb7bfb7,False
v7_val_00158.jpg,val,processed_v3/val,71ddd83bf2d040547f4964464e6d0b23c97ff65072b261033b7d00743358cde0,False
v7_val_00159.jpg,val,raw/d_fire,ed8bb824bf6ed2f194af8257c750121cd6b711a502f455458675a4305270490e,False
v7_val_00160.jpg,val,processed_v3/train,c151e6380312bf6acb72e4916b835165e3d7dac09b6012b21914ef9ae0a2570a,False
v7_val_00161.jpg,val,processed_v3/train,96b148a18a614182e882d4255349aff9b181766d744ebadc0afc13d5c36cb4f5,False
v7_val_00162.jpg,val,processed_v3/val,0598313f29f15be703355c834d611415d904b14f2482cdd1a2c3fd26b3afc067,False
v7_val_00163.jpg,val,raw/bangga_ppe,df658d3cf9ab3839366c5b7452fc42c732760301a812d58f5b85f852e7b3cc8b,False
v7_val_00164.jpg,val,processed_v3/train,7f05ff2502a732490a6f200b4385541f240375626b9b9182866ad971718ec73e,False
v7_val_00165.jpg,val,raw/bangga_ppe,bfede43c179084ed27dc77d3318219f64f60be4bc741499a8af765e0ef99ef54,False
v7_val_00166.jpg,val,processed_v3/train,dc6b390c185a6d7481c6ee7247f8f4ff1d22287047ef69b9805a8cb79e5cb6dc,False
v7_val_00167.jpg,val,glove_detector,fb00c3426fa5abce6cbf90ad0adc1e98aee5f39cbffab4815dd26f2eb709d2d5,False
v7_val_00168.jpg,val,glove_detector,2075c6963b950eafdd1c0e7b4f235d66660ac9700b723bf59ca3ee3ddf190fe6,False
v7_val_00169.jpg,val,processed_v3/val,40bdc85c49e6d125df9aa79daa25133b2e46ec0d6781e18f95019699bed87757,False
v7_val_00170.jpg,val,raw/bangga_ppe,776cb87828fcc1c12239d8855cf82bdc1d9184bffca31d7d8af4776961853890,False
v7_val_00171.jpg,val,raw/bangga_ppe,3ba4350c7f8b5d8925c91656071ec71315ed0d902181f60a2315649ae5bcc512,False
v7_val_00172.jpg,val,processed_v3/val,93c6efb8d1c9baa31047c8b30759f7aba8304b295343101420a51dd1a97af194,False
v7_val_00173.jpg,val,processed_v3/train,ee17e4106b363b683b61932b00a391acba249364acdfacef0188cb3364c6063d,False
v7_val_00174.jpg,val,processed_v3/val,2690abce99af9cef6438219868433f48f3fddaa89d6ece013c61a11a4e5b6bd7,False
v7_val_00175.jpg,val,processed_v3/train,94c99a5ec2a0432bb222c6ab532bb72de4fe96547535081a77e8140f4e7494a8,False
v7_val_00176.jpg,val,processed_v3/train,7aeb24f65f8d0befd13aa51b2532eee9182dde6b8d0d0e1edde6b63d21de9ceb,False
v7_val_00177.jpg,val,raw/bangga_ppe,5f6c44be77a2f5676762c9e9cc1dc6d6e610ea602a9c370714c9a9abdb034291,False
v7_val_00178.jpg,val,glove_detector,e5bfc80d62c3011d764c4cc8db94afc3c4dee0665ac8b10b5704cb81f85d2224,False
v7_val_00179.jpg,val,processed_v3/val,4dec0ef0e66def97b67e7d47369d04e62bff3e0e65343c2f88619843054e751a,False
v7_val_00180.jpg,val,processed_v3/train,ca30f9d0d8b96946774bb36b9e51dbee6e7d30a07e3a3c4500a737c8db571c1d,False
v7_val_00181.jpg,val,raw/bangga_ppe,e0265e6caad969ded852b29b37a3e2e7f1ad6c646c1817f0d216b82044d3c6c3,False
v7_val_00182.jpg,val,processed_v3/train,cb964727861ee0f896c96f02ad374abadc0cb0a99b7a4fcedefb38b036d60bc7,False
v7_val_00183.jpg,val,processed_v3/val,e6a64859299b5b837ec068f4341a91bd93cfb7b21c0a82440beb54145944799a,False
v7_val_00184.jpg,val,processed_v3/val,51e237d36fa3817bb342443866cc902b877615efd28b4521a5ec04455443829b,False
v7_val_00185.jpg,val,raw/bangga_ppe,14fbb384b3401b1870404fd20ca682c023f63f09a650d0a048e02ec40a3de333,False
v7_val_00186.jpg,val,raw/bangga_ppe,b5a048d053523f0f2ee7c80f8c5062b11a15bf38f1581efee4dc93417f4cab2f,False
v7_val_00187.jpg,val,processed_v3/val,947e9b976c917ce0e5d697231c9ad6b6a9464ca4366f9d7382ce3e0657eeddc9,False
v7_val_00188.jpg,val,processed_v3/val,12ed616739e76a90413c290effacf920108cd126d20c1592f16ea906f19a56ed,False
v7_val_00189.jpg,val,glove_detector,1376eb80057f15d43afe10d7372369cc53aa566e24565ca734241faee2491da2,False
v7_val_00190.jpg,val,processed_v3/train,334b6e367206181f26235bc0a35fd4e76a3ba09d1864777aad21e16f2448b7a8,False
v7_val_00191.jpg,val,processed_v3/train,0949a08de1cba96eb71895dfbe8118e3f19bf0dbc2e857ea80ffea6a533b64f9,False
v7_val_00192.jpg,val,glove_detector,1af6f85925f5e5cdaf6dfbd688b3f285334f70ae7b61023bd0280989b77540e2,False
v7_val_00193.jpg,val,processed_v3/train,77b94b2add48890ca73b2bf72ea5e2b0c2f809f7387017526ced2d72d04c5c3f,False
v7_val_00194.jpg,val,glove_detector,3c883ae7a9d72c6656ab5a6943a4a25d85fb4bc1bacbed7557d43eec8690b21a,False
v7_val_00195.jpg,val,processed_v3/train,ffca77e510aa04850b6c8b6771d2b046affe90ba63de8fe7cc44bd6a546746a0,False
v7_val_00196.jpg,val,glove_detector,20d8890d035937ef5e1ece3ade21113a22ca1f1ea2de53d510d5aca4b2a08416,False
v7_val_00197.jpg,val,processed_v3/train,d063a2deee41b94477ff38413ae8e5bc82f9f2a879e7581baf91a0a417ab183a,False
v7_val_00198.jpg,val,processed_v3/train,03ee8b4fb38e51ab3010426589d95ad1f865bde614e8d80dcd43312d0630f247,False
v7_val_00199.jpg,val,processed_v3/train,a5621b37295cc59e82b9457973252f00003f967c51ad215dc9b4c8e023fdb9fa,False
v7_val_00200.jpg,val,raw/bangga_ppe,1fd2fdfe9d44c8205e8df052718ed9607e44c9971d26babe2d980c0d8d5c5a7e,False
v7_val_00201.jpg,val,raw/bangga_ppe,a2599826d9adb13cb3a47ec003090e7b73db291c028f064c03b90c5960ad6ad4,False
v7_val_00202.jpg,val,processed_v3/train,65b733c01d8890cc2e299cd6d9e407cc8b8cb01ee7c7f0e187c443c8106c78de,False
v7_val_00203.jpg,val,glove_detector,e5a27476709d5f5b80922a21e7dddf1bc970a33746c0f36d02f969d744e50b33,False
v7_val_00204.jpg,val,processed_v3/train,4ca60e1f8af92870c8fb94bcdfb2aace2881fc6c4c8937f9e987d5cb0361520a,False
v7_val_00205.jpg,val,processed_v3/train,fac2f92dc788d53591c6422b3318dda066b0b29a11011de290c94c623c1a9890,False
v7_val_00206.jpg,val,processed_v3/val,51b803ac65bc43d797c5716cd2a32944159b70467a27ad9a8ff59ca3f594ddea,False
v7_val_00207.jpg,val,processed_v3/train,e9f68263241c13644195debcb15228b368c8178433430091789c38fff95b632b,False
v7_val_00208.jpg,val,processed_v3/train,eaea39eee6f88a42e9f53484c1537418b81d12bd3136e0b6aae0090330f82b20,False
v7_val_00209.jpg,val,glove_detector,119754ad35a40f8de068ae1293bc89da1098ab046a02e468e53dddde0b844548,False
v7_val_00210.jpg,val,processed_v3/train,b55c093660de59a3b239225e23c25266ab6abd2874f5c78000165390c1e26e27,False
v7_val_00211.jpg,val,processed_v3/train,bc3b9f5da1b50c1428e9e81886fcfe7d1e4c4f488ce9aa2a2d853f7805bcae06,False
v7_val_00212.jpg,val,raw/d_fire,d8163e6e6f30afd9e74553ab41de59a3294c7d02239fe546297680cf62dddcc2,False
v7_val_00213.jpg,val,glove_detector,3096bdaafaa94637b8f522ab775d6d798e98a123c4e6bc27429e92c7cd2bfa27,False
v7_val_00214.jpg,val,raw/bangga_ppe,c5f5200737fe29b006ec57524afe74c7d6bdfd1515c5ef9357f53e95542462eb,False
v7_val_00215.jpg,val,processed_v3/train,5afdfb7decf787817238ea8d895b1f9ca2b2d4b45490a7f3b858c6528d1190b2,False
v7_val_00216.jpg,val,raw/bangga_ppe,dd2de5782c2884eb0e7372079a3184c14a3713d38f1e416eda7e6361ecbfa02d,False
v7_val_00217.jpg,val,raw/bangga_ppe,5a9d83ef7bd70bef67b408289284451fa136fb2b49fa09b5c6e9f568b693f93d,False
v7_val_00218.jpg,val,raw/bangga_ppe,988fb45dbd17e912e4dec602a64c725b2a950c8b412e0b070d7f4acb020452db,False
v7_val_00219.jpg,val,raw/bangga_ppe,2f369ab159484e39b8a0124c00fe4a289c46b0b237895f4ec3d0ebeee5e8e988,False
v7_val_00220.jpg,val,processed_v3/train,c4263ec2f5ac434f26352528f4d1e483dfd011484902d63f3c7b38a0fac507c8,False
v7_val_00221.jpg,val,processed_v3/val,6e4b217d9ae8dbab269ca39c3b022c6773b6f7b932aa51102d5a0e4a5b90377f,True
v7_val_00222.jpg,val,processed_v3/train,fdfd2d3152d3cbbe7420920629c50aa88391cac5a7653eee9210aaa3ce405117,False
v7_val_00223.jpg,val,raw/bangga_ppe,b9420e382e36dc75f8a699023c7fed847ed8cb38bb6e1a1117a506ec068e1c23,False
v7_val_00224.jpg,val,raw/bangga_ppe,cf0ba5f08200c85040699bb9ed8091afdbdb26f00416efe24b2fed5344489608,False
v7_val_00225.jpg,val,processed_v3/val,0b78a7b5316825c9685f530d4feec9007f484a723141010d674717eca8fb4593,False
v7_val_00226.jpg,val,processed_v3/train,b52ed39ad2f81e76042ba7c0ba5e44012a95fbc5b926627bc09f116bbbd16d74,False
v7_val_00227.jpg,val,glove_detector,b3ced571b4a8429d75fd30a3f09a0b6b7d8a118374d6185ffc576fcd6661ab49,False
v7_val_00228.jpg,val,processed_v3/train,89b2b8f37eb5447f9cd02ea889ec6600514abc39a4a5cc6ef520a4a45ae3f8a7,False
v7_val_00229.jpg,val,raw/bangga_ppe,755b10e7fa48dd3db58a0f42d871e3937702aecdefd0702f17246552e73505a9,False
v7_val_00230.jpg,val,glove_detector,fa87601af5cbddc6eff7265bfbf37d322ebc10c8e9190f3545c3a2e90dc38514,True
v7_val_00231.jpg,val,processed_v3/train,9403dfa043a1054912e9832a23061d8916bb823f72d247232ea3f084f399d9b5,False
v7_val_00232.jpg,val,raw/bangga_ppe,61d253acf11a1f394d1fc4dd85cd2e72e48caf52e5399281f42aebc19a89d7ef,False
v7_val_00233.jpg,val,processed_v3/train,02ecff11cc218d5163462474d5e5c5b350dfdab6b59279b1964d117fe1c32e45,False
v7_val_00234.jpg,val,raw/d_fire,0e52c7b62180de7407a03d0916f58639d36576fba0d7e7e4d43fbfae5f4a9e33,False
v7_val_00235.jpg,val,processed_v3/train,f43596cf97df5575bdaebee3272ce0240d96c193e03ff567b81084949afa4d8b,False
v7_val_00236.jpg,val,raw/d_fire,c841e20db56ff88a6b7be59384a094864fd0aa8f3693f70e428f1d8135446fed,False
v7_val_00237.jpg,val,processed_v3/val,80ad481d68155aa1888d0cfdb5cb32330e807b8502017babb584274f5b91df0f,False
v7_val_00238.jpg,val,raw/bangga_ppe,49728bf3c965168ba7d0136cffc7540ce7ba93bd65cfe945efc08f44b26898ee,False
v7_val_00239.jpg,val,raw/bangga_ppe,25ab49850be7794064611f5d7ed9e0ae623a83da451cccdabec69c29dcc116e5,False
v7_val_00240.jpg,val,processed_v3/val,1e5330a80be8e54e674fb91c9adf7f215bcf6ef9a1e34d0cfbb58ac343545bd3,False
v7_val_00241.jpg,val,processed_v3/train,3fe2d0571d6cf14752d924d94c07003daa4e3468d14761f58f5b4ed76e8ec485,False
v7_val_00242.jpg,val,processed_v3/train,22ace87e64a0ef11213d1acafabd12284e4c4fb00db17b746d0b58fc82920cf0,False
v7_val_00243.jpg,val,raw/bangga_ppe,3ada48588397d4dba7520663dec2d9d330dc099eeaf60b211e0acd876b33450e,False
v7_val_00244.jpg,val,raw/bangga_ppe,bb4c195700af3fbe9bc9e8767234cf9fe5b3d239d4f1f2696d4df6d003bf5df8,False
v7_val_00245.jpg,val,processed_v3/train,d664ce1d1c95f5bc14bfd6e4ff85b8c4f11a4d770b67f3bc3b0fd892cb45a371,False
v7_val_00246.jpg,val,processed_v3/train,cd7c3b5a4b41945d042da61d03b2ca9ebd9ea9aece1fedd81b4aa233d6343b50,False
v7_val_00247.jpg,val,raw/bangga_ppe,40a64e921045f0bdb52bbb3f428e7f05920d576b513636d64bfbd8c0f1f8b05e,False
v7_val_00248.jpg,val,processed_v3/train,da00f57ae19977f0ed2445d3b797599fb75d9d9307f4424f03ea09085758e4bf,False
v7_val_00249.jpg,val,processed_v3/train,72895f4695d9ebfd2f446a63cb2387075b31edeb425d20eb241f538ead5d77f7,False
v7_val_00250.jpg,val,processed_v3/train,518b6ae807425bc3f094342e95bf50d4787cb4a43774725a2648390f63e0cef9,False
v7_val_00251.jpg,val,processed_v3/train,e92672137004f05e84a57d97818c9713b2c01dc54ed0ac162ad13ac1a931c40b,False
v7_val_00252.jpg,val,processed_v3/train,0fe877c72a99a9bdaabed1100dbffd80c5a00d25585200b0f82bca22fa0aa151,False
v7_val_00253.jpg,val,processed_v3/val,c09096c3f189a39fdddfea874a1c27bccede0083316d53156023503e39ea5a8c,False
v7_val_00254.jpg,val,processed_v3/train,d0ae12fc787858bc79cd494881c96f86ade23064f7fdcfa880c399203a040ac2,False
v7_val_00255.jpg,val,processed_v3/train,0ef32b494521f049dcc9c50896b7986413761ddbb7781007c52a7fb6352369a4,False
v7_val_00256.jpg,val,processed_v3/train,7a794e02e31f35906fc1bc94c6e18d6dd6beeab8327dc3a7ab24e90306f80aa1,False
v7_val_00257.jpg,val,glove_detector,69dd2ce347b75da19449f0fbdda791ab8d74468b58c09cce0d0e3bebb7b271e3,False
v7_val_00258.jpg,val,raw/d_fire,40026df37e0d1255a8320a8178e5dce0198625164657269b3c64d3b939f5f9c9,False
v7_val_00259.jpg,val,processed_v3/train,b540c4295450b48994df1414c067600f3db4be401fc9d3f8169743f1e5194566,False
v7_val_00260.jpg,val,processed_v3/train,0d2160b0960991619f3a34b390042fefe6b776cea6648623b0de354c93a4b08c,False
v7_val_00261.jpg,val,processed_v3/train,0778cf524f285e8ced689d93a7fcf69fadf5cdeff694ff730558224eb9815d04,False
v7_val_00262.jpg,val,glove_detector,944ce64fedf14eff11ad1b8e6541427884a85161d46bddbfe55960283a38160d,False
v7_val_00263.jpg,val,processed_v3/val,509024a945f4e8c5ae3edcb6254c50d00dd29551f8895603e141d48d59860358,False
v7_val_00264.jpg,val,processed_v3/train,7bbec8a59c012f47a55c9dac4979c108d5e35196258f637214fce799d22f661b,False
v7_val_00265.jpg,val,raw/bangga_ppe,f98dc63d682d2dd0a0aed84823faaf1177b33f961ba2dfaad5d9a3ce308e4a7d,False
v7_val_00266.jpg,val,raw/d_fire,8f531be3fd4cc75ee16bd328ac542b334697f76d80034078385d8bab1bf7e8d4,False
v7_val_00267.jpg,val,processed_v3/train,f7d178b1525d1fe534d48c2663e37fdb8699e657fc03389ad8886f2207d45669,False
v7_val_00268.jpg,val,glove_detector,5e2fbbca872a870aaaddd8c5483d3bd0bb2c63532441b5cc67b32484b7a58126,False
v7_val_00269.jpg,val,processed_v3/val,76b0d7f55bc0f0a1e3c2b4774c65b7c7ccaa5249a0e597d6eac794abdb13621b,False
v7_val_00270.jpg,val,processed_v3/train,58a5ba80427c7c65bcec15bd483f281a436bc6216309d43d711ec97d0c9fe7da,False
v7_val_00271.jpg,val,processed_v3/val,da38b04d39b63f86ac0cd343ce077d7a4d4ea8ef1f9b5cf1ab30c95f487e643c,False
v7_val_00272.jpg,val,processed_v3/train,0e8292b7354c8285cbc0877a0b80180a47ec9b3b7164e928f489f153375fd5f6,False
v7_val_00273.jpg,val,raw/bangga_ppe,2d23e413ad5719b2d8af5e4ab551791e90d708817c33ef3e8c55d02cba5f4b75,False
v7_val_00274.jpg,val,processed_v3/val,a3a29af16de8c95cc29b7a91fa247c5ad842e146cd0e16de1dcd74467fa8c579,True
v7_val_00275.jpg,val,processed_v3/val,fa2ceeddb07f9d7a3e1c579db51ddaf1dc3106cde74519ec774c723f2aad3a21,False
v7_val_00276.jpg,val,raw/d_fire,9bcbc49eaf0785ec21bf823d04585bda28b42d8eb050a588011e3475ecf63fae,False
v7_val_00277.jpg,val,raw/bangga_ppe,3821b6419d388a23b046b55d704294190b70c7fb23158aae22ada25a38d3fd09,False
v7_val_00278.jpg,val,processed_v3/train,69909c2ed286618a3d553673d13a08092bd748977b9bc04febd2ea0d01aa9923,False
v7_val_00279.jpg,val,processed_v3/val,68f6e796bcdb2cc120bad8ab8202f842fb770ebb9ae703a161f9581adc935f39,False
v7_val_00280.jpg,val,raw/d_fire,bfbce75f975fe6fd3d3db24de61e844e88cb2808278bc1c8dfddbb24c9fb3439,False
v7_val_00281.jpg,val,processed_v3/train,60803a55986f75671805d2cafce48869f0d713bc3f1be52f98773aea1686f41c,True
v7_val_00282.jpg,val,processed_v3/train,8acefa03b843e633be421cf03fd8c2fb1d490010f954c2b04167d3c6bba37be6,False
v7_val_00283.jpg,val,processed_v3/train,762946bf5f90f498a10abe308441f69231319e4d754469f9dd0704c54634fc71,True
v7_val_00284.jpg,val,processed_v3/train,e3033433b877ea0ecad2e047a5c19f580e68cded58b71a36eff2b15ee51980db,False
v7_val_00285.jpg,val,glove_detector,04badd84cb3a101fe53a6c9f7961e1fa15f9978a138a86e5588c83e217dad928,False
v7_val_00286.jpg,val,processed_v3/train,436179e06b8aaa5ba2eb500e02237245d4549afd7425a40ab4e5ea1cd1fb85f8,False
v7_val_00287.jpg,val,processed_v3/val,7bb5bce19c0be9ed5c1ccc16ddf2b3946c5fe6ecedcd4cbee27d304c969e6897,False
v7_val_00288.jpg,val,processed_v3/train,530ce44f562d039d92484b0916d8e0575ed6af083be8e4894e1658c93a606a5a,False
v7_val_00289.jpg,val,processed_v3/train,8db313f40b687cb07821bee3a73ec5bc005b7db9f32040efda7013c0ace430d7,False
v7_val_00290.jpg,val,raw/bangga_ppe,dfb98580f5f506b654964b982eadc3fd679612dae66e08a1b3cef11c82fc25a0,False
v7_val_00291.jpg,val,processed_v3/train,af348d0d5cb5c277ffc4f0ac23e6bf517b59ceb0f22acd84cd1b129a694dd150,False
v7_val_00292.jpg,val,processed_v3/train,2d83873dd3b96851a803ce280d974302d8f873fc06c074cccc2c54301831dc54,False
v7_val_00293.jpg,val,processed_v3/train,34d16f84e67aac92b00aefffcd040d0e500d4bbb4130c4ea0a9d81526187b8fb,False
v7_val_00294.jpg,val,processed_v3/val,a3882fa09621e344dd01454a940b77b661b46d8cd9c1e00d1148624f08a9b647,False
v7_val_00295.jpg,val,raw/bangga_ppe,3755fc120470790be1c8a8739dcd69c2d9850ac7f3fb3b792a558cd04326adc3,False
v7_val_00296.jpg,val,processed_v3/train,096e31dcf5faf8cbc213c7496de9bb7887381ce990cbc5777d169cd9ed2cd63f,False
v7_val_00297.jpg,val,processed_v3/train,441d9e5e94b278479f74df8c71d1eb1e53d07df6fc07c7af8c9bc1b2c5407d8d,False
v7_val_00298.jpg,val,processed_v3/train,fd08f67a7e43ce1301c5f94438ef9a3409404aa7790050b9e666e26bc9045440,False
v7_val_00299.jpg,val,processed_v3/val,332f60bd9c185574d4d7f642a2c01bdeea9501732572a3ef1737dc300cbb4cc2,False
v7_val_00300.jpg,val,raw/bangga_ppe,dd42bc7a71f343c7e1018e0555aa93968e0d8399b80bc0373874fe2c86804c9e,False
v7_val_00301.jpg,val,processed_v3/train,3c87a31f642d585f2e1348f90f0140566eafccbcc7b9bc41f0d34728fd26cddc,False
v7_val_00302.jpg,val,raw/bangga_ppe,3945f765cf0a3856052fa75f0bf0a87ce128f16a612ec815df104b836ddc5b12,False
v7_val_00303.jpg,val,processed_v3/train,aae6acc0e238d656c4821b4fb001c56c7902f75a9f50b56574dc86d1e9855546,True
v7_val_00304.jpg,val,glove_detector,e88f84b54640bca0783b640ad02e85f31a4786b6c7e1cad1a4e1557070446687,False
v7_val_00305.jpg,val,glove_detector,5710475e5550e367d961533eac77e01e863d736c71d589a3f183b921bac88928,False
v7_val_00306.jpg,val,raw/bangga_ppe,7a32d0e9fbf8ff5f48b4a3f47c9c296d8ea85580db74b9ff50d20eb845b62b87,False
v7_val_00307.jpg,val,raw/bangga_ppe,edc738f271dd5f39b692e4d3eeae8783f5c006c7348be9fa06c590a919b008a9,False
v7_val_00308.jpg,val,processed_v3/val,2a1794b6e276f92251bb61d28b2393d836b56f48705b53d153e8114b2e0022b4,False
v7_val_00309.jpg,val,raw/bangga_ppe,a1f3bf56ad1cab4212d0c0298eaaac3e99bead87e3c1fad8f2492dc8adb5af5f,False
v7_val_00310.jpg,val,processed_v3/train,bad970381e02df1c7c1949cbe452801660ca5cd9362db0f55b98f70913d7d62e,False
v7_val_00311.jpg,val,processed_v3/train,fc73f0ab66ed979e1e8d7dba388cce6b5a4634bb893bb74b12f8104bda0e82b8,False
v7_val_00312.jpg,val,glove_detector,18566e4546e3f44977ccd790417020ca40ff35a708f1628afd4ba20fdb527859,False
v7_val_00313.jpg,val,processed_v3/val,0e6c65fb84d767980a66ff51c2f3c13cdabf8f54bc906fdc990ccc7eb564797e,False
v7_val_00314.jpg,val,glove_detector,157db62b510670340d38e1257df1804ddbe91feacec2526749e259b6304aa30b,False
v7_val_00315.jpg,val,processed_v3/train,f5c8b9641f99e80bd6ca1526a14080f779f587ce76cb4e748f2d0508e7509eb4,False
v7_val_00316.jpg,val,raw/bangga_ppe,f0e1f2f8d9b12dd54ec125cce6949487fd6957a85b7baf88da3a3159c091c07e,False
v7_val_00317.jpg,val,raw/bangga_ppe,12c64bc39a8e7913a255c5b450aab2aea48909f92e885cd8aa4eaf342908a9ad,False
v7_val_00318.jpg,val,processed_v3/train,5269da54cdc737196ae9b6a1572ba693585ec30ac2ef2024281b62ac86532367,True
v7_val_00319.jpg,val,raw/bangga_ppe,53da10007fb88a3cd9c8c8281dce216163bcf5a413b85077423012f71d53144d,False
v7_val_00320.jpg,val,raw/bangga_ppe,56a03d5e978c906929555c6c3ef15b870d3dd3a5d5bad26d4260f1b2dc4d906c,False
v7_val_00321.jpg,val,processed_v3/train,f9a4486f961996c9ac622fa4614a369fdf2cf7101d63a25e4f77cfc1dda8493c,False
v7_val_00322.jpg,val,processed_v3/val,565810616c27770b5d29d2299b9f4fa88834bf42919a626a8390a21b7b459844,False
v7_val_00323.jpg,val,raw/bangga_ppe,38a45d1fc23d868d9f01bdbebf8c0e8e030b2a0917c239acb361b6d6ebeb18ae,False
v7_val_00324.jpg,val,processed_v3/train,56d6c9d4c290325ff2927e049b30255da4133f66ec32b998c4bf2c851fd516b2,False
v7_val_00325.jpg,val,glove_detector,17c504a92992670f6990f328624e48bff38bd64fabf77928f28b2b6092c9b094,False
v7_val_00326.jpg,val,processed_v3/train,037d8c454e9b2e736e925212d10720648a27d3758f76a6c58ad854e207f2971e,False
v7_val_00327.jpg,val,processed_v3/train,2688c0b74b509e7a4fe730efa08e49d6791c168c62a08c877cbd76d7f28065ae,False
v7_val_00328.jpg,val,raw/d_fire,ba052925def1daa619dff49d26f6c463ddfadab59934028157ef03e9475cef26,False
v7_val_00329.jpg,val,processed_v3/val,a20dc806f3ee438827dec14a56eda6864c927a603427d448383a535e6af76528,False
v7_val_00330.jpg,val,raw/bangga_ppe,78ddb9778bbdc36e892e5b9121e24bffd6015bbcc9f1e72599bab9138b903c84,False
v7_val_00331.jpg,val,processed_v3/train,50b844a9b11fb1b6de8c7c458f956833e2d92133d0ebcb37be683cea895c96a0,False
v7_val_00332.jpg,val,processed_v3/train,93deead5670143e1b1027a27e223866b4eeece4265e41c1e15e7b3205325cd86,True
v7_val_00333.jpg,val,processed_v3/train,4f7b4b2c8efda42ec1d709fc980c16fc49d78703581710a7ea462cd16db345be,False
v7_val_00334.jpg,val,processed_v3/train,8bbd16185365a16a1a30b0dd008b476a41e727c9cdbd4f6dfe067e02b6b9c896,False
v7_val_00335.jpg,val,raw/bangga_ppe,d180a56a2f9edc726413b27e44d6aff62b9a91bf77a7aaa83cd194b2b0309694,False
v7_val_00336.jpg,val,processed_v3/train,684ff9f034979834956b47bafdf56641a1f10f1d58e0ecc1555f4f8b53668b7f,False
v7_val_00337.jpg,val,processed_v3/train,e01efb1efb45a5d8e253536645bf72f507d17cd1e02a8dc0d14ed84d6452551b,False
v7_val_00338.jpg,val,glove_detector,4da1e0141423d42d764c562f9cb30097dc20284c38eb54db581a0b5716fbd54c,False
v7_val_00339.jpg,val,raw/d_fire,2cf299de50fe51509f1c81030d8a85b7bffca4104b8cb8c2a7a3286b8d66d2b9,False
v7_val_00340.jpg,val,processed_v3/train,cdf1cfcdf93981ede463c7f3d82fc69d8ef157f2824cf9c964d4f55b3c0d4f2b,False
v7_val_00341.jpg,val,raw/bangga_ppe,c5cfe62dc61fa78a0062b0ebe7891a13e58ee9917585bf30bcd4aec87cc80774,False
v7_val_00342.jpg,val,processed_v3/train,4ab51f3e2e7c5d874cf48eedef5a6f697e4d4f01610a5286707757a766bb8647,False
v7_val_00343.jpg,val,processed_v3/train,116b1d7beba5afb4d8752dba9631ab913b1eb55f211480c62a8735d50ea5c53a,False
v7_val_00344.jpg,val,glove_detector,22c5a61fe4f0c9c0afcdd68e6d6def0daa054fa3d9b2d93df92a7e466639791b,False
v7_val_00345.jpg,val,glove_detector,fea2ec52d959c9a6f0160f95e43dacf313bf6aa551d7b638ec255128c405f26f,False
v7_val_00346.jpg,val,processed_v3/train,094635b135792e9e731f1277827d7919a82a16dbbe62e3e7a9f42327417b6212,True
v7_val_00347.jpg,val,processed_v3/train,5b2d79b06c14f62853e54b27365f1104a1d61156024a28e57d8d27b774d9631d,False
v7_val_00348.jpg,val,glove_detector,d2489203a6cafcb48911dbcd261411af51f4ec86bfbc74b53e8af30a0cb4e32c,False
v7_val_00349.jpg,val,processed_v3/train,8e61d10d465312391cda15578b7f3bd216df3288538a82df60bd2adb09f7247b,False
v7_val_00350.jpg,val,processed_v3/train,16e42296fa5c2771303e232f5f22623fffc417c49bd1d605d53761e2a651ff8f,False
v7_val_00351.jpg,val,glove_detector,646b4c9a3cc1292d660e867fd02a6fefae98e8da829ce951dab0fd6fcd7adb4d,False
v7_val_00352.jpg,val,raw/bangga_ppe,be334caf4116f1a710cc00588d01a821a042a41c9ecebc41242b918a346e3d39,False
v7_val_00353.jpg,val,processed_v3/val,1cb227d26156b859f9160c62a91ac6e2fd122f44c488d8563b24af25712434aa,False
v7_val_00354.jpg,val,processed_v3/train,ab387320ecc79d77d002f20719d79aef513f289fc78e1b212caebf0ff5a1be92,False
v7_val_00355.jpg,val,processed_v3/val,8af216e103ab00b4453e70e231b3f523cb2a7ec8e68500797c90fd9022b5f467,False
v7_val_00356.jpg,val,raw/bangga_ppe,268725d0bc0b35b11f30493ddaf2c66a0cb9f272264fa8c51bef1dc0f86cd5b6,False
v7_val_00357.jpg,val,glove_detector,36172f9cb55a4afe2ab49c00ee1d25f4108b2bc294706be46ed52193cea8c9a6,False
v7_val_00358.jpg,val,processed_v3/train,6123898d65a54d10e706b244f21ebd02dfb6767c3deafc51a55cb448648d6da7,False
v7_val_00359.jpg,val,glove_detector,e3226d6e0d9509933f7b2e0ac206a89b2b22ca26d3904b986c6f6e422ea229b4,False
v7_val_00360.jpg,val,processed_v3/train,f7b23e64ca1a20279844fbdfcfc43563db7b362405bc6ee33011c0d809d999d1,False
v7_val_00361.jpg,val,glove_detector,0727a30ef0e144029ce527854a8122f6744e7451bedce8dbb11a2fb82df97916,False
v7_val_00362.jpg,val,processed_v3/train,145cc0366071c8c3f763381bde146a1eac5e7c859d6902ffd8e61cc0fc2cdfdb,False
v7_val_00363.jpg,val,processed_v3/train,7ee989f07073e0d40cbc40dd94cb4cd46fed4a9b5e288d3fb6a95d5cac2b5193,True
v7_val_00364.jpg,val,processed_v3/val,8e31324265b5706a6f444a4fb95b80b0d5ef54756eb7c8f43ae0d41df31ef27c,False
v7_val_00365.jpg,val,glove_detector,c1c0d9018b7970903e8f683cb502e375f7d861f30ccadb446fd842879b458de8,False
v7_val_00366.jpg,val,processed_v3/train,2382cf9d8129e9a9e1f36e8983f170e43e7219b6ee9328ae4ee8d8d11add466d,False
v7_val_00367.jpg,val,glove_detector,f4170c1a073e299d9c6b9330769cc9b060b30d308d9764017916bd18fb444792,False
v7_val_00368.jpg,val,raw/d_fire,02b4c3b44b80f05b3116586969ce0007bd6629bec9780390121120af39142618,False
v7_val_00369.jpg,val,raw/bangga_ppe,069a38b63e182d57c4f1bb7870af44ae65c6c7dcbdd9cb4ee5c855df41be885b,False
v7_val_00370.jpg,val,processed_v3/train,1e1c2d585af61c5e484ea2e60802d4c300fc5b68313ad199f559d9a709e07ed4,False
v7_val_00371.jpg,val,processed_v3/train,5d90427a737524a962b58240cc13022c889a9c1e50f5745e077b91dc1f46070b,False
v7_val_00372.jpg,val,raw/bangga_ppe,08967b9b9f22bcc9d7b015f63a01a79ffdcc9a7effe8f63a38e55bb0f7a98293,False
v7_val_00373.jpg,val,processed_v3/train,e3bc55b72c673c07d313ff74df07a169e28296dcf6b2c233e2676251c6476e02,False
v7_val_00374.jpg,val,processed_v3/train,84a0dfa802c0eaa39c07d90154f62241786461dbfc2e8912f8784b3f4dddcc24,False
v7_val_00375.jpg,val,processed_v3/train,59600dc831c4482a5064ff0e8fcd31fe6c0d05d6931c5c853163a626cd9024d2,False
v7_val_00376.jpg,val,processed_v3/train,3c1434c4b0f1aec8b8a9ca8e896359b2051f4a2b90f9532ba7abc58f144c0821,False
v7_val_00377.jpg,val,raw/bangga_ppe,0436fef6a8f7069a318619b859c2ac189c3cf9abce2ff3a1810b8f90ce6e28ec,False
v7_val_00378.jpg,val,raw/bangga_ppe,b68628a9b4c405f515acd89e496f55850398846401e6c53bf149e1c72fafce1b,False
v7_val_00379.jpg,val,processed_v3/train,bcf83dc5607492415e8db22814d996a77e7d0ae07884789cbdf06b907a65639f,False
v7_val_00380.jpg,val,processed_v3/train,40038153e55aa3374d6f05451d0b2370b704ef97cda690d322977e1762ee7f10,True
v7_val_00381.jpg,val,processed_v3/train,737da0b066a10a882fc6cae32d5fa9a676ecdf9f9610d700562cc929a51ad150,False
v7_val_00382.jpg,val,processed_v3/train,9b5147447fc5008f043cfe0c6cd5fa41a46d33f0da6191f7a49a9fcea3ad164d,False
v7_val_00383.jpg,val,processed_v3/train,5067c8710dded2dc0d6bebee8a889041452e53369238f90892a7a80823c25b12,False
v7_val_00384.jpg,val,glove_detector,56c435426381f897e14d1fcfafb1044a3a54171959c97e48755159be09a18574,False
v7_val_00385.jpg,val,processed_v3/train,fe43f8284353e856422af217c4ff2c5aede210adbcf427e3c7f49e3fcf9655bb,False
v7_val_00386.jpg,val,processed_v3/train,e95a8473f4c301dc5b3fd53d84a6e7755f63a67a7d45121ea8a5bae9cf658a01,False
v7_val_00387.jpg,val,processed_v3/train,1f4ba3271d3939c8fa62616fa4047f17be7850bc5337238685ee32e31255480c,False
v7_val_00388.jpg,val,raw/d_fire,9ab386248cc747b73120d860822b3a4ceaadbddeae090b156f98286fdbd005c3,False
v7_val_00389.jpg,val,processed_v3/train,a4085454a4b7269fcc962b576ad3213ded1543c54970b65376422e5f4992d3de,False
v7_val_00390.jpg,val,processed_v3/train,d0c98511a1a82ad7d1567376c2aceee33b80ae2fefa78b677f59beebc8b0e943,True
v7_val_00391.jpg,val,processed_v3/val,9a2c7ae6eaa9ef698cbaeadb7ae2224e5bc0cdd478a8e4f4763c608cb4467c98,False
v7_val_00392.jpg,val,raw/d_fire,d825d8d689e0fd15046d46b657743f6077bcd0898d68fbafc62831d11ed0d400,False
v7_val_00393.jpg,val,processed_v3/train,27da2b43ffbe5ecf3e7684c06c7650e3776eb75599ad7b972c9403dd880196a8,True
v7_val_00394.jpg,val,processed_v3/val,02d4a58e1dc2270dec1a4190da009c58a13de5405f4f15db1c0498927f8257bc,False
v7_val_00395.jpg,val,processed_v3/train,a30b4da341b79279e926364abb3182b3bdb39ec10e46dc87107deb92323fad07,False
v7_val_00396.jpg,val,processed_v3/train,a2f1577331667cfe1a5efb7d68a2640857afe3dd623fe7534a63f6d1b5a277b3,False
v7_val_00397.jpg,val,processed_v3/train,589b9a720d0035e7c24e0fc41c9c377607dcb7622778c009c787061971a542e9,False
v7_val_00398.jpg,val,processed_v3/train,a843a2a27e88a93912f13a63fb943ea801da4a79d8c4f4e930fdf83c56db359e,False
v7_val_00399.jpg,val,glove_detector,7230aa0ad0993815f0d8f2bd45e29e2b5aa5b5a4c84098c1e3c1c9c5ba09d055,True
v7_val_00400.jpg,val,processed_v3/val,c09e32fd7202e6ca5221c7fb99efdc8c1a04cbb5074f951146a5541cbb038a52,False
v7_val_00401.jpg,val,processed_v3/train,86bce1718c53efafd3955e49fb84cc1cee22dea842d0fc32adad1dba7b1bdc87,False
v7_val_00402.jpg,val,processed_v3/train,055d761442c6a4ebae28d9b0d698569d29fe0baf6ef44202fc29bc26fabc97be,False
v7_val_00403.jpg,val,processed_v3/train,584ec2783ad59582ac6a02c1044a6b9ec7928944c76e9ade25ae3c56112d58c8,False
v7_val_00404.jpg,val,processed_v3/train,1ffbbb712500d95c24330538747d08805c5ba897a974bbe46ea090f314386e6e,False
v7_val_00405.jpg,val,processed_v3/train,ca1908149de2fb989e80f9353c43e6c8ac4bb981c10503a0335faeee013b52e5,False
v7_val_00406.jpg,val,processed_v3/train,2676d327f9953512fdb9d9fa6257ac629c38794e91119085fadf5938c1d27844,False
v7_val_00407.jpg,val,processed_v3/train,8578b7565b5a9db9b6c2d0ee7f9a4e12ada932ca1b3d3689cd978843f0b6351d,False
v7_val_00408.jpg,val,raw/bangga_ppe,ad0bbc5efd330d6582e274607c3dfc466aea6d8fdf985dded78c5c653faad532,False
v7_val_00409.jpg,val,processed_v3/train,ea0b3da8c64f10d2f020961de89889d949c82dc47bb491a5b2814f2c22f75dff,False
v7_val_00410.jpg,val,raw/d_fire,23b5bee4eafc298335fad9d1996db095f6b0419c446c7a972bef531e691a4d79,False
v7_val_00411.jpg,val,processed_v3/val,192fcb1a358cf5d7b3d991860bc63dcaa812cd31abf260a3736c09ba555dfa64,False
v7_val_00412.jpg,val,raw/bangga_ppe,d8d240abac2152aa3268ce54c0df59f756110011def47dbd5d329fa6634582b5,False
v7_val_00413.jpg,val,processed_v3/train,924075b6dd60e6da96a11f9217a7a3f3af516e7eb048784385a0f1e789888b6c,False
v7_val_00414.jpg,val,processed_v3/train,918da46b2eff005cc602425f45f4159a77c5beb775b0ec4780bca1d0d7dad031,False
v7_val_00415.jpg,val,processed_v3/train,04eab6891433eec0db6d424a1e3b76eb3ff4f04a373fde0dba8a7f91cfce327d,False
v7_val_00416.jpg,val,processed_v3/train,5ca1b50ff79ae0b79103c4d5589b288cabf6004431b77ca203bf280eb0068801,False
v7_val_00417.jpg,val,processed_v3/val,9719868fb63459e44bfe0db1318e7e275e153b173d82516664451195d3d85bb6,False
v7_val_00418.jpg,val,raw/bangga_ppe,82548f8cc89cefab8d12896823913285a86dd24ddc32d8fbd20135981fe4fbce,False
v7_val_00419.jpg,val,processed_v3/val,1595d2c99859c78a9b176251eccda7d2f388080b04c619f8f23d79dbfa5fd5d1,False
v7_val_00420.jpg,val,processed_v3/val,053691a893f0c6ecdeb4abd171d43f6aabb8940a9e9cc284378bb22ff8335023,True
v7_val_00421.jpg,val,processed_v3/train,f5f861e00661f6d6742664db24f791fc3bf064dda27f9f8767ec00c80e5bff50,False
v7_val_00422.jpg,val,glove_detector,453154b75b240e320d8111ca94e4b7ad4d901778713ad4b53b936d8e212bb538,False
v7_val_00423.jpg,val,raw/bangga_ppe,46a7e3df4e2f180feea4a3f4e1cecdab13732ee1817de1bd02367f634d6750eb,False
v7_val_00424.jpg,val,processed_v3/train,dcd7a621a7d04012c9b5fd4dbf4cba89a7ce1961c4c076b508f09d1c4efd1db7,False
v7_val_00425.jpg,val,processed_v3/train,2027eba4f8fa12b822601e64473bf1881fc16bbc1545799a0e0feff00650ea65,False
v7_val_00426.jpg,val,processed_v3/train,f48e5f69d3ef14b96f7a40dda0349c3ddbe839935bd8c27c1da1759ad63c40e7,False
v7_val_00427.jpg,val,processed_v3/train,cae6f3c31930f5274caafeb3da63c2d6fb9647ff9e8046a329206a1dce4f0185,False
v7_val_00428.jpg,val,processed_v3/train,fe2cbfe8d1eb0df81442adefac4eb40264e1e333e60d070b6df515a0efb9bd59,True
v7_val_00429.jpg,val,raw/bangga_ppe,9f7f9d7e9b05b9c82569cff5a1f29b9a80a87bf28bd43d6a3f0947aaea6d7ae1,False
v7_val_00430.jpg,val,raw/d_fire,368ba694486d75380ccb61112af395f90bc283037a05a05ef23107040b0d30f5,False
v7_val_00431.jpg,val,raw/bangga_ppe,e52a184804d7ac3cb28d9c5799a7b1b9f83c9def4c004b4d14c4ab11b1b0fae5,False
v7_val_00432.jpg,val,processed_v3/train,643c8bfaeccabe4ab9e2ba37a37fceea27d9a63b490e3114c91a556cc9326c1a,False
v7_val_00433.jpg,val,processed_v3/train,dcd858def63bc606d58bf21f16f71feb3ea77d777426d456c71ee534c028e439,False
v7_val_00434.jpg,val,processed_v3/train,478d8c9d566737172a8f0aea56280cf29d683acdfea0489699d82c21b8fda24b,False
v7_val_00435.jpg,val,raw/bangga_ppe,cd636b3cfca12e92824848329db42b6e9aeb1a328ed2c40bd14308e9cf83d8d5,False
v7_val_00436.jpg,val,processed_v3/train,ae1cdb13b25a03cb25fc5eb3e3c2fb7330ba3b2563f00f635163cd5b9283a71e,False
v7_val_00437.jpg,val,processed_v3/train,42317a454183c7521b272f3481587c3fe2e80e4f3626b28175880829d8d0e4ff,False
v7_val_00438.jpg,val,processed_v3/train,075af72e255f6215bd8f791141d5241ff7239daaa3dd49addc8f328e7d44f43e,False
v7_val_00439.jpg,val,processed_v3/train,5f148ff6679e7344f0eda42418d963fe477e39087e1a78ff5117535528aa55c2,False
v7_val_00440.jpg,val,raw/bangga_ppe,35842bb6029eac3c51491d568d194e0b0773f3118de896baf4936daa2faa721e,False
v7_val_00441.jpg,val,processed_v3/val,f811138eb087b6b8feba30d2129455d321267d71ffe13e6f6fc2501378409477,False
v7_val_00442.jpg,val,processed_v3/train,52c94c93513f60fc91d62fa13527298f4e6e92b71a5394740f5b472b15aa4ace,False
v7_val_00443.jpg,val,processed_v3/train,e8eab55a55d49331a04e89a7d0c2ff1eff52ac1ce5484156edd5b20d447507ec,False
v7_val_00444.jpg,val,glove_detector,a326c46fc90bdaebce986f9693d21615b40c59516af6d7776bdebcb001669fd2,False
v7_val_00445.jpg,val,processed_v3/train,d4da8e603fe85426d7be77a3c34c3829474ea682facad1a5eaef70a674a4dd7a,False
v7_val_00446.jpg,val,processed_v3/train,17bb7c09e6e310eea7a9be6589077c1af8ec542594f121577d57a3ba37976c30,False
v7_val_00447.jpg,val,processed_v3/train,d7db54da71d45dc8c24916e59edf40f4aa8a25c65e9b5071433b5b187abc7498,False
v7_val_00448.jpg,val,processed_v3/train,92e4a422f98122c9feb56564b98f2438090b8e8bb7bf9b71f4e721aca74adbc7,False
v7_val_00449.jpg,val,processed_v3/train,2d67d881d7050272accf631d09bb3870c9c08feaa4f3434a0ab7fd6893982630,False
v7_val_00450.jpg,val,processed_v3/train,a8f59211747e87c970e0e9a3abb4f06238cabdd5cb670b2eb4c87555afc8a8d6,True
v7_val_00451.jpg,val,processed_v3/val,85eb78a02c98b58c824e3f245314835f74d1d377c28859623cbf5e2d26ddc70c,False
v7_val_00452.jpg,val,processed_v3/train,64078edd168338191bc8083af489b20534e8cc3960fee25528f9b8cf12a4599a,False
v7_val_00453.jpg,val,raw/bangga_ppe,91a9a0e24dd81b899a6b6d5b977d5f0998de7b8d401045869bfc1a3f7aa27f11,False
v7_val_00454.jpg,val,glove_detector,01ca6953af2c8073c216acc9e223307e0c175a06993c1bbc41663a81f52085fa,True
v7_val_00455.jpg,val,raw/bangga_ppe,91e9bccf61ed1934cd923bba755b382dfd5d0dc2a50238464cdc33cbd21eee28,False
v7_val_00456.jpg,val,processed_v3/train,fde3771f2d3861d18cb03234f7b2e64eb5dd161b9fdbf99ade742cee4f162ee1,False
v7_val_00457.jpg,val,glove_detector,2d481d5b362450ecd40e4aecdb31842de7dbaf5e6ff27c0f5fe548c885593060,False
v7_val_00458.jpg,val,raw/bangga_ppe,e12b1792880cff03726cb8c3e91246eced84ad5c3e141c12a708efef978b894a,False
v7_val_00459.jpg,val,processed_v3/train,5ec88b07f97f74719005d5ec41e0b27497b1fd79379a6923a4fd4bb97df9f990,False
v7_val_00460.jpg,val,processed_v3/train,50fde39f0594ef7d9a6a74f29046966dcf024548fae3e821fb202c2d8c8f5798,False
v7_val_00461.jpg,val,raw/d_fire,e49e660bc1165a419d67f5b08f852e2ad773b297c71dcd5bd4159a910cdbd9e1,False
v7_val_00462.jpg,val,processed_v3/train,f1ac81d60168cca597b20d777452366c06727725a9b3aabac9bf388cd7d49850,False
v7_val_00463.jpg,val,glove_detector,b5b6c74fdee868bd986db000bc132d237511d9c2e3c3fabf4e2401e3c26b9b32,False
v7_val_00464.jpg,val,processed_v3/val,70b50eb15e5e6140d1ac2427ada128d9c095fb7193facf16754a41c222da5b91,False
v7_val_00465.jpg,val,raw/d_fire,b1d29ed8bb867e5a2e120e91a23131e73e0e496ed9a90db3f94dafc898fc600d,False
v7_val_00466.jpg,val,processed_v3/train,4922ede9770ea3107cb1a6d106975bbe59bfb2911d7360b1fd0c810f033f376c,False
v7_val_00467.jpg,val,raw/bangga_ppe,97b1fb3de63987c28c7848e03527220d7dd45b56fb7f1883a42c1994e00b401d,False
v7_val_00468.jpg,val,glove_detector,dbab3d44c6dec4bcf6eadfe69176e9ab73d2f77ad7d0f4477cd5bedbe4d6cae8,False
v7_val_00469.jpg,val,glove_detector,75601398c9ca8332b8180d78bbd6453e65eb2f925ede8718b2eddaac0c5044b1,False
v7_val_00470.jpg,val,raw/d_fire,47b46359d59963a3bdd09f400cc9cbdf1479b9aad7c7d802efed84f80a9de93c,False
v7_val_00471.jpg,val,processed_v3/train,fd20a8fec3590eaeb7e968d71929fd0b2d7bbb4ef52039c60c0a47544a20ea2d,False
v7_val_00472.jpg,val,processed_v3/train,8f267d8d7e5e84214fa09b48909e5ff04f250d535af9c6298d7b1ce8cc5c99c1,False
v7_val_00473.jpg,val,processed_v3/train,d80be68d198034d8178188dcf5a2259a1317a4309e465d5605bed8d1fcf99d8b,False
v7_val_00474.jpg,val,processed_v3/train,80c86db453ee83783c6bc9afea7dc313eb6ef4998d61b194beb62ab23a3a3ca9,False
v7_val_00475.jpg,val,raw/bangga_ppe,716a8f705ff3ffafaa642507e4dc15711eee66551b7b0cf86158fe93ba3a9c9f,False
v7_val_00476.jpg,val,processed_v3/train,294484d3760d746844feecff4d49f31c239f5f1beb074ad2fc7c14331ae7a295,False
v7_val_00477.jpg,val,raw/bangga_ppe,465e465c7652623beaefe4ea52f846d248859fb4a67bff5390c055f80ea45494,False
v7_val_00478.jpg,val,processed_v3/train,83767fe33604bc8e771c7d6e7415811166ce2fe5711d1721e36ee4e080b2916e,False
v7_val_00479.jpg,val,glove_detector,2d5a094a4a253e964cba3fd4811f39e188244948950ae92fed1c62c82e698169,False
v7_val_00480.jpg,val,raw/d_fire,ce1c50df2bded6a0f6b7ab34b488a72fdae903d0e6ab5b8505e13933a2eabe61,False
v7_val_00481.jpg,val,processed_v3/train,0d8d290e5f3ec6eb71ca184d42218f037b2c659f54bd8a9b9476b2454d26cbcc,False
v7_val_00482.jpg,val,processed_v3/val,0fd5c72f4b7786f42504909335f8d714f1641dbb3a394627e14082e6079a8cd3,False
v7_val_00483.jpg,val,raw/d_fire,89f843a4adbaee4fcbeba0220f398444e85336bf2f849642bc504398f9613c18,False
v7_val_00484.jpg,val,raw/bangga_ppe,05d72ff7ed4e0bdb4180b01a9cd326095abc28f8b00a9f429debb8ce80bfabad,False
v7_val_00485.jpg,val,processed_v3/train,cd051db870fc1fae9886b1ba3c6c4ab58450bbc53529829d7ded8d452a4dfdfc,False
v7_val_00486.jpg,val,processed_v3/train,a6bc879f88ecd28fbcfdf8c8c6a30e010fa32b3ef434082fcb8f0602c8b5843f,False
v7_val_00487.jpg,val,processed_v3/train,3b321bb4c71eb73090ccc8049ecbd533b3d76b6c78a9dc013d01ac1e180abcdc,False
v7_val_00488.jpg,val,processed_v3/train,c98f60ec6def88452263b0555018166745addf1c8ab36c0f7f06e868ac6dc07a,False
v7_val_00489.jpg,val,processed_v3/val,1d4ffcfdad537ea5f9345a4e62c34d241149c153d6daf2080eb04bc567818606,False
v7_val_00490.jpg,val,processed_v3/val,5367a93ef14dd65cca038597a04af730cb3febcb5975508f87d957c928e4ed5a,False
v7_val_00491.jpg,val,raw/bangga_ppe,e33e70fea3a5645be7ba933e743e37ace8f37d438e12a9c3ae4e02ab8d40d1a8,False
v7_val_00492.jpg,val,processed_v3/train,56d70e298583b87b6262dcd60471bc08e090e1db57c85d4d8a7b2858a88eb95a,False
v7_val_00493.jpg,val,processed_v3/val,6b8bd5e92596112111f9f41dbe865b57ac05391587ad3b68fad49cd0622c6ce2,False
v7_val_00494.jpg,val,processed_v3/train,d0a08619f9e7f9c131a49d3db13ac708c1ca6300538e2eed2613a24e87acc658,False
v7_val_00495.jpg,val,raw/bangga_ppe,6d485abfcd502afacf08d15a3075d654fcc3d8a613f78839942b77e887bf3f79,False
v7_val_00496.jpg,val,processed_v3/train,01e8d069273edd76a76d614a9c7054fc5db7a710a81cc2aa0ecf8199fc01cb99,False
v7_val_00497.jpg,val,raw/bangga_ppe,cd0fcb0c066a53b9026a614d9661fc30ad54c0f78385b2065282df88d19fa2df,False
v7_val_00498.jpg,val,processed_v3/train,a401d99950905c8b95f989bdc07bca57d8d9b6640f66f6507c55a93a818ec996,False
v7_val_00499.jpg,val,processed_v3/train,dacf1062fef2381297d5d969c64fd401a9b320e185c0ad4a4b36bc4f04f3dfee,False
v7_val_00500.jpg,val,processed_v3/train,fcab2c909f7317e1d254ad0acfc5dc59ae8ba8a49913da7b82b8015508300d63,False
v7_val_00501.jpg,val,processed_v3/train,d187e1d1b66a7f5016e399de561fb50645bd9c5aa8e23e0492da6dc9c8e3baf3,False
v7_val_00502.jpg,val,processed_v3/train,89e4172e7b3b25b3437dca3042d2ca1729aea515e503e81933e55589aa350281,False
v7_val_00503.jpg,val,glove_detector,4f9a4678b5fc99110a13f162b33a2e055c46ffc85879fe0be064eab1f111e66b,False
v7_val_00504.jpg,val,processed_v3/val,eff4799d36cbd0e2e1613e25a5519a959e3fdba7f9b48e019b6667b38b9c367a,False
v7_val_00505.jpg,val,processed_v3/train,7af0e73db25ae457ad16613f408ef794031ad67ded02d53e9fc72e5ec4f1ec47,False
v7_val_00506.jpg,val,processed_v3/train,248f0439a22519b62195450d076d61649a02a57ed54f6c11026c0d605a019459,False
v7_val_00507.jpg,val,processed_v3/train,10673272f76e8cf04452fda3890cab52151a215019174fa3de9bcb4b854d33c5,False
v7_val_00508.jpg,val,raw/bangga_ppe,1aece5b64b7276a757741312f21615e795394dcb0579aa8ef9d4850ca283cda0,False
v7_val_00509.jpg,val,processed_v3/train,2fa3422ae715bb2e80f96a984c1b02f83bc6d6265a2c87f1241f626b91bd032e,False
v7_val_00510.jpg,val,processed_v3/train,3ee67541f2f03a5397f9e485cd71e10f4e10b94a982dbb28e04d53886846fc5e,False
v7_val_00511.jpg,val,raw/bangga_ppe,67c38d9c76f5b0f009417a4996fabf98421b317e2088a6adea746e58d7569335,False
v7_val_00512.jpg,val,raw/d_fire,d43a4263d8c9a00a0dc6c9e3e7c15aef1836de34906982e092b9248acaabbc56,False
v7_val_00513.jpg,val,glove_detector,87f02878ee450e187978d91a221e878720937db89d0bf896fe081e7ad5692997,False
v7_val_00514.jpg,val,raw/d_fire,6470d4ec7bf9ea97212274baf8b7734e5f550ee730dafa77c160fe278ae5fa97,False
v7_val_00515.jpg,val,processed_v3/train,c6da21bc2c4ba4e3f91dd25bb52b33bb5ba71ee6d9f2aabef12d1e550cc8a304,False
v7_val_00516.jpg,val,processed_v3/train,7889d151c1f8675bb653757da16d4684ac60e9e8f5bdd9acaf4b30bcb0b2cc96,False
v7_val_00517.jpg,val,processed_v3/train,f1f8cbc70e9bd1bf4c06244451f0dc6c5bf5e0f8c823317061a465f69225787d,False
v7_val_00518.jpg,val,glove_detector,f5756b9c874c6cc3074b7bb73bf02795682e75b417b6c6d687ba238486927024,False
v7_val_00519.jpg,val,processed_v3/train,e0ac13aca5eea1a0cd9cd2851c24a6678a515134f942c2e8d4d0cab66c92968b,False
v7_val_00520.jpg,val,processed_v3/val,784c90538e37acbe6e87db5f1653d2238e26f05fdaa453a590e45b15aa804f1c,False
v7_val_00521.jpg,val,raw/d_fire,96c2d007f78141186b26ab390d86c6cd65553b02a906dc002a777c9304b6b2d3,False
v7_val_00522.jpg,val,processed_v3/train,1b9437c60705e8b188e7906b6366154eed9e5a46d0e8948fb0e4aaa73faa579a,False
v7_val_00523.jpg,val,raw/bangga_ppe,8446d6e6f19938f2d26c44c071f29e7bd35c6043dd7d44f1d5651b528069737f,False
v7_val_00524.jpg,val,raw/bangga_ppe,ee1383267bcfb3a669d24980c942608fbdfc5ed3e571d9e248ab38e72d5d213b,False
v7_val_00525.jpg,val,processed_v3/val,fcff8dd3ef0501e169206157b3007533f6ff8ecfc6a66784af7c267a2de5a2e7,False
v7_val_00526.jpg,val,processed_v3/train,bb9d15491c971d747415d70a3b5e0118ca901a37bf6164e8d64575633ead4cfc,False
v7_val_00527.jpg,val,processed_v3/train,9604ca315e049e06a670cbfaef2738793495c5c6c33ec2fbee3e657225b75ab3,False
v7_val_00528.jpg,val,processed_v3/val,04664114c816526e1439f498e013fc5c86542495e72c97e4409b26bee2636965,False
v7_val_00529.jpg,val,processed_v3/train,dacb8d4ce02c4f8a6feb070d9fcb7ae5c3a0b425b82efa9406af1b08e0c2a5e2,False
v7_val_00530.jpg,val,raw/bangga_ppe,f3c256a3912c8c8a2105d4472cc5aea1829a6f933321237678ca129055577c29,False
v7_val_00531.jpg,val,processed_v3/train,e3e1b5225df9c9a5b5519f2aa2ce5aff9e21d36b5aa4b5b167cafeb08f505b7c,False
v7_val_00532.jpg,val,processed_v3/val,fddc9ddde38dc3c2775153b5807b828a21692aa17d373da80fc531b130dcf837,False
v7_val_00533.jpg,val,processed_v3/train,0822dc087bcd79244c4710506f8ecd63b70abfb812e680a2c3b06e3779d078b5,False
v7_val_00534.jpg,val,raw/bangga_ppe,4599f08c71b77852c70e3829dedfb357b4b99d4c72e2a6664b7648fc9079ac8c,False
v7_val_00535.jpg,val,processed_v3/train,d9d59a936aa189d327b9396dcf80245141c192a94300850ee444ae4bfd3d1be2,False
v7_val_00536.jpg,val,raw/bangga_ppe,bb3a694739e7f95ca9a70180f479bf805b7c52650ac2c06ead46ac416f5a79d0,False
v7_val_00537.jpg,val,raw/bangga_ppe,32aed82ed384e3023408435531a3c203a170796c2c1d0376be9673a3757e80d2,False
v7_val_00538.jpg,val,raw/bangga_ppe,8a19901185c448d38c7c9aa1b72f7c6e5b34dc6dc135b45a347258fd6f40b745,False
v7_val_00539.jpg,val,processed_v3/train,d35f01b87835edcb6d65796adaab0ec4cc5d7af3c8b651b5882676d2e91fd2bf,False
v7_val_00540.jpg,val,raw/d_fire,b9fe1dc890a6dfcf19fea3592fb82b37a2e7852c9989a3e7106192a61a79e6ae,False
v7_val_00541.jpg,val,processed_v3/train,9940b63d86abbc672ae187c8ee7725df6034c9ec1d3e591622c43e13d7352e6f,False
v7_val_00542.jpg,val,processed_v3/train,fb9a129449ff1c89b76d00bf24748439f371ac714979b1214b0d0b0bb18c9a64,False
v7_val_00543.jpg,val,glove_detector,011e525ab8a1a73af3aa980f5663a2e8769d074cf9d94455304fca17626e4505,False
v7_val_00544.jpg,val,processed_v3/train,9f68f4f24364bca6ced10442f7963f22ac155b9f44c6a0eb1f6b43e0dd7121f3,False
v7_val_00545.jpg,val,processed_v3/val,7720146a321688c8d160d480085bf02c1039643c6bf7c540fe218a939e097298,False
v7_val_00546.jpg,val,processed_v3/train,c320991077ea9d22dc6d5aecc74049bf4dea8605f4462e81b414c1102f7d74b6,False
v7_val_00547.jpg,val,raw/bangga_ppe,7ae3eefbac677984ce9d206be92570b8eee9555bebb6f6d7529d8ab937d6e1d1,False
v7_val_00548.jpg,val,processed_v3/val,b8aac643eed74a260ee8a54179c9a3c67b2718ad61bc8f2ca5ec777a9fdf0ff3,False
v7_val_00549.jpg,val,raw/bangga_ppe,d0808df09a83a53ebdcad38964a3064400e2c30703f0ff55873df410c32ffd60,False
v7_val_00550.jpg,val,processed_v3/train,fb8f19f4945025ae2203eeb78ff900a8a699545409608766fc1c5d49a8c395a2,False
v7_val_00551.jpg,val,glove_detector,c4fbb9a4298d2cad107d03cc068985a326ceab8afe943ef62972a2d6efbab4d1,True
v7_val_00552.jpg,val,raw/d_fire,48929af1a4689ebb9739755a41b37ee8a4bf9f66cd67bd0ac1d52faf282c7bc1,False
v7_val_00553.jpg,val,processed_v3/train,cae9400c8ec712cd2cfcaa9e9b0d849d0e3b72d889661b250b53d07201d21116,False
v7_val_00554.jpg,val,processed_v3/val,75d4a9654c3a3844bff2966fdc955aac00475d1bcb94d5787e8cb8610d2e671e,False
v7_val_00555.jpg,val,processed_v3/val,edcc1806d04693ddc38a142f90d5d90312f79300eaf371b7002a6b37478844f0,False
v7_val_00556.jpg,val,processed_v3/train,c2c1a53e88145f45523118d841626d4f790011234a6a085329ad65dfa8424082,False
v7_val_00557.jpg,val,glove_detector,b300b0ad1a4872c0c37c079fce0f0fb6a8206af93e55297e526651ddaa4a41b7,False
v7_val_00558.jpg,val,processed_v3/val,2198ea3e0f4d9cda625c733219f42e68e6d76558c61a738fc80e636f525efe1d,False
v7_val_00559.jpg,val,processed_v3/train,0fa3e8b9e59692a9c33c4eb1fc5de92b02d2b83cec1eaccc101fb581d001e3b8,False
v7_val_00560.jpg,val,raw/bangga_ppe,a49565404344f801a1baaa96f8201dc27f3c6fea39e45f32fc555c8a716b5ef1,False
v7_val_00561.jpg,val,processed_v3/train,8e8b17b217014a9dc8f14ca68ce5e727ad20c8dadf64e6d7c929d814abea8a10,False
v7_val_00562.jpg,val,processed_v3/train,afbe1eb33dd785e55ddeba3487e95f2232f6a58df1e42b00ea441b4977332746,False
v7_val_00563.jpg,val,glove_detector,ca2fa5d053d23c30efbb2c515b7990a5870617577cfe10892b15bf20f284e456,False
v7_val_00564.jpg,val,processed_v3/val,ab243a533c59956356c24b8b75ce58f11ea7ebc5f1c940f5b11abe98b01c612d,False
v7_val_00565.jpg,val,raw/bangga_ppe,02dd8c9df01162870bb95db9fd79c69c453378c4c5a62f96a553e3a0031caf93,False
v7_val_00566.jpg,val,raw/bangga_ppe,3f5bb7ab0eb4afe848409e18c2223c9ca1b9f01492f0cb25f29508c92b6ed780,False
v7_val_00567.jpg,val,glove_detector,3f690bcff738600b97f5c7c8ba4ed5795cc1ad7235c97dc1c6bcaa22bcba8fa9,False
v7_val_00568.jpg,val,processed_v3/train,7a52754a4b30ccafef951dcf95d007605ec89b78d6c1e000899e8563d2aa93bd,False
v7_val_00569.jpg,val,raw/d_fire,14cab931db2c7f2bac78bf037036eaf93f405ee9369a37beca7c11779d8d540d,False
v7_val_00570.jpg,val,glove_detector,f0cd692a34530743c5dbaee75913084eff62ac7e243e31c33d48b1e99a840f6b,False
v7_val_00571.jpg,val,processed_v3/train,b70339d871ae2c2b8a0bfcb23a4e321b35b6c78260dc21aa9df8965755277b2c,False
v7_val_00572.jpg,val,processed_v3/val,c907c957bad01c9413ccd5f5daf684dc1b0a38742d1a4b3873b14496ba075a25,False
v7_val_00573.jpg,val,processed_v3/train,6bad43cd1909a59bfbd0aef417a2fb670676f3c2c026afca87ba51ba21c7f659,False
v7_val_00574.jpg,val,glove_detector,7c9dfa69718dc1d2fb31a202f16d57b354c83d15efbebda9cc4e53596c52330c,False
v7_val_00575.jpg,val,processed_v3/train,4a58f6c1aea50a6e71b4f49243add904d64d1a930c393b5040c49dfb6853b6fd,False
v7_val_00576.jpg,val,processed_v3/val,112e75313091807aa9762ff04fece5737186e4e26d991aa009b06d0febb60e15,False
v7_val_00577.jpg,val,processed_v3/train,a5aeff39586b3299cb3c4bf0c1526e1eac67a604e46e46dfb2ac1fdb88eb7baa,False
v7_val_00578.jpg,val,processed_v3/val,78fe72469b3b79a568ba1067c3e4a018f979d8c39f45629887328d74d83d761e,False
v7_val_00579.jpg,val,glove_detector,1f27250e89d9df3b07b84ad18e00a6a8ce56bb0866a217d1697dfc5343c2fce5,False
v7_val_00580.jpg,val,processed_v3/train,9399c8c791c7202e6b3fa5b2ce3af5d118e63da3e0d6921eb6c98120ebbc5467,False
v7_val_00581.jpg,val,processed_v3/val,0567a26e5b192c78354547dfde19301acc2171dca386ee7e709544c9318992fc,False
v7_val_00582.jpg,val,raw/bangga_ppe,bf2e7fd75f482dc76a4b8d5177e9920306ff651efd6095e6fc4a79daaa02bedb,False
v7_val_00583.jpg,val,processed_v3/train,54a748e95f435a70961bb6b7002ed2543edbee0f7669b048ff355fc11bb4a0de,False
v7_val_00584.jpg,val,processed_v3/val,715d67863106c86585bad01214ce611f4675ae3e7a7e6ec62015472eb45889d5,False
v7_val_00585.jpg,val,processed_v3/val,08d93bfe02dd759e4567b19708d9d3d306e735acc35c966a31fe69632be29f9b,False
v7_val_00586.jpg,val,raw/bangga_ppe,b338f02616251d49cd7bbc833ee997798ccfefe31874301cc9ff3a75d24e82be,False
v7_val_00587.jpg,val,processed_v3/train,378773e54f9bf75b405a962a1fd8d719c95961a3685e5a9477e67fa597cdc624,False
v7_val_00588.jpg,val,processed_v3/train,f541afba51d67a7f250fbc0b10c308cd8dbc7124a7c0f4d1256eaaf4b57151e2,False
v7_val_00589.jpg,val,glove_detector,da1aac54352d3b853a167c714e27dff39ac1cbd9349464983afe7594935f5805,False
v7_val_00590.jpg,val,raw/bangga_ppe,2d4f5fbdae0de3ee42a210839c763160250646e44d8eeea295cd55696a9b2308,False
v7_val_00591.jpg,val,processed_v3/train,ef6cd704cdcb9b539077f8e03890278b8dd69be691014f30171341a77178e492,False
v7_val_00592.jpg,val,glove_detector,0b24d26e7b82d25f4c8a9c1a7f180446a7b2b97659c3fa07fc3e9ee2a592246d,False
v7_val_00593.jpg,val,processed_v3/val,a913c121ccea41cd8f81dfd2fc0ea1bb662a1abc15bc412533e7cfd5c44a678a,False
v7_val_00594.jpg,val,raw/bangga_ppe,c121386b470152e0c514789ae4908e5f6b7fb86756f67683df3fa45bcf665386,False
v7_val_00595.jpg,val,raw/d_fire,160544ca637c6d3d6bc38a48a0d1e32036b5850aa0f7a408335c82a9a53b144b,False
v7_val_00596.jpg,val,glove_detector,a0b414124a5d830df1b2534a4bd4e103a00e60e95f1c15e6f99b938bc55302d0,False
v7_val_00597.jpg,val,raw/bangga_ppe,c3862bd4aa564461004fbdf5f30b17041d70d8708ae079028e2e14b0a4396668,False
v7_val_00598.jpg,val,processed_v3/train,b85c5787643a078404667844f97ee1288333ede0a218274735a28a200567da99,False
v7_val_00599.jpg,val,processed_v3/train,6d41bf69245c50742659f787b2d4de60a6d1be6b475053826204262c38536829,False
v7_val_00600.jpg,val,processed_v3/train,0df3df96aae4f93730571e9a4b1df49dfaf988fed750adefadb0efada20bc8ea,False
v7_val_00601.jpg,val,processed_v3/train,98664f821d703f1a5d94a90a8f50d2c4b1daef8c012d2a2bb61a86113b2fba84,False
v7_val_00602.jpg,val,processed_v3/train,4a7f8b14fb4d64f71c81cd2e8f2c277cac5e60b80ece589c3bf3f9f74799bbe4,False
v7_val_00603.jpg,val,processed_v3/val,6137f55ac69f3d1686558d7be6a11ecbb1c925a8ee3f2e9bb4d082d7d1738e13,False
v7_val_00604.jpg,val,processed_v3/train,8e678b902248b59ad6b00c35f63dfb908d814d5962a2eb23039d614a4a4a072b,False
v7_val_00605.jpg,val,processed_v3/train,d755a64f8147a3816bf3ca9776245fb022eca4b06edaeee6656ce0025a09d12f,False
v7_val_00606.jpg,val,processed_v3/train,040b54fb31635de4f64c8928777bcc8495af694902bb75d4dbc28b0ae9a8be82,False
v7_val_00607.jpg,val,processed_v3/train,8feffbf4b2ae456434c4309aa0cd318d26ef57d01da6d01006d991599c9048bf,False
v7_val_00608.jpg,val,processed_v3/train,59f85adccf25fad270506ab29c7b5b764a8d7eae392f35e774543aa9c1968896,False
v7_val_00609.jpg,val,raw/d_fire,0a1b86c711e8afc8b9ac479475c13db82df3ac08b63ccf47da2e2168fbe68cd2,False
v7_val_00610.jpg,val,glove_detector,8b3c87fe9a2900adb1387f3d05d26d0f7f905716c597e3bc7512b196eec3a941,False
v7_val_00611.jpg,val,processed_v3/val,873562e3a7295fec45c6afa1e49e667eea0e50728f7d9e47d9378d6fe7d3c82d,False
v7_val_00612.jpg,val,processed_v3/train,acb5252db15013d5b0dcb9e8afe97777ab04c8d8ac005146fcbe6bb10f6573e9,False
v7_val_00613.jpg,val,processed_v3/train,597810cf5fbc977ab8c49847d42ab24e478ba9deabe29fb58dff4341fa3af363,False
v7_val_00614.jpg,val,processed_v3/train,a1cbe3d6442966b6e27fda0bdf4eaee5af6da2dae5182e0c254f40d9019d3c42,False
v7_val_00615.jpg,val,processed_v3/train,0039e08c7318061a6a40648728f2888233ab8c874570750626905e3000b55ebf,False
v7_val_00616.jpg,val,processed_v3/train,e5895e4c7bd8b40b4235a4b72ced834d6c31256a50c67041025c9175a4353288,False
v7_val_00617.jpg,val,processed_v3/train,bc6f66ebcee2d738011a6382e0fd24d96f6f29a3ab73850d6edc90c0fd653621,False
v7_val_00618.jpg,val,processed_v3/train,25cf6ddb3eb79f7424c74652d7c45a8b9d84ab40ba3db00ceba0221766457be0,True
v7_val_00619.jpg,val,processed_v3/train,9c673ce8ca9d1822a120082d3f21975160e81212fac17a0a06e6adb6d2cd6434,False
v7_val_00620.jpg,val,processed_v3/train,8d9160b37b6363b054a32f150ae6b2ff24491041c922882aac0777b5759e0c58,False
v7_val_00621.jpg,val,processed_v3/train,e83559ccb6b46cb08eeac8952891e68c3226a2780367dde6f6743dc27fe32ca0,True
v7_val_00622.jpg,val,raw/bangga_ppe,8aad9667cfd9481b09307ab7dbfc6792d951b851a09daa93221c5304dac9d598,False
v7_val_00623.jpg,val,processed_v3/val,d0d5ca2b46e90431d8217d5ca3ffe7d4545e84b1e0e2b261508ecc39c00baa7c,False
v7_val_00624.jpg,val,raw/d_fire,58defe819c0f9c0753e194108bdbdcb35c1154d51d5b41f666bc01b21911199c,False
v7_val_00625.jpg,val,processed_v3/train,1be5979aba2e8963083cb7c1879b78f4408c0f358319bfd42fc93f23d1c0ff4a,False
v7_val_00626.jpg,val,processed_v3/train,52afd668a071db670cbdc6f142552b9f41a9dc2144367f759295d4f46777c6a5,False
v7_val_00627.jpg,val,glove_detector,3bdc0903eb8a21ab1d75bfeb9217d0a0429d6098e2bfb0007e2013f757e3f0ae,False
v7_val_00628.jpg,val,glove_detector,41790fbb0ae157a1cb7b069d5667a5be5e07b460ea476d00342db3a18ba1942e,False
v7_val_00629.jpg,val,raw/bangga_ppe,2170e31e3205abf62823524c9dda4382906dedd226cd059a0f08f2a428f9c221,False
v7_val_00630.jpg,val,processed_v3/train,0b50b013699bfd56c8cfec74106464cf93159930bcfd5f8f347ec981fad925f7,False
v7_val_00631.jpg,val,processed_v3/train,4b27fbf8ce77cc564e8ac9b4f0ae0e0e5926d69d7b0fc2099b6805079480fc1a,True
v7_val_00632.jpg,val,processed_v3/train,e81f0718b119ac76db70491e6133c92c303e6c374cceb37f0f6a2f8247a76b7b,False
v7_val_00633.jpg,val,processed_v3/train,12d86b4c29b542f0c150e502eaed9de9868948d1adc4b53f9f06dbc8e6173b8b,False
v7_val_00634.jpg,val,glove_detector,7df1720ae1dbfe28c215ff6422bd5f4e8e0cb5b517c2eeb3888e4d6d8e0955f6,False
v7_val_00635.jpg,val,processed_v3/train,7f6b67d435dac5cdfa14c2dde4f3dc8020b64d6a36e471b39642ac8dd8d285e5,False
v7_val_00636.jpg,val,glove_detector,75231ac4c6459e701ba14670817bcd43757a6dc0284db5ed0afe9fdfb08f9989,False
v7_val_00637.jpg,val,processed_v3/val,b166b856944408b9e693d79eae2e1dea04b08b739cdb0cb82013e4f0460be813,False
v7_val_00638.jpg,val,raw/bangga_ppe,a323e865627ba4634d02cbdfef71c3dbeadf62bd08a1ec76d794a55fb7fc1345,False
v7_val_00639.jpg,val,raw/bangga_ppe,a38eccd4c6a09f0ee56e173e168c0b76d383d703b84265b4deb4de56a69ffb8d,False
v7_val_00640.jpg,val,glove_detector,6b4aab2b75f672eec731ad43a14f5ade930ada7aaad7bbf29a4c8a18bfe58448,False
v7_val_00641.jpg,val,processed_v3/train,df1126344001803e77ccceacfd6fa13ce06454b01803e71aa63a10790fda0bbc,True
v7_val_00642.jpg,val,glove_detector,4cbdde8b28373255dca82320a9be4b5f5ad8427f62ab0aaaa2a092d33c1e24c0,False
v7_val_00643.jpg,val,processed_v3/val,29303698d32115e6e003dd92eb8484d1a1efb7fc55280341386f8c613874c568,False
v7_val_00644.jpg,val,glove_detector,7d0972e9621892d7a0025bb9854f8ab801ce93c43d547db83c5c996da8707486,False
v7_val_00645.jpg,val,processed_v3/val,f167783ebd89aa69636c4cd2634fec7a8a942924cb43118547fc426fbce06b6d,False
v7_val_00646.jpg,val,glove_detector,73430e33f1f85dcec09790ee0f2c7988ec993a8b576cf67cddb253ba08451fda,True
v7_val_00647.jpg,val,processed_v3/train,e5f76c171daa30b96d086cf3c27f58588017670b8b4187e6e89738afec7ee754,False
v7_val_00648.jpg,val,glove_detector,68c313e511336ac63be65b6529e1d816364eddaffc2ac194f5acfd0f0ebf4fe0,False
v7_val_00649.jpg,val,raw/bangga_ppe,dca53b34a1870c8c892a3bb32f0253db70d8f0d9a8e5b29ac5e2b75e30f8cc3f,False
v7_val_00650.jpg,val,raw/bangga_ppe,120680c21008fa4c302ebab381fad82993154669b320aeb2ed2b7a11ed63b34a,False
v7_val_00651.jpg,val,processed_v3/train,e5410a5e1ab53fe67655d057717a709f40f1d220296edd360bd9acc1e951e74d,False
v7_val_00652.jpg,val,processed_v3/train,d91e019939b480f0b2b9df296ccd86f8f66ebff0339e5937afa2d9cd1040e2ec,False
v7_val_00653.jpg,val,processed_v3/train,a14b16b41e0fc74c9441565ea76d3a2132c7c041f5800d4eaf02acee0ff59f7b,False
v7_val_00654.jpg,val,processed_v3/train,7190ad4c2aa4716b47e3b463cfef9e68643157f1bd90f5c614fb544dc8643d3f,False
v7_val_00655.jpg,val,processed_v3/train,9e5da3f1fa283e5f3c4add050344084520302c479cf9161a8bba9a06f5224e39,False
v7_val_00656.jpg,val,glove_detector,35d0cbe9df468309a863b7636a73d33f6d9bea15c8b4b6fc92cae5bd5a284bad,True
v7_val_00657.jpg,val,glove_detector,5a6103ffb88653589812184efa8a4e9b12e3caa58e3f1ca009f2d1a3df51329f,False
v7_val_00658.jpg,val,raw/bangga_ppe,bdfe8b877128a9654d09db4cd6321d086121bc29b40b239680aed9258386d384,False
v7_val_00659.jpg,val,processed_v3/train,a900574cea679f42314425a13799b89c2f7239c37dcb4e829a2895e12691cf1c,False
v7_val_00660.jpg,val,raw/d_fire,54d9a2c0feea9a888f7fe2a20d51a621a6e1057b4b7425a8c17e7187d26bfcd6,False
v7_val_00661.jpg,val,processed_v3/val,2eb17edd14e9bf12020a23b8ac5d1108ae952a36f394027e8665545c74193bf3,False
v7_val_00662.jpg,val,processed_v3/train,fc233b2137838dd4a8836879e34a2c1e3ed55561e0c0f51ff686c90061d07625,False
v7_val_00663.jpg,val,processed_v3/val,f54274fc298bc0da4d0519e6cac0ef02cd44b2b783333a51eb6dd75b6bccb6ef,False
v7_val_00664.jpg,val,processed_v3/train,8df2bdd78193b9fa182e4ad40718e7c23afd8a82937673608d4c3db86b26276c,False
v7_val_00665.jpg,val,raw/d_fire,932856ce5f442015efc6379a6dba2fdbc1aa0cc817ce597e9de018e801b0645c,False
v7_val_00666.jpg,val,processed_v3/train,e4c47426b3a2827280d3ac1386f98fe6c4a9a334febc7c4533383e8a783b4fa2,False
v7_val_00667.jpg,val,processed_v3/train,ea405454641557acd675e668894243e7b02c34efcb04d0c3e325eb1e8c68de70,False
v7_val_00668.jpg,val,processed_v3/train,6c4e90a8dcc4dcb395170398762d24449a1324acc14577e7824fce155d270106,False
v7_val_00669.jpg,val,processed_v3/train,30729e38b84994b8ee18878213b8e2382e11aefec9427b07771ebeaffa458493,False
v7_val_00670.jpg,val,raw/bangga_ppe,a6b2bda25f893e232313ae9076857b0b321856055009e4743851a75c4912a3ce,False
v7_val_00671.jpg,val,processed_v3/train,995401818d58590c8f495f96b685b0e264e1580f44aaa66af997d509a76a5a9f,False
v7_val_00672.jpg,val,processed_v3/val,7b7ddadd172790593a770c0c539877267ab5d93e6b2daefd18d81fd7d29d556d,False
v7_val_00673.jpg,val,processed_v3/train,10dcbed607dc98814ee314f7d456b6a4ab43bdc1aa8e9b2fe2dddabf81e277e9,False
v7_val_00674.jpg,val,processed_v3/val,27fccdc509d32b2fe9fbfe9acaca3827e0079f59850361af0f497ec5089f8f6c,False
v7_val_00675.jpg,val,glove_detector,c5010c09b7e5e434cc69b46351fdbb4164fa6a39b46e6fe63fd2464879b2dbb8,True
v7_val_00676.jpg,val,raw/bangga_ppe,4880bd2d48a99acbee0c699cfb20712f70449a5457e8dd4309d11f81f1d748ee,False
v7_val_00677.jpg,val,raw/d_fire,677596459d0113aae633f778388c381fa264bcc394653bd41becf262e2335f9b,False
v7_val_00678.jpg,val,processed_v3/train,64de9f4f8891f5b19a2a72cfa834e9be0b414c6814cffbfad9e7b31b21968f0c,False
v7_val_00679.jpg,val,processed_v3/train,9d69950b1b0d732c9c5a1e1f651992a9689a6e00b8200f14262ef902ae218e7e,False
v7_val_00680.jpg,val,glove_detector,096661c80b01857fd894139ba5162b8c1feec2a5e4355951148662cfc2fb505a,False
v7_val_00681.jpg,val,glove_detector,caba034e3dcdc1b0ec0cf78846d94ea51fa525b79bd84817d34131b75bbef58f,False
v7_val_00682.jpg,val,glove_detector,946213489f36542f4525fe123abc4a03804ce0b47a0c67d695f9dbdebe2e0c42,False
v7_val_00683.jpg,val,raw/bangga_ppe,10128e69764549a2d416d9d8f2cf14f72c950a74c92400c0650ab280d167b5b8,False
v7_val_00684.jpg,val,glove_detector,98287450fa5ab6d7eafcd4798de346b54f650ab3dbde7c8c3cc6a18045a61a92,False
v7_val_00685.jpg,val,raw/bangga_ppe,9e82ac7aae63ef09edad9108944245f3ad4136ca961b039a099c2fb1d5b87381,False
v7_val_00686.jpg,val,processed_v3/train,f6044e14cd34a2472ad381d617f671d5fb2b7381d9caabd29dd7d13ab852f3b5,False
v7_val_00687.jpg,val,processed_v3/train,511086ca35daeda947b2659706b63f3b476548c58e36f432a75159df22a5d023,True
v7_val_00688.jpg,val,processed_v3/val,ccae4f5fe4fa2255b71cbd57e7c0652f694beb032ca64419f2a9a149f44da5ef,False
v7_val_00689.jpg,val,processed_v3/train,4c9ac4854c6c50c90ea1e0d9a631accf49b116a5a5bd3ec4530ea3e12885c728,False
v7_val_00690.jpg,val,raw/bangga_ppe,ed4a0fa0e3fb50445247289bf5bf778e15eceba4469a686d037da05e5d9b0d26,False
v7_val_00691.jpg,val,processed_v3/val,1f2bd2e4fbf7d44579212e65c3d07cab0f7763f953a5d5e7f488856b714e661b,False
v7_val_00692.jpg,val,processed_v3/train,048865cce051966f4e78af1e7dedb1206bb6aec9d9650439c6f777c33807beb4,False
v7_val_00693.jpg,val,raw/bangga_ppe,cdc31e11a037d8afe7964ba7fc9f41ee94aa083a95376546187d3dceab1fe28d,False
v7_val_00694.jpg,val,processed_v3/train,e7f2d6aac62cbf6f8a37a42911003cdcaedf06290e85f8d02ccf429da6699c1c,False
v7_val_00695.jpg,val,processed_v3/train,0800531a3e1c5cdccb2216836b951806e8619a39047c495af25d7568411639de,False
v7_val_00696.jpg,val,glove_detector,348f6fb439de2e0435e94188d81eb11f21305d6a265fd4c313225b6eeb686887,False
v7_val_00697.jpg,val,glove_detector,3117486a93b1dc6efd126e1e6a0bda47fda89a961cf1880d05dcb0df829c1ded,False
v7_val_00698.jpg,val,glove_detector,0436fa5d8a31ab8a83bb4db66c3feb140ae6c99e3d79f7a7193ecd529fd95b6e,False
v7_val_00699.jpg,val,processed_v3/train,e8cc269c528ed4d3563e5b1ebcefdef30871062c56f60bf7f8d5bcbdff42247f,False
v7_val_00700.jpg,val,processed_v3/train,afebdcab0fa18b916ab342b20c1b939b3e5ec18a9de94af708f02a6b8d2a2847,False
v7_val_00701.jpg,val,processed_v3/train,d7c85985a8bee712c2aa57d574e710e2310fb8ba6ad04a5e33716eb956043df4,False
v7_val_00702.jpg,val,processed_v3/val,57a101a609711d1d80abca1d5844616267cb5499c4f6fb70a877fcafa1931648,False
v7_val_00703.jpg,val,processed_v3/train,470c444db52726db48bdc92d57a7497fb6c1dc62692efd2a376e45d7e9269d10,False
v7_val_00704.jpg,val,raw/bangga_ppe,48ce1f5168452d5dd56e1be42e2c18b80a68566a3afac66f0ca1a6a8fd2a8900,False
v7_val_00705.jpg,val,glove_detector,5b6db6df6e39b47e912af2c96473f75ee605afe3a85e6c59fd579c0577254e6a,False
v7_val_00706.jpg,val,glove_detector,de630a436935a72905fdded28c9d716783f9af8139bc00d212dc36e2de751eb1,False
v7_val_00707.jpg,val,raw/bangga_ppe,d7bd7a42d11bfca5aa75dcf9f530219114f46f92feb4b47645023288fb56dea2,False
v7_val_00708.jpg,val,processed_v3/train,2221e104a332868ab31c8848a84688b4a41eae1418c9e66f0903ff78247bfa4e,False
v7_val_00709.jpg,val,processed_v3/val,d9b4ec0ab97de9b6c24e80f873f313e7b0e27bfe9619c651ab78841b1a2b8d9b,False
v7_val_00710.jpg,val,processed_v3/train,8590f82a7eb3fe3e2cb2f614abd431be752d678f0e7cbf35ac50cfd75c6a77cf,False
v7_val_00711.jpg,val,processed_v3/train,babf8a7d7208df6ffadb69b243e1b1c6b1569a67f7d621845ff608b7efc73799,False
v7_val_00712.jpg,val,raw/bangga_ppe,f586d8269fdf8da06008bc7538e747597f0fe9822860a6ffc47dab78cc995358,False
v7_val_00713.jpg,val,processed_v3/train,8b0275255e9715b4a6a0a16905d358282ac4030b23fbed3bf041e77da8f210c4,False
v7_val_00714.jpg,val,processed_v3/train,4a9d073011da82582b1c5fdf545be02075d8489c579052827061761fbb23a6a7,False
v7_val_00715.jpg,val,glove_detector,c9faca662d1428cfbc0751cad034124b6dc355a79f1ea8d763f59327ea372881,False
v7_val_00716.jpg,val,processed_v3/train,182dd4a2ca547513f8b840b65621a6a8e99625508f0253573463b1e6b45e4a7e,False
v7_val_00717.jpg,val,processed_v3/train,e3e1c16b0c1403aff3b1efb23792c1e940e6e2b569a18be2bef0c91d5d313118,False
v7_val_00718.jpg,val,processed_v3/train,fe7a3a6feab7b7631fd0de4ec01168bf1dea003d7ec446415c16def06d1afbfe,False
v7_val_00719.jpg,val,processed_v3/train,c24ad09102da9e85ae44a026e28312d259475ca4b2df57f4ad9f7c8f7cb821e8,True
v7_val_00720.jpg,val,processed_v3/train,7a292ecb9f7d78981df90b9c36847a0ebd040ca09b8c978a811fb25674d0cde2,False
v7_val_00721.jpg,val,raw/d_fire,5dec7fc145c1843fba1b981de1df680814b6eeca0d82b8d6e408d86164d2317e,False
v7_val_00722.jpg,val,processed_v3/train,757c7bcf70135f913e429c21509eae927b58772118cd25589629bdb208384d36,False
v7_val_00723.jpg,val,processed_v3/train,73dd8af6eb8ea08e98edbac266759933e2ca6e443e6745542dcc053f64482ff1,True
v7_val_00724.jpg,val,raw/bangga_ppe,0860605fbb32ed1d338ef2fcf527a9e53ab0d1553ee40f3dc1e0036cb3717f77,False
v7_val_00725.jpg,val,raw/d_fire,a0ead51e8c16e7e7235a1ffd2594e42038ae1a99881fb2b0f413cbada43bf3eb,False
v7_val_00726.jpg,val,processed_v3/train,43f115fcb6e4826fe7f2d0edeeb0b9d9e6d2184cbf32b9904fde9fb96cb832e3,False
v7_val_00727.jpg,val,processed_v3/val,3ba23affbde0c0491d498c138f56306c7e0f0dc9cc7f6c155d7de5079dedc31a,False
v7_val_00728.jpg,val,processed_v3/train,7cca8628e851f4e131c1277970e595d76f38d9644b882052d4a2c9411f830d7f,False
v7_val_00729.jpg,val,glove_detector,dbfe6e60cfcb4eacb79e7b6f2f21b64653855124d69f6406e385937406517cc1,False
v7_val_00730.jpg,val,glove_detector,931176763f2a84e2471f832e06a853154557b5698ff7e72ac3a9c7e32125519a,False
v7_val_00731.jpg,val,processed_v3/train,fed97d0804364e9f591384abbddf1092ad110b734088569124fa3654df20ca39,False
v7_val_00732.jpg,val,processed_v3/val,2ebea19f52b67cae0074ab1705bd3a9e539c5e6d87e7f013b94477a38380cd26,False
v7_val_00733.jpg,val,processed_v3/train,165738baa31cb73cd61bb05d68fdfa854bb25ceed4abe2fb459c22543f0cc6ae,False
v7_val_00734.jpg,val,processed_v3/train,895cf74a597abb306adc60d6f01ba8af0f73196e3d35a8897108d3d287a33508,False
v7_val_00735.jpg,val,raw/bangga_ppe,8e8609ee2bd4815d273a8f6a9018e85e4c5c2686c80e3592167dcd2d621c20ce,False
v7_val_00736.jpg,val,processed_v3/train,88d1f4c1fd34800fa5a54c222e5b6fdcf89b5ab0389613c7a4d6c42fce0645c9,False
v7_val_00737.jpg,val,processed_v3/train,a011e38fddd3c40eec76daaf5e9d77d29a462f3f6937ee781de34781330fa10d,False
v7_val_00738.jpg,val,raw/bangga_ppe,ea481cab7615727e8840e5559093fa62bdbd7a0732044eb00c677b7273065f45,False
v7_val_00739.jpg,val,processed_v3/train,e4aa279c8df598f076f8274892c02cf7796fe535e091825af97b08673ccb23c8,False
v7_val_00740.jpg,val,processed_v3/train,33a0c92e3d69b7fc08efb440af9295447edfdf31e37a38706113a6f045c30530,False
v7_val_00741.jpg,val,processed_v3/val,e8e26b6e580c9c55e6bdc78b6ae55019a9715d59f308f4aa51dac88e782b6a0f,False
v7_val_00742.jpg,val,raw/bangga_ppe,bebba2593cae5a0466fca449baca8ad8db6d31756b6fbbcfe162308323fcace4,False
v7_val_00743.jpg,val,processed_v3/val,cbc0fd4d7c259f5d8e3f48d44e52dc25cb2a6324c8313b3cb4b40fdc6eaecf5b,True
v7_val_00744.jpg,val,processed_v3/train,535200b02052662e79d1f01515515d7fb3d1eddbbfb5bf5ad32b82d81d973c7f,False
v7_val_00745.jpg,val,processed_v3/train,1ec55c79347a5ae06e9b9a02d4ace1a5511191ea802370e23f3d5937e067d5f5,False
v7_val_00746.jpg,val,glove_detector,a3bf97f58790af564244fd876c3c04ca947bf6568c18b4d697f9ab3dd3ec939f,False
v7_val_00747.jpg,val,processed_v3/train,58794f37de3472ee9dd7cfc8ffa2e096452394ad2ba5f093ff43b7b19ff12257,False
v7_val_00748.jpg,val,processed_v3/val,8c502928d43990bba7af10f872474d5fec9d53d3095ad717ccafe296da114ba0,False
v7_val_00749.jpg,val,raw/bangga_ppe,b15dd102fc9e5a425ea24280d7d53ecfd5c6df5463438ae997bf3ef10b0094f2,False
v7_val_00750.jpg,val,processed_v3/val,8a973b913be4fa57d80d01afe89cfe3bd3acb68b9acae27d765d85fad4c1faa8,False
v7_val_00751.jpg,val,glove_detector,327373f039a6ecf07794a944a94f36d45258d38c732282925aef0effa7e098b1,False
v7_val_00752.jpg,val,glove_detector,95a2cb6c34342fe91151054fa216de52bb07ca86a460c5c8455a86037c86436b,False
v7_val_00753.jpg,val,processed_v3/val,137c910496fd29d1fc77de3f07e77332ed5069726f34d4b29a078d81aafe29cf,False
v7_val_00754.jpg,val,processed_v3/train,f56af86a0fbfbd762f5fee32eb9e7ff4d30d8b361b632da785d1f6a208ec458c,False
v7_val_00755.jpg,val,glove_detector,943e9fe9c2b3829bb61cddb010c508323b0f6cd676c6c7f7e061c7504b1ee164,False
v7_val_00756.jpg,val,raw/bangga_ppe,d671984af2842d9fb3bbc5de553cb41e0dac158a578082f2e6cd732cf4bf05c1,False
v7_val_00757.jpg,val,glove_detector,7848dcab983aed6c1f09f48620d56e575275d7c282fa6aec50aed4ab9134b765,False
v7_val_00758.jpg,val,processed_v3/train,1a1f75a97326b6e8c9cf0aad06fc1e54372c91a9a8399b8c000498effec2e57a,False
v7_val_00759.jpg,val,processed_v3/train,9ebe7a59396c031d47566bc8dc8503b7169156df685f81ae020972bc7ee14306,False
v7_val_00760.jpg,val,raw/bangga_ppe,bb3f3c49a12dc1ba0a40f4e15adca7f4c486ab72bf0c6acae021fc00c7dbdecb,False
v7_val_00761.jpg,val,raw/bangga_ppe,9ac36f870a25be42eab781537a3dad40f968c2b492e73fd03d323cc078eec4e8,False
v7_val_00762.jpg,val,raw/bangga_ppe,e2e4d14864a89234d260782dbe23767a9b51a505bf89fa54dee2558a66a182fd,False
v7_val_00763.jpg,val,processed_v3/train,89f1942e90f1fdc24b0adaa847583500af7ea2f2f34f1f9ba2c4ca90e27732ef,False
v7_val_00764.jpg,val,processed_v3/train,aeb7691bbb75d7aa75c97432a14247ba2769f4db3efa6be2e8b74c8e567f2eb6,False
v7_val_00765.jpg,val,raw/d_fire,76337e6d0072d07bf3bf10533589e498ae764b8fe2ebad7a2996dab8f9222da5,False
v7_val_00766.jpg,val,raw/d_fire,196c6d2ddab5270461212e40630aa5d2d19cbbe47f431bfce7be1ee701ab94c6,False
v7_val_00767.jpg,val,processed_v3/train,19ac4dcb1f099818d78b882e911fb10bcca9c0c0eda34ea27453ac1d06d790de,True
v7_val_00768.jpg,val,processed_v3/train,3292ab4454913da80f062592d7b4083b8f4b54785ba5d9bb5141c743309b5344,False
v7_val_00769.jpg,val,raw/bangga_ppe,19761914f967b9ad13d6191e8c90f2371829edfbc1458ce6feacfd046c21e31f,False
v7_val_00770.jpg,val,processed_v3/train,81ddcd38f59aa538b176e99202e36d3d2fb61424b6ebb9f668138512699b9f73,False
v7_val_00771.jpg,val,raw/bangga_ppe,feb7a7deea78dbd2b22c1070b73a6c27f9c386af188d37e9117cb6030929d8f8,False
v7_val_00772.jpg,val,processed_v3/train,72be1a374a2bb461d3c10542364a9ce93c32c28f10c8ec9db5cf1529fdbb1139,False
v7_val_00773.jpg,val,raw/bangga_ppe,3a69ffb584186b58ba514b5aabb9ddeb33813a363994df82fca486243fc8ab99,False
v7_val_00774.jpg,val,raw/d_fire,ac2219594577f428e99fe0d1bbe87b072f75fa8225ab5d99ff3e0481edc93b98,False
v7_val_00775.jpg,val,processed_v3/train,1a8bf342690fa65338a88ced58cad790fd3b8f30c2cdec4554ee12922c4f0c7c,False
v7_val_00776.jpg,val,processed_v3/train,ce8f811e5026aa8ebf18e822e9bf6bff21e0490352af5475ed8055cff293db1c,False
v7_val_00777.jpg,val,raw/bangga_ppe,16478eb4dbb7bf15583d57628020639977e6c82a70e92514a7a6ba7433b79091,False
v7_val_00778.jpg,val,processed_v3/train,c171fd667f4fe88737188c60f8ab68d3be24c8906e40c9534fc508cb7c308a50,True
v7_val_00779.jpg,val,processed_v3/val,997236977cd3a754bbe593bcb5463e9e94f027b17fed2f36ed09f3c6b968f5ea,False
v7_val_00780.jpg,val,processed_v3/train,389be96e4e54b6541d5afd39b45d56cf91f977a91cbe413a3420fffa3aba354f,False
v7_val_00781.jpg,val,processed_v3/train,fa6802eb41cc468fda86cddfadf116aab3adb4b9359b11be19af5fc55fc046ea,False
v7_val_00782.jpg,val,glove_detector,e5a6ebd7f6d78ca16c1987b8fad213cb4839bb5d1955a9cbc52fe43c9f7c79a2,False
v7_val_00783.jpg,val,raw/bangga_ppe,b8de5f9d016abe3a505e66d01023350410b61bd5f904bb80cf003661a6c8cee0,False
v7_val_00784.jpg,val,processed_v3/train,ea17ed0796b33632cab0a931f08df32925aa5704942c39770423a1028cab4dfc,False
v7_val_00785.jpg,val,raw/bangga_ppe,3f149661f13324564ebed1133fa0df7028172e63c334fb97e85c48ee4ae4fe9c,False
v7_val_00786.jpg,val,raw/bangga_ppe,97b1b8fea7134461518b9e46428c3225fd312e7f6ba94384588957e424624ed0,False
v7_val_00787.jpg,val,processed_v3/train,5dffb9a33358fde2408873a05ebfd9503a545a612c94e9720db015f932d4be50,True
v7_val_00788.jpg,val,processed_v3/train,c1bb562dace89814a7a2dc5ea386401cb4382cb7cf01b45a69597216aa063197,False
v7_val_00789.jpg,val,glove_detector,aeea61d0ef587ff4b3efd09b1c5209f20f443e2c41cb3c8e31960016c3d01576,False
v7_val_00790.jpg,val,processed_v3/train,5d8984887aecb4e2f8bf511db180ac666b89204f84e85d0c3e2363c6b0ce2466,False
v7_val_00791.jpg,val,processed_v3/train,dfca3c4d00fe752218f74db107fa4f1257f92b73b67fa5e0361fb37a30874575,False
v7_val_00792.jpg,val,processed_v3/train,c9757925689d153b887707bd41cfc46617d3d4b77cab96cbb8ee376c2d0231ba,False
v7_val_00793.jpg,val,processed_v3/train,ff1b4647f86515d71061a1e0f9b5f6d26e96da421cfaec5dc918f6e8408a3b31,False
v7_val_00794.jpg,val,raw/bangga_ppe,abc5e5829ec5e0fd0613507b804f9fca33ad4efdead6fa054db7f5a192456d87,False
v7_val_00795.jpg,val,glove_detector,5060f7ac0a2148ad5d2858c4b5288200a120081a756d4f0065493e0a9ab616fb,False
v7_val_00796.jpg,val,processed_v3/train,7047ab7756d4e2fb3f42a58e9834300c073fbdc75590d8ce7a43fd0c0dbfca9d,False
v7_val_00797.jpg,val,glove_detector,80a9c42d37989e27ed5e9a106c39571ece72bb39b37d3c9b799b5e3d34dadc4f,False
v7_val_00798.jpg,val,processed_v3/train,2362acd3336d2348a854ccc5c3e15e326f76ebfe05b894eec9b7255b73616244,False
v7_val_00799.jpg,val,processed_v3/train,f824d88b312cb14b46d66392ddf8752fb4602ffb818b7eae96142a444d312995,False
v7_val_00800.jpg,val,raw/bangga_ppe,074b9cf34388200d656ee951874ed62132fe7811dacb337432d53970fbcb116f,False
v7_val_00801.jpg,val,glove_detector,e2be1ca6863ceebf123114af791b9d881c18188b6f315094be14fbaca3f2aea2,False
v7_val_00802.jpg,val,processed_v3/val,a26e23c21b10472088af273dafa69aee47ae770dc5a51f8c284576aa5a256852,False
v7_val_00803.jpg,val,raw/bangga_ppe,741a96e9be0b048bba974dc42e1e5d201afd006b4532e15b8a037759a70aecad,False
v7_val_00804.jpg,val,raw/bangga_ppe,12a7fbaeaf648b20efb27affbf01800dfe9af912b2ef4ac85e6d18e22b1e2045,False
v7_val_00805.jpg,val,processed_v3/val,63b6b5fd662952e6e9e51089fa9378ed21e29f12143ac0ed75db5bfc8a49c025,True
v7_val_00806.jpg,val,raw/d_fire,97780d582af31a4e31133a2b73ab04de77fa56d7cdc5857377de6375423e0e1c,False
v7_val_00807.jpg,val,processed_v3/train,dafe3ac5ca6953105e240c0339ddfd9fd4cb4e9b17428cb8bb744d9e9c63a9ce,False
v7_val_00808.jpg,val,processed_v3/train,9a0ca8b5a41853bb360e199549f537d18a270c55e24c173be931f99234d25809,False
v7_val_00809.jpg,val,glove_detector,3ad1ef732c6415170461e1da552ed2d81d26c91183e0d8f84688bf7c3d9ba5da,False
v7_val_00810.jpg,val,processed_v3/train,06778f1efee8f231a8f3caba0fcdd31670f3e871694358d3d1b397017ee42258,False
v7_val_00811.jpg,val,processed_v3/train,de14b5763ad798c8bf81129e64270f0b4bc1e3418206d17a666604833f03dbdd,False
v7_val_00812.jpg,val,raw/bangga_ppe,1978a4e56047a006dd8bd2218eef070a5ac99037cf80522933c7789b2e1dbc0f,False
v7_val_00813.jpg,val,processed_v3/train,55c1c3550e7f3ebf5e44e99dfde0b9560b012940e2ae5c878b93cd53837da4ba,False
v7_val_00814.jpg,val,glove_detector,92d2993004677c5584bfab0e8641eb3047bdfb85b44b3c49794663e238953c5e,False
v7_val_00815.jpg,val,processed_v3/val,2b35ef4f380b2e98fa5616746e5041da53e567b67fb385377fd9562d727ec369,False
v7_val_00816.jpg,val,processed_v3/train,f15a1a8d57ccdedee82103ba8c4d5ab2b37b0eadbdb5ef7630255b4412f73d5f,True
v7_val_00817.jpg,val,processed_v3/train,08afcaf44c14725f1c63a681f2b8bd8c764be526e37052deef347224744d99e1,False
v7_val_00818.jpg,val,processed_v3/val,c7451fa1073b5e4165b8bb1beaba9006b4385559f9b77e9133536e19944e213b,False
v7_val_00819.jpg,val,raw/d_fire,bbed40fa8effa50ab7b974e9780911650c3c56b41f1f43a6224e7d62a786e73f,False
v7_val_00820.jpg,val,glove_detector,4961e4aaac3629467e8a3d6d990908bca2781c995ca0e3485f384dc5b13510a9,False
v7_val_00821.jpg,val,raw/bangga_ppe,4a03fc7662def95cbaf05f0459074d0df3b72aaa085acdb2343cc7ed1d828827,False
v7_val_00822.jpg,val,processed_v3/train,7ea5ff0aa59ae3f3c555c7564366d6dccec6b2f65e2f18d313e25778bbcd7f44,False
v7_val_00823.jpg,val,processed_v3/train,8b50f8618eabc6c15a5c56e5395d05ab92e0ab69513648de59f6084aab16826c,False
v7_val_00824.jpg,val,processed_v3/train,c13a899287e361e7d9179b9c792e6e5687325f5b8cda1a2ee31ab3f6e49a1df5,False
v7_val_00825.jpg,val,glove_detector,640c643fb07c4bab2636666c977f28901c8cf8b26cba71963398f8def372600e,False
v7_val_00826.jpg,val,glove_detector,1d2202fd778cbddd15534de5488829d9f4b352a31fd6f6c7326f357b54395400,False
v7_val_00827.jpg,val,glove_detector,8b99ca507749ebd70c1d561f4a2004fd905d657a58e3beef12c7cb31a20cd5dd,False
v7_val_00828.jpg,val,raw/d_fire,70dc563fa9bf4f4ea0e817280214c2820bba74ed0e3823a652dceb057d5ed4d6,False
v7_val_00829.jpg,val,processed_v3/train,5c78c64a667100b07e4b7146c7f4633243865b7ac5a7cf591bd177ad9f195041,False
v7_val_00830.jpg,val,processed_v3/train,abe14b3d69048055edfbbd7aacee9ad0af5873ba9e40cda6ccfe0d7b751430bd,False
v7_val_00831.jpg,val,processed_v3/train,97e91547d5ea598df126ebec096546ace78eb72136758725d1ce776575edd603,True
v7_val_00832.jpg,val,processed_v3/train,207cd103368bb6cd6a73912ec4c3ef480e8d3e9e0d682f93818bc72de541434a,False
v7_val_00833.jpg,val,processed_v3/train,ba9a4b69ae0c8b1068e24291b16881546ffd0cf9922d1c3ff338ee9d2ac13f93,True
v7_val_00834.jpg,val,processed_v3/train,f87ac099547147cdbc7beff302419ecb0a7066be711439ad6cb4cffa21b82755,False
v7_val_00835.jpg,val,raw/bangga_ppe,13b480fde6bed475b7cfdee5bbaf310620504809314d6c6061de48a275693b50,False
v7_val_00836.jpg,val,processed_v3/val,295d3de42dd49349a42e64796f673dbf7bd6dd28a9227fa29a1edb0e8e33b485,False
v7_val_00837.jpg,val,raw/d_fire,80c0cee6e0ddb0a372617c48dd40adc6ca6af4ecc64c779b387d8294731acb54,False
v7_val_00838.jpg,val,processed_v3/val,1e275968052247c89656116199cbbb5a774e094438ed4113429650246cd8f01a,False
v7_val_00839.jpg,val,processed_v3/train,207066e8e15699e899b51de7b2e922987b1d79c475edc777303257d5b5b9db87,False
v7_val_00840.jpg,val,processed_v3/train,06aab71fe4e5b803feb8618bccc20c45cac92a17c0ab69ed07e80a81ac639fe8,False
v7_val_00841.jpg,val,processed_v3/train,aafabf331cfb6331c30d5618278719a2b296b8ecef84eafacdfec10f90942b46,False
v7_val_00842.jpg,val,processed_v3/val,968a95785f08405bd42a2bcdbf30428e1dcc63e05c3456ce1c9c2ad352d9d844,True
v7_val_00843.jpg,val,processed_v3/val,0e79ad5aac49177f617eb7a5229393778df73c56a82fe99e3ec51fe8bd6ce670,False
v7_val_00844.jpg,val,processed_v3/train,131842e0f4a8f5d24ee32f427547fb2deca9996b0ff84136a63ae347567d0a71,False
v7_val_00845.jpg,val,processed_v3/val,ff1e32a79aedeb54b7125b999937fdcec340db16fa1685e7d0b480f53de60b8b,False
v7_val_00846.jpg,val,glove_detector,cfc8e41d574ea14d02cd4d47f212dc2f3f2bf223d75686661bf777d5e35a66d9,False
v7_val_00847.jpg,val,processed_v3/train,89b4e641a001962c4618508c4c5195a681e06057ec88d70c5818ac71b7e9f5a0,False
v7_val_00848.jpg,val,raw/d_fire,cc7a31be4b06a1d07557eea748e5f2ebce68f89386f00d03c860ba2800d4f140,False
v7_val_00849.jpg,val,processed_v3/val,0e2b53b63036e89ac79498b52eff39297abab3747edae5d1b463fdf2ddef571b,False
v7_val_00850.jpg,val,raw/bangga_ppe,8f4a666b1b86c540395151ea6d9ec258976e4d1e6fdec1a9cb67ec8ae0c58f1d,False
v7_val_00851.jpg,val,processed_v3/train,8dc109447ec12da3a1edb6969e50017afe6e3bd4f67f3241a8a23780a1a31fa6,False
v7_val_00852.jpg,val,processed_v3/val,48d6d10e866a4072bc9c3b8e03affe4e8665b216078bcc4e41c63ab931595a13,False
v7_val_00853.jpg,val,raw/bangga_ppe,2fe1fed6abef01d0adfc6d5ca33f27cd09c95eddd8b33b3bf5a9c546a0a4f29e,False
v7_val_00854.jpg,val,processed_v3/train,9d137afb1cb259c584d52706627726daa1e0cea9f8c523f406676223f9c4d202,False
v7_val_00855.jpg,val,processed_v3/val,d952e1d298fef97f4775adf0a3a80a414b31749edc1043a9e38164e182d9e2e5,False
v7_val_00856.jpg,val,processed_v3/train,711e3d8605da61e4d28fd133c91366583f15e40b3ce9b47be02de7fa48bb0076,True
v7_val_00857.jpg,val,processed_v3/train,7ac57d2a019c2d2ecd7ed51526c1a74ee87f059d7761d08e4384c559d73a2af2,False
v7_val_00858.jpg,val,processed_v3/train,0c1ae4adbf23a9e287e4c45d8b6137ae4bddaacb5552917230780903d51969f8,False
v7_val_00859.jpg,val,processed_v3/train,617b2f44de88a2532c8b807729d35a92fe030721817068867e0b9527311e2bc0,False
v7_val_00860.jpg,val,raw/d_fire,7c82a5532ff912c8fd76baf5db8cdc6e397d6cc1123d3ec6e23557b694d182ed,False
v7_val_00861.jpg,val,processed_v3/train,b8b95db985c62ff77aa5c238bc7eea7fc88048e73b48252f87d7ed023c48debf,False
